SUMLEV,STATE,COUNTY,PLACE,COUSUB,CONCIT,PRIMGEO_FLAG,FUNCSTAT,NAME,STNAME,ESTIMATESBASE2020,POPESTIMATE2020,POPESTIMATE2021,POPESTIMATE2022,POPESTIMATE2023
040,17,000,00000,00000,00000,0,A,Illinois,Illinois,12813469,12790357,12690341,12582515,12549689
162,17,000,00113,00000,00000,0,A,Abingdon city,Illinois,2956,2945,2912,2866,2851
162,17,000,00230,00000,00000,0,A,Addieville village,Illinois,254,253,251,252,251
162,17,000,00243,00000,00000,0,A,Addison village,Illinois,35705,35639,35391,35158,35167
162,17,000,00295,00000,00000,0,A,Adeline village,Illinois,76,76,75,75,75
162,17,000,00516,00000,00000,0,A,Albany village,Illinois,859,857,854,845,846
162,17,000,00555,00000,00000,0,A,Albers village,Illinois,1136,1134,1124,1123,1117
162,17,000,00568,00000,00000,0,A,Albion city,Illinois,1963,1952,1910,1901,1871
162,17,000,00646,00000,00000,0,A,Aledo city,Illinois,3634,3618,3600,3585,3569
162,17,000,00672,00000,00000,0,A,Alexis village,Illinois,791,790,781,774,767
162,17,000,00685,00000,00000,0,A,Algonquin village,Illinois,29707,29676,29969,29936,30134
162,17,000,00737,00000,00000,0,A,Alhambra village,Illinois,621,620,615,611,608
162,17,000,00815,00000,00000,0,A,Allendale village,Illinois,457,457,453,445,442
162,17,000,00867,00000,00000,0,A,Allenville village,Illinois,133,132,133,129,130
162,17,000,00880,00000,00000,0,A,Allerton village,Illinois,266,265,263,257,255
162,17,000,00919,00000,00000,0,A,Alma village,Illinois,315,314,312,307,305
162,17,000,00971,00000,00000,0,A,Alpha village,Illinois,674,672,667,662,658
162,17,000,00997,00000,00000,0,A,Alsey village,Illinois,192,192,188,185,181
162,17,000,01010,00000,00000,0,A,Alsip village,Illinois,19066,18993,18638,18326,18198
162,17,000,01049,00000,00000,0,A,Altamont city,Illinois,2218,2217,2199,2185,2188
162,17,000,01114,00000,00000,0,A,Alton city,Illinois,25660,25608,25422,25189,25006
162,17,000,01140,00000,00000,0,A,Altona village,Illinois,463,462,457,449,447
162,17,000,01205,00000,00000,0,A,Alto Pass village,Illinois,314,313,307,306,304
162,17,000,01242,00000,00000,0,A,Alvan (Alvin) village,Illinois,236,235,233,230,226
162,17,000,01270,00000,00000,0,A,Amboy city,Illinois,2282,2275,2282,2260,2236
162,17,000,01361,00000,00000,0,A,Anchor village,Illinois,161,161,161,160,159
162,17,000,01426,00000,00000,0,A,Andalusia village,Illinois,1184,1181,1169,1159,1159
162,17,000,01491,00000,00000,0,A,Andover village,Illinois,555,554,549,545,541
162,17,000,01543,00000,00000,0,A,Anna city,Illinois,4298,4282,4207,4164,4136
162,17,000,01569,00000,00000,0,A,Annawan town,Illinois,886,884,877,869,867
162,17,000,01595,00000,00000,0,A,Antioch village,Illinois,14618,14613,14831,14791,14833
162,17,000,01673,00000,00000,0,A,Apple River village,Illinois,339,339,337,337,335
162,17,000,01881,00000,00000,0,A,Arcola city,Illinois,2926,2929,2917,2909,2890
162,17,000,01946,00000,00000,0,A,Arenzville village,Illinois,366,364,359,354,351
162,17,000,01972,00000,00000,0,A,Argenta village,Illinois,912,910,898,885,879
162,17,000,02102,00000,00000,0,A,Arlington village,Illinois,171,171,169,168,168
162,17,000,02154,00000,00000,0,A,Arlington Heights village,Illinois,77689,77420,76071,75035,74495
162,17,000,02206,00000,00000,0,A,Armington village,Illinois,311,310,308,306,303
162,17,000,02258,00000,00000,0,A,Aroma Park village,Illinois,663,661,654,649,645
162,17,000,02342,00000,00000,0,A,Arrowsmith village,Illinois,276,276,275,274,270
162,17,000,02414,00000,00000,0,A,Arthur village,Illinois,2229,2227,2226,2198,2251
162,17,000,02479,00000,00000,0,A,Ashkum village,Illinois,750,747,743,733,721
162,17,000,02505,00000,00000,0,A,Ashland village,Illinois,1221,1216,1196,1180,1177
162,17,000,02531,00000,00000,0,A,Ashley city,Illinois,462,461,457,455,451
162,17,000,02557,00000,00000,0,A,Ashmore village,Illinois,639,638,639,631,627
162,17,000,02583,00000,00000,0,A,Ashton village,Illinois,969,966,968,957,947
162,17,000,02609,00000,00000,0,A,Assumption city,Illinois,1148,1145,1134,1120,1113
162,17,000,02635,00000,00000,0,A,Astoria town,Illinois,929,925,916,904,891
162,17,000,02674,00000,00000,0,A,Athens city,Illinois,1974,1970,1949,1929,1907
162,17,000,02726,00000,00000,0,A,Atkinson town,Illinois,958,956,949,942,938
162,17,000,02752,00000,00000,0,A,Atlanta city,Illinois,1669,1662,1666,1643,1637
162,17,000,02882,00000,00000,0,A,Atwood village,Illinois,1113,1114,1109,1102,1099
162,17,000,02921,00000,00000,0,A,Auburn city,Illinois,4552,4545,4513,4472,4444
162,17,000,02986,00000,00000,0,A,Augusta village,Illinois,558,556,549,546,544
162,17,000,03012,00000,00000,0,A,Aurora city,Illinois,180530,180215,179397,177931,177563
162,17,000,03103,00000,00000,0,A,Ava city,Illinois,550,549,546,545,542
162,17,000,03181,00000,00000,0,A,Aviston village,Illinois,2341,2351,2385,2414,2422
162,17,000,03207,00000,00000,0,A,Avon village,Illinois,704,701,694,686,676
162,17,000,03454,00000,00000,0,A,Baldwin village,Illinois,315,314,315,312,310
162,17,000,03571,00000,00000,0,A,Banner village,Illinois,169,168,167,167,165
162,17,000,03610,00000,00000,0,A,Bannockburn village,Illinois,1013,1012,1014,1009,1005
162,17,000,03675,00000,00000,0,A,Bardolph village,Illinois,209,208,206,207,206
162,17,000,03844,00000,00000,0,A,Barrington village,Illinois,10718,10700,10655,10537,10476
162,17,000,03883,00000,00000,0,A,Barrington Hills village,Illinois,4106,4095,4066,4014,4018
162,17,000,03948,00000,00000,0,A,Barry city,Illinois,1302,1293,1289,1279,1262
162,17,000,04000,00000,00000,0,A,Bartelso village,Illinois,630,629,633,633,633
162,17,000,04013,00000,00000,0,A,Bartlett village,Illinois,41125,41018,40548,40137,39992
162,17,000,04039,00000,00000,0,A,Bartonville village,Illinois,5947,5929,5866,5804,5779
162,17,000,04052,00000,00000,0,A,Basco village,Illinois,79,79,78,78,77
162,17,000,04078,00000,00000,0,A,Batavia city,Illinois,26311,26316,26347,26219,26235
162,17,000,04117,00000,00000,0,A,Batchtown village,Illinois,169,168,167,165,163
162,17,000,04156,00000,00000,0,A,Bath village,Illinois,276,275,271,268,264
162,17,000,04247,00000,00000,0,A,Baylis village,Illinois,170,169,168,167,164
162,17,000,04273,00000,00000,0,A,Bay View Gardens village,Illinois,356,355,353,352,351
162,17,000,04303,00000,00000,0,A,Beach Park village,Illinois,14262,14235,14197,14112,14057
162,17,000,04351,00000,00000,0,A,Beardstown city,Illinois,5956,5928,5838,5769,5749
162,17,000,04507,00000,00000,0,A,Beaverville village,Illinois,306,305,302,297,293
162,17,000,04533,00000,00000,0,A,Beckemeyer village,Illinois,921,920,918,915,912
162,17,000,04572,00000,00000,0,A,Bedford Park village,Illinois,594,595,587,583,582
162,17,000,04585,00000,00000,0,A,Beecher village,Illinois,4715,4705,4697,4677,4687
162,17,000,04598,00000,00000,0,A,Beecher City village,Illinois,429,429,425,424,421
162,17,000,04689,00000,00000,0,A,Belgium village,Illinois,358,358,353,352,348
162,17,000,04715,00000,00000,0,A,Belknap village,Illinois,85,85,86,86,85
162,17,000,04793,00000,00000,0,A,Belle Prairie City town,Illinois,50,50,49,50,49
162,17,000,04806,00000,00000,0,A,Belle Rive village,Illinois,309,308,307,303,302
162,17,000,04845,00000,00000,0,A,Belleville city,Illinois,42375,42266,41828,41228,40726
162,17,000,04871,00000,00000,0,A,Bellevue village,Illinois,1883,1878,1861,1843,1839
162,17,000,04897,00000,00000,0,A,Bellflower village,Illinois,345,345,344,343,340
162,17,000,04936,00000,00000,0,A,Bellmont village,Illinois,249,248,245,243,241
162,17,000,04975,00000,00000,0,A,Bellwood village,Illinois,18791,18716,18360,18042,17890
162,17,000,05092,00000,00000,0,A,Belvidere city,Illinois,25345,25283,25161,25134,25297
162,17,000,05144,00000,00000,0,A,Bement village,Illinois,1485,1484,1484,1471,1468
162,17,000,05209,00000,00000,0,A,Benld city,Illinois,1469,1465,1444,1426,1419
162,17,000,05248,00000,00000,0,A,Bensenville village,Illinois,18800,18755,18588,18415,18352
162,17,000,05261,00000,00000,0,A,Benson village,Illinois,412,411,409,405,406
162,17,000,05274,00000,00000,0,A,Bentley town,Illinois,27,27,27,27,26
162,17,000,05300,00000,00000,0,A,Benton city,Illinois,6713,6695,6649,6608,6598
162,17,000,05404,00000,00000,0,A,Berkeley village,Illinois,5341,5319,5220,5131,5089
162,17,000,05443,00000,00000,0,A,Berlin village,Illinois,144,144,145,143,143
162,17,000,05573,00000,00000,0,A,Berwyn city,Illinois,57233,56993,55873,54901,54414
162,17,000,05599,00000,00000,0,A,Bethalto village,Illinois,9310,9305,9267,9200,9170
162,17,000,05612,00000,00000,0,A,Bethany village,Illinois,1257,1251,1253,1214,1205
162,17,000,05898,00000,00000,0,A,Biggsville village,Illinois,304,301,300,291,289
162,17,000,05976,00000,00000,0,A,Big Rock village,Illinois,1107,1105,1099,1089,1084
162,17,000,06028,00000,00000,0,A,Bingham village,Illinois,61,61,61,60,60
162,17,000,06171,00000,00000,0,A,Bishop Hill village,Illinois,113,113,114,111,113
162,17,000,06184,00000,00000,0,A,Bismarck village,Illinois,584,583,576,571,565
162,17,000,06470,00000,00000,0,A,Blandinsville village,Illinois,566,563,558,558,556
162,17,000,06587,00000,00000,0,A,Bloomingdale village,Illinois,22377,22354,22458,22343,22298
162,17,000,06613,00000,00000,0,A,Bloomington city,Illinois,78696,78685,78815,78764,78587
162,17,000,06704,00000,00000,0,A,Blue Island city,Illinois,22561,22468,22038,21668,21494
162,17,000,06756,00000,00000,0,A,Blue Mound village,Illinois,1131,1129,1114,1098,1089
162,17,000,06899,00000,00000,0,A,Bluffs village,Illinois,622,621,610,599,592
162,17,000,06964,00000,00000,0,A,Bluford village,Illinois,624,622,620,611,609
162,17,000,07133,00000,00000,0,A,Bolingbrook village,Illinois,73947,73822,73696,74062,74088
162,17,000,07211,00000,00000,0,A,Bondville village,Illinois,388,386,382,380,376
162,17,000,07224,00000,00000,0,A,Bone Gap village,Illinois,185,184,180,179,177
162,17,000,07237,00000,00000,0,A,Bonfield village,Illinois,353,352,347,346,343
162,17,000,07263,00000,00000,0,A,Bonnie village,Illinois,376,375,373,368,367
162,17,000,07471,00000,00000,0,A,Bourbonnais village,Illinois,18130,18104,18013,18011,18042
162,17,000,07510,00000,00000,0,A,Bowen village,Illinois,463,461,457,455,453
162,17,000,07640,00000,00000,0,A,Braceville village,Illinois,723,721,720,719,723
162,17,000,07692,00000,00000,0,A,Bradford village,Illinois,678,677,663,667,656
162,17,000,07744,00000,00000,0,A,Bradley village,Illinois,15418,15381,15291,15221,15263
162,17,000,07770,00000,00000,0,A,Braidwood city,Illinois,6194,6187,6189,6159,6173
162,17,000,07913,00000,00000,0,A,Breese city,Illinois,4645,4663,4646,4641,4600
162,17,000,08186,00000,00000,0,A,Bridgeport city,Illinois,1808,1802,1783,1729,1704
162,17,000,08225,00000,00000,0,A,Bridgeview village,Illinois,17027,16973,16685,16432,16324
162,17,000,08264,00000,00000,0,A,Brighton village,Illinois,2216,2212,2191,2170,2166
162,17,000,08303,00000,00000,0,A,Brimfield village,Illinois,778,776,771,762,761
162,17,000,08420,00000,00000,0,A,Broadlands village,Illinois,315,314,311,306,303
162,17,000,08446,00000,00000,0,A,Broadview village,Illinois,7995,7962,7968,7830,7762
162,17,000,08472,00000,00000,0,A,Broadwell village,Illinois,140,140,140,138,138
162,17,000,08524,00000,00000,0,A,Brocton village,Illinois,272,271,268,265,264
162,17,000,08576,00000,00000,0,A,Brookfield village,Illinois,19474,19396,19064,18734,18591
162,17,000,08667,00000,00000,0,A,Brooklyn village,Illinois,651,649,642,633,626
162,17,000,08706,00000,00000,0,A,Brookport city,Illinois,724,722,709,702,694
162,17,000,08875,00000,00000,0,A,Broughton village,Illinois,181,181,179,181,179
162,17,000,08953,00000,00000,0,A,Browning village,Illinois,118,118,117,115,115
162,17,000,08979,00000,00000,0,A,Browns village,Illinois,140,139,136,138,136
162,17,000,08992,00000,00000,0,A,Brownstown village,Illinois,693,693,691,685,681
162,17,000,09148,00000,00000,0,A,Brussels village,Illinois,121,120,119,118,117
162,17,000,09161,00000,00000,0,A,Bryant village,Illinois,169,168,169,167,165
162,17,000,09304,00000,00000,0,A,Buckingham village,Illinois,243,242,241,238,238
162,17,000,09317,00000,00000,0,A,Buckley village,Illinois,493,491,485,480,472
162,17,000,09330,00000,00000,0,A,Buckner village,Illinois,406,405,402,400,399
162,17,000,09356,00000,00000,0,A,Buda village,Illinois,479,478,473,471,470
162,17,000,09434,00000,00000,0,A,Buffalo village,Illinois,447,446,443,437,435
162,17,000,09447,00000,00000,0,A,Buffalo Grove village,Illinois,43193,43085,42818,42566,42482
162,17,000,09531,00000,00000,0,A,Bull Valley village,Illinois,1121,1118,1121,1109,1113
162,17,000,09538,00000,00000,0,A,Bulpitt village,Illinois,213,212,211,209,205
162,17,000,09551,00000,00000,0,A,Buncombe village,Illinois,206,206,209,207,206
162,17,000,09577,00000,00000,0,A,Bunker Hill city,Illinois,1629,1624,1610,1600,1596
162,17,000,09642,00000,00000,0,A,Burbank city,Illinois,29448,29337,28821,28369,28164
162,17,000,09681,00000,00000,0,A,Bureau Junction village,Illinois,287,287,283,283,282
162,17,000,09759,00000,00000,0,A,Burlington village,Illinois,536,535,532,527,523
162,17,000,09798,00000,00000,0,A,Burnham village,Illinois,4047,4033,3961,3898,3869
162,17,000,09889,00000,00000,0,A,Burnt Prairie village,Illinois,35,35,35,34,34
162,17,000,09980,00000,00000,0,A,Burr Ridge village,Illinois,11195,11181,11131,11034,11023
162,17,000,10084,00000,00000,0,A,Bush village,Illinois,242,241,240,238,238
162,17,000,10110,00000,00000,0,A,Bushnell city,Illinois,2721,2705,2682,2683,2673
162,17,000,10149,00000,00000,0,A,Butler village,Illinois,166,165,165,165,164
162,17,000,10240,00000,00000,0,A,Byron city,Illinois,3788,3784,3774,3767,3772
162,17,000,10292,00000,00000,0,A,Cabery village,Illinois,234,234,234,232,232
162,17,000,10373,00000,00000,0,A,Cahokia Heights city,Illinois,17904,17848,17622,17336,17114
162,17,000,10383,00000,00000,0,A,Cairo city,Illinois,1739,1716,1669,1607,1558
162,17,000,10422,00000,00000,0,A,Caledonia village,Illinois,183,182,182,181,180
162,17,000,10448,00000,00000,0,A,Calhoun village,Illinois,161,161,161,159,158
162,17,000,10487,00000,00000,0,A,Calumet City city,Illinois,36045,35902,35227,34633,34358
162,17,000,10513,00000,00000,0,A,Calumet Park village,Illinois,7019,6992,6857,6741,6685
162,17,000,10591,00000,00000,0,A,Camargo village,Illinois,451,452,449,447,447
162,17,000,10630,00000,00000,0,A,Cambria village,Illinois,1505,1552,1750,1755,1769
162,17,000,10643,00000,00000,0,A,Cambridge village,Illinois,2090,2085,2071,2052,2047
162,17,000,10695,00000,00000,0,A,Camden village,Illinois,62,62,61,61,60
162,17,000,10773,00000,00000,0,A,Campbell Hill village,Illinois,311,311,309,306,304
162,17,000,10877,00000,00000,0,A,Camp Point village,Illinois,1127,1123,1122,1114,1114
162,17,000,10906,00000,00000,0,A,Campton Hills village,Illinois,10882,10877,10862,10782,10795
162,17,000,10916,00000,00000,0,A,Campus village,Illinois,146,146,146,145,143
162,17,000,11007,00000,00000,0,A,Canton city,Illinois,13318,13268,13167,13022,12875
162,17,000,11033,00000,00000,0,A,Cantrall village,Illinois,141,141,140,139,138
162,17,000,11124,00000,00000,0,A,Capron village,Illinois,1391,1388,1395,1389,1395
162,17,000,11150,00000,00000,0,A,Carbon Cliff village,Illinois,1845,1841,1820,1797,1792
162,17,000,11163,00000,00000,0,A,Carbondale city,Illinois,21925,21890,21769,21725,21592
162,17,000,11176,00000,00000,0,A,Carbon Hill village,Illinois,376,375,376,378,382
162,17,000,11202,00000,00000,0,A,Carlinville city,Illinois,5702,5686,5618,5558,5531
162,17,000,11215,00000,00000,0,A,Carlock village,Illinois,547,547,546,544,556
162,17,000,11228,00000,00000,0,A,Carlyle city,Illinois,3254,3249,3234,3222,3197
162,17,000,11293,00000,00000,0,A,Carmi city,Illinois,4863,4839,4819,4758,4688
162,17,000,11332,00000,00000,0,A,Carol Stream village,Illinois,39857,39765,39427,39082,38966
162,17,000,11358,00000,00000,0,A,Carpentersville village,Illinois,37987,37909,37697,37292,37099
162,17,000,11397,00000,00000,0,A,Carrier Mills village,Illinois,1670,1665,1638,1618,1605
162,17,000,11462,00000,00000,0,A,Carrollton city,Illinois,2483,2473,2455,2415,2394
162,17,000,11514,00000,00000,0,A,Carterville city,Illinois,5855,5852,5821,5798,5808
162,17,000,11527,00000,00000,0,A,Carthage city,Illinois,2499,2490,2469,2452,2441
162,17,000,11592,00000,00000,0,A,Cary village,Illinois,17828,17804,17865,17819,17977
162,17,000,11618,00000,00000,0,A,Casey city,Illinois,2411,2405,2393,2362,2350
162,17,000,11644,00000,00000,0,A,Caseyville village,Illinois,4394,4391,4392,4381,4359
162,17,000,11774,00000,00000,0,A,Catlin village,Illinois,1988,1981,1962,1937,1924
162,17,000,11826,00000,00000,0,A,Cave-In-Rock village,Illinois,229,229,228,223,223
162,17,000,11982,00000,00000,0,A,Cedar Point village,Illinois,268,267,267,262,262
162,17,000,12008,00000,00000,0,A,Cedarville village,Illinois,671,669,660,654,646
162,17,000,12151,00000,00000,0,A,Central City village,Illinois,1103,1100,1093,1081,1076
162,17,000,12164,00000,00000,0,A,Centralia city,Illinois,12178,12152,12069,11929,11848
162,17,000,12268,00000,00000,0,A,Cerro Gordo village,Illinois,1316,1315,1319,1308,1306
162,17,000,12294,00000,00000,0,A,Chadwick village,Illinois,483,482,483,479,477
162,17,000,12385,00000,00000,0,A,Champaign city,Illinois,88297,88368,89293,89082,89189
162,17,000,12450,00000,00000,0,A,Chandlerville village,Illinois,533,531,522,515,513
162,17,000,12476,00000,00000,0,A,Channahon village,Illinois,13438,13475,13777,13944,14138
162,17,000,12528,00000,00000,0,A,Chapin village,Illinois,476,475,472,466,462
162,17,000,12567,00000,00000,0,A,Charleston city,Illinois,17280,17244,17251,17124,17028
162,17,000,12684,00000,00000,0,A,Chatham village,Illinois,14382,14416,14467,14441,14525
162,17,000,12710,00000,00000,0,A,Chatsworth town,Illinois,1187,1184,1183,1172,1161
162,17,000,12801,00000,00000,0,A,Chebanse village,Illinois,1049,1046,1035,1022,1013
162,17,000,12931,00000,00000,0,A,Chenoa city,Illinois,1720,1719,1717,1706,1692
162,17,000,12970,00000,00000,0,A,Cherry village,Illinois,439,438,433,430,429
162,17,000,13074,00000,00000,0,A,Cherry Valley village,Illinois,2901,2896,2881,2867,2864
162,17,000,13139,00000,00000,0,A,Chester city,Illinois,6825,6810,6817,6772,6732
162,17,000,13165,00000,00000,0,A,Chesterfield village,Illinois,168,168,166,164,165
162,17,000,14000,00000,00000,0,A,Chicago city,Illinois,2746352,2743329,2704101,2672660,2664452
162,17,000,14026,00000,00000,0,A,Chicago Heights city,Illinois,27476,27364,26850,26401,26184
162,17,000,14065,00000,00000,0,A,Chicago Ridge village,Illinois,14430,14377,14114,13940,13834
162,17,000,14117,00000,00000,0,A,Chillicothe city,Illinois,6127,6109,6049,5988,5977
162,17,000,14273,00000,00000,0,A,Chrisman city,Illinois,1308,1302,1289,1276,1274
162,17,000,14286,00000,00000,0,A,Christopher city,Illinois,2693,2684,2666,2645,2637
162,17,000,14351,00000,00000,0,A,Cicero town,Illinois,85269,84896,83219,81738,81004
162,17,000,14442,00000,00000,0,A,Cisco village,Illinois,255,255,255,254,253
162,17,000,14455,00000,00000,0,A,Cisne village,Illinois,629,627,623,618,617
162,17,000,14468,00000,00000,0,A,Cissna Park village,Illinois,815,812,803,794,782
162,17,000,14533,00000,00000,0,A,Claremont village,Illinois,163,163,163,160,160
162,17,000,14572,00000,00000,0,A,Clarendon Hills village,Illinois,8700,8689,8641,8575,8562
162,17,000,14715,00000,00000,0,A,Clay City village,Illinois,855,854,846,837,832
162,17,000,14767,00000,00000,0,A,Clayton village,Illinois,639,638,630,622,621
162,17,000,14923,00000,00000,0,A,Cleveland village,Illinois,162,162,161,160,159
162,17,000,14936,00000,00000,0,A,Clifton village,Illinois,1357,1352,1338,1321,1304
162,17,000,15001,00000,00000,0,A,Clinton city,Illinois,6991,6963,6930,6905,6898
162,17,000,15170,00000,00000,0,A,Coal City village,Illinois,5713,5697,5745,5748,5784
162,17,000,15209,00000,00000,0,A,Coalton village,Illinois,315,314,312,312,307
162,17,000,15235,00000,00000,0,A,Coal Valley village,Illinois,3869,3864,3841,3819,3816
162,17,000,15261,00000,00000,0,A,Coatsburg village,Illinois,147,147,145,144,144
162,17,000,15300,00000,00000,0,A,Cobden village,Illinois,1073,1069,1051,1044,1035
162,17,000,15352,00000,00000,0,A,Coffeen city,Illinois,644,642,641,636,630
162,17,000,15378,00000,00000,0,A,Colchester city,Illinois,1110,1104,1095,1095,1090
162,17,000,15469,00000,00000,0,A,Coleta village,Illinois,163,163,162,160,160
162,17,000,15495,00000,00000,0,A,Colfax village,Illinois,999,998,995,989,981
162,17,000,15599,00000,00000,0,A,Collinsville city,Illinois,24368,24327,24162,23944,23779
162,17,000,15664,00000,00000,0,A,Colona city,Illinois,5051,5036,5021,4982,4977
162,17,000,15807,00000,00000,0,A,Colp village,Illinois,178,178,176,175,175
162,17,000,15833,00000,00000,0,A,Columbia city,Illinois,11011,11033,10993,10964,10933
162,17,000,15846,00000,00000,0,A,Columbus village,Illinois,114,114,112,112,112
162,17,000,15989,00000,00000,0,A,Compton village,Illinois,271,270,271,269,266
162,17,000,16054,00000,00000,0,A,Concord village,Illinois,156,155,155,153,152
162,17,000,16119,00000,00000,0,A,Congerville village,Illinois,495,494,496,500,506
162,17,000,16210,00000,00000,0,A,Cooksville village,Illinois,156,156,156,155,152
162,17,000,16366,00000,00000,0,A,Cordova village,Illinois,675,674,666,657,656
162,17,000,16405,00000,00000,0,A,Cornell village,Illinois,450,449,447,444,440
162,17,000,16470,00000,00000,0,A,Cortland town,Illinois,4402,4397,4412,4442,4488
162,17,000,16613,00000,00000,0,A,Coulterville village,Illinois,834,832,837,832,827
162,17,000,16691,00000,00000,0,A,Country Club Hills city,Illinois,16777,16712,16408,16136,16013
162,17,000,16873,00000,00000,0,A,Countryside city,Illinois,6427,6404,6289,6192,6147
162,17,000,17055,00000,00000,0,A,Cowden village,Illinois,515,513,510,505,501
162,17,000,17185,00000,00000,0,A,Crainville village,Illinois,1440,1442,1456,1464,1473
162,17,000,17289,00000,00000,0,A,Creal Springs city,Illinois,506,505,501,497,497
162,17,000,17406,00000,00000,0,A,Crescent City village,Illinois,556,554,549,539,532
162,17,000,17458,00000,00000,0,A,Crest Hill city,Illinois,20456,20415,20348,20169,20118
162,17,000,17471,00000,00000,0,A,Creston village,Illinois,628,627,624,620,619
162,17,000,17497,00000,00000,0,A,Crestwood village,Illinois,10822,10783,10603,10457,10387
162,17,000,17523,00000,00000,0,A,Crete village,Illinois,8454,8434,8411,8336,8316
162,17,000,17549,00000,00000,0,A,Creve Coeur village,Illinois,4937,4924,4892,4846,4828
162,17,000,17783,00000,00000,0,A,Crossville village,Illinois,624,621,619,610,602
162,17,000,17887,00000,00000,0,A,Crystal Lake city,Illinois,40254,40229,40482,40633,40861
162,17,000,17991,00000,00000,0,A,Cuba city,Illinois,1183,1179,1168,1155,1140
162,17,000,18030,00000,00000,0,A,Cullom village,Illinois,516,515,513,510,505
162,17,000,18147,00000,00000,0,A,Curran village,Illinois,212,212,210,211,210
162,17,000,18225,00000,00000,0,A,Cutler village,Illinois,361,360,363,353,353
162,17,000,18251,00000,00000,0,A,Cypress village,Illinois,218,218,221,220,218
162,17,000,18303,00000,00000,0,A,Dahlgren village,Illinois,503,503,498,502,500
162,17,000,18342,00000,00000,0,A,Dakota village,Illinois,500,499,494,486,482
162,17,000,18420,00000,00000,0,A,Dallas City city,Illinois,810,807,798,793,788
162,17,000,18446,00000,00000,0,A,Dalton City village,Illinois,458,456,455,442,439
162,17,000,18459,00000,00000,0,A,Dalzell village,Illinois,664,663,653,651,648
162,17,000,18472,00000,00000,0,A,Damiansville village,Illinois,564,563,560,559,552
162,17,000,18485,00000,00000,0,A,Dana village,Illinois,159,159,158,157,157
162,17,000,18498,00000,00000,0,A,Danforth village,Illinois,596,594,588,582,575
162,17,000,18537,00000,00000,0,A,Danvers village,Illinois,1092,1091,1088,1081,1070
162,17,000,18563,00000,00000,0,A,Danville city,Illinois,29207,29130,28801,28383,28206
162,17,000,18628,00000,00000,0,A,Darien city,Illinois,22049,21999,21804,21604,21698
162,17,000,18706,00000,00000,0,A,Davis village,Illinois,592,590,583,576,571
162,17,000,18719,00000,00000,0,A,Davis Junction village,Illinois,2510,2511,2521,2527,2537
162,17,000,18745,00000,00000,0,A,Dawson village,Illinois,518,517,514,509,507
162,17,000,18823,00000,00000,0,A,Decatur city,Illinois,71100,70927,70088,69201,68670
162,17,000,18940,00000,00000,0,A,Deer Creek village,Illinois,663,662,658,652,649
162,17,000,18992,00000,00000,0,A,Deerfield village,Illinois,19190,19154,19088,18966,18884
162,17,000,19031,00000,00000,0,A,Deer Grove village,Illinois,36,36,36,35,37
162,17,000,19083,00000,00000,0,A,Deer Park village,Illinois,3688,3682,3671,3646,3628
162,17,000,19161,00000,00000,0,A,DeKalb city,Illinois,40303,40219,40292,40219,40211
162,17,000,19200,00000,00000,0,A,De Land village,Illinois,450,450,450,447,445
162,17,000,19226,00000,00000,0,A,Delavan city,Illinois,1575,1572,1560,1546,1541
162,17,000,19499,00000,00000,0,A,De Pue village,Illinois,1630,1625,1604,1597,1588
162,17,000,19616,00000,00000,0,A,De Soto village,Illinois,1402,1400,1393,1390,1381
162,17,000,19642,00000,00000,0,A,Des Plaines city,Illinois,60676,60455,59422,58462,58010
162,17,000,19681,00000,00000,0,A,Detroit village,Illinois,76,75,75,74,76
162,17,000,19798,00000,00000,0,A,De Witt village,Illinois,161,160,162,161,163
162,17,000,19837,00000,00000,0,A,Diamond village,Illinois,2635,2627,2651,2657,2682
162,17,000,19915,00000,00000,0,A,Dieterich village,Illinois,891,891,881,874,870
162,17,000,20045,00000,00000,0,A,Divernon village,Illinois,1143,1141,1132,1122,1114
162,17,000,20123,00000,00000,0,A,Dix village,Illinois,468,466,465,458,459
162,17,000,20149,00000,00000,0,A,Dixmoor village,Illinois,3011,3000,2954,2912,2895
162,17,000,20162,00000,00000,0,A,Dixon city,Illinois,15290,15256,15314,15212,15096
162,17,000,20292,00000,00000,0,A,Dolton village,Illinois,21413,21329,20927,20575,20410
162,17,000,20305,00000,00000,0,A,Dongola village,Illinois,662,660,650,644,639
162,17,000,20318,00000,00000,0,A,Donnellson village,Illinois,152,152,150,150,149
162,17,000,20331,00000,00000,0,A,Donovan village,Illinois,249,248,246,241,238
162,17,000,20370,00000,00000,0,A,Dorchester village,Illinois,129,129,127,125,125
162,17,000,20526,00000,00000,0,A,Dover village,Illinois,137,137,135,135,135
162,17,000,20565,00000,00000,0,A,Dowell village,Illinois,368,368,366,365,364
162,17,000,20591,00000,00000,0,A,Downers Grove village,Illinois,50222,50127,49760,49394,49706
162,17,000,20643,00000,00000,0,A,Downs village,Illinois,1196,1196,1193,1186,1177
162,17,000,20890,00000,00000,0,A,Du Bois village,Illinois,179,178,177,182,180
162,17,000,21098,00000,00000,0,A,Dunfermline village,Illinois,263,262,262,257,254
162,17,000,21176,00000,00000,0,A,Dunlap village,Illinois,1615,1611,1596,1582,1576
162,17,000,21254,00000,00000,0,A,Dupo village,Illinois,3987,3976,3928,3868,3821
162,17,000,21267,00000,00000,0,A,Du Quoin city,Illinois,5835,5819,5853,5701,5694
162,17,000,21280,00000,00000,0,A,Durand village,Illinois,1392,1390,1382,1372,1371
162,17,000,21358,00000,00000,0,A,Dwight village,Illinois,4029,4029,4026,4005,4034
162,17,000,21410,00000,00000,0,A,Eagarville village,Illinois,113,113,111,110,110
162,17,000,21540,00000,00000,0,A,Earlville city,Illinois,1615,1611,1611,1596,1597
162,17,000,21553,00000,00000,0,A,East Alton village,Illinois,5781,5771,5726,5674,5639
162,17,000,21579,00000,00000,0,A,East Brooklyn village,Illinois,80,80,80,80,82
162,17,000,21605,00000,00000,0,A,East Cape Girardeau village,Illinois,289,285,277,267,259
162,17,000,21618,00000,00000,0,A,East Carondelet village,Illinois,391,390,385,380,375
162,17,000,21683,00000,00000,0,A,East Dubuque city,Illinois,1502,1503,1497,1488,1485
162,17,000,21696,00000,00000,0,A,East Dundee village,Illinois,3183,3177,3155,3132,3115
162,17,000,21826,00000,00000,0,A,East Galesburg village,Illinois,763,761,753,741,740
162,17,000,21852,00000,00000,0,A,East Gillespie village,Illinois,269,268,265,262,262
162,17,000,21904,00000,00000,0,A,East Hazel Crest village,Illinois,1293,1288,1264,1242,1232
162,17,000,22073,00000,00000,0,A,East Moline city,Illinois,21370,21322,21098,20873,20806
162,17,000,22151,00000,00000,0,A,Easton village,Illinois,317,316,311,306,302
162,17,000,22164,00000,00000,0,A,East Peoria city,Illinois,22482,22433,22274,22084,22012
162,17,000,22255,00000,00000,0,A,East St. Louis city,Illinois,18462,18400,18185,17884,17642
162,17,000,22398,00000,00000,0,A,Eddyville village,Illinois,98,98,98,98,96
162,17,000,22567,00000,00000,0,A,Edgewood village,Illinois,398,398,395,392,391
162,17,000,22645,00000,00000,0,A,Edinburg village,Illinois,1082,1081,1073,1064,1057
162,17,000,22697,00000,00000,0,A,Edwardsville city,Illinois,26833,26803,26711,26635,26698
162,17,000,22736,00000,00000,0,A,Effingham city,Illinois,12270,12295,12258,12201,12258
162,17,000,22931,00000,00000,0,A,Elburn village,Illinois,6183,6208,6297,6402,6559
162,17,000,22957,00000,00000,0,A,El Dara village,Illinois,64,64,63,63,62
162,17,000,23009,00000,00000,0,A,Eldorado city,Illinois,3747,3735,3676,3635,3607
162,17,000,23022,00000,00000,0,A,Eldred village,Illinois,151,150,149,147,146
162,17,000,23074,00000,00000,0,A,Elgin city,Illinois,114810,114617,114036,113131,113310
162,17,000,23165,00000,00000,0,A,Elizabeth village,Illinois,704,705,701,698,695
162,17,000,23191,00000,00000,0,A,Elizabethtown village,Illinois,223,223,222,219,219
162,17,000,23256,00000,00000,0,A,Elk Grove Village village,Illinois,32825,32701,32112,31596,31350
162,17,000,23269,00000,00000,0,A,Elkhart village,Illinois,453,451,453,448,447
162,17,000,23373,00000,00000,0,A,Elkville village,Illinois,837,836,832,829,822
162,17,000,23425,00000,00000,0,A,Elliott village,Illinois,277,277,276,271,271
162,17,000,23503,00000,00000,0,A,Ellis Grove village,Illinois,327,326,329,328,325
162,17,000,23529,00000,00000,0,A,Ellisville village,Illinois,88,88,87,89,88
162,17,000,23555,00000,00000,0,A,Ellsworth village,Illinois,182,182,182,181,180
162,17,000,23620,00000,00000,0,A,Elmhurst city,Illinois,45784,45728,45485,45305,45336
162,17,000,23698,00000,00000,0,A,Elmwood city,Illinois,2061,2055,2035,2017,2008
162,17,000,23724,00000,00000,0,A,Elmwood Park village,Illinois,24522,24423,23960,23553,23369
162,17,000,23737,00000,00000,0,A,El Paso city,Illinois,2758,2752,2736,2731,2735
162,17,000,23776,00000,00000,0,A,Elsah village,Illinois,523,523,517,519,518
162,17,000,23841,00000,00000,0,A,Elvaston village,Illinois,148,148,146,145,145
162,17,000,23945,00000,00000,0,A,Elwood village,Illinois,2228,2223,2218,2197,2199
162,17,000,23971,00000,00000,0,A,Emden village,Illinois,465,464,463,458,455
162,17,000,24062,00000,00000,0,A,Emington village,Illinois,99,99,99,98,97
162,17,000,24166,00000,00000,0,A,Energy village,Illinois,972,970,962,954,953
162,17,000,24179,00000,00000,0,A,Enfield village,Illinois,794,792,790,785,778
162,17,000,24348,00000,00000,0,A,Equality village,Illinois,535,534,529,521,504
162,17,000,24374,00000,00000,0,A,Erie village,Illinois,1520,1515,1510,1486,1485
162,17,000,24452,00000,00000,0,A,Essex village,Illinois,842,842,839,845,854
162,17,000,24543,00000,00000,0,A,Eureka city,Illinois,5224,5216,5180,5172,5186
162,17,000,24582,00000,00000,0,A,Evanston city,Illinois,78104,77814,76586,75369,75070
162,17,000,24608,00000,00000,0,A,Evansville village,Illinois,549,547,549,544,538
162,17,000,24634,00000,00000,0,A,Evergreen Park village,Illinois,19942,19863,19496,19170,19010
162,17,000,24673,00000,00000,0,A,Ewing village,Illinois,300,299,297,296,295
162,17,000,24699,00000,00000,0,A,Exeter village,Illinois,87,87,85,84,83
162,17,000,24764,00000,00000,0,A,Fairbury city,Illinois,3638,3632,3629,3602,3574
162,17,000,24816,00000,00000,0,A,Fairfield city,Illinois,4880,4866,4807,4768,4738
162,17,000,24933,00000,00000,0,A,Fairmont City village,Illinois,2261,2255,2232,2199,2174
162,17,000,24985,00000,00000,0,A,Fairmount village,Illinois,617,616,607,598,595
162,17,000,25063,00000,00000,0,A,Fairview village,Illinois,428,426,423,418,413
162,17,000,25141,00000,00000,0,A,Fairview Heights city,Illinois,16714,16667,16471,16297,16125
162,17,000,25375,00000,00000,0,A,Farina village,Illinois,542,542,540,536,530
162,17,000,25414,00000,00000,0,A,Farmer City city,Illinois,1824,1819,1812,1810,1811
162,17,000,25440,00000,00000,0,A,Farmersville village,Illinois,686,684,680,675,669
162,17,000,25531,00000,00000,0,A,Farmington city,Illinois,2394,2385,2367,2336,2303
162,17,000,25713,00000,00000,0,A,Fayetteville village,Illinois,294,293,294,290,286
162,17,000,25895,00000,00000,0,A,Ferris village,Illinois,127,127,124,123,122
162,17,000,25960,00000,00000,0,A,Fidelity village,Illinois,98,98,96,97,98
162,17,000,26012,00000,00000,0,A,Fieldon village,Illinois,175,175,172,169,166
162,17,000,26077,00000,00000,0,A,Fillmore village,Illinois,303,302,302,300,298
162,17,000,26116,00000,00000,0,A,Findlay village,Illinois,670,668,663,657,652
162,17,000,26194,00000,00000,0,A,Fisher village,Illinois,2065,2056,2042,2025,2001
162,17,000,26233,00000,00000,0,A,Fithian village,Illinois,492,491,486,477,474
162,17,000,26311,00000,00000,0,A,Flanagan village,Illinois,1007,1006,1006,996,989
162,17,000,26350,00000,00000,0,A,Flat Rock village,Illinois,324,324,324,321,316
162,17,000,26454,00000,00000,0,A,Flora city,Illinois,4799,4796,4760,4733,4711
162,17,000,26480,00000,00000,0,A,Florence village,Illinois,18,18,18,18,17
162,17,000,26571,00000,00000,0,A,Flossmoor village,Illinois,9699,9662,9483,9320,9252
162,17,000,26662,00000,00000,0,A,Foosland village,Illinois,75,75,74,73,73
162,17,000,26710,00000,00000,0,A,Ford Heights village,Illinois,1817,1810,1776,1746,1731
162,17,000,26753,00000,00000,0,A,Forest City village,Illinois,218,217,214,212,209
162,17,000,26935,00000,00000,0,A,Forest Park village,Illinois,14336,14278,14005,13771,13660
162,17,000,26987,00000,00000,0,A,Forest View village,Illinois,794,791,775,763,756
162,17,000,27026,00000,00000,0,A,Forrest village,Illinois,1047,1046,1043,1033,1023
162,17,000,27065,00000,00000,0,A,Forreston village,Illinois,1435,1432,1423,1415,1410
162,17,000,27091,00000,00000,0,A,Forsyth village,Illinois,3731,3728,3697,3662,3639
162,17,000,27442,00000,00000,0,A,Fox Lake village,Illinois,10987,10974,10942,10861,10805
162,17,000,27533,00000,00000,0,A,Fox River Grove village,Illinois,4698,4686,4688,4640,4619
162,17,000,27624,00000,00000,0,A,Frankfort village,Illinois,20303,20315,20518,20687,20907
162,17,000,27663,00000,00000,0,A,Franklin village,Illinois,612,610,606,598,595
162,17,000,27689,00000,00000,0,A,Franklin Grove village,Illinois,899,897,898,889,879
162,17,000,27702,00000,00000,0,A,Franklin Park village,Illinois,18473,18399,18336,18020,17871
162,17,000,27806,00000,00000,0,A,Freeburg village,Illinois,4590,4582,4546,4519,4501
162,17,000,27858,00000,00000,0,A,Freeman Spur village,Illinois,274,274,272,270,269
162,17,000,27884,00000,00000,0,A,Freeport city,Illinois,23967,23896,23655,23376,23136
162,17,000,28144,00000,00000,0,A,Fulton city,Illinois,3653,3646,3628,3575,3567
162,17,000,28170,00000,00000,0,A,Fults village,Illinois,26,26,26,26,25
162,17,000,28261,00000,00000,0,A,Galatia village,Illinois,826,823,810,801,793
162,17,000,28300,00000,00000,0,A,Galena city,Illinois,3316,3317,3299,3270,3250
162,17,000,28326,00000,00000,0,A,Galesburg city,Illinois,30045,29944,29647,29249,29130
162,17,000,28430,00000,00000,0,A,Galva city,Illinois,2465,2459,2445,2425,2414
162,17,000,28638,00000,00000,0,A,Gardner village,Illinois,1362,1358,1358,1355,1363
162,17,000,28742,00000,00000,0,A,Garrett village,Illinois,124,124,124,123,124
162,17,000,28807,00000,00000,0,A,Gays village,Illinois,224,223,224,217,214
162,17,000,28846,00000,00000,0,A,Geneseo city,Illinois,6536,6540,6509,6540,6525
162,17,000,28872,00000,00000,0,A,Geneva city,Illinois,21384,21350,21284,21218,21129
162,17,000,28898,00000,00000,0,A,Genoa city,Illinois,5305,5307,5330,5360,5437
162,17,000,28963,00000,00000,0,A,Georgetown city,Illinois,3143,3133,3095,3048,3026
162,17,000,29041,00000,00000,0,A,Germantown village,Illinois,1329,1329,1328,1352,1369
162,17,000,29080,00000,00000,0,A,Germantown Hills village,Illinois,3427,3421,3420,3429,3440
162,17,000,29093,00000,00000,0,A,German Valley village,Illinois,433,432,426,421,417
162,17,000,29125,00000,00000,0,A,Gibson City city,Illinois,3471,3470,3462,3402,3396
162,17,000,29145,00000,00000,0,A,Gifford village,Illinois,911,907,899,891,883
162,17,000,29171,00000,00000,0,A,Gilberts village,Illinois,8374,8374,8376,8629,8772
162,17,000,29236,00000,00000,0,A,Gillespie city,Illinois,3174,3164,3165,3129,3112
162,17,000,29275,00000,00000,0,A,Gilman city,Illinois,1746,1740,1722,1701,1678
162,17,000,29392,00000,00000,0,A,Girard city,Illinois,1783,1780,1763,1750,1747
162,17,000,29431,00000,00000,0,A,Gladstone village,Illinois,234,232,231,223,221
162,17,000,29483,00000,00000,0,A,Glasford village,Illinois,862,860,850,843,839
162,17,000,29496,00000,00000,0,A,Glasgow village,Illinois,113,113,111,109,108
162,17,000,29639,00000,00000,0,A,Glen Carbon village,Illinois,13871,13862,13887,13865,13868
162,17,000,29652,00000,00000,0,A,Glencoe village,Illinois,8851,8825,8707,8595,8570
162,17,000,29730,00000,00000,0,A,Glendale Heights village,Illinois,33183,33103,32810,32513,32409
162,17,000,29756,00000,00000,0,A,Glen Ellyn village,Illinois,28925,28869,28648,28418,28347
162,17,000,29938,00000,00000,0,A,Glenview village,Illinois,48712,48543,47781,47162,46904
162,17,000,30029,00000,00000,0,A,Glenwood village,Illinois,8667,8634,8474,8334,8268
162,17,000,30094,00000,00000,0,A,Godfrey village,Illinois,17820,17808,17772,17668,17597
162,17,000,30120,00000,00000,0,A,Godley village,Illinois,568,572,590,614,629
162,17,000,30133,00000,00000,0,A,Golconda city,Illinois,635,633,632,628,622
162,17,000,30159,00000,00000,0,A,Golden village,Illinois,646,645,639,632,630
162,17,000,30250,00000,00000,0,A,Golden Gate village,Illinois,62,62,61,61,60
162,17,000,30328,00000,00000,0,A,Golf village,Illinois,513,511,505,498,497
162,17,000,30445,00000,00000,0,A,Goodfield village,Illinois,948,948,951,957,961
162,17,000,30458,00000,00000,0,A,Good Hope village,Illinois,363,361,356,357,356
162,17,000,30575,00000,00000,0,A,Goreville village,Illinois,1062,1063,1076,1067,1060
162,17,000,30588,00000,00000,0,A,Gorham village,Illinois,170,170,169,169,167
162,17,000,30653,00000,00000,0,A,Grafton city,Illinois,624,638,682,730,765
162,17,000,30757,00000,00000,0,A,Grand Ridge village,Illinois,517,516,514,507,510
162,17,000,30770,00000,00000,0,A,Grand Tower city,Illinois,478,477,475,474,469
162,17,000,30835,00000,00000,0,A,Grandview village,Illinois,1406,1404,1397,1383,1374
162,17,000,30926,00000,00000,0,A,Granite City city,Illinois,27566,27516,27328,27091,26908
162,17,000,30978,00000,00000,0,A,Grantfork village,Illinois,341,341,339,341,339
162,17,000,30991,00000,00000,0,A,Grant Park village,Illinois,1297,1294,1284,1273,1280
162,17,000,31017,00000,00000,0,A,Granville village,Illinois,1359,1357,1338,1325,1319
162,17,000,31121,00000,00000,0,A,Grayslake village,Illinois,21257,21216,21144,20999,20954
162,17,000,31165,00000,00000,0,A,Grayville city,Illinois,1551,1543,1529,1519,1496
162,17,000,31368,00000,00000,0,A,Greenfield city,Illinois,1057,1053,1045,1025,1017
162,17,000,31446,00000,00000,0,A,Green Oaks village,Illinois,4116,4109,4097,4076,4060
162,17,000,31524,00000,00000,0,A,Greenup village,Illinois,1369,1367,1355,1350,1342
162,17,000,31563,00000,00000,0,A,Green Valley village,Illinois,628,627,621,615,612
162,17,000,31576,00000,00000,0,A,Greenview village,Illinois,746,745,738,731,721
162,17,000,31589,00000,00000,0,A,Greenville city,Illinois,7079,7064,7028,7025,6979
162,17,000,31667,00000,00000,0,A,Greenwood village,Illinois,318,317,318,315,315
162,17,000,31732,00000,00000,0,A,Gridley village,Illinois,1456,1455,1451,1445,1434
162,17,000,31771,00000,00000,0,A,Griggsville city,Illinois,1099,1091,1086,1076,1060
162,17,000,31991,00000,00000,0,A,Gulfport village,Illinois,39,39,38,38,37
162,17,000,32018,00000,00000,0,A,Gurnee village,Illinois,30715,30654,30549,30339,30193
162,17,000,32200,00000,00000,0,A,Hainesville village,Illinois,3546,3540,3529,3504,3489
162,17,000,32395,00000,00000,0,A,Hamburg village,Illinois,99,98,98,97,96
162,17,000,32408,00000,00000,0,A,Hamel village,Illinois,925,924,923,919,918
162,17,000,32434,00000,00000,0,A,Hamilton city,Illinois,2754,2742,2716,2698,2689
162,17,000,32499,00000,00000,0,A,Hammond village,Illinois,506,506,506,501,501
162,17,000,32525,00000,00000,0,A,Hampshire village,Illinois,7660,7646,7778,7811,8086
162,17,000,32564,00000,00000,0,A,Hampton village,Illinois,1776,1774,1758,1742,1738
162,17,000,32616,00000,00000,0,A,Hanaford village,Illinois,320,319,317,315,315
162,17,000,32668,00000,00000,0,A,Hanna City village,Illinois,1266,1262,1251,1240,1236
162,17,000,32707,00000,00000,0,A,Hanover village,Illinois,861,862,855,847,841
162,17,000,32746,00000,00000,0,A,Hanover Park village,Illinois,37467,37348,36831,36353,36165
162,17,000,32850,00000,00000,0,A,Hardin village,Illinois,804,798,799,792,786
162,17,000,32967,00000,00000,0,A,Harmon village,Illinois,119,119,119,118,117
162,17,000,33136,00000,00000,0,A,Harrisburg city,Illinois,8225,8197,8066,7972,7907
162,17,000,33227,00000,00000,0,A,Harristown village,Illinois,1312,1309,1293,1278,1266
162,17,000,33279,00000,00000,0,A,Hartford village,Illinois,1188,1186,1176,1165,1157
162,17,000,33318,00000,00000,0,A,Hartsburg village,Illinois,262,261,262,257,256
162,17,000,33331,00000,00000,0,A,Harvard city,Illinois,9473,9455,9467,9376,9356
162,17,000,33357,00000,00000,0,A,Harvel village,Illinois,174,174,172,171,170
162,17,000,33383,00000,00000,0,A,Harvey city,Illinois,20330,20251,19874,19545,19397
162,17,000,33435,00000,00000,0,A,Harwood Heights village,Illinois,9065,9028,8857,8704,8632
162,17,000,33513,00000,00000,0,A,Havana city,Illinois,2964,2956,2901,2867,2827
162,17,000,33630,00000,00000,0,A,Hawthorn Woods village,Illinois,9065,9088,9218,9314,9373
162,17,000,33695,00000,00000,0,A,Hazel Crest village,Illinois,13388,13336,13084,12871,12771
162,17,000,33851,00000,00000,0,A,Hebron village,Illinois,1383,1383,1395,1392,1387
162,17,000,33877,00000,00000,0,A,Hecker village,Illinois,429,428,425,422,418
162,17,000,34007,00000,00000,0,A,Henderson village,Illinois,264,263,261,257,256
162,17,000,34098,00000,00000,0,A,Hennepin village,Illinois,760,759,749,743,741
162,17,000,34137,00000,00000,0,A,Henning village,Illinois,210,210,207,204,203
162,17,000,34163,00000,00000,0,A,Henry city,Illinois,2320,2325,2313,2312,2312
162,17,000,34332,00000,00000,0,A,Herrick village,Illinois,360,361,358,357,356
162,17,000,34358,00000,00000,0,A,Herrin city,Illinois,12358,12339,12258,12174,12178
162,17,000,34384,00000,00000,0,A,Herscher village,Illinois,1521,1517,1508,1493,1488
162,17,000,34423,00000,00000,0,A,Hettick village,Illinois,146,146,144,145,142
162,17,000,34449,00000,00000,0,A,Heyworth village,Illinois,2795,2794,2798,2794,2864
162,17,000,34514,00000,00000,0,A,Hickory Hills city,Illinois,14511,14456,14200,13981,13884
162,17,000,34553,00000,00000,0,A,Hidalgo village,Illinois,110,109,109,109,108
162,17,000,34670,00000,00000,0,A,Highland city,Illinois,9996,10038,10030,10000,9961
162,17,000,34722,00000,00000,0,A,Highland Park city,Illinois,30188,30155,30200,30194,30272
162,17,000,34865,00000,00000,0,A,Highwood city,Illinois,5068,5084,5377,5334,5304
162,17,000,34982,00000,00000,0,A,Hillcrest village,Illinois,1223,1221,1215,1214,1213
162,17,000,35047,00000,00000,0,A,Hillsboro city,Illinois,5872,5860,5838,5811,5773
162,17,000,35073,00000,00000,0,A,Hillsdale village,Illinois,414,413,411,406,407
162,17,000,35086,00000,00000,0,A,Hillside village,Illinois,8314,8280,8124,7987,7923
162,17,000,35203,00000,00000,0,A,Hillview village,Illinois,93,92,92,90,90
162,17,000,35268,00000,00000,0,A,Hinckley village,Illinois,2001,1997,1999,1983,1971
162,17,000,35281,00000,00000,0,A,Hindsboro village,Illinois,276,276,275,274,271
162,17,000,35307,00000,00000,0,A,Hinsdale village,Illinois,17391,17373,17284,17243,17297
162,17,000,35385,00000,00000,0,A,Hodgkins village,Illinois,1499,1496,1481,1467,1464
162,17,000,35398,00000,00000,0,A,Hoffman village,Illinois,441,440,437,436,433
162,17,000,35411,00000,00000,0,A,Hoffman Estates village,Illinois,52541,52380,51419,50568,50179
162,17,000,35515,00000,00000,0,A,Holiday Hills village,Illinois,617,616,617,609,607
162,17,000,35671,00000,00000,0,A,Hollowayville village,Illinois,39,39,39,38,38
162,17,000,35814,00000,00000,0,A,Homer village,Illinois,1075,1071,1058,1048,1035
162,17,000,35835,00000,00000,0,A,Homer Glen village,Illinois,24549,24505,24551,24458,24546
162,17,000,35866,00000,00000,0,A,Hometown city,Illinois,4348,4330,4247,4172,4138
162,17,000,35879,00000,00000,0,A,Homewood village,Illinois,19452,19378,19009,18692,18540
162,17,000,36061,00000,00000,0,A,Hoopeston city,Illinois,4916,4900,4841,4764,4731
162,17,000,36074,00000,00000,0,A,Hooppole village,Illinois,179,179,178,174,174
162,17,000,36126,00000,00000,0,A,Hopedale village,Illinois,823,821,817,809,805
162,17,000,36150,00000,00000,0,A,Hopewell village,Illinois,420,418,417,417,418
162,17,000,36190,00000,00000,0,A,Hopkins Park village,Illinois,595,593,589,584,583
162,17,000,36347,00000,00000,0,A,Hoyleton village,Illinois,519,518,511,509,505
162,17,000,36438,00000,00000,0,A,Hudson village,Illinois,1758,1760,1757,1756,1747
162,17,000,36477,00000,00000,0,A,Huey village,Illinois,161,161,160,159,158
162,17,000,36516,00000,00000,0,A,Hull village,Illinois,393,390,389,385,378
162,17,000,36542,00000,00000,0,A,Humboldt village,Illinois,361,360,361,357,354
162,17,000,36568,00000,00000,0,A,Hume village,Illinois,324,323,317,314,313
162,17,000,36750,00000,00000,0,A,Huntley village,Illinois,27745,27766,28008,28124,28269
162,17,000,36815,00000,00000,0,A,Hurst city,Illinois,759,758,753,750,749
162,17,000,36841,00000,00000,0,A,Hutsonville village,Illinois,478,477,479,476,471
162,17,000,37127,00000,00000,0,A,Illiopolis village,Illinois,845,844,836,838,831
162,17,000,37179,00000,00000,0,A,Ina village,Illinois,1649,1649,1654,1654,1653
162,17,000,37218,00000,00000,0,A,Indian Creek village,Illinois,531,530,531,528,526
162,17,000,37257,00000,00000,0,A,Indian Head Park village,Illinois,4070,4056,3983,3926,3900
162,17,000,37348,00000,00000,0,A,Indianola village,Illinois,227,226,224,221,220
162,17,000,37439,00000,00000,0,A,Industry village,Illinois,397,395,390,391,390
162,17,000,37608,00000,00000,0,A,Inverness village,Illinois,7609,7582,7448,7345,7302
162,17,000,37621,00000,00000,0,A,Iola village,Illinois,99,99,98,97,97
162,17,000,37647,00000,00000,0,A,Ipava village,Illinois,444,442,437,432,427
162,17,000,37712,00000,00000,0,A,Iroquois village,Illinois,132,132,130,129,129
162,17,000,37738,00000,00000,0,A,Irving village,Illinois,374,373,371,368,365
162,17,000,37777,00000,00000,0,A,Irvington village,Illinois,584,582,577,575,570
162,17,000,37803,00000,00000,0,A,Irwin village,Illinois,68,68,67,67,67
162,17,000,37894,00000,00000,0,A,Island Lake village,Illinois,8048,8033,8026,7956,7992
162,17,000,37907,00000,00000,0,A,Itasca village,Illinois,9545,9522,9447,9371,9346
162,17,000,37933,00000,00000,0,A,Iuka village,Illinois,509,508,504,497,494
162,17,000,37998,00000,00000,0,A,Ivesdale village,Illinois,264,263,260,256,254
162,17,000,38115,00000,00000,0,A,Jacksonville city,Illinois,17624,17588,17497,17321,17237
162,17,000,38323,00000,00000,0,A,Jeffersonville village,Illinois,353,352,348,345,344
162,17,000,38349,00000,00000,0,A,Jeisyville village,Illinois,103,103,102,101,100
162,17,000,38375,00000,00000,0,A,Jerome village,Illinois,1691,1686,1674,1657,1644
162,17,000,38414,00000,00000,0,A,Jerseyville city,Illinois,8341,8323,8295,8250,8263
162,17,000,38427,00000,00000,0,A,Jewett village,Illinois,197,197,195,194,196
162,17,000,38479,00000,00000,0,A,Johnsburg village,Illinois,6364,6354,6376,6358,6384
162,17,000,38531,00000,00000,0,A,Johnsonville village,Illinois,72,72,71,70,70
162,17,000,38544,00000,00000,0,A,Johnston City city,Illinois,3387,3379,3346,3317,3308
162,17,000,38570,00000,00000,0,A,Joliet city,Illinois,150393,150251,150627,150156,150489
162,17,000,38635,00000,00000,0,A,Jonesboro city,Illinois,1708,1702,1674,1656,1643
162,17,000,38674,00000,00000,0,A,Joppa village,Illinois,348,347,341,337,333
162,17,000,38739,00000,00000,0,A,Joy village,Illinois,371,370,368,365,364
162,17,000,38778,00000,00000,0,A,Junction village,Illinois,56,56,55,55,53
162,17,000,38791,00000,00000,0,A,Junction City village,Illinois,528,527,528,523,520
162,17,000,38830,00000,00000,0,A,Justice village,Illinois,12611,12563,12351,12172,12081
162,17,000,38856,00000,00000,0,A,Kampsville village,Illinois,307,305,303,301,298
162,17,000,38869,00000,00000,0,A,Kane village,Illinois,297,296,292,287,284
162,17,000,38895,00000,00000,0,A,Kaneville village,Illinois,454,453,451,447,445
162,17,000,38921,00000,00000,0,A,Kangley village,Illinois,234,233,233,228,229
162,17,000,38934,00000,00000,0,A,Kankakee city,Illinois,24075,24005,23805,23585,23503
162,17,000,38986,00000,00000,0,A,Kansas village,Illinois,671,668,659,652,648
162,17,000,39038,00000,00000,0,A,Kappa village,Illinois,229,231,229,229,229
162,17,000,39077,00000,00000,0,A,Karnak village,Illinois,426,423,417,407,404
162,17,000,39129,00000,00000,0,A,Kaskaskia village,Illinois,23,23,23,23,23
162,17,000,39233,00000,00000,0,A,Keenes village,Illinois,48,48,47,48,48
162,17,000,39259,00000,00000,0,A,Keensburg village,Illinois,176,175,173,171,169
162,17,000,39298,00000,00000,0,A,Keithsburg city,Illinois,547,545,545,546,546
162,17,000,39324,00000,00000,0,A,Kell village,Illinois,174,174,172,170,169
162,17,000,39441,00000,00000,0,A,Kempton village,Illinois,178,178,178,174,176
162,17,000,39519,00000,00000,0,A,Kenilworth village,Illinois,2515,2503,2456,2420,2401
162,17,000,39532,00000,00000,0,A,Kenney village,Illinois,305,304,304,306,308
162,17,000,39727,00000,00000,0,A,Kewanee city,Illinois,12498,12458,12382,12272,12222
162,17,000,39753,00000,00000,0,A,Keyesport village,Illinois,405,404,405,406,403
162,17,000,39857,00000,00000,0,A,Kilbourne village,Illinois,268,267,263,260,257
162,17,000,39883,00000,00000,0,A,Kildeer village,Illinois,4084,4079,4158,4252,4377
162,17,000,39909,00000,00000,0,A,Kincaid village,Illinois,1348,1345,1334,1320,1312
162,17,000,39922,00000,00000,0,A,Kinderhook village,Illinois,188,187,188,186,184
162,17,000,40065,00000,00000,0,A,Kingston village,Illinois,1108,1106,1106,1094,1089
162,17,000,40091,00000,00000,0,A,Kingston Mines village,Illinois,269,268,266,261,261
162,17,000,40117,00000,00000,0,A,Kinmundy city,Illinois,734,732,728,720,716
162,17,000,40143,00000,00000,0,A,Kinsman village,Illinois,90,90,90,90,90
162,17,000,40156,00000,00000,0,A,Kirkland village,Illinois,1651,1648,1645,1629,1618
162,17,000,40182,00000,00000,0,A,Kirkwood village,Illinois,677,676,666,657,648
162,17,000,40416,00000,00000,0,A,Knoxville city,Illinois,2900,2891,2866,2826,2815
162,17,000,40559,00000,00000,0,A,Lacon city,Illinois,1877,1868,1860,1858,1859
162,17,000,40598,00000,00000,0,A,Ladd village,Illinois,1262,1260,1410,1405,1400
162,17,000,40676,00000,00000,0,A,La Fayette village,Illinois,162,162,159,160,157
162,17,000,40767,00000,00000,0,A,La Grange village,Illinois,16324,16269,15988,15786,15667
162,17,000,40793,00000,00000,0,A,La Grange Park village,Illinois,13484,13432,13190,12981,13011
162,17,000,40832,00000,00000,0,A,La Harpe city,Illinois,1178,1174,1161,1155,1152
162,17,000,40884,00000,00000,0,A,Lake Barrington village,Illinois,5098,5089,5092,5107,5092
162,17,000,40910,00000,00000,0,A,Lake Bluff village,Illinois,5620,5610,5590,5555,5534
162,17,000,41105,00000,00000,0,A,Lake Forest city,Illinois,19368,19345,19325,19271,19354
162,17,000,41183,00000,00000,0,A,Lake in the Hills village,Illinois,28986,28927,28976,28686,28661
162,17,000,41214,00000,00000,0,A,Lake Ka-Ho village,Illinois,196,195,196,196,196
162,17,000,41326,00000,00000,0,A,Lakemoor village,Illinois,6186,6174,6240,6278,6338
162,17,000,41586,00000,00000,0,A,Lake Villa village,Illinois,8742,8726,8702,8656,8625
162,17,000,41651,00000,00000,0,A,Lakewood village,Illinois,4275,4267,4299,4281,4267
162,17,000,41742,00000,00000,0,A,Lake Zurich village,Illinois,19791,19755,19701,19642,19676
162,17,000,41794,00000,00000,0,A,La Moille village,Illinois,689,688,680,676,674
162,17,000,41859,00000,00000,0,A,Lanark city,Illinois,1502,1498,1493,1472,1466
162,17,000,42028,00000,00000,0,A,Lansing village,Illinois,29078,28962,28418,27936,27713
162,17,000,42080,00000,00000,0,A,La Prairie village,Illinois,40,40,40,39,39
162,17,000,42171,00000,00000,0,A,La Rose village,Illinois,99,99,98,98,99
162,17,000,42184,00000,00000,0,A,LaSalle city,Illinois,9591,9563,9526,9431,9432
162,17,000,42249,00000,00000,0,A,Latham village,Illinois,332,331,331,326,326
162,17,000,42405,00000,00000,0,A,Lawrenceville city,Illinois,4173,4180,4234,4201,4245
162,17,000,42457,00000,00000,0,A,Leaf River village,Illinois,430,429,427,424,423
162,17,000,42496,00000,00000,0,A,Lebanon city,Illinois,4690,4679,4644,4605,4571
162,17,000,42587,00000,00000,0,A,Lee village,Illinois,313,313,313,311,306
162,17,000,42756,00000,00000,0,A,Leland village,Illinois,948,946,941,930,930
162,17,000,42769,00000,00000,0,A,Leland Grove city,Illinois,1452,1450,1436,1422,1413
162,17,000,42795,00000,00000,0,A,Lemont village,Illinois,17789,17782,17648,17611,17575
162,17,000,42834,00000,00000,0,A,Lena village,Illinois,2763,2756,2729,2694,2665
162,17,000,42860,00000,00000,0,A,Lenzburg village,Illinois,468,467,463,457,451
162,17,000,42912,00000,00000,0,A,Leonore village,Illinois,123,123,122,121,121
162,17,000,42938,00000,00000,0,A,Lerna village,Illinois,221,221,221,219,218
162,17,000,42971,00000,00000,0,A,Le Roy city,Illinois,3510,3509,3501,3489,3467
162,17,000,43055,00000,00000,0,A,Lewistown city,Illinois,2045,2037,2017,1991,1964
162,17,000,43094,00000,00000,0,A,Lexington city,Illinois,2093,2094,2099,2088,2074
162,17,000,43133,00000,00000,0,A,Liberty village,Illinois,542,541,536,529,527
162,17,000,43250,00000,00000,0,A,Libertyville village,Illinois,20578,20558,20527,20420,20332
162,17,000,43406,00000,00000,0,A,Lily Lake village,Illinois,1037,1035,1033,1031,1041
162,17,000,43445,00000,00000,0,A,Lima village,Illinois,147,147,145,144,144
162,17,000,43510,00000,00000,0,A,Limestone village,Illinois,1551,1547,1538,1528,1522
162,17,000,43536,00000,00000,0,A,Lincoln city,Illinois,13290,13248,13282,13119,13072
162,17,000,43666,00000,00000,0,A,Lincolnshire village,Illinois,7946,7945,7958,7938,7912
162,17,000,43744,00000,00000,0,A,Lincolnwood village,Illinois,13464,13411,13168,12961,12872
162,17,000,43770,00000,00000,0,A,Lindenhurst village,Illinois,14403,14374,14328,14332,14339
162,17,000,43900,00000,00000,0,A,Lisbon village,Illinois,271,271,276,275,275
162,17,000,43939,00000,00000,0,A,Lisle village,Illinois,23717,23671,23477,23279,23222
162,17,000,43965,00000,00000,0,A,Litchfield city,Illinois,6782,6761,6729,6677,6614
162,17,000,44056,00000,00000,0,A,Littleton village,Illinois,138,137,137,135,135
162,17,000,44082,00000,00000,0,A,Little York village,Illinois,284,284,278,275,272
162,17,000,44121,00000,00000,0,A,Liverpool village,Illinois,93,93,92,91,90
162,17,000,44160,00000,00000,0,A,Livingston village,Illinois,764,763,757,751,745
162,17,000,44173,00000,00000,0,A,Loami village,Illinois,810,809,806,799,797
162,17,000,44225,00000,00000,0,A,Lockport city,Illinois,26094,26149,26149,26105,26537
162,17,000,44264,00000,00000,0,A,Loda village,Illinois,357,356,353,349,344
162,17,000,44381,00000,00000,0,A,Lomax village,Illinois,406,403,400,389,384
162,17,000,44407,00000,00000,0,A,Lombard village,Illinois,44487,44393,44030,43901,43779
162,17,000,44446,00000,00000,0,A,London Mills village,Illinois,350,349,348,346,342
162,17,000,44498,00000,00000,0,A,Long Creek village,Illinois,1256,1253,1245,1227,1219
162,17,000,44524,00000,00000,0,A,Long Grove village,Illinois,8366,8352,8327,8282,8263
162,17,000,44576,00000,00000,0,A,Long Point village,Illinois,203,203,203,201,200
162,17,000,44602,00000,00000,0,A,Longview village,Illinois,115,115,113,113,111
162,17,000,44719,00000,00000,0,A,Loraine village,Illinois,299,298,296,295,294
162,17,000,44823,00000,00000,0,A,Lostant village,Illinois,434,433,434,430,432
162,17,000,44927,00000,00000,0,A,Louisville village,Illinois,1146,1144,1134,1126,1119
162,17,000,45031,00000,00000,0,A,Loves Park city,Illinois,23405,23404,23344,23314,23335
162,17,000,45044,00000,00000,0,A,Lovington village,Illinois,1067,1062,1063,1030,1024
162,17,000,45174,00000,00000,0,A,Ludlow village,Illinois,307,306,303,301,297
162,17,000,45278,00000,00000,0,A,Lyndon village,Illinois,536,535,533,526,525
162,17,000,45369,00000,00000,0,A,Lynnville village,Illinois,97,97,96,95,95
162,17,000,45421,00000,00000,0,A,Lynwood village,Illinois,9120,9095,8998,8984,9025
162,17,000,45434,00000,00000,0,A,Lyons village,Illinois,10820,10776,10574,10392,10304
162,17,000,45525,00000,00000,0,A,McClure village,Illinois,256,253,246,237,229
162,17,000,45564,00000,00000,0,A,McCook village,Illinois,250,249,245,241,237
162,17,000,45616,00000,00000,0,A,McCullom Lake village,Illinois,984,982,982,972,968
162,17,000,45642,00000,00000,0,A,Macedonia village,Illinois,29,29,29,29,29
162,17,000,45694,00000,00000,0,A,McHenry city,Illinois,27316,27340,27602,28234,28251
162,17,000,45726,00000,00000,0,A,Machesney Park village,Illinois,22941,22932,22790,22699,22630
162,17,000,45785,00000,00000,0,A,Mackinaw village,Illinois,1885,1881,1865,1848,1845
162,17,000,45811,00000,00000,0,A,McLean village,Illinois,741,741,740,734,729
162,17,000,45824,00000,00000,0,A,McLeansboro city,Illinois,2643,2644,2614,2634,2610
162,17,000,45850,00000,00000,0,A,McNabb village,Illinois,280,279,276,274,271
162,17,000,45889,00000,00000,0,A,Macomb city,Illinois,15049,14981,14859,14886,14849
162,17,000,45941,00000,00000,0,A,Macon city,Illinois,1173,1171,1156,1140,1130
162,17,000,45993,00000,00000,0,A,Madison city,Illinois,3144,3137,3115,3088,3065
162,17,000,46058,00000,00000,0,A,Maeystown village,Illinois,149,149,150,149,148
162,17,000,46110,00000,00000,0,A,Magnolia village,Illinois,253,253,250,247,247
162,17,000,46136,00000,00000,0,A,Mahomet village,Illinois,9435,9520,9656,10048,10273
162,17,000,46214,00000,00000,0,A,Makanda village,Illinois,538,537,534,533,530
162,17,000,46240,00000,00000,0,A,Malden village,Illinois,317,317,313,312,311
162,17,000,46279,00000,00000,0,A,Malta village,Illinois,1144,1142,1139,1133,1132
162,17,000,46331,00000,00000,0,A,Manchester village,Illinois,269,269,264,260,257
162,17,000,46357,00000,00000,0,A,Manhattan village,Illinois,9385,9527,10041,10339,10547
162,17,000,46383,00000,00000,0,A,Manito village,Illinois,1554,1551,1522,1505,1481
162,17,000,46422,00000,00000,0,A,Manlius village,Illinois,300,300,296,293,293
162,17,000,46487,00000,00000,0,A,Mansfield village,Illinois,936,936,934,929,928
162,17,000,46500,00000,00000,0,A,Manteno village,Illinois,9211,9192,9179,9163,9178
162,17,000,46604,00000,00000,0,A,Maple Park village,Illinois,1429,1432,1467,1485,1478
162,17,000,46643,00000,00000,0,A,Mapleton village,Illinois,258,257,255,251,250
162,17,000,46695,00000,00000,0,A,Maquon village,Illinois,223,222,220,215,215
162,17,000,46786,00000,00000,0,A,Marengo city,Illinois,7567,7555,7581,7560,7608
162,17,000,46825,00000,00000,0,A,Marietta village,Illinois,103,103,102,101,99
162,17,000,46864,00000,00000,0,A,Marine village,Illinois,910,909,952,943,941
162,17,000,46916,00000,00000,0,A,Marion city,Illinois,16856,16840,16738,16695,16852
162,17,000,46955,00000,00000,0,A,Marissa village,Illinois,1833,1828,1805,1776,1752
162,17,000,46981,00000,00000,0,A,Mark village,Illinois,517,516,511,505,504
162,17,000,47007,00000,00000,0,A,Markham city,Illinois,11665,11620,11408,11218,11129
162,17,000,47072,00000,00000,0,A,Maroa city,Illinois,1579,1576,1563,1542,1530
162,17,000,47111,00000,00000,0,A,Marquette Heights city,Illinois,2545,2539,2524,2497,2490
162,17,000,47150,00000,00000,0,A,Marseilles city,Illinois,4831,4820,4806,4760,4773
162,17,000,47163,00000,00000,0,A,Marshall city,Illinois,3961,3951,3935,3896,3879
162,17,000,47254,00000,00000,0,A,Martinsville city,Illinois,1115,1113,1106,1092,1086
162,17,000,47280,00000,00000,0,A,Martinton village,Illinois,336,335,332,326,322
162,17,000,47397,00000,00000,0,A,Maryville village,Illinois,8255,8257,8275,8312,8316
162,17,000,47423,00000,00000,0,A,Mascoutah city,Illinois,8753,8739,8688,8620,8916
162,17,000,47449,00000,00000,0,A,Mason town,Illinois,325,325,322,320,319
162,17,000,47475,00000,00000,0,A,Mason City city,Illinois,2075,2069,2032,2010,1981
162,17,000,47527,00000,00000,0,A,Matherville village,Illinois,709,706,702,700,696
162,17,000,47540,00000,00000,0,A,Matteson village,Illinois,19071,19017,18680,18398,18293
162,17,000,47553,00000,00000,0,A,Mattoon city,Illinois,16893,16852,16867,16672,16560
162,17,000,47592,00000,00000,0,A,Maunie village,Illinois,94,94,93,92,91
162,17,000,47774,00000,00000,0,A,Maywood village,Illinois,23509,23410,23140,22881,22880
162,17,000,47787,00000,00000,0,A,Mazon village,Illinois,981,978,977,977,980
162,17,000,48021,00000,00000,0,A,Mechanicsburg village,Illinois,662,661,659,658,658
162,17,000,48073,00000,00000,0,A,Media village,Illinois,119,118,117,114,113
162,17,000,48138,00000,00000,0,A,Medora village,Illinois,375,374,370,368,367
162,17,000,48242,00000,00000,0,A,Melrose Park village,Illinois,24811,24713,24247,23844,23666
162,17,000,48268,00000,00000,0,A,Melvin village,Illinois,419,418,419,413,413
162,17,000,48307,00000,00000,0,A,Mendon village,Illinois,871,869,861,853,851
162,17,000,48333,00000,00000,0,A,Mendota city,Illinois,7059,7038,7009,6934,6929
162,17,000,48359,00000,00000,0,A,Menominee village,Illinois,212,212,211,209,211
162,17,000,48424,00000,00000,0,A,Meredosia village,Illinois,824,822,817,808,802
162,17,000,48554,00000,00000,0,A,Merrionette Park village,Illinois,1969,1962,1929,1899,1886
162,17,000,48606,00000,00000,0,A,Metamora village,Illinois,3902,3896,3873,3865,3871
162,17,000,48632,00000,00000,0,A,Metcalf village,Illinois,139,139,137,135,135
162,17,000,48645,00000,00000,0,A,Metropolis city,Illinois,5969,5953,5892,5853,5782
162,17,000,48671,00000,00000,0,A,Mettawa village,Illinois,532,531,534,540,544
162,17,000,48853,00000,00000,0,A,Middletown village,Illinois,330,329,330,326,324
162,17,000,48892,00000,00000,0,A,Midlothian village,Illinois,14316,14262,14002,13783,13675
162,17,000,49009,00000,00000,0,A,Milan village,Illinois,5099,5088,5044,4987,4968
162,17,000,49048,00000,00000,0,A,Milford village,Illinois,1163,1159,1147,1132,1114
162,17,000,49100,00000,00000,0,A,Millbrook village,Illinois,276,277,278,279,280
162,17,000,49178,00000,00000,0,A,Mill Creek village,Illinois,57,57,56,55,55
162,17,000,49191,00000,00000,0,A,Milledgeville village,Illinois,1026,1023,1021,1008,1002
162,17,000,49308,00000,00000,0,A,Millington village,Illinois,619,618,618,616,621
162,17,000,49347,00000,00000,0,A,Mill Shoals village,Illinois,177,176,176,174,171
162,17,000,49386,00000,00000,0,A,Millstadt village,Illinois,4074,4065,4025,3974,3943
162,17,000,49477,00000,00000,0,A,Milton village,Illinois,213,211,213,211,210
162,17,000,49516,00000,00000,0,A,Mineral village,Illinois,206,206,203,203,202
162,17,000,49555,00000,00000,0,A,Minier village,Illinois,1157,1155,1145,1135,1135
162,17,000,49568,00000,00000,0,A,Minonk city,Illinois,1927,1924,1909,1900,1902
162,17,000,49607,00000,00000,0,A,Minooka village,Illinois,12749,12760,12812,12831,12879
162,17,000,49802,00000,00000,0,A,Modesto village,Illinois,180,179,177,177,179
162,17,000,49854,00000,00000,0,A,Mokena village,Illinois,19880,19859,19870,19765,19759
162,17,000,49867,00000,00000,0,A,Moline city,Illinois,42991,42897,42465,42037,41965
162,17,000,49893,00000,00000,0,A,Momence city,Illinois,3112,3104,3073,3043,3031
162,17,000,49945,00000,00000,0,A,Monee village,Illinois,5126,5115,5110,5087,5097
162,17,000,50010,00000,00000,0,A,Monmouth city,Illinois,8905,8896,8771,8657,8567
162,17,000,50062,00000,00000,0,A,Monroe Center village,Illinois,413,412,408,409,406
162,17,000,50218,00000,00000,0,A,Montgomery village,Illinois,20285,20435,21356,21850,21955
162,17,000,50244,00000,00000,0,A,Monticello city,Illinois,5945,5950,6000,5982,6018
162,17,000,50283,00000,00000,0,A,Montrose village,Illinois,211,211,209,208,209
162,17,000,50491,00000,00000,0,A,Morris city,Illinois,14183,14212,14355,14393,14508
162,17,000,50530,00000,00000,0,A,Morrison city,Illinois,4077,4067,4046,3989,3981
162,17,000,50543,00000,00000,0,A,Morrisonville village,Illinois,1001,998,993,980,976
162,17,000,50621,00000,00000,0,A,Morton village,Illinois,17124,17106,17131,17296,17469
162,17,000,50647,00000,00000,0,A,Morton Grove village,Illinois,25299,25209,24735,24320,24131
162,17,000,50751,00000,00000,0,A,Mound City city,Illinois,524,520,508,493,489
162,17,000,50777,00000,00000,0,A,Mounds city,Illinois,659,655,642,622,616
162,17,000,50790,00000,00000,0,A,Mound Station village,Illinois,116,116,121,118,115
162,17,000,50829,00000,00000,0,A,Mount Auburn village,Illinois,455,454,450,446,443
162,17,000,50868,00000,00000,0,A,Mount Carmel city,Illinois,7005,6981,6913,6809,6751
162,17,000,50881,00000,00000,0,A,Mount Carroll city,Illinois,1478,1475,1470,1451,1441
162,17,000,50920,00000,00000,0,A,Mount Clare village,Illinois,317,316,313,311,311
162,17,000,50933,00000,00000,0,A,Mount Erie village,Illinois,97,97,96,97,96
162,17,000,50998,00000,00000,0,A,Mount Morris village,Illinois,2853,2848,2828,2818,2809
162,17,000,51024,00000,00000,0,A,Mount Olive city,Illinois,2023,2015,1992,1970,1961
162,17,000,51089,00000,00000,0,A,Mount Prospect village,Illinois,56853,56693,55630,54722,54298
162,17,000,51128,00000,00000,0,A,Mount Pulaski city,Illinois,1539,1533,1536,1516,1511
162,17,000,51154,00000,00000,0,A,Mount Sterling city,Illinois,1995,1989,2074,2023,2016
162,17,000,51180,00000,00000,0,A,Mount Vernon city,Illinois,14598,14556,14495,14295,14247
162,17,000,51206,00000,00000,0,A,Mount Zion village,Illinois,6022,6014,5967,5909,5878
162,17,000,51232,00000,00000,0,A,Moweaqua village,Illinois,1762,1755,1748,1737,1727
162,17,000,51271,00000,00000,0,A,Muddy village,Illinois,58,58,57,56,56
162,17,000,51284,00000,00000,0,A,Mulberry Grove village,Illinois,521,519,517,512,504
162,17,000,51336,00000,00000,0,A,Muncie village,Illinois,156,156,154,152,149
162,17,000,51349,00000,00000,0,A,Mundelein village,Illinois,31573,31533,31586,31645,31790
162,17,000,51453,00000,00000,0,A,Murphysboro city,Illinois,7093,7082,7038,7015,6963
162,17,000,51479,00000,00000,0,A,Murrayville village,Illinois,567,566,562,554,551
162,17,000,51622,00000,00000,0,A,Naperville city,Illinois,149551,149419,149505,150024,150245
162,17,000,51648,00000,00000,0,A,Naplate village,Illinois,419,418,417,413,413
162,17,000,51661,00000,00000,0,A,Naples town,Illinois,101,101,99,98,96
162,17,000,51700,00000,00000,0,A,Nashville city,Illinois,3098,3090,3060,3041,3013
162,17,000,51726,00000,00000,0,A,Nason city,Illinois,202,201,201,200,199
162,17,000,51791,00000,00000,0,A,Nauvoo city,Illinois,946,941,932,927,923
162,17,000,51882,00000,00000,0,A,Nebo village,Illinois,281,279,280,277,276
162,17,000,51947,00000,00000,0,A,Nelson village,Illinois,126,126,126,125,124
162,17,000,51986,00000,00000,0,A,Neoga city,Illinois,1400,1396,1387,1383,1375
162,17,000,51999,00000,00000,0,A,Neponset village,Illinois,424,423,416,415,414
162,17,000,52103,00000,00000,0,A,Newark village,Illinois,974,976,980,983,986
162,17,000,52116,00000,00000,0,A,New Athens village,Illinois,1952,1947,1925,1897,1873
162,17,000,52142,00000,00000,0,A,New Baden village,Illinois,3425,3419,3402,3389,3364
162,17,000,52155,00000,00000,0,A,New Bedford village,Illinois,76,76,75,75,75
162,17,000,52168,00000,00000,0,A,New Berlin village,Illinois,1381,1379,1375,1360,1352
162,17,000,52220,00000,00000,0,A,New Boston city,Illinois,614,612,612,612,611
162,17,000,52285,00000,00000,0,A,New Burnside village,Illinois,153,153,155,154,153
162,17,000,52311,00000,00000,0,A,New Canton town,Illinois,333,331,332,328,324
162,17,000,52415,00000,00000,0,A,New Douglas village,Illinois,347,346,345,340,338
162,17,000,52467,00000,00000,0,A,New Grand Chain village,Illinois,154,153,151,147,146
162,17,000,52506,00000,00000,0,A,New Haven village,Illinois,398,397,394,388,377
162,17,000,52545,00000,00000,0,A,New Holland village,Illinois,273,272,271,270,267
162,17,000,52584,00000,00000,0,A,New Lenox village,Illinois,27222,27258,27518,27615,28047
162,17,000,52623,00000,00000,0,A,Newman city,Illinois,777,778,774,769,769
162,17,000,52701,00000,00000,0,A,New Milford village,Illinois,794,793,790,787,790
162,17,000,52714,00000,00000,0,A,New Minden village,Illinois,167,167,165,164,166
162,17,000,52805,00000,00000,0,A,New Salem village,Illinois,120,119,119,118,118
162,17,000,52844,00000,00000,0,A,Newton city,Illinois,2781,2768,2753,2750,2743
162,17,000,52961,00000,00000,0,A,Niantic village,Illinois,610,609,602,593,589
162,17,000,53000,00000,00000,0,A,Niles village,Illinois,30909,30791,30228,29743,29513
162,17,000,53039,00000,00000,0,A,Nilwood town,Illinois,201,200,200,198,197
162,17,000,53143,00000,00000,0,A,Noble village,Illinois,631,630,629,623,620
162,17,000,53169,00000,00000,0,A,Nokomis city,Illinois,2145,2138,2127,2111,2091
162,17,000,53195,00000,00000,0,A,Nora village,Illinois,109,109,109,108,109
162,17,000,53234,00000,00000,0,A,Normal town,Illinois,52744,52752,52805,52776,52618
162,17,000,53377,00000,00000,0,A,Norridge village,Illinois,15263,15204,14983,14740,14620
162,17,000,53390,00000,00000,0,A,Norris village,Illinois,173,173,171,170,167
162,17,000,53403,00000,00000,0,A,Norris City village,Illinois,1144,1139,1133,1120,1105
162,17,000,53442,00000,00000,0,A,North Aurora village,Illinois,18269,18285,18349,18403,19022
162,17,000,53455,00000,00000,0,A,North Barrington village,Illinois,3140,3135,3124,3110,3105
162,17,000,53481,00000,00000,0,A,Northbrook village,Illinois,35222,35105,34560,34102,33977
162,17,000,53559,00000,00000,0,A,North Chicago city,Illinois,30757,30712,30649,30517,30416
162,17,000,53585,00000,00000,0,A,North City village,Illinois,510,509,506,504,502
162,17,000,53663,00000,00000,0,A,Northfield village,Illinois,5751,5746,5645,5566,5543
162,17,000,53793,00000,00000,0,A,North Henderson village,Illinois,163,162,162,161,161
162,17,000,53871,00000,00000,0,A,Northlake city,Illinois,12843,12794,12569,12369,12270
162,17,000,54092,00000,00000,0,A,North Pekin village,Illinois,1476,1473,1459,1447,1439
162,17,000,54144,00000,00000,0,A,North Riverside village,Illinois,7426,7397,7254,7129,7071
162,17,000,54222,00000,00000,0,A,North Utica village,Illinois,1318,1317,1325,1326,1332
162,17,000,54404,00000,00000,0,A,Norwood village,Illinois,440,439,435,431,430
162,17,000,54534,00000,00000,0,A,Oak Brook village,Illinois,8163,8153,8096,8035,8049
162,17,000,54560,00000,00000,0,A,Oakbrook Terrace city,Illinois,2751,2745,2725,2698,2690
162,17,000,54586,00000,00000,0,A,Oakdale village,Illinois,198,197,196,197,195
162,17,000,54625,00000,00000,0,A,Oakford village,Illinois,235,235,232,230,230
162,17,000,54638,00000,00000,0,A,Oak Forest city,Illinois,27467,27361,26851,26404,26199
162,17,000,54703,00000,00000,0,A,Oak Grove village,Illinois,470,469,466,465,464
162,17,000,54781,00000,00000,0,A,Oakland city,Illinois,736,734,736,727,723
162,17,000,54820,00000,00000,0,A,Oak Lawn village,Illinois,58368,58147,57094,56163,55734
162,17,000,54885,00000,00000,0,A,Oak Park village,Illinois,54574,54372,53297,52431,52055
162,17,000,55002,00000,00000,0,A,Oakwood village,Illinois,1326,1323,1309,1290,1284
162,17,000,55041,00000,00000,0,A,Oakwood Hills village,Illinois,2072,2068,2080,2058,2053
162,17,000,55106,00000,00000,0,A,Oblong village,Illinois,1373,1372,1373,1359,1345
162,17,000,55132,00000,00000,0,A,Oconee village,Illinois,142,141,140,139,138
162,17,000,55171,00000,00000,0,A,Odell village,Illinois,1006,1005,1002,992,985
162,17,000,55210,00000,00000,0,A,Odin village,Illinois,938,936,929,916,910
162,17,000,55249,00000,00000,0,A,O'Fallon city,Illinois,32327,32307,32280,32081,31968
162,17,000,55275,00000,00000,0,A,Ogden village,Illinois,735,732,727,722,714
162,17,000,55353,00000,00000,0,A,Oglesby city,Illinois,3710,3699,3683,3642,3639
162,17,000,55379,00000,00000,0,A,Ohio village,Illinois,470,469,464,463,461
162,17,000,55418,00000,00000,0,A,Ohlman village,Illinois,111,111,110,109,108
162,17,000,55470,00000,00000,0,A,Okawville village,Illinois,1368,1366,1359,1355,1351
162,17,000,55639,00000,00000,0,A,Old Mill Creek village,Illinois,164,164,163,163,162
162,17,000,55717,00000,00000,0,A,Old Ripley village,Illinois,83,83,82,81,81
162,17,000,55756,00000,00000,0,A,Old Shawneetown village,Illinois,114,114,113,113,109
162,17,000,55899,00000,00000,0,A,Olmsted village,Illinois,286,284,280,273,271
162,17,000,55912,00000,00000,0,A,Olney city,Illinois,8703,8691,8671,8550,8512
162,17,000,55938,00000,00000,0,A,Olympia Fields village,Illinois,4725,4709,4628,4556,4530
162,17,000,56003,00000,00000,0,A,Omaha village,Illinois,209,208,207,202,195
162,17,000,56081,00000,00000,0,A,Onarga village,Illinois,1332,1327,1314,1297,1283
162,17,000,56159,00000,00000,0,A,Oneida city,Illinois,698,696,689,680,675
162,17,000,56237,00000,00000,0,A,Oquawka village,Illinois,1131,1124,1119,1092,1078
162,17,000,56341,00000,00000,0,A,Orangeville village,Illinois,771,767,760,751,742
162,17,000,56471,00000,00000,0,A,Oreana village,Illinois,889,887,875,865,857
162,17,000,56484,00000,00000,0,A,Oregon city,Illinois,3622,3616,3594,3579,3566
162,17,000,56536,00000,00000,0,A,Orient city,Illinois,328,327,325,321,321
162,17,000,56601,00000,00000,0,A,Orion village,Illinois,1759,1755,1746,1734,1727
162,17,000,56627,00000,00000,0,A,Orland Hills village,Illinois,6890,6863,6739,6628,6578
162,17,000,56640,00000,00000,0,A,Orland Park village,Illinois,58724,58543,57911,57377,57074
162,17,000,56887,00000,00000,0,A,Oswego village,Illinois,34602,34724,35349,35917,37074
162,17,000,56926,00000,00000,0,A,Ottawa city,Illinois,18856,18843,18816,18683,18752
162,17,000,56978,00000,00000,0,A,Otterville town,Illinois,86,86,85,85,83
162,17,000,57043,00000,00000,0,A,Owaneco village,Illinois,213,212,211,209,207
162,17,000,57225,00000,00000,0,A,Palatine village,Illinois,67903,67678,66436,65347,64869
162,17,000,57277,00000,00000,0,A,Palestine village,Illinois,1233,1230,1233,1218,1203
162,17,000,57303,00000,00000,0,A,Palmer village,Illinois,215,214,213,208,207
162,17,000,57329,00000,00000,0,A,Palmyra village,Illinois,603,603,599,593,595
162,17,000,57381,00000,00000,0,A,Palos Heights city,Illinois,12058,12014,11793,11603,11515
162,17,000,57394,00000,00000,0,A,Palos Hills city,Illinois,18527,18459,18134,17843,17759
162,17,000,57407,00000,00000,0,A,Palos Park village,Illinois,4912,4902,4850,4787,4765
162,17,000,57472,00000,00000,0,A,Pana city,Illinois,5196,5182,5135,5082,5049
162,17,000,57498,00000,00000,0,A,Panama village,Illinois,333,332,330,328,327
162,17,000,57524,00000,00000,0,A,Panola village,Illinois,44,44,44,43,44
162,17,000,57576,00000,00000,0,A,Papineau village,Illinois,136,135,134,133,131
162,17,000,57628,00000,00000,0,A,Paris city,Illinois,8293,8258,8157,8063,8039
162,17,000,57654,00000,00000,0,A,Park City city,Illinois,7891,7882,7881,7857,7842
162,17,000,57693,00000,00000,0,A,Parkersburg village,Illinois,185,185,187,184,184
162,17,000,57732,00000,00000,0,A,Park Forest village,Illinois,21698,21614,21252,20915,20763
162,17,000,57875,00000,00000,0,A,Park Ridge city,Illinois,39644,39497,38796,38196,37897
162,17,000,58057,00000,00000,0,A,Patoka village,Illinois,524,523,519,512,508
162,17,000,58174,00000,00000,0,A,Pawnee village,Illinois,2688,2684,2730,2704,2696
162,17,000,58226,00000,00000,0,A,Paw Paw village,Illinois,829,827,828,819,811
162,17,000,58239,00000,00000,0,A,Paxton city,Illinois,4454,4448,4431,4354,4348
162,17,000,58265,00000,00000,0,A,Payson village,Illinois,1024,1022,1012,1003,1000
162,17,000,58343,00000,00000,0,A,Pearl village,Illinois,106,105,105,104,103
162,17,000,58369,00000,00000,0,A,Pearl City village,Illinois,785,783,776,769,760
162,17,000,58408,00000,00000,0,A,Pecatonica village,Illinois,2086,2080,2067,2049,2042
162,17,000,58447,00000,00000,0,A,Pekin city,Illinois,31748,31681,31471,31191,31126
162,17,000,59000,00000,00000,0,A,Peoria city,Illinois,113174,112845,111787,110777,110460
162,17,000,59026,00000,00000,0,A,Peoria Heights village,Illinois,5912,5893,5833,5771,5747
162,17,000,59052,00000,00000,0,A,Peotone village,Illinois,4157,4153,4184,4178,4187
162,17,000,59104,00000,00000,0,A,Percy village,Illinois,914,913,918,915,909
162,17,000,59156,00000,00000,0,A,Perry village,Illinois,314,312,311,311,305
162,17,000,59234,00000,00000,0,A,Peru city,Illinois,9948,9921,9884,9784,9780
162,17,000,59273,00000,00000,0,A,Pesotum village,Illinois,552,550,549,545,539
162,17,000,59312,00000,00000,0,A,Petersburg city,Illinois,2264,2260,2236,2217,2197
162,17,000,59520,00000,00000,0,A,Phillipstown village,Illinois,35,35,35,34,34
162,17,000,59533,00000,00000,0,A,Philo village,Illinois,1394,1389,1372,1362,1345
162,17,000,59572,00000,00000,0,A,Phoenix village,Illinois,1708,1702,1670,1640,1627
162,17,000,59709,00000,00000,0,A,Pierron village,Illinois,461,462,458,453,448
162,17,000,59884,00000,00000,0,A,Pinckneyville city,Illinois,5069,5059,5078,4995,4995
162,17,000,59988,00000,00000,0,A,Pingree Grove village,Illinois,10373,10399,10751,11035,11137
162,17,000,60079,00000,00000,0,A,Piper City village,Illinois,745,744,740,729,727
162,17,000,60209,00000,00000,0,A,Pittsburg village,Illinois,567,566,561,557,559
162,17,000,60222,00000,00000,0,A,Pittsfield city,Illinois,4194,4168,4157,4120,4072
162,17,000,60287,00000,00000,0,A,Plainfield village,Illinois,44886,44953,45606,46281,47448
162,17,000,60339,00000,00000,0,A,Plainville village,Illinois,271,271,268,265,265
162,17,000,60352,00000,00000,0,A,Plano city,Illinois,11848,11910,12196,12495,12676
162,17,000,60391,00000,00000,0,A,Plattville village,Illinois,219,219,221,222,222
162,17,000,60534,00000,00000,0,A,Pleasant Hill village,Illinois,928,924,923,916,908
162,17,000,60599,00000,00000,0,A,Pleasant Plains village,Illinois,810,809,808,806,804
162,17,000,60833,00000,00000,0,A,Plymouth village,Illinois,437,435,432,427,426
162,17,000,60872,00000,00000,0,A,Pocahontas village,Illinois,700,698,695,687,680
162,17,000,60937,00000,00000,0,A,Polo city,Illinois,2287,2281,2265,2257,2252
162,17,000,61015,00000,00000,0,A,Pontiac city,Illinois,11179,11168,11161,11090,11010
162,17,000,61067,00000,00000,0,A,Pontoon Beach village,Illinois,5864,5858,5841,5816,5804
162,17,000,61080,00000,00000,0,A,Pontoosuc village,Illinois,102,102,101,100,100
162,17,000,61145,00000,00000,0,A,Poplar Grove village,Illinois,5054,5056,5077,5099,5129
162,17,000,61216,00000,00000,0,A,Port Barrington village,Illinois,1587,1584,1584,1572,1567
162,17,000,61223,00000,00000,0,A,Port Byron village,Illinois,1668,1664,1645,1633,1627
162,17,000,61314,00000,00000,0,A,Posen village,Illinois,5593,5570,5468,5375,5334
162,17,000,61366,00000,00000,0,A,Potomac village,Illinois,690,688,679,669,666
162,17,000,61548,00000,00000,0,A,Prairie City village,Illinois,409,407,404,405,402
162,17,000,61639,00000,00000,0,A,Prairie du Rocher village,Illinois,501,500,501,515,509
162,17,000,61678,00000,00000,0,A,Prairie Grove village,Illinois,1964,1960,1961,1950,1947
162,17,000,61899,00000,00000,0,A,Princeton city,Illinois,7831,7819,7735,7718,7700
162,17,000,61925,00000,00000,0,A,Princeville village,Illinois,1634,1629,1618,1607,1609
162,17,000,61977,00000,00000,0,A,Prophetstown city,Illinois,1948,1942,1933,1905,1904
162,17,000,62016,00000,00000,0,A,Prospect Heights city,Illinois,16048,15989,15703,15452,15334
162,17,000,62211,00000,00000,0,A,Pulaski village,Illinois,153,152,149,145,143
162,17,000,62367,00000,00000,0,A,Quincy city,Illinois,39473,39410,39108,38840,38803
162,17,000,62523,00000,00000,0,A,Radom village,Illinois,183,182,181,182,181
162,17,000,62588,00000,00000,0,A,Raleigh village,Illinois,289,288,283,280,278
162,17,000,62627,00000,00000,0,A,Ramsey village,Illinois,913,912,910,900,895
162,17,000,62744,00000,00000,0,A,Rankin village,Illinois,495,494,486,480,477
162,17,000,62757,00000,00000,0,A,Ransom village,Illinois,311,310,309,305,307
162,17,000,62783,00000,00000,0,A,Rantoul village,Illinois,12376,12325,12193,12103,11956
162,17,000,62822,00000,00000,0,A,Rapids City village,Illinois,960,958,950,938,938
162,17,000,62848,00000,00000,0,A,Raritan village,Illinois,103,102,101,99,98
162,17,000,62965,00000,00000,0,A,Raymond village,Illinois,945,942,937,930,921
162,17,000,63043,00000,00000,0,A,Red Bud city,Illinois,3803,3794,3806,3776,3750
162,17,000,63056,00000,00000,0,A,Reddick village,Illinois,198,198,196,195,194
162,17,000,63069,00000,00000,0,A,Redmon village,Illinois,139,139,137,135,135
162,17,000,63420,00000,00000,0,A,Reynolds village,Illinois,498,499,492,487,484
162,17,000,63641,00000,00000,0,A,Richmond village,Illinois,2089,2089,2108,2103,2114
162,17,000,63706,00000,00000,0,A,Richton Park village,Illinois,12784,12736,12502,12417,12322
162,17,000,63719,00000,00000,0,A,Richview village,Illinois,237,236,234,233,231
162,17,000,63862,00000,00000,0,A,Ridge Farm village,Illinois,787,785,775,762,756
162,17,000,64018,00000,00000,0,A,Ridgway village,Illinois,853,852,845,833,809
162,17,000,64044,00000,00000,0,A,Ridott village,Illinois,127,127,125,124,123
162,17,000,64135,00000,00000,0,A,Ringwood village,Illinois,831,829,831,823,821
162,17,000,64148,00000,00000,0,A,Rio village,Illinois,210,209,207,204,204
162,17,000,64174,00000,00000,0,A,Ripley village,Illinois,50,50,52,51,51
162,17,000,64278,00000,00000,0,A,Riverdale village,Illinois,10665,10623,10420,10242,10159
162,17,000,64304,00000,00000,0,A,River Forest village,Illinois,11722,11679,11493,11310,11227
162,17,000,64343,00000,00000,0,A,River Grove village,Illinois,10613,10575,10553,10369,10282
162,17,000,64421,00000,00000,0,A,Riverside village,Illinois,9304,9264,9082,8921,8845
162,17,000,64486,00000,00000,0,A,Riverton village,Illinois,3537,3531,3513,3485,3475
162,17,000,64538,00000,00000,0,A,Riverwoods village,Illinois,3796,3789,3775,3753,3737
162,17,000,64590,00000,00000,0,A,Roanoke village,Illinois,1958,1955,1937,1930,1934
162,17,000,64616,00000,00000,0,A,Robbins village,Illinois,4630,4616,4557,4506,4493
162,17,000,64655,00000,00000,0,A,Roberts village,Illinois,344,343,343,339,339
162,17,000,64707,00000,00000,0,A,Robinson city,Illinois,7147,7138,7143,7077,7010
162,17,000,64746,00000,00000,0,A,Rochelle city,Illinois,9453,9432,9373,9342,9319
162,17,000,64759,00000,00000,0,A,Rochester village,Illinois,3859,3858,3856,3847,3899
162,17,000,64811,00000,00000,0,A,Rockbridge village,Illinois,177,176,175,172,171
162,17,000,64837,00000,00000,0,A,Rock City village,Illinois,296,295,292,287,284
162,17,000,64902,00000,00000,0,A,Rockdale village,Illinois,2009,2005,1993,1977,1972
162,17,000,64928,00000,00000,0,A,Rock Falls city,Illinois,8791,8769,8723,8602,8600
162,17,000,65000,00000,00000,0,A,Rockford city,Illinois,148924,148670,147745,146646,146120
162,17,000,65078,00000,00000,0,A,Rock Island city,Illinois,37110,37019,36589,36270,36132
162,17,000,65156,00000,00000,0,A,Rockton village,Illinois,7866,7851,7815,7767,7768
162,17,000,65221,00000,00000,0,A,Rockwood village,Illinois,33,33,33,33,32
162,17,000,65338,00000,00000,0,A,Rolling Meadows city,Illinois,24195,24101,23777,23507,23329
162,17,000,65442,00000,00000,0,A,Romeoville village,Illinois,40800,40805,41440,41067,40955
162,17,000,65481,00000,00000,0,A,Roodhouse city,Illinois,1576,1569,1556,1527,1516
162,17,000,65611,00000,00000,0,A,Roscoe village,Illinois,10974,10957,10906,10842,10843
162,17,000,65754,00000,00000,0,A,Rose Hill village,Illinois,86,85,85,85,85
162,17,000,65806,00000,00000,0,A,Roselle village,Illinois,22918,22921,22698,22509,22508
162,17,000,65819,00000,00000,0,A,Rosemont village,Illinois,3953,3939,3863,3798,3766
162,17,000,65845,00000,00000,0,A,Roseville village,Illinois,891,890,878,865,855
162,17,000,65897,00000,00000,0,A,Rosiclare city,Illinois,980,978,974,957,955
162,17,000,65962,00000,00000,0,A,Rossville village,Illinois,1223,1220,1203,1184,1176
162,17,000,66027,00000,00000,0,A,Round Lake village,Illinois,18726,18692,18632,18512,18430
162,17,000,66040,00000,00000,0,A,Round Lake Beach village,Illinois,27260,27204,27099,26913,26783
162,17,000,66053,00000,00000,0,A,Round Lake Heights village,Illinois,2621,2616,2606,2586,2575
162,17,000,66066,00000,00000,0,A,Round Lake Park village,Illinois,7672,7664,7688,7709,7724
162,17,000,66131,00000,00000,0,A,Roxana village,Illinois,1452,1448,1438,1425,1413
162,17,000,66157,00000,00000,0,A,Royal village,Illinois,292,291,288,286,281
162,17,000,66196,00000,00000,0,A,Royal Lakes village,Illinois,165,165,167,166,168
162,17,000,66209,00000,00000,0,A,Royalton village,Illinois,1064,1061,1053,1046,1043
162,17,000,66287,00000,00000,0,A,Ruma village,Illinois,313,312,313,310,310
162,17,000,66339,00000,00000,0,A,Rushville city,Illinois,3003,2987,2969,2933,2923
162,17,000,66404,00000,00000,0,A,Russellville village,Illinois,96,96,95,91,90
162,17,000,66443,00000,00000,0,A,Rutland village,Illinois,257,256,258,255,255
162,17,000,66534,00000,00000,0,A,Sadorus village,Illinois,401,399,395,393,391
162,17,000,66599,00000,00000,0,A,Sailor Springs village,Illinois,91,91,90,90,89
162,17,000,66638,00000,00000,0,A,St. Anne village,Illinois,1159,1156,1145,1134,1129
162,17,000,66677,00000,00000,0,A,St. Augustine village,Illinois,117,117,115,114,113
162,17,000,66703,00000,00000,0,A,St. Charles city,Illinois,33076,33034,33038,32747,32654
162,17,000,66768,00000,00000,0,A,St. David village,Illinois,527,525,519,513,507
162,17,000,66794,00000,00000,0,A,St. Elmo city,Illinois,1268,1267,1264,1254,1245
162,17,000,66800,00000,00000,0,A,Ste. Marie village,Illinois,234,233,230,229,229
162,17,000,66833,00000,00000,0,A,St. Francisville city,Illinois,569,567,561,541,533
162,17,000,66859,00000,00000,0,A,St. Jacob village,Illinois,1374,1374,1364,1372,1369
162,17,000,66924,00000,00000,0,A,St. Johns village,Illinois,161,160,163,158,158
162,17,000,66950,00000,00000,0,A,St. Joseph village,Illinois,3810,3795,3752,3723,3677
162,17,000,66989,00000,00000,0,A,St. Libory village,Illinois,631,629,622,617,610
162,17,000,67132,00000,00000,0,A,St. Peter village,Illinois,322,322,321,318,317
162,17,000,67158,00000,00000,0,A,St. Rose village,Illinois,460,459,461,462,461
162,17,000,67236,00000,00000,0,A,Salem city,Illinois,7282,7264,7202,7108,7056
162,17,000,67372,00000,00000,0,A,Sammons Point village,Illinois,213,212,211,209,209
162,17,000,67444,00000,00000,0,A,Sandoval village,Illinois,1155,1155,1145,1132,1127
162,17,000,67548,00000,00000,0,A,Sandwich city,Illinois,7225,7212,7204,7156,7212
162,17,000,67613,00000,00000,0,A,San Jose village,Illinois,480,478,474,466,461
162,17,000,67756,00000,00000,0,A,Sauget village,Illinois,138,138,136,134,132
162,17,000,67769,00000,00000,0,A,Sauk Village village,Illinois,9930,9895,9715,9559,9491
162,17,000,67795,00000,00000,0,A,Saunemin village,Illinois,408,407,407,404,401
162,17,000,67821,00000,00000,0,A,Savanna city,Illinois,2782,2774,2768,2730,2712
162,17,000,67860,00000,00000,0,A,Savoy village,Illinois,8880,8865,8893,8908,8891
162,17,000,67873,00000,00000,0,A,Sawyerville village,Illinois,267,266,265,262,261
162,17,000,67912,00000,00000,0,A,Saybrook village,Illinois,654,654,653,648,643
162,17,000,67925,00000,00000,0,A,Scales Mound village,Illinois,433,433,433,428,426
162,17,000,68003,00000,00000,0,A,Schaumburg village,Illinois,78718,78419,77084,76062,75750
162,17,000,68081,00000,00000,0,A,Schiller Park village,Illinois,11712,11665,11449,11258,11164
162,17,000,68120,00000,00000,0,A,Schram City village,Illinois,565,563,560,556,551
162,17,000,68198,00000,00000,0,A,Sciota village,Illinois,37,37,37,37,37
162,17,000,68406,00000,00000,0,A,Scottville village,Illinois,97,97,96,95,94
162,17,000,68458,00000,00000,0,A,Seaton village,Illinois,214,213,213,210,209
162,17,000,68471,00000,00000,0,A,Seatonville village,Illinois,323,323,319,318,318
162,17,000,68510,00000,00000,0,A,Secor village,Illinois,340,340,337,336,335
162,17,000,68640,00000,00000,0,A,Seneca village,Illinois,2348,2343,2336,2312,2311
162,17,000,68705,00000,00000,0,A,Sesser city,Illinois,1890,1885,1874,1860,1857
162,17,000,68822,00000,00000,0,A,Shabbona village,Illinois,866,865,862,854,850
162,17,000,68991,00000,00000,0,A,Shannon village,Illinois,802,800,830,854,848
162,17,000,69082,00000,00000,0,A,Shawneetown city,Illinois,1054,1052,1043,1027,994
162,17,000,69147,00000,00000,0,A,Sheffield village,Illinois,821,820,810,806,804
162,17,000,69186,00000,00000,0,A,Shelbyville city,Illinois,4667,4653,4642,4600,4560
162,17,000,69212,00000,00000,0,A,Sheldon village,Illinois,970,967,956,944,932
162,17,000,69277,00000,00000,0,A,Sheridan village,Illinois,2434,2432,2427,2416,2418
162,17,000,69342,00000,00000,0,A,Sherman village,Illinois,4673,4668,4649,4615,4599
162,17,000,69368,00000,00000,0,A,Sherrard village,Illinois,696,693,691,692,690
162,17,000,69524,00000,00000,0,A,Shiloh village,Illinois,14116,14112,14326,14505,14736
162,17,000,69563,00000,00000,0,A,Shipman town,Illinois,512,510,507,504,502
162,17,000,69758,00000,00000,0,A,Shorewood village,Illinois,18181,18179,18277,18276,18369
162,17,000,69797,00000,00000,0,A,Shumway village,Illinois,184,184,182,181,181
162,17,000,69810,00000,00000,0,A,Sibley village,Illinois,287,287,286,281,283
162,17,000,69836,00000,00000,0,A,Sidell village,Illinois,493,492,484,477,475
162,17,000,69875,00000,00000,0,A,Sidney village,Illinois,1207,1202,1188,1179,1164
162,17,000,69914,00000,00000,0,A,Sigel town,Illinois,323,322,322,319,316
162,17,000,69979,00000,00000,0,A,Silvis city,Illinois,7999,7991,7955,7894,7896
162,17,000,70005,00000,00000,0,A,Simpson village,Illinois,44,44,45,44,44
162,17,000,70031,00000,00000,0,A,Sims village,Illinois,169,168,167,165,165
162,17,000,70122,00000,00000,0,A,Skokie village,Illinois,67823,67685,66451,65355,64937
162,17,000,70161,00000,00000,0,A,Sleepy Hollow village,Illinois,3205,3199,3181,3147,3131
162,17,000,70213,00000,00000,0,A,Smithboro village,Illinois,154,153,153,151,150
162,17,000,70226,00000,00000,0,A,Smithfield village,Illinois,190,189,188,188,185
162,17,000,70252,00000,00000,0,A,Smithton village,Illinois,4007,4003,3988,3940,3900
162,17,000,70460,00000,00000,0,A,Somonauk village,Illinois,1789,1785,1785,1770,1760
162,17,000,70525,00000,00000,0,A,Sorento village,Illinois,427,426,424,421,415
162,17,000,70564,00000,00000,0,A,South Barrington village,Illinois,5074,5065,5022,4979,4974
162,17,000,70590,00000,00000,0,A,South Beloit city,Illinois,7987,7975,7938,7891,7893
162,17,000,70629,00000,00000,0,A,South Chicago Heights village,Illinois,4023,4006,3931,3865,3835
162,17,000,70720,00000,00000,0,A,South Elgin village,Illinois,23881,23852,23964,24018,24277
162,17,000,70759,00000,00000,0,A,Southern View village,Illinois,1592,1590,1576,1561,1552
162,17,000,70850,00000,00000,0,A,South Holland village,Illinois,21466,21381,20991,20641,20483
162,17,000,70889,00000,00000,0,A,South Jacksonville village,Illinois,3303,3293,3269,3229,3213
162,17,000,71175,00000,00000,0,A,South Pekin village,Illinois,989,987,979,970,966
162,17,000,71240,00000,00000,0,A,South Roxana village,Illinois,1891,1888,1878,1864,1854
162,17,000,71370,00000,00000,0,A,South Wilmington village,Illinois,707,705,715,715,716
162,17,000,71422,00000,00000,0,A,Sparland village,Illinois,366,364,363,364,364
162,17,000,71448,00000,00000,0,A,Sparta city,Illinois,4093,4081,4089,4054,4024
162,17,000,71474,00000,00000,0,A,Spaulding village,Illinois,799,798,790,786,784
162,17,000,71526,00000,00000,0,A,Spillertown village,Illinois,180,180,178,177,177
162,17,000,71604,00000,00000,0,A,Spring Bay village,Illinois,468,467,468,471,478
162,17,000,71643,00000,00000,0,A,Springerton village,Illinois,115,114,114,113,111
162,17,000,72000,00000,00000,0,A,Springfield city,Illinois,114436,114298,113733,113071,112544
162,17,000,72052,00000,00000,0,A,Spring Grove village,Illinois,5485,5480,5510,5482,5512
162,17,000,72156,00000,00000,0,A,Spring Valley city,Illinois,5573,5562,5490,5464,5442
162,17,000,72221,00000,00000,0,A,Standard village,Illinois,226,226,223,219,218
162,17,000,72234,00000,00000,0,A,Standard City village,Illinois,132,132,130,128,128
162,17,000,72260,00000,00000,0,A,Stanford village,Illinois,599,599,598,593,586
162,17,000,72403,00000,00000,0,A,Staunton city,Illinois,5058,5046,5008,4970,4951
162,17,000,72468,00000,00000,0,A,Steeleville village,Illinois,1924,1918,1921,1902,1890
162,17,000,72520,00000,00000,0,A,Steger village,Illinois,9598,9567,9464,9335,9283
162,17,000,72546,00000,00000,0,A,Sterling city,Illinois,14875,14839,14752,14541,14508
162,17,000,72624,00000,00000,0,A,Steward village,Illinois,228,227,228,226,224
162,17,000,72650,00000,00000,0,A,Stewardson village,Illinois,719,718,720,722,719
162,17,000,72676,00000,00000,0,A,Stickney village,Illinois,7112,7087,6965,6854,6803
162,17,000,72702,00000,00000,0,A,Stillman Valley village,Illinois,1074,1072,1064,1062,1060
162,17,000,72780,00000,00000,0,A,Stockton village,Illinois,1733,1733,1722,1707,1695
162,17,000,72884,00000,00000,0,A,Stonefort village,Illinois,224,223,221,219,220
162,17,000,72923,00000,00000,0,A,Stone Park village,Illinois,4580,4564,4483,4416,4402
162,17,000,72949,00000,00000,0,A,Stonington village,Illinois,836,834,825,814,810
162,17,000,73027,00000,00000,0,A,Stoy village,Illinois,107,107,107,106,105
162,17,000,73040,00000,00000,0,A,Strasburg village,Illinois,532,532,527,522,517
162,17,000,73131,00000,00000,0,A,Strawn village,Illinois,105,105,105,104,103
162,17,000,73157,00000,00000,0,A,Streamwood village,Illinois,39582,39432,38704,38067,37780
162,17,000,73170,00000,00000,0,A,Streator city,Illinois,12505,12470,12415,12282,12269
162,17,000,73261,00000,00000,0,A,Stronghurst village,Illinois,824,817,811,793,781
162,17,000,73287,00000,00000,0,A,Sublette village,Illinois,380,379,381,377,374
162,17,000,73391,00000,00000,0,A,Sugar Grove village,Illinois,9260,9259,9248,9178,9210
162,17,000,73495,00000,00000,0,A,Sullivan city,Illinois,4414,4403,4418,4293,4272
162,17,000,73547,00000,00000,0,A,Summerfield village,Illinois,344,343,341,336,332
162,17,000,73638,00000,00000,0,A,Summit village,Illinois,11160,11114,10898,10707,10616
162,17,000,73703,00000,00000,0,A,Sumner city,Illinois,2637,2635,2627,2600,2596
162,17,000,73943,00000,00000,0,A,Sun River Terrace village,Illinois,459,458,455,450,447
162,17,000,74119,00000,00000,0,A,Swansea village,Illinois,14380,14351,14218,14082,14472
162,17,000,74223,00000,00000,0,A,Sycamore city,Illinois,18586,18576,18678,18652,18682
162,17,000,74275,00000,00000,0,A,Symerton village,Illinois,126,126,125,124,124
162,17,000,74301,00000,00000,0,A,Table Grove village,Illinois,350,349,346,342,335
162,17,000,74379,00000,00000,0,A,Tallula village,Illinois,434,433,431,427,423
162,17,000,74444,00000,00000,0,A,Tamaroa village,Illinois,543,541,546,532,533
162,17,000,74457,00000,00000,0,A,Tamms village,Illinois,426,420,409,394,382
162,17,000,74470,00000,00000,0,A,Tampico village,Illinois,694,693,687,678,676
162,17,000,74561,00000,00000,0,A,Taylor Springs village,Illinois,738,736,735,731,728
162,17,000,74574,00000,00000,0,A,Taylorville city,Illinois,10504,10477,10382,10293,10247
162,17,000,74665,00000,00000,0,A,Tennessee village,Illinois,99,99,98,98,98
162,17,000,74743,00000,00000,0,A,Teutopolis village,Illinois,1619,1626,1648,1651,1663
162,17,000,74847,00000,00000,0,A,Thawville village,Illinois,215,214,212,210,207
162,17,000,74860,00000,00000,0,A,Thayer village,Illinois,632,631,625,619,615
162,17,000,74873,00000,00000,0,A,Thebes village,Illinois,207,204,198,191,186
162,17,000,75081,00000,00000,0,A,Third Lake village,Illinois,1114,1112,1111,1102,1097
162,17,000,75107,00000,00000,0,A,Thomasboro village,Illinois,1034,1030,1018,1009,998
162,17,000,75159,00000,00000,0,A,Thompsonville village,Illinois,486,485,482,479,480
162,17,000,75172,00000,00000,0,A,Thomson village,Illinois,1612,1611,1608,1604,1601
162,17,000,75185,00000,00000,0,A,Thornton village,Illinois,2388,2377,2333,2292,2273
162,17,000,75263,00000,00000,0,A,Tilden village,Illinois,749,747,753,751,745
162,17,000,75276,00000,00000,0,A,Tilton village,Illinois,2658,2652,2620,2583,2566
162,17,000,75360,00000,00000,0,A,Timberlane village,Illinois,906,904,906,906,903
162,17,000,75484,00000,00000,0,A,Tinley Park village,Illinois,56004,55824,54946,54191,53886
162,17,000,75549,00000,00000,0,A,Tiskilwa village,Illinois,746,744,734,730,728
162,17,000,75601,00000,00000,0,A,Toledo village,Illinois,1159,1157,1148,1142,1137
162,17,000,75614,00000,00000,0,A,Tolono village,Illinois,3600,3586,3550,3525,3482
162,17,000,75653,00000,00000,0,A,Toluca city,Illinois,1346,1341,1335,1334,1334
162,17,000,75718,00000,00000,0,A,Tonica village,Illinois,750,748,744,737,735
162,17,000,75757,00000,00000,0,A,Topeka village,Illinois,58,58,57,56,55
162,17,000,75783,00000,00000,0,A,Toulon city,Illinois,1188,1184,1164,1171,1152
162,17,000,75809,00000,00000,0,A,Tovey village,Illinois,463,462,456,451,449
162,17,000,75822,00000,00000,0,A,Towanda village,Illinois,430,430,429,427,422
162,17,000,75848,00000,00000,0,A,Tower Hill village,Illinois,484,482,479,474,475
162,17,000,75874,00000,00000,0,A,Tower Lakes village,Illinois,1224,1222,1215,1208,1200
162,17,000,75965,00000,00000,0,A,Tremont village,Illinois,2277,2272,2258,2245,2243
162,17,000,75991,00000,00000,0,A,Trenton city,Illinois,2686,2682,2669,2659,2642
162,17,000,76160,00000,00000,0,A,Trout Valley village,Illinois,515,514,515,510,509
162,17,000,76199,00000,00000,0,A,Troy city,Illinois,10942,10950,11041,11140,11209
162,17,000,76225,00000,00000,0,A,Troy Grove village,Illinois,224,223,223,221,221
162,17,000,76407,00000,00000,0,A,Tuscola city,Illinois,4641,4646,4637,4628,4614
162,17,000,76615,00000,00000,0,A,Ullin village,Illinois,468,466,459,451,449
162,17,000,76706,00000,00000,0,A,Union village,Illinois,551,550,551,543,594
162,17,000,76771,00000,00000,0,A,Union Hill village,Illinois,54,54,53,53,53
162,17,000,76935,00000,00000,0,A,University Park village,Illinois,7144,7129,7094,7022,7002
162,17,000,77005,00000,00000,0,A,Urbana city,Illinois,38353,38228,38652,38414,38209
162,17,000,77044,00000,00000,0,A,Ursa village,Illinois,608,607,601,596,592
162,17,000,77148,00000,00000,0,A,Valier village,Illinois,558,557,552,548,545
162,17,000,77187,00000,00000,0,A,Valley City village,Illinois,13,13,13,13,13
162,17,000,77265,00000,00000,0,A,Valmeyer village,Illinois,1231,1228,1223,1217,1212
162,17,000,77317,00000,00000,0,A,Vandalia city,Illinois,7457,7453,7436,7386,7358
162,17,000,77395,00000,00000,0,A,Varna village,Illinois,376,374,373,374,374
162,17,000,77408,00000,00000,0,A,Venedy village,Illinois,126,126,125,124,125
162,17,000,77473,00000,00000,0,A,Venice city,Illinois,1492,1490,1480,1467,1457
162,17,000,77525,00000,00000,0,A,Vergennes village,Illinois,235,235,233,233,233
162,17,000,77551,00000,00000,0,A,Vermilion village,Illinois,199,198,196,192,192
162,17,000,77642,00000,00000,0,A,Vermont village,Illinois,572,570,567,565,558
162,17,000,77681,00000,00000,0,A,Vernon village,Illinois,101,101,100,100,99
162,17,000,77694,00000,00000,0,A,Vernon Hills village,Illinois,26857,26823,26799,26788,26677
162,17,000,77707,00000,00000,0,A,Verona village,Illinois,207,206,209,209,210
162,17,000,77720,00000,00000,0,A,Versailles village,Illinois,448,447,467,456,454
162,17,000,77811,00000,00000,0,A,Victoria village,Illinois,269,268,266,262,257
162,17,000,77863,00000,00000,0,A,Vienna city,Illinois,1344,1346,1363,1353,1343
162,17,000,77941,00000,00000,0,A,Villa Grove city,Illinois,2479,2482,2467,2455,2440
162,17,000,77993,00000,00000,0,A,Villa Park village,Illinois,22259,22206,22007,21811,21727
162,17,000,78123,00000,00000,0,A,Viola village,Illinois,871,868,863,859,857
162,17,000,78149,00000,00000,0,A,Virden city,Illinois,3231,3224,3196,3173,3167
162,17,000,78175,00000,00000,0,A,Virgil village,Illinois,289,289,287,284,283
162,17,000,78201,00000,00000,0,A,Virginia city,Illinois,1518,1512,1484,1465,1458
162,17,000,78227,00000,00000,0,A,Volo village,Illinois,6160,6209,6307,6584,7016
162,17,000,78370,00000,00000,0,A,Wadsworth village,Illinois,3513,3506,3493,3476,3459
162,17,000,78383,00000,00000,0,A,Waggoner village,Illinois,181,180,182,180,179
162,17,000,78526,00000,00000,0,A,Walnut village,Illinois,1311,1309,1293,1284,1279
162,17,000,78604,00000,00000,0,A,Walnut Hill village,Illinois,96,96,95,94,93
162,17,000,78656,00000,00000,0,A,Walshville village,Illinois,62,62,61,61,61
162,17,000,78708,00000,00000,0,A,Waltonville village,Illinois,416,414,413,408,406
162,17,000,78721,00000,00000,0,A,Wamac city,Illinois,983,981,976,968,963
162,17,000,78773,00000,00000,0,A,Wapella village,Illinois,514,512,509,506,506
162,17,000,78851,00000,00000,0,A,Warren village,Illinois,1329,1330,1321,1307,1298
162,17,000,78916,00000,00000,0,A,Warrensburg village,Illinois,1113,1111,1099,1087,1084
162,17,000,78929,00000,00000,0,A,Warrenville city,Illinois,13559,13629,14657,14840,15027
162,17,000,78942,00000,00000,0,A,Warsaw city,Illinois,1513,1505,1490,1479,1473
162,17,000,79007,00000,00000,0,A,Washburn village,Illinois,1035,1033,1024,1020,1020
162,17,000,79033,00000,00000,0,A,Washington city,Illinois,16082,16055,15980,15848,15833
162,17,000,79085,00000,00000,0,A,Washington Park village,Illinois,2579,2573,2549,2517,2493
162,17,000,79124,00000,00000,0,A,Wataga village,Illinois,742,740,732,720,716
162,17,000,79150,00000,00000,0,A,Waterloo city,Illinois,11013,11005,11080,11118,11144
162,17,000,79163,00000,00000,0,A,Waterman village,Illinois,1436,1433,1433,1426,1421
162,17,000,79228,00000,00000,0,A,Watseka city,Illinois,4687,4670,4624,4572,4510
162,17,000,79241,00000,00000,0,A,Watson village,Illinois,670,670,665,660,659
162,17,000,79267,00000,00000,0,A,Wauconda village,Illinois,14093,14067,14028,13949,13891
162,17,000,79293,00000,00000,0,A,Waukegan city,Illinois,89312,89119,88732,88073,87642
162,17,000,79358,00000,00000,0,A,Waverly city,Illinois,1191,1188,1176,1165,1158
162,17,000,79397,00000,00000,0,A,Wayne village,Illinois,2282,2280,2262,2240,2246
162,17,000,79436,00000,00000,0,A,Wayne City village,Illinois,1006,1003,992,985,979
162,17,000,79449,00000,00000,0,A,Waynesville village,Illinois,383,382,381,380,380
162,17,000,79683,00000,00000,0,A,Weldon village,Illinois,371,370,368,369,369
162,17,000,79735,00000,00000,0,A,Wellington village,Illinois,205,204,203,200,196
162,17,000,79813,00000,00000,0,A,Wenona city,Illinois,979,975,970,969,969
162,17,000,79826,00000,00000,0,A,Wenonah village,Illinois,30,30,30,30,29
162,17,000,80008,00000,00000,0,A,West Brooklyn village,Illinois,131,131,131,130,129
162,17,000,80047,00000,00000,0,A,Westchester village,Illinois,16897,16830,16510,16228,16094
162,17,000,80060,00000,00000,0,A,West Chicago city,Illinois,25625,25564,25418,25193,25116
162,17,000,80073,00000,00000,0,A,West City village,Illinois,654,652,646,642,641
162,17,000,80125,00000,00000,0,A,West Dundee village,Illinois,7712,7868,7821,7918,7878
162,17,000,80242,00000,00000,0,A,Western Springs village,Illinois,13626,13592,13399,13278,13290
162,17,000,80281,00000,00000,0,A,Westfield village,Illinois,536,535,531,524,522
162,17,000,80333,00000,00000,0,A,West Frankfort city,Illinois,7275,7253,7215,7169,7145
162,17,000,80645,00000,00000,0,A,Westmont village,Illinois,24436,24384,24201,23998,23933
162,17,000,80736,00000,00000,0,A,West Peoria city,Illinois,4265,4252,4210,4166,4152
162,17,000,80762,00000,00000,0,A,West Point village,Illinois,141,141,139,138,138
162,17,000,80853,00000,00000,0,A,West Salem village,Illinois,777,772,757,753,740
162,17,000,80931,00000,00000,0,A,Westville village,Illinois,3170,3162,3125,3076,3054
162,17,000,81048,00000,00000,0,A,Wheaton city,Illinois,53927,53814,53441,53033,52938
162,17,000,81074,00000,00000,0,A,Wheeler village,Illinois,96,95,95,97,97
162,17,000,81087,00000,00000,0,A,Wheeling village,Illinois,39147,39185,38472,37857,37725
162,17,000,81191,00000,00000,0,A,White City village,Illinois,211,212,216,216,217
162,17,000,81256,00000,00000,0,A,White Hall city,Illinois,2285,2274,2258,2219,2201
162,17,000,81802,00000,00000,0,A,Williamsfield village,Illinois,571,569,564,556,552
162,17,000,81815,00000,00000,0,A,Williamson village,Illinois,181,181,180,178,177
162,17,000,81854,00000,00000,0,A,Williamsville village,Illinois,1435,1437,1438,1432,1430
162,17,000,81867,00000,00000,0,A,Willisville village,Illinois,580,578,583,567,568
162,17,000,81919,00000,00000,0,A,Willowbrook village,Illinois,9228,9210,9138,9062,9038
162,17,000,82010,00000,00000,0,A,Willow Hill village,Illinois,171,170,169,169,168
162,17,000,82049,00000,00000,0,A,Willow Springs village,Illinois,5860,5839,5739,5732,5688
162,17,000,82075,00000,00000,0,A,Wilmette village,Illinois,28173,28075,27633,27204,27026
162,17,000,82088,00000,00000,0,A,Wilmington village,Illinois,91,91,90,88,88
162,17,000,82101,00000,00000,0,A,Wilmington city,Illinois,5660,5648,5635,5583,5568
162,17,000,82218,00000,00000,0,A,Wilsonville village,Illinois,538,536,532,529,527
162,17,000,82270,00000,00000,0,A,Winchester city,Illinois,1572,1569,1540,1514,1494
162,17,000,82309,00000,00000,0,A,Windsor village,Illinois,670,665,665,662,660
162,17,000,82322,00000,00000,0,A,Windsor city,Illinois,1072,1068,1061,1051,1044
162,17,000,82400,00000,00000,0,A,Winfield village,Illinois,9832,9813,10142,10053,10054
162,17,000,82491,00000,00000,0,A,Winnebago village,Illinois,2929,2922,2906,2885,2875
162,17,000,82530,00000,00000,0,A,Winnetka village,Illinois,12746,12700,12504,12347,12292
162,17,000,82543,00000,00000,0,A,Winslow village,Illinois,284,283,281,276,273
162,17,000,82686,00000,00000,0,A,Winthrop Harbor village,Illinois,6700,6688,6665,6625,6594
162,17,000,82725,00000,00000,0,A,Witt city,Illinois,785,782,778,772,764
162,17,000,82855,00000,00000,0,A,Wonder Lake village,Illinois,3973,3966,3971,4456,4889
162,17,000,82985,00000,00000,0,A,Wood Dale city,Illinois,14065,14032,13918,13811,13774
162,17,000,83063,00000,00000,0,A,Woodhull village,Illinois,755,753,747,740,738
162,17,000,83102,00000,00000,0,A,Woodland village,Illinois,248,247,245,242,239
162,17,000,83206,00000,00000,0,A,Woodlawn village,Illinois,616,613,612,606,603
162,17,000,83245,00000,00000,0,A,Woodridge village,Illinois,34147,34110,33865,33616,33566
162,17,000,83271,00000,00000,0,A,Wood River city,Illinois,10453,10434,10408,10335,10270
162,17,000,83336,00000,00000,0,A,Woodson village,Illinois,499,498,494,489,487
162,17,000,83349,00000,00000,0,A,Woodstock city,Illinois,25629,25605,25760,25646,25699
162,17,000,83505,00000,00000,0,A,Worden village,Illinois,1096,1094,1088,1078,1070
162,17,000,83518,00000,00000,0,A,Worth village,Illinois,10972,10931,10730,10567,10494
162,17,000,83622,00000,00000,0,A,Wyanet village,Illinois,887,886,876,871,869
162,17,000,83687,00000,00000,0,A,Wyoming city,Illinois,1301,1298,1275,1282,1258
162,17,000,83739,00000,00000,0,A,Xenia village,Illinois,382,381,378,375,372
162,17,000,83765,00000,00000,0,A,Yale village,Illinois,67,67,66,66,66
162,17,000,83817,00000,00000,0,A,Yates City village,Illinois,644,642,636,625,623
162,17,000,84038,00000,00000,0,A,Yorkville city,Illinois,21533,21681,22686,23864,24693
162,17,000,84155,00000,00000,0,A,Zeigler city,Illinois,1488,1482,1475,1468,1468
162,17,000,84220,00000,00000,0,A,Zion city,Illinois,24678,24626,24521,24340,24206
050,17,001,00000,00000,00000,0,A,Adams County,Illinois,65729,65614,65064,64556,64441
157,17,001,10877,00000,00000,0,A,Camp Point village,Illinois,1127,1123,1122,1114,1114
157,17,001,14767,00000,00000,0,A,Clayton village,Illinois,639,638,630,622,621
157,17,001,15261,00000,00000,0,A,Coatsburg village,Illinois,147,147,145,144,144
157,17,001,15846,00000,00000,0,A,Columbus village,Illinois,114,114,112,112,112
157,17,001,30159,00000,00000,0,A,Golden village,Illinois,646,645,639,632,630
157,17,001,42080,00000,00000,0,A,La Prairie village,Illinois,40,40,40,39,39
157,17,001,43133,00000,00000,0,A,Liberty village,Illinois,542,541,536,529,527
157,17,001,43445,00000,00000,0,A,Lima village,Illinois,147,147,145,144,144
157,17,001,44719,00000,00000,0,A,Loraine village,Illinois,299,298,296,295,294
157,17,001,48307,00000,00000,0,A,Mendon village,Illinois,871,869,861,853,851
157,17,001,58265,00000,00000,0,A,Payson village,Illinois,1024,1022,1012,1003,1000
157,17,001,60339,00000,00000,0,A,Plainville village,Illinois,271,271,268,265,265
157,17,001,62367,00000,00000,0,A,Quincy city,Illinois,39473,39410,39108,38840,38803
157,17,001,77044,00000,00000,0,A,Ursa village,Illinois,608,607,601,596,592
157,17,001,99990,00000,00000,0,S,Balance of Adams County,Illinois,19781,19742,19549,19368,19305
061,17,001,00000,05742,00000,1,A,Beverly township,Illinois,356,355,352,349,348
061,17,001,00000,10019,00000,1,A,Burton township,Illinois,922,920,911,903,899
061,17,001,00000,10890,00000,0,A,Camp Point township,Illinois,1635,1630,1624,1612,1608
071,17,001,10877,10890,00000,1,A,Camp Point village,Illinois,1127,1123,1122,1114,1114
071,17,001,99990,10890,00000,1,F,Balance of Camp Point township,Illinois,508,507,502,498,494
061,17,001,00000,14780,00000,0,A,Clayton township,Illinois,937,935,925,914,910
071,17,001,14767,14780,00000,1,A,Clayton village,Illinois,639,638,630,622,621
071,17,001,30159,14780,00000,1,A,Golden village (pt.),Illinois,19,19,19,19,19
071,17,001,99990,14780,00000,1,F,Balance of Clayton township,Illinois,279,278,276,273,270
061,17,001,00000,15859,00000,0,A,Columbus township,Illinois,571,570,564,557,556
071,17,001,15846,15859,00000,1,A,Columbus village (pt.),Illinois,57,57,56,56,56
071,17,001,99990,15859,00000,1,F,Balance of Columbus township,Illinois,514,513,508,501,500
061,17,001,00000,16015,00000,1,A,Concord township,Illinois,293,292,290,287,286
061,17,001,00000,23412,00000,1,A,Ellington township,Illinois,2826,2821,2791,2764,2754
061,17,001,00000,25258,00000,1,A,Fall Creek township,Illinois,530,529,524,522,520
061,17,001,00000,29288,00000,0,A,Gilmer township,Illinois,1163,1161,1147,1137,1132
071,17,001,15846,29288,00000,1,A,Columbus village (pt.),Illinois,57,57,56,56,56
071,17,001,99990,29288,00000,1,S,Balance of Gilmer township,Illinois,1106,1104,1091,1081,1076
061,17,001,00000,35957,00000,0,A,Honey Creek township,Illinois,724,723,715,707,705
071,17,001,15261,35957,00000,1,A,Coatsburg village,Illinois,147,147,145,144,144
071,17,001,99990,35957,00000,1,S,Balance of Honey Creek township,Illinois,577,576,570,563,561
061,17,001,00000,36295,00000,0,A,Houston township,Illinois,215,215,213,211,210
071,17,001,30159,36295,00000,1,A,Golden village (pt.),Illinois,0,0,0,0,0
071,17,001,99990,36295,00000,1,F,Balance of Houston township,Illinois,215,215,213,211,210
061,17,001,00000,39220,00000,0,A,Keene township,Illinois,607,605,600,597,595
071,17,001,44719,39220,00000,1,A,Loraine village,Illinois,299,298,296,295,294
071,17,001,99990,39220,00000,1,F,Balance of Keene township,Illinois,308,307,304,302,301
061,17,001,00000,43146,00000,0,A,Liberty township,Illinois,1378,1375,1360,1346,1341
071,17,001,43133,43146,00000,1,A,Liberty village,Illinois,542,541,536,529,527
071,17,001,99990,43146,00000,1,F,Balance of Liberty township,Illinois,836,834,824,817,814
061,17,001,00000,43458,00000,0,A,Lima township,Illinois,515,514,509,505,503
071,17,001,43445,43458,00000,1,A,Lima village,Illinois,147,147,145,144,144
071,17,001,99990,43458,00000,1,S,Balance of Lima township,Illinois,368,367,364,361,359
061,17,001,00000,45746,00000,1,A,McKee township,Illinois,181,181,179,177,177
061,17,001,00000,48203,00000,1,A,Melrose township,Illinois,5752,5741,5692,5645,5632
061,17,001,00000,48320,00000,0,A,Mendon township,Illinois,1430,1427,1414,1398,1395
071,17,001,48307,48320,00000,1,A,Mendon village,Illinois,871,869,861,853,851
071,17,001,99990,48320,00000,1,F,Balance of Mendon township,Illinois,559,558,553,545,544
061,17,001,00000,53624,00000,0,A,Northeast township,Illinois,842,841,833,823,821
071,17,001,30159,53624,00000,1,A,Golden village (pt.),Illinois,627,626,620,613,611
071,17,001,42080,53624,00000,1,A,La Prairie village,Illinois,40,40,40,39,39
071,17,001,99990,53624,00000,1,F,Balance of Northeast township,Illinois,175,175,173,171,171
061,17,001,00000,58278,00000,0,A,Payson township,Illinois,1754,1751,1732,1716,1711
071,17,001,58265,58278,00000,1,A,Payson village,Illinois,1024,1022,1012,1003,1000
071,17,001,60339,58278,00000,1,A,Plainville village,Illinois,271,271,268,265,265
071,17,001,99990,58278,00000,1,F,Balance of Payson township,Illinois,459,458,452,448,446
061,17,001,00000,62380,00000,0,B,Quincy township,Illinois,39473,39410,39108,38840,38803
071,17,001,62367,62380,00000,1,A,Quincy city,Illinois,39473,39410,39108,38840,38803
061,17,001,00000,63550,00000,1,A,Richfield township,Illinois,408,407,403,397,396
061,17,001,00000,64408,00000,1,A,Riverside township,Illinois,2097,2093,2073,2054,2049
061,17,001,00000,77057,00000,0,A,Ursa township,Illinois,1120,1118,1105,1095,1090
071,17,001,77044,77057,00000,1,A,Ursa village,Illinois,608,607,601,596,592
071,17,001,99990,77057,00000,1,S,Balance of Ursa township,Illinois,512,511,504,499,498
050,17,003,00000,00000,00000,0,A,Alexander County,Illinois,5239,5169,5025,4841,4695
157,17,003,10383,00000,00000,1,A,Cairo city,Illinois,1739,1716,1669,1607,1558
157,17,003,21605,00000,00000,1,A,East Cape Girardeau village,Illinois,289,285,277,267,259
157,17,003,45525,00000,00000,1,A,McClure village,Illinois,256,253,246,237,229
157,17,003,74457,00000,00000,1,A,Tamms village,Illinois,426,420,409,394,382
157,17,003,74873,00000,00000,1,A,Thebes village,Illinois,207,204,198,191,186
157,17,003,99990,00000,00000,1,S,Balance of Alexander County,Illinois,2322,2291,2226,2145,2081
050,17,005,00000,00000,00000,0,A,Bond County,Illinois,16725,16684,16623,16536,16450
157,17,005,20318,00000,00000,0,A,Donnellson village (pt.),Illinois,7,7,7,7,7
157,17,005,31589,00000,00000,0,A,Greenville city,Illinois,7079,7064,7028,7025,6979
157,17,005,39753,00000,00000,0,A,Keyesport village (pt.),Illinois,213,212,213,213,211
157,17,005,51284,00000,00000,0,A,Mulberry Grove village,Illinois,521,519,517,512,504
157,17,005,55717,00000,00000,0,A,Old Ripley village,Illinois,83,83,82,81,81
157,17,005,57498,00000,00000,0,A,Panama village (pt.),Illinois,120,120,119,118,119
157,17,005,59709,00000,00000,0,A,Pierron village (pt.),Illinois,411,412,408,404,399
157,17,005,60872,00000,00000,0,A,Pocahontas village,Illinois,700,698,695,687,680
157,17,005,70213,00000,00000,0,A,Smithboro village,Illinois,154,153,153,151,150
157,17,005,70525,00000,00000,0,A,Sorento village,Illinois,427,426,424,421,415
157,17,005,99990,00000,00000,0,F,Balance of Bond County,Illinois,7010,6990,6977,6917,6905
061,17,005,00000,09694,00000,0,A,Burgess township,Illinois,2192,2188,2181,2160,2146
071,17,005,59709,09694,00000,1,A,Pierron village (pt.),Illinois,411,412,408,404,399
071,17,005,60872,09694,00000,1,A,Pocahontas village,Illinois,700,698,695,687,680
071,17,005,99990,09694,00000,1,F,Balance of Burgess township,Illinois,1081,1078,1078,1069,1067
061,17,005,00000,12112,00000,0,A,Central township,Illinois,7989,7971,7934,7923,7874
071,17,005,31589,12112,00000,1,A,Greenville city (pt.),Illinois,7066,7051,7015,7012,6966
071,17,005,99990,12112,00000,1,F,Balance of Central township,Illinois,923,920,919,911,908
061,17,005,00000,40741,00000,1,A,Lagrange township,Illinois,1088,1085,1082,1073,1070
061,17,005,00000,49321,00000,1,A,Mills township,Illinois,474,473,471,466,465
061,17,005,00000,51297,00000,0,A,Mulberry Grove township,Illinois,1141,1137,1133,1123,1115
071,17,005,51284,51297,00000,1,A,Mulberry Grove village,Illinois,521,519,517,512,504
071,17,005,99990,51297,00000,1,F,Balance of Mulberry Grove township,Illinois,620,618,616,611,611
061,17,005,00000,55730,00000,0,A,Old Ripley township,Illinois,821,819,817,810,810
071,17,005,55717,55730,00000,1,A,Old Ripley village,Illinois,83,83,82,81,81
071,17,005,99990,55730,00000,1,F,Balance of Old Ripley township,Illinois,738,736,735,729,729
061,17,005,00000,60586,00000,0,A,Pleasant Mound township,Illinois,903,900,899,891,890
071,17,005,31589,60586,00000,1,A,Greenville city (pt.),Illinois,13,13,13,13,13
071,17,005,70213,60586,00000,1,A,Smithboro village,Illinois,154,153,153,151,150
071,17,005,99990,60586,00000,1,F,Balance of Pleasant Mound township,Illinois,736,734,733,727,727
061,17,005,00000,69641,00000,0,A,Shoal Creek township,Illinois,1601,1597,1590,1577,1569
071,17,005,20318,69641,00000,1,A,Donnellson village (pt.),Illinois,7,7,7,7,7
071,17,005,57498,69641,00000,1,A,Panama village (pt.),Illinois,120,120,119,118,119
071,17,005,70525,69641,00000,1,A,Sorento village,Illinois,427,426,424,421,415
071,17,005,99990,69641,00000,1,F,Balance of Shoal Creek township,Illinois,1047,1044,1040,1031,1028
061,17,005,00000,74418,00000,0,A,Tamalco township,Illinois,516,514,516,513,511
071,17,005,39753,74418,00000,1,A,Keyesport village (pt.),Illinois,213,212,213,213,211
071,17,005,99990,74418,00000,1,F,Balance of Tamalco township,Illinois,303,302,303,300,300
050,17,007,00000,00000,00000,0,A,Boone County,Illinois,53451,53343,53173,53068,53202
157,17,007,05092,00000,00000,0,A,Belvidere city,Illinois,25345,25283,25161,25134,25297
157,17,007,10422,00000,00000,0,A,Caledonia village,Illinois,183,182,182,181,180
157,17,007,11124,00000,00000,0,A,Capron village,Illinois,1391,1388,1395,1389,1395
157,17,007,13074,00000,00000,0,A,Cherry Valley village (pt.),Illinois,340,339,338,337,336
157,17,007,45031,00000,00000,0,A,Loves Park city (pt.),Illinois,1631,1630,1624,1616,1615
157,17,007,61145,00000,00000,0,A,Poplar Grove village,Illinois,5054,5056,5077,5099,5129
157,17,007,75360,00000,00000,0,A,Timberlane village,Illinois,906,904,906,906,903
157,17,007,99990,00000,00000,0,S,Balance of Boone County,Illinois,18601,18561,18490,18406,18347
061,17,007,00000,05105,00000,0,A,Belvidere township,Illinois,29426,29361,29233,29180,29297
071,17,007,05092,05105,00000,1,A,Belvidere city (pt.),Illinois,20659,20606,20498,20467,20593
071,17,007,13074,05105,00000,1,A,Cherry Valley village (pt.),Illinois,340,339,338,337,336
071,17,007,45031,05105,00000,1,A,Loves Park city (pt.),Illinois,165,165,165,164,164
071,17,007,61145,05105,00000,1,A,Poplar Grove village (pt.),Illinois,1733,1735,1741,1747,1759
071,17,007,99990,05105,00000,1,F,Balance of Belvidere township,Illinois,6529,6516,6491,6465,6445
061,17,007,00000,07302,00000,0,A,Bonus township,Illinois,4388,4377,4359,4350,4364
071,17,007,05092,07302,00000,1,A,Belvidere city (pt.),Illinois,2683,2676,2664,2664,2683
071,17,007,61145,07302,00000,1,A,Poplar Grove village (pt.),Illinois,0,0,0,0,0
071,17,007,99990,07302,00000,1,S,Balance of Bonus township,Illinois,1705,1701,1695,1686,1681
061,17,007,00000,07328,00000,0,A,Boone township,Illinois,2019,2014,2018,2008,2013
071,17,007,11124,07328,00000,1,A,Capron village,Illinois,1391,1388,1395,1389,1395
071,17,007,99990,07328,00000,1,F,Balance of Boone township,Illinois,628,626,623,619,618
061,17,007,00000,10435,00000,0,A,Caledonia township,Illinois,7291,7278,7257,7230,7210
071,17,007,10422,10435,00000,1,A,Caledonia village,Illinois,183,182,182,181,180
071,17,007,45031,10435,00000,1,A,Loves Park city (pt.),Illinois,1466,1465,1459,1452,1451
071,17,007,61145,10435,00000,1,A,Poplar Grove village (pt.),Illinois,25,25,25,25,25
071,17,007,75360,10435,00000,1,A,Timberlane village (pt.),Illinois,852,850,852,853,850
071,17,007,99990,10435,00000,1,S,Balance of Caledonia township,Illinois,4765,4756,4739,4719,4704
061,17,007,00000,26441,00000,0,A,Flora township,Illinois,2988,2983,2977,2977,2992
071,17,007,05092,26441,00000,1,A,Belvidere city (pt.),Illinois,2003,2001,1999,2003,2021
071,17,007,13074,26441,00000,1,A,Cherry Valley village (pt.),Illinois,0,0,0,0,0
071,17,007,99990,26441,00000,1,F,Balance of Flora township,Illinois,985,982,978,974,971
061,17,007,00000,42951,00000,1,A,LeRoy township,Illinois,470,469,467,464,462
061,17,007,00000,46318,00000,1,A,Manchester township,Illinois,881,879,875,871,866
061,17,007,00000,61158,00000,0,A,Poplar Grove township,Illinois,5117,5113,5122,5129,5141
071,17,007,61145,61158,00000,1,A,Poplar Grove village (pt.),Illinois,3296,3296,3311,3327,3345
071,17,007,75360,61158,00000,1,A,Timberlane village (pt.),Illinois,54,54,54,53,53
071,17,007,99990,61158,00000,1,S,Balance of Poplar Grove township,Illinois,1767,1763,1757,1749,1743
061,17,007,00000,71578,00000,0,A,Spring township,Illinois,871,869,865,859,857
071,17,007,05092,71578,00000,1,A,Belvidere city (pt.),Illinois,0,0,0,0,0
071,17,007,99990,71578,00000,1,F,Balance of Spring township,Illinois,871,869,865,859,857
050,17,009,00000,00000,00000,0,A,Brown County,Illinois,6240,6227,6432,6316,6294
157,17,009,50790,00000,00000,0,A,Mound Station village,Illinois,116,116,121,118,115
157,17,009,51154,00000,00000,0,A,Mount Sterling city,Illinois,1995,1989,2074,2023,2016
157,17,009,64174,00000,00000,0,A,Ripley village,Illinois,50,50,52,51,51
157,17,009,77720,00000,00000,0,A,Versailles village,Illinois,448,447,467,456,454
157,17,009,99990,00000,00000,0,F,Balance of Brown County,Illinois,3631,3625,3718,3668,3658
061,17,009,00000,09291,00000,1,A,Buckhorn township,Illinois,80,80,83,81,81
061,17,009,00000,16262,00000,1,A,Cooperstown township,Illinois,268,267,280,273,272
061,17,009,00000,23308,00000,1,A,Elkhorn township,Illinois,302,301,315,308,306
061,17,009,00000,42561,00000,0,A,Lee township,Illinois,254,254,265,259,257
071,17,009,50790,42561,00000,1,A,Mound Station village,Illinois,116,116,121,118,115
071,17,009,99990,42561,00000,1,F,Balance of Lee township,Illinois,138,138,144,141,142
061,17,009,00000,49685,00000,1,A,Missouri township,Illinois,134,134,140,137,136
061,17,009,00000,51167,00000,0,A,Mount Sterling township,Illinois,4295,4287,4403,4335,4322
071,17,009,51154,51167,00000,1,A,Mount Sterling city,Illinois,1995,1989,2074,2023,2016
071,17,009,99990,51167,00000,1,F,Balance of Mount Sterling township,Illinois,2300,2298,2329,2312,2306
061,17,009,00000,58330,00000,1,A,Pea Ridge township,Illinois,183,182,191,186,186
061,17,009,00000,64187,00000,0,A,Ripley township,Illinois,69,69,72,70,70
071,17,009,64174,64187,00000,1,A,Ripley village,Illinois,50,50,52,51,51
071,17,009,99990,64187,00000,1,F,Balance of Ripley township,Illinois,19,19,20,19,19
061,17,009,00000,77733,00000,0,A,Versailles township,Illinois,655,653,683,667,664
071,17,009,77720,77733,00000,1,A,Versailles village,Illinois,448,447,467,456,454
071,17,009,99990,77733,00000,1,F,Balance of Versailles township,Illinois,207,206,216,211,210
050,17,011,00000,00000,00000,0,A,Bureau County,Illinois,33243,33191,32959,32827,32729
157,17,011,01569,00000,00000,0,A,Annawan town (pt.),Illinois,0,0,0,0,0
157,17,011,02102,00000,00000,0,A,Arlington village,Illinois,171,171,169,168,168
157,17,011,09356,00000,00000,0,A,Buda village,Illinois,479,478,473,471,470
157,17,011,09681,00000,00000,0,A,Bureau Junction village,Illinois,287,287,283,283,282
157,17,011,12970,00000,00000,0,A,Cherry village,Illinois,439,438,433,430,429
157,17,011,18459,00000,00000,0,A,Dalzell village (pt.),Illinois,664,663,653,651,648
157,17,011,19499,00000,00000,0,A,De Pue village,Illinois,1630,1625,1604,1597,1588
157,17,011,20526,00000,00000,0,A,Dover village,Illinois,137,137,135,135,135
157,17,011,35671,00000,00000,0,A,Hollowayville village,Illinois,39,39,39,38,38
157,17,011,40598,00000,00000,0,A,Ladd village,Illinois,1262,1260,1410,1405,1400
157,17,011,41794,00000,00000,0,A,La Moille village,Illinois,689,688,680,676,674
157,17,011,46240,00000,00000,0,A,Malden village,Illinois,317,317,313,312,311
157,17,011,46422,00000,00000,0,A,Manlius village,Illinois,300,300,296,293,293
157,17,011,49516,00000,00000,0,A,Mineral village,Illinois,206,206,203,203,202
157,17,011,51999,00000,00000,0,A,Neponset village,Illinois,424,423,416,415,414
157,17,011,52155,00000,00000,0,A,New Bedford village,Illinois,76,76,75,75,75
157,17,011,55379,00000,00000,0,A,Ohio village,Illinois,470,469,464,463,461
157,17,011,59234,00000,00000,0,A,Peru city (pt.),Illinois,1,1,1,1,1
157,17,011,61899,00000,00000,0,A,Princeton city,Illinois,7831,7819,7735,7718,7700
157,17,011,68471,00000,00000,0,A,Seatonville village,Illinois,323,323,319,318,318
157,17,011,69147,00000,00000,0,A,Sheffield village,Illinois,821,820,810,806,804
157,17,011,72156,00000,00000,0,A,Spring Valley city,Illinois,5573,5562,5490,5464,5442
157,17,011,75549,00000,00000,0,A,Tiskilwa village,Illinois,746,744,734,730,728
157,17,011,78526,00000,00000,0,A,Walnut village,Illinois,1311,1309,1293,1284,1279
157,17,011,83622,00000,00000,0,A,Wyanet village,Illinois,887,886,876,871,869
157,17,011,99990,00000,00000,0,F,Balance of Bureau County,Illinois,8160,8150,8055,8020,8000
061,17,011,00000,02076,00000,0,A,Arispie township,Illinois,754,752,742,740,736
071,17,011,75549,02076,00000,1,A,Tiskilwa village (pt.),Illinois,393,392,386,385,384
071,17,011,99990,02076,00000,1,F,Balance of Arispie township,Illinois,361,360,356,355,352
061,17,011,00000,05430,00000,0,A,Berlin township,Illinois,671,671,663,661,659
071,17,011,20526,05430,00000,1,A,Dover village (pt.),Illinois,7,7,7,7,7
071,17,011,46240,05430,00000,1,A,Malden village,Illinois,317,317,313,312,311
071,17,011,99990,05430,00000,1,F,Balance of Berlin township,Illinois,347,347,343,342,341
061,17,011,00000,09668,00000,1,A,Bureau township,Illinois,250,250,247,246,245
061,17,011,00000,14598,00000,0,A,Clarion township,Illinois,403,402,398,397,396
071,17,011,41794,14598,00000,1,A,La Moille village (pt.),Illinois,0,0,0,0,0
071,17,011,99990,14598,00000,1,F,Balance of Clarion township,Illinois,403,402,398,397,396
061,17,011,00000,16028,00000,0,A,Concord township,Illinois,1458,1456,1439,1433,1429
071,17,011,09356,16028,00000,1,A,Buda village,Illinois,479,478,473,471,470
071,17,011,69147,16028,00000,1,A,Sheffield village (pt.),Illinois,768,767,758,754,752
071,17,011,99990,16028,00000,1,F,Balance of Concord township,Illinois,211,211,208,208,207
061,17,011,00000,20539,00000,0,A,Dover township,Illinois,501,500,494,493,492
071,17,011,20526,20539,00000,1,A,Dover village (pt.),Illinois,130,130,128,128,128
071,17,011,61899,20539,00000,1,A,Princeton city (pt.),Illinois,6,6,6,6,6
071,17,011,99990,20539,00000,1,F,Balance of Dover township,Illinois,365,364,360,359,358
061,17,011,00000,24790,00000,1,A,Fairfield township,Illinois,370,369,365,364,363
061,17,011,00000,30146,00000,1,A,Gold township,Illinois,167,167,165,164,164
061,17,011,00000,31602,00000,0,A,Greenville township,Illinois,349,349,345,344,343
071,17,011,52155,31602,00000,1,A,New Bedford village,Illinois,76,76,75,75,75
071,17,011,99990,31602,00000,1,F,Balance of Greenville township,Illinois,273,273,270,269,268
061,17,011,00000,32265,00000,0,A,Hall township,Illinois,8270,8255,8314,8276,8247
071,17,011,18459,32265,00000,1,A,Dalzell village (pt.),Illinois,664,663,653,651,648
071,17,011,19499,32265,00000,1,A,De Pue village (pt.),Illinois,0,0,0,0,0
071,17,011,40598,32265,00000,1,A,Ladd village,Illinois,1262,1260,1410,1405,1400
071,17,011,59234,32265,00000,1,A,Peru city (pt.),Illinois,1,1,1,1,1
071,17,011,68471,32265,00000,1,A,Seatonville village (pt.),Illinois,299,299,295,294,294
071,17,011,72156,32265,00000,1,A,Spring Valley city,Illinois,5573,5562,5490,5464,5442
071,17,011,99990,32265,00000,1,F,Balance of Hall township,Illinois,471,470,465,461,462
061,17,011,00000,37413,00000,0,A,Indiantown township,Illinois,603,602,595,591,589
071,17,011,75549,37413,00000,1,A,Tiskilwa village (pt.),Illinois,353,352,348,345,344
071,17,011,99990,37413,00000,1,F,Balance of Indiantown township,Illinois,250,250,247,246,245
061,17,011,00000,41807,00000,0,A,La Moille township,Illinois,1014,1013,1001,996,993
071,17,011,41794,41807,00000,1,A,La Moille village (pt.),Illinois,689,688,680,676,674
071,17,011,99990,41807,00000,1,F,Balance of La Moille township,Illinois,325,325,321,320,319
061,17,011,00000,42665,00000,0,A,Leepertown township,Illinois,327,327,323,322,321
071,17,011,09681,42665,00000,1,A,Bureau Junction village,Illinois,287,287,283,283,282
071,17,011,99990,42665,00000,1,F,Balance of Leepertown township,Illinois,40,40,40,39,39
061,17,011,00000,45928,00000,1,A,Macon township,Illinois,205,205,202,202,201
061,17,011,00000,46435,00000,0,A,Manlius township,Illinois,575,575,567,564,563
071,17,011,46422,46435,00000,1,A,Manlius village,Illinois,300,300,296,293,293
071,17,011,99990,46435,00000,1,F,Balance of Manlius township,Illinois,275,275,271,271,270
061,17,011,00000,49438,00000,1,A,Milo township,Illinois,195,195,193,192,191
061,17,011,00000,49529,00000,0,A,Mineral township,Illinois,448,448,442,439,438
071,17,011,01569,49529,00000,1,A,Annawan town (pt.),Illinois,0,0,0,0,0
071,17,011,49516,49529,00000,1,A,Mineral village,Illinois,206,206,203,203,202
071,17,011,69147,49529,00000,1,A,Sheffield village (pt.),Illinois,53,53,52,52,52
071,17,011,99990,49529,00000,1,F,Balance of Mineral township,Illinois,189,189,187,184,184
061,17,011,00000,52012,00000,0,A,Neponset township,Illinois,660,659,649,647,644
071,17,011,51999,52012,00000,1,A,Neponset village,Illinois,424,423,416,415,414
071,17,011,99990,52012,00000,1,F,Balance of Neponset township,Illinois,236,236,233,232,230
061,17,011,00000,55392,00000,0,A,Ohio township,Illinois,828,826,817,813,810
071,17,011,55379,55392,00000,1,A,Ohio village,Illinois,470,469,464,463,461
071,17,011,99990,55392,00000,1,F,Balance of Ohio township,Illinois,358,357,353,350,349
061,17,011,00000,61912,00000,0,A,Princeton township,Illinois,9209,9195,9095,9072,9051
071,17,011,61899,61912,00000,1,A,Princeton city (pt.),Illinois,7825,7813,7729,7712,7694
071,17,011,99990,61912,00000,1,F,Balance of Princeton township,Illinois,1384,1382,1366,1360,1357
061,17,011,00000,68562,00000,0,A,Selby township,Illinois,2158,2152,2126,2115,2106
071,17,011,19499,68562,00000,1,A,De Pue village (pt.),Illinois,1630,1625,1604,1597,1588
071,17,011,35671,68562,00000,1,A,Hollowayville village,Illinois,39,39,39,38,38
071,17,011,68471,68562,00000,1,A,Seatonville village (pt.),Illinois,24,24,24,24,24
071,17,011,99990,68562,00000,1,F,Balance of Selby township,Illinois,465,464,459,456,456
061,17,011,00000,78539,00000,0,A,Walnut township,Illinois,1602,1600,1580,1570,1565
071,17,011,78526,78539,00000,1,A,Walnut village,Illinois,1311,1309,1293,1284,1279
071,17,011,99990,78539,00000,1,F,Balance of Walnut township,Illinois,291,291,287,286,286
061,17,011,00000,80268,00000,0,A,Westfield township,Illinois,852,851,841,836,835
071,17,011,02102,80268,00000,1,A,Arlington village,Illinois,171,171,169,168,168
071,17,011,12970,80268,00000,1,A,Cherry village,Illinois,439,438,433,430,429
071,17,011,99990,80268,00000,1,F,Balance of Westfield township,Illinois,242,242,239,238,238
061,17,011,00000,81009,00000,1,A,Wheatland township,Illinois,136,136,134,134,134
061,17,011,00000,83635,00000,0,A,Wyanet township,Illinois,1238,1236,1222,1216,1214
071,17,011,83622,83635,00000,1,A,Wyanet village,Illinois,887,886,876,871,869
071,17,011,99990,83635,00000,1,F,Balance of Wyanet township,Illinois,351,350,346,345,345
050,17,013,00000,00000,00000,0,A,Calhoun County,Illinois,4438,4407,4395,4353,4317
157,17,013,04117,00000,00000,1,A,Batchtown village,Illinois,169,168,167,165,163
157,17,013,09148,00000,00000,1,A,Brussels village,Illinois,121,120,119,118,117
157,17,013,32395,00000,00000,1,A,Hamburg village,Illinois,99,98,98,97,96
157,17,013,32850,00000,00000,1,A,Hardin village,Illinois,804,798,799,792,786
157,17,013,38856,00000,00000,1,A,Kampsville village,Illinois,307,305,303,301,298
157,17,013,99990,00000,00000,1,F,Balance of Calhoun County,Illinois,2938,2918,2909,2880,2857
050,17,015,00000,00000,00000,0,A,Carroll County,Illinois,15707,15672,15702,15579,15526
157,17,015,12294,00000,00000,0,A,Chadwick village,Illinois,483,482,483,479,477
157,17,015,41859,00000,00000,0,A,Lanark city,Illinois,1502,1498,1493,1472,1466
157,17,015,49191,00000,00000,0,A,Milledgeville village,Illinois,1026,1023,1021,1008,1002
157,17,015,50881,00000,00000,0,A,Mount Carroll city,Illinois,1478,1475,1470,1451,1441
157,17,015,67821,00000,00000,0,A,Savanna city,Illinois,2782,2774,2768,2730,2712
157,17,015,68991,00000,00000,0,A,Shannon village,Illinois,802,800,830,854,848
157,17,015,75172,00000,00000,0,A,Thomson village,Illinois,1612,1611,1608,1604,1601
157,17,015,99990,00000,00000,0,S,Balance of Carroll County,Illinois,6022,6009,6029,5981,5979
061,17,015,00000,12996,00000,0,A,Cherry Grove-Shannon township,Illinois,1545,1541,1574,1592,1588
071,17,015,68991,12996,00000,1,A,Shannon village,Illinois,802,800,830,854,848
071,17,015,99990,12996,00000,1,S,Balance of Cherry Grove-Shannon township,Illinois,743,741,744,738,740
061,17,015,00000,23321,00000,1,A,Elkhorn Grove township,Illinois,189,189,188,186,187
061,17,015,00000,24881,00000,0,A,Fairhaven township,Illinois,769,767,768,762,761
071,17,015,12294,24881,00000,1,A,Chadwick village,Illinois,483,482,483,479,477
071,17,015,99990,24881,00000,1,F,Balance of Fairhaven township,Illinois,286,285,285,283,284
061,17,015,00000,27832,00000,1,A,Freedom township,Illinois,781,780,783,776,775
061,17,015,00000,50894,00000,0,A,Mount Carroll township,Illinois,1963,1959,1955,1933,1922
071,17,015,50881,50894,00000,1,A,Mount Carroll city (pt.),Illinois,1434,1431,1426,1408,1398
071,17,015,99990,50894,00000,1,F,Balance of Mount Carroll township,Illinois,529,528,529,525,524
061,17,015,00000,64892,00000,0,A,Rock Creek-Lima township,Illinois,1985,1980,1977,1952,1944
071,17,015,41859,64892,00000,1,A,Lanark city,Illinois,1502,1498,1493,1472,1466
071,17,015,99990,64892,00000,1,F,Balance of Rock Creek-Lima township,Illinois,483,482,484,480,478
061,17,015,00000,67210,00000,0,A,Salem township,Illinois,340,339,339,337,335
071,17,015,50881,67210,00000,1,A,Mount Carroll city (pt.),Illinois,44,44,44,43,43
071,17,015,99990,67210,00000,1,F,Balance of Salem township,Illinois,296,295,295,294,292
061,17,015,00000,67834,00000,0,A,Savanna township,Illinois,3415,3405,3403,3361,3344
071,17,015,67821,67834,00000,1,A,Savanna city,Illinois,2782,2774,2768,2730,2712
071,17,015,99990,67834,00000,1,F,Balance of Savanna township,Illinois,633,631,635,631,632
061,17,015,00000,79020,00000,1,A,Washington township,Illinois,335,334,336,332,332
061,17,015,00000,83076,00000,1,A,Woodland township,Illinois,273,272,274,271,271
061,17,015,00000,83700,00000,0,A,Wysox township,Illinois,1339,1335,1333,1318,1311
071,17,015,49191,83700,00000,1,A,Milledgeville village,Illinois,1026,1023,1021,1008,1002
071,17,015,99990,83700,00000,1,F,Balance of Wysox township,Illinois,313,312,312,310,309
061,17,015,00000,83908,00000,0,A,York township,Illinois,2773,2771,2772,2759,2756
071,17,015,75172,83908,00000,1,A,Thomson village,Illinois,1612,1611,1608,1604,1601
071,17,015,99990,83908,00000,1,F,Balance of York township,Illinois,1161,1160,1164,1155,1155
050,17,017,00000,00000,00000,0,A,Cass County,Illinois,13049,12991,12790,12638,12596
157,17,017,01946,00000,00000,0,A,Arenzville village,Illinois,366,364,359,354,351
157,17,017,02505,00000,00000,0,A,Ashland village,Illinois,1221,1216,1196,1180,1177
157,17,017,04351,00000,00000,0,A,Beardstown city,Illinois,5956,5928,5838,5769,5749
157,17,017,12450,00000,00000,0,A,Chandlerville village,Illinois,533,531,522,515,513
157,17,017,78201,00000,00000,0,A,Virginia city,Illinois,1518,1512,1484,1465,1458
157,17,017,99990,00000,00000,0,F,Balance of Cass County,Illinois,3455,3440,3391,3355,3348
061,17,017,00000,01959,00000,0,A,Arenzville township,Illinois,758,754,745,736,732
071,17,017,01946,01959,00000,1,A,Arenzville village,Illinois,366,364,359,354,351
071,17,017,99990,01959,00000,1,F,Balance of Arenzville township,Illinois,392,390,386,382,381
061,17,017,00000,02518,00000,0,A,Ashland township,Illinois,1293,1288,1267,1250,1246
071,17,017,02505,02518,00000,1,A,Ashland village,Illinois,1221,1216,1196,1180,1177
071,17,017,99990,02518,00000,1,F,Balance of Ashland township,Illinois,72,72,71,70,69
061,17,017,00000,04364,00000,0,A,Beardstown township,Illinois,6742,6711,6610,6534,6513
071,17,017,04351,04364,00000,1,A,Beardstown city,Illinois,5956,5928,5838,5769,5749
071,17,017,99990,04364,00000,1,F,Balance of Beardstown township,Illinois,786,783,772,765,764
061,17,017,00000,06938,00000,1,A,Bluff Springs township,Illinois,887,883,871,861,859
061,17,017,00000,12463,00000,0,A,Chandlerville township,Illinois,459,457,449,444,444
071,17,017,12450,12463,00000,1,A,Chandlerville village (pt.),Illinois,329,328,322,318,318
071,17,017,99990,12463,00000,1,F,Balance of Chandlerville township,Illinois,130,129,127,126,126
061,17,017,00000,32148,00000,1,A,Hagener township,Illinois,336,334,329,325,325
061,17,017,00000,52662,00000,1,A,Newmansville township,Illinois,65,65,64,63,63
061,17,017,00000,57550,00000,0,A,Panther Creek township,Illinois,306,305,300,296,295
071,17,017,12450,57550,00000,1,A,Chandlerville village (pt.),Illinois,204,203,200,197,195
071,17,017,99990,57550,00000,1,F,Balance of Panther Creek township,Illinois,102,102,100,99,100
061,17,017,00000,59481,00000,1,A,Philadelphia township,Illinois,200,199,196,194,193
061,17,017,00000,67600,00000,0,A,Sangamon Valley township,Illinois,326,325,319,316,315
071,17,017,78201,67600,00000,1,A,Virginia city (pt.),Illinois,5,5,5,5,5
071,17,017,99990,67600,00000,1,F,Balance of Sangamon Valley township,Illinois,321,320,314,311,310
061,17,017,00000,78214,00000,0,A,Virginia township,Illinois,1677,1670,1640,1619,1611
071,17,017,78201,78214,00000,1,A,Virginia city (pt.),Illinois,1513,1507,1479,1460,1453
071,17,017,99990,78214,00000,1,F,Balance of Virginia township,Illinois,164,163,161,159,158
050,17,019,00000,00000,00000,0,A,Champaign County,Illinois,205873,205654,206605,206169,205644
157,17,019,00880,00000,00000,0,A,Allerton village (pt.),Illinois,0,0,0,0,0
157,17,019,07211,00000,00000,0,A,Bondville village,Illinois,388,386,382,380,376
157,17,019,08420,00000,00000,0,A,Broadlands village,Illinois,315,314,311,306,303
157,17,019,12385,00000,00000,0,A,Champaign city,Illinois,88297,88368,89293,89082,89189
157,17,019,26194,00000,00000,0,A,Fisher village,Illinois,2065,2056,2042,2025,2001
157,17,019,26662,00000,00000,0,A,Foosland village,Illinois,75,75,74,73,73
157,17,019,29145,00000,00000,0,A,Gifford village,Illinois,911,907,899,891,883
157,17,019,35814,00000,00000,0,A,Homer village,Illinois,1075,1071,1058,1048,1035
157,17,019,37998,00000,00000,0,A,Ivesdale village (pt.),Illinois,264,263,260,256,254
157,17,019,44602,00000,00000,0,A,Longview village,Illinois,115,115,113,113,111
157,17,019,45174,00000,00000,0,A,Ludlow village,Illinois,307,306,303,301,297
157,17,019,46136,00000,00000,0,A,Mahomet village,Illinois,9435,9520,9656,10048,10273
157,17,019,55275,00000,00000,0,A,Ogden village,Illinois,735,732,727,722,714
157,17,019,59273,00000,00000,0,A,Pesotum village,Illinois,552,550,549,545,539
157,17,019,59533,00000,00000,0,A,Philo village,Illinois,1394,1389,1372,1362,1345
157,17,019,62783,00000,00000,0,A,Rantoul village,Illinois,12376,12325,12193,12103,11956
157,17,019,66157,00000,00000,0,A,Royal village,Illinois,292,291,288,286,281
157,17,019,66534,00000,00000,0,A,Sadorus village,Illinois,401,399,395,393,391
157,17,019,66950,00000,00000,0,A,St. Joseph village,Illinois,3810,3795,3752,3723,3677
157,17,019,67860,00000,00000,0,A,Savoy village,Illinois,8880,8865,8893,8908,8891
157,17,019,69875,00000,00000,0,A,Sidney village,Illinois,1207,1202,1188,1179,1164
157,17,019,75107,00000,00000,0,A,Thomasboro village,Illinois,1034,1030,1018,1009,998
157,17,019,75614,00000,00000,0,A,Tolono village,Illinois,3600,3586,3550,3525,3482
157,17,019,77005,00000,00000,0,A,Urbana city,Illinois,38353,38228,38652,38414,38209
157,17,019,99990,00000,00000,0,S,Balance of Champaign County,Illinois,29992,29881,29637,29477,29202
061,17,019,00000,03246,00000,0,A,Ayers township,Illinois,428,427,422,417,412
071,17,019,00880,03246,00000,1,A,Allerton village (pt.),Illinois,0,0,0,0,0
071,17,019,08420,03246,00000,1,A,Broadlands village,Illinois,315,314,311,306,303
071,17,019,99990,03246,00000,1,F,Balance of Ayers township,Illinois,113,113,111,111,109
061,17,019,00000,08914,00000,0,A,Brown township,Illinois,2104,2096,2080,2064,2040
071,17,019,26194,08914,00000,1,A,Fisher village (pt.),Illinois,1720,1713,1701,1686,1666
071,17,019,26662,08914,00000,1,A,Foosland village,Illinois,75,75,74,73,73
071,17,019,99990,08914,00000,1,F,Balance of Brown township,Illinois,309,308,305,305,301
061,17,019,00000,12398,00000,0,A,Champaign township,Illinois,11327,11298,11277,11259,11199
071,17,019,67860,12398,00000,1,A,Savoy village (pt.),Illinois,6610,6600,6620,6632,6619
071,17,019,99990,12398,00000,1,F,Balance of Champaign township,Illinois,4717,4698,4657,4627,4580
061,17,019,00000,12411,00000,0,B,Champaign City township,Illinois,88297,88368,89293,89082,89189
071,17,019,12385,12411,00000,1,A,Champaign city,Illinois,88297,88368,89293,89082,89189
061,17,019,00000,15482,00000,1,A,Colfax township,Illinois,237,236,234,232,229
061,17,019,00000,15976,00000,0,A,Compromise township,Illinois,1317,1312,1298,1287,1273
071,17,019,29145,15976,00000,1,A,Gifford village (pt.),Illinois,688,685,678,671,664
071,17,019,99990,15976,00000,1,S,Balance of Compromise township,Illinois,629,627,620,616,609
061,17,019,00000,16080,00000,0,A,Condit township,Illinois,481,479,475,471,466
071,17,019,26194,16080,00000,1,A,Fisher village (pt.),Illinois,168,167,166,165,163
071,17,019,99990,16080,00000,1,F,Balance of Condit township,Illinois,313,312,309,306,303
061,17,019,00000,17588,00000,1,A,Crittenden township,Illinois,336,335,331,329,325
061,17,019,00000,18121,00000,0,B,Cunningham township,Illinois,38353,38228,38652,38414,38209
071,17,019,77005,18121,00000,1,A,Urbana city,Illinois,38353,38228,38652,38414,38209
061,17,019,00000,21566,00000,0,A,East Bend township,Illinois,641,639,632,630,623
071,17,019,26194,21566,00000,1,A,Fisher village (pt.),Illinois,12,12,12,12,12
071,17,019,99990,21566,00000,1,S,Balance of East Bend township,Illinois,629,627,620,618,611
061,17,019,00000,33422,00000,0,A,Harwood township,Illinois,632,629,626,624,621
071,17,019,29145,33422,00000,1,A,Gifford village (pt.),Illinois,223,222,221,220,219
071,17,019,99990,33422,00000,1,F,Balance of Harwood township,Illinois,409,407,405,404,402
061,17,019,00000,34189,00000,0,A,Hensley township,Illinois,1030,1026,1015,1011,1000
071,17,019,46136,34189,00000,1,A,Mahomet village (pt.),Illinois,0,0,0,0,0
071,17,019,99990,34189,00000,1,F,Balance of Hensley township,Illinois,1030,1026,1015,1011,1000
061,17,019,00000,39688,00000,1,A,Kerr township,Illinois,154,153,152,151,149
061,17,019,00000,45187,00000,0,A,Ludlow township,Illinois,4198,4182,4138,4109,4062
071,17,019,45174,45187,00000,1,A,Ludlow village,Illinois,307,306,303,301,297
071,17,019,62783,45187,00000,1,A,Rantoul village (pt.),Illinois,3513,3499,3462,3438,3397
071,17,019,99990,45187,00000,1,F,Balance of Ludlow township,Illinois,378,377,373,370,368
061,17,019,00000,46149,00000,0,A,Mahomet township,Illinois,13693,13764,13866,14238,14426
071,17,019,46136,46149,00000,1,A,Mahomet village (pt.),Illinois,9435,9520,9656,10048,10273
071,17,019,99990,46149,00000,1,S,Balance of Mahomet township,Illinois,4258,4244,4210,4190,4153
061,17,019,00000,52376,00000,0,A,Newcomb township,Illinois,1369,1363,1353,1346,1331
071,17,019,26194,52376,00000,1,A,Fisher village (pt.),Illinois,165,164,163,162,160
071,17,019,46136,52376,00000,1,A,Mahomet village (pt.),Illinois,0,0,0,0,0
071,17,019,99990,52376,00000,1,F,Balance of Newcomb township,Illinois,1204,1199,1190,1184,1171
061,17,019,00000,55288,00000,0,A,Ogden township,Illinois,1546,1540,1527,1516,1500
071,17,019,55275,55288,00000,1,A,Ogden village,Illinois,735,732,727,722,714
071,17,019,66157,55288,00000,1,A,Royal village,Illinois,292,291,288,286,281
071,17,019,99990,55288,00000,1,F,Balance of Ogden township,Illinois,519,517,512,508,505
061,17,019,00000,59286,00000,0,A,Pesotum township,Illinois,882,879,874,868,859
071,17,019,59273,59286,00000,1,A,Pesotum village,Illinois,552,550,549,545,539
071,17,019,99990,59286,00000,1,F,Balance of Pesotum township,Illinois,330,329,325,323,320
061,17,019,00000,59546,00000,0,A,Philo township,Illinois,1898,1891,1869,1855,1833
071,17,019,59533,59546,00000,1,A,Philo village,Illinois,1394,1389,1372,1362,1345
071,17,019,67860,59546,00000,1,A,Savoy village (pt.),Illinois,0,0,0,0,0
071,17,019,99990,59546,00000,1,F,Balance of Philo township,Illinois,504,502,497,493,488
061,17,019,00000,62796,00000,0,A,Rantoul township,Illinois,10605,10561,10447,10367,10243
071,17,019,62783,62796,00000,1,A,Rantoul village (pt.),Illinois,8863,8826,8731,8665,8559
071,17,019,75107,62796,00000,1,A,Thomasboro village,Illinois,1034,1030,1018,1009,998
071,17,019,99990,62796,00000,1,F,Balance of Rantoul township,Illinois,708,705,698,693,686
061,17,019,00000,62952,00000,0,A,Raymond township,Illinois,354,353,349,347,342
071,17,019,44602,62952,00000,1,A,Longview village,Illinois,115,115,113,113,111
071,17,019,99990,62952,00000,1,F,Balance of Raymond township,Illinois,239,238,236,234,231
061,17,019,00000,66547,00000,0,A,Sadorus township,Illinois,925,921,911,904,897
071,17,019,37998,66547,00000,1,A,Ivesdale village (pt.),Illinois,264,263,260,256,254
071,17,019,66534,66547,00000,1,A,Sadorus village (pt.),Illinois,401,399,395,393,391
071,17,019,99990,66547,00000,1,F,Balance of Sadorus township,Illinois,260,259,256,255,252
061,17,019,00000,66963,00000,0,A,St. Joseph township,Illinois,5599,5577,5521,5479,5419
071,17,019,66950,66963,00000,1,A,St. Joseph village,Illinois,3810,3795,3752,3723,3677
071,17,019,99990,66963,00000,1,F,Balance of St. Joseph township,Illinois,1789,1782,1769,1756,1742
061,17,019,00000,68289,00000,0,A,Scott township,Illinois,999,995,987,981,970
071,17,019,07211,68289,00000,1,A,Bondville village,Illinois,388,386,382,380,376
071,17,019,99990,68289,00000,1,S,Balance of Scott township,Illinois,611,609,605,601,594
061,17,019,00000,69888,00000,0,A,Sidney township,Illinois,1705,1698,1679,1667,1646
071,17,019,69875,69888,00000,1,A,Sidney village,Illinois,1207,1202,1188,1179,1164
071,17,019,99990,69888,00000,1,F,Balance of Sidney township,Illinois,498,496,491,488,482
061,17,019,00000,70382,00000,1,A,Somer township,Illinois,910,906,901,897,889
061,17,019,00000,70863,00000,0,A,South Homer township,Illinois,1488,1482,1467,1455,1437
071,17,019,35814,70863,00000,1,A,Homer village,Illinois,1075,1071,1058,1048,1035
071,17,019,99990,70863,00000,1,F,Balance of South Homer township,Illinois,413,411,409,407,402
061,17,019,00000,72273,00000,1,A,Stanton township,Illinois,503,501,496,492,487
061,17,019,00000,75627,00000,0,A,Tolono township,Illinois,6302,6281,6251,6226,6175
071,17,019,66534,75627,00000,1,A,Sadorus village (pt.),Illinois,0,0,0,0,0
071,17,019,67860,75627,00000,1,A,Savoy village (pt.),Illinois,2270,2265,2273,2276,2272
071,17,019,75614,75627,00000,1,A,Tolono village,Illinois,3600,3586,3550,3525,3482
071,17,019,99990,75627,00000,1,F,Balance of Tolono township,Illinois,432,430,428,425,421
061,17,019,00000,77018,00000,1,A,Urbana township,Illinois,7560,7534,7482,7451,7393
050,17,021,00000,00000,00000,0,A,Christian County,Illinois,34039,33960,33703,33390,33228
157,17,021,02609,00000,00000,0,A,Assumption city,Illinois,1148,1145,1134,1120,1113
157,17,021,09538,00000,00000,0,A,Bulpitt village,Illinois,213,212,211,209,205
157,17,021,22645,00000,00000,0,A,Edinburg village,Illinois,1082,1081,1073,1064,1057
157,17,021,33357,00000,00000,0,A,Harvel village (pt.),Illinois,58,58,57,57,57
157,17,021,38349,00000,00000,0,A,Jeisyville village,Illinois,103,103,102,101,100
157,17,021,39909,00000,00000,0,A,Kincaid village,Illinois,1348,1345,1334,1320,1312
157,17,021,50543,00000,00000,0,A,Morrisonville village,Illinois,1001,998,993,980,976
157,17,021,50829,00000,00000,0,A,Mount Auburn village,Illinois,455,454,450,446,443
157,17,021,51232,00000,00000,0,A,Moweaqua village (pt.),Illinois,10,10,10,10,10
157,17,021,57043,00000,00000,0,A,Owaneco village,Illinois,213,212,211,209,207
157,17,021,57303,00000,00000,0,A,Palmer village,Illinois,215,214,213,208,207
157,17,021,57472,00000,00000,0,A,Pana city (pt.),Illinois,5090,5076,5030,4978,4945
157,17,021,72949,00000,00000,0,A,Stonington village,Illinois,836,834,825,814,810
157,17,021,74574,00000,00000,0,A,Taylorville city,Illinois,10504,10477,10382,10293,10247
157,17,021,75809,00000,00000,0,A,Tovey village,Illinois,463,462,456,451,449
157,17,021,99990,00000,00000,0,S,Balance of Christian County,Illinois,11300,11279,11222,11130,11090
061,17,021,00000,02622,00000,0,A,Assumption township,Illinois,1311,1308,1297,1283,1279
071,17,021,02609,02622,00000,1,A,Assumption city,Illinois,1148,1145,1134,1120,1113
071,17,021,99990,02622,00000,1,F,Balance of Assumption township,Illinois,163,163,163,163,166
061,17,021,00000,04325,00000,0,A,Bear Creek township,Illinois,498,496,493,485,482
071,17,021,57303,04325,00000,1,A,Palmer village,Illinois,215,214,213,208,207
071,17,021,99990,04325,00000,1,F,Balance of Bear Creek township,Illinois,283,282,280,277,275
061,17,021,00000,09239,00000,0,A,Buckhart township,Illinois,1773,1770,1759,1741,1732
071,17,021,22645,09239,00000,1,A,Edinburg village,Illinois,1082,1081,1073,1064,1057
071,17,021,99990,09239,00000,1,F,Balance of Buckhart township,Illinois,691,689,686,677,675
061,17,021,00000,31641,00000,1,A,Greenwood township,Illinois,195,194,193,191,190
061,17,021,00000,38492,00000,0,A,Johnson township,Illinois,728,726,723,715,711
071,17,021,74574,38492,00000,1,A,Taylorville city (pt.),Illinois,48,48,48,47,47
071,17,021,99990,38492,00000,1,F,Balance of Johnson township,Illinois,680,678,675,668,664
061,17,021,00000,39948,00000,0,A,King township,Illinois,209,209,206,205,204
071,17,021,33357,39948,00000,1,A,Harvel village (pt.),Illinois,58,58,57,57,57
071,17,021,50543,39948,00000,1,A,Morrisonville village (pt.),Illinois,0,0,0,0,0
071,17,021,99990,39948,00000,1,F,Balance of King township,Illinois,151,151,149,148,147
061,17,021,00000,44251,00000,0,A,Locust township,Illinois,3147,3145,3143,3137,3135
071,17,021,57043,44251,00000,1,A,Owaneco village,Illinois,213,212,211,209,207
071,17,021,74574,44251,00000,1,A,Taylorville city (pt.),Illinois,110,110,109,108,107
071,17,021,99990,44251,00000,1,F,Balance of Locust township,Illinois,2824,2823,2823,2820,2821
061,17,021,00000,47631,00000,0,A,May township,Illinois,1834,1830,1817,1798,1789
071,17,021,74574,47631,00000,1,A,Taylorville city (pt.),Illinois,181,181,179,177,176
071,17,021,99990,47631,00000,1,F,Balance of May township,Illinois,1653,1649,1638,1621,1613
061,17,021,00000,50686,00000,1,A,Mosquito township,Illinois,343,342,340,336,336
061,17,021,00000,50842,00000,0,A,Mount Auburn township,Illinois,913,911,903,894,889
071,17,021,50829,50842,00000,1,A,Mount Auburn village,Illinois,455,454,450,446,443
071,17,021,99990,50842,00000,1,F,Balance of Mount Auburn township,Illinois,458,457,453,448,446
061,17,021,00000,57485,00000,0,A,Pana township,Illinois,6025,6009,5958,5896,5857
071,17,021,57472,57485,00000,1,A,Pana city (pt.),Illinois,5090,5076,5030,4978,4945
071,17,021,99990,57485,00000,1,F,Balance of Pana township,Illinois,935,933,928,918,912
061,17,021,00000,61730,00000,0,A,Prairieton township,Illinois,414,413,410,406,403
071,17,021,51232,61730,00000,1,A,Moweaqua village (pt.),Illinois,10,10,10,10,10
071,17,021,99990,61730,00000,1,F,Balance of Prairieton township,Illinois,404,403,400,396,393
061,17,021,00000,63797,00000,0,A,Ricks township,Illinois,1180,1177,1170,1155,1150
071,17,021,50543,63797,00000,1,A,Morrisonville village (pt.),Illinois,1001,998,993,980,976
071,17,021,99990,63797,00000,1,F,Balance of Ricks township,Illinois,179,179,177,175,174
061,17,021,00000,65598,00000,1,A,Rosamond township,Illinois,357,356,353,350,347
061,17,021,00000,70798,00000,0,A,South Fork township,Illinois,2539,2533,2511,2484,2467
071,17,021,09538,70798,00000,1,A,Bulpitt village,Illinois,213,212,211,209,205
071,17,021,38349,70798,00000,1,A,Jeisyville village,Illinois,103,103,102,101,100
071,17,021,39909,70798,00000,1,A,Kincaid village,Illinois,1348,1345,1334,1320,1312
071,17,021,75809,70798,00000,1,A,Tovey village,Illinois,463,462,456,451,449
071,17,021,99990,70798,00000,1,F,Balance of South Fork township,Illinois,412,411,408,403,401
061,17,021,00000,72962,00000,0,A,Stonington township,Illinois,1005,1003,992,979,975
071,17,021,72949,72962,00000,1,A,Stonington village,Illinois,836,834,825,814,810
071,17,021,99990,72962,00000,1,F,Balance of Stonington township,Illinois,169,169,167,165,165
061,17,021,00000,74587,00000,0,A,Taylorville township,Illinois,11568,11538,11435,11335,11282
071,17,021,74574,74587,00000,1,A,Taylorville city (pt.),Illinois,10165,10138,10046,9961,9917
071,17,021,99990,74587,00000,1,S,Balance of Taylorville township,Illinois,1403,1400,1389,1374,1365
050,17,023,00000,00000,00000,0,A,Clark County,Illinois,15463,15429,15352,15160,15088
157,17,023,11618,00000,00000,0,A,Casey city (pt.),Illinois,2400,2394,2382,2351,2339
157,17,023,47163,00000,00000,0,A,Marshall city,Illinois,3961,3951,3935,3896,3879
157,17,023,47254,00000,00000,0,A,Martinsville city,Illinois,1115,1113,1106,1092,1086
157,17,023,80281,00000,00000,0,A,Westfield village,Illinois,536,535,531,524,522
157,17,023,99990,00000,00000,0,S,Balance of Clark County,Illinois,7451,7436,7398,7297,7262
061,17,023,00000,01465,00000,1,A,Anderson township,Illinois,431,430,428,421,419
061,17,023,00000,02908,00000,1,A,Auburn township,Illinois,235,235,234,229,228
061,17,023,00000,11631,00000,0,A,Casey township,Illinois,3473,3465,3446,3402,3386
071,17,023,11618,11631,00000,1,A,Casey city (pt.),Illinois,2400,2394,2382,2351,2339
071,17,023,47254,11631,00000,1,A,Martinsville city (pt.),Illinois,0,0,0,0,0
071,17,023,99990,11631,00000,1,F,Balance of Casey township,Illinois,1073,1071,1064,1051,1047
061,17,023,00000,18680,00000,1,A,Darwin township,Illinois,336,335,334,330,328
061,17,023,00000,20279,00000,1,A,Dolson township,Illinois,361,360,359,352,351
061,17,023,00000,20461,00000,0,A,Douglas township,Illinois,130,130,129,127,127
071,17,023,47163,20461,00000,1,A,Marshall city (pt.),Illinois,0,0,0,0,0
071,17,023,99990,20461,00000,1,F,Balance of Douglas township,Illinois,130,130,129,127,127
061,17,023,00000,38505,00000,1,A,Johnson township,Illinois,375,374,373,368,367
061,17,023,00000,47176,00000,0,A,Marshall township,Illinois,4572,4561,4542,4493,4472
071,17,023,47163,47176,00000,1,A,Marshall city (pt.),Illinois,3525,3516,3504,3468,3453
071,17,023,99990,47176,00000,1,F,Balance of Marshall township,Illinois,1047,1045,1038,1025,1019
061,17,023,00000,47267,00000,0,A,Martinsville township,Illinois,1535,1532,1523,1504,1497
071,17,023,47254,47267,00000,1,A,Martinsville city (pt.),Illinois,1115,1113,1106,1092,1086
071,17,023,99990,47267,00000,1,F,Balance of Martinsville township,Illinois,420,419,417,412,411
061,17,023,00000,48229,00000,1,A,Melrose township,Illinois,340,339,338,334,332
061,17,023,00000,56302,00000,1,A,Orange township,Illinois,257,256,255,252,251
061,17,023,00000,57667,00000,1,A,Parker township,Illinois,164,164,163,161,160
061,17,023,00000,78279,00000,0,A,Wabash township,Illinois,2107,2103,2090,2063,2053
071,17,023,47163,78279,00000,1,A,Marshall city (pt.),Illinois,436,435,431,428,426
071,17,023,99990,78279,00000,1,F,Balance of Wabash township,Illinois,1671,1668,1659,1635,1627
061,17,023,00000,80294,00000,0,A,Westfield township,Illinois,648,647,642,634,629
071,17,023,80281,80294,00000,1,A,Westfield village,Illinois,536,535,531,524,522
071,17,023,99990,80294,00000,1,F,Balance of Westfield township,Illinois,112,112,111,110,107
061,17,023,00000,83934,00000,1,A,York township,Illinois,499,498,496,490,488
050,17,025,00000,00000,00000,0,A,Clay County,Illinois,13289,13273,13163,13077,12999
157,17,025,14715,00000,00000,0,A,Clay City village,Illinois,855,854,846,837,832
157,17,025,26454,00000,00000,0,A,Flora city,Illinois,4799,4796,4760,4733,4711
157,17,025,37621,00000,00000,0,A,Iola village,Illinois,99,99,98,97,97
157,17,025,44927,00000,00000,0,A,Louisville village,Illinois,1146,1144,1134,1126,1119
157,17,025,66599,00000,00000,0,A,Sailor Springs village,Illinois,91,91,90,90,89
157,17,025,83739,00000,00000,0,A,Xenia village,Illinois,382,381,378,375,372
157,17,025,99990,00000,00000,0,F,Balance of Clay County,Illinois,5917,5908,5857,5819,5779
061,17,025,00000,05807,00000,1,A,Bible Grove township,Illinois,303,303,300,297,293
061,17,025,00000,06392,00000,1,A,Blair township,Illinois,619,618,612,605,602
061,17,025,00000,14728,00000,0,A,Clay City township,Illinois,1134,1133,1122,1111,1104
071,17,025,14715,14728,00000,1,A,Clay City village (pt.),Illinois,848,847,839,830,825
071,17,025,99990,14728,00000,1,F,Balance of Clay City township,Illinois,286,286,283,281,279
061,17,025,00000,33266,00000,0,A,Harter township,Illinois,6138,6133,6087,6052,6023
071,17,025,26454,33266,00000,1,A,Flora city (pt.),Illinois,4758,4755,4720,4693,4671
071,17,025,99990,33266,00000,1,F,Balance of Harter township,Illinois,1380,1378,1367,1359,1352
061,17,025,00000,36087,00000,0,A,Hoosier township,Illinois,318,318,315,312,310
071,17,025,66599,36087,00000,1,A,Sailor Springs village (pt.),Illinois,10,10,10,10,10
071,17,025,99990,36087,00000,1,F,Balance of Hoosier township,Illinois,308,308,305,302,300
061,17,025,00000,42158,00000,0,A,Larkinsburg township,Illinois,579,578,575,572,569
071,17,025,37621,42158,00000,1,A,Iola village,Illinois,99,99,98,97,97
071,17,025,99990,42158,00000,1,F,Balance of Larkinsburg township,Illinois,480,479,477,475,472
061,17,025,00000,44940,00000,0,A,Louisville township,Illinois,1707,1704,1689,1677,1666
071,17,025,44927,44940,00000,1,A,Louisville village,Illinois,1146,1144,1134,1126,1119
071,17,025,99990,44940,00000,1,F,Balance of Louisville township,Illinois,561,560,555,551,547
061,17,025,00000,56835,00000,1,A,Oskaloosa township,Illinois,343,342,339,337,334
061,17,025,00000,60261,00000,0,A,Pixley township,Illinois,544,543,538,537,533
071,17,025,66599,60261,00000,1,A,Sailor Springs village (pt.),Illinois,81,81,80,80,79
071,17,025,99990,60261,00000,1,F,Balance of Pixley township,Illinois,463,462,458,457,454
061,17,025,00000,70486,00000,1,A,Songer township,Illinois,349,348,345,343,340
061,17,025,00000,72247,00000,0,A,Stanford township,Illinois,605,604,598,596,592
071,17,025,14715,72247,00000,1,A,Clay City village (pt.),Illinois,7,7,7,7,7
071,17,025,26454,72247,00000,1,A,Flora city (pt.),Illinois,41,41,40,40,40
071,17,025,99990,72247,00000,1,F,Balance of Stanford township,Illinois,557,556,551,549,545
061,17,025,00000,83752,00000,0,A,Xenia township,Illinois,650,649,643,638,633
071,17,025,83739,83752,00000,1,A,Xenia village,Illinois,382,381,378,375,372
071,17,025,99990,83752,00000,1,F,Balance of Xenia township,Illinois,268,268,265,263,261
050,17,027,00000,00000,00000,0,A,Clinton County,Illinois,36893,36901,36882,36937,36785
157,17,027,00555,00000,00000,0,A,Albers village,Illinois,1136,1134,1124,1123,1117
157,17,027,03181,00000,00000,0,A,Aviston village,Illinois,2341,2351,2385,2414,2422
157,17,027,04000,00000,00000,0,A,Bartelso village,Illinois,630,629,633,633,633
157,17,027,04533,00000,00000,0,A,Beckemeyer village,Illinois,921,920,918,915,912
157,17,027,07913,00000,00000,0,A,Breese city,Illinois,4645,4663,4646,4641,4600
157,17,027,11228,00000,00000,0,A,Carlyle city,Illinois,3254,3249,3234,3222,3197
157,17,027,12164,00000,00000,0,A,Centralia city (pt.),Illinois,2164,2161,2151,2144,2129
157,17,027,18472,00000,00000,0,A,Damiansville village,Illinois,564,563,560,559,552
157,17,027,29041,00000,00000,0,A,Germantown village,Illinois,1329,1329,1328,1352,1369
157,17,027,35398,00000,00000,0,A,Hoffman village,Illinois,441,440,437,436,433
157,17,027,36477,00000,00000,0,A,Huey village,Illinois,161,161,160,159,158
157,17,027,39753,00000,00000,0,A,Keyesport village (pt.),Illinois,192,192,192,193,192
157,17,027,52142,00000,00000,0,A,New Baden village (pt.),Illinois,3206,3201,3186,3176,3154
157,17,027,67158,00000,00000,0,A,St. Rose village,Illinois,460,459,461,462,461
157,17,027,75991,00000,00000,0,A,Trenton city,Illinois,2686,2682,2669,2659,2642
157,17,027,78721,00000,00000,0,A,Wamac city (pt.),Illinois,458,457,456,455,453
157,17,027,99990,00000,00000,0,F,Balance of Clinton County,Illinois,12305,12310,12342,12394,12361
061,17,027,00000,07926,00000,0,A,Breese township,Illinois,5553,5572,5556,5553,5510
071,17,027,03181,07926,00000,1,A,Aviston village (pt.),Illinois,0,0,0,0,0
071,17,027,07913,07926,00000,1,A,Breese city,Illinois,4645,4663,4646,4641,4600
071,17,027,99990,07926,00000,1,F,Balance of Breese township,Illinois,908,909,910,912,910
061,17,027,00000,08732,00000,0,A,Brookside township,Illinois,4433,4430,4420,4415,4396
071,17,027,12164,08732,00000,1,A,Centralia city (pt.),Illinois,2164,2161,2151,2144,2129
071,17,027,78721,08732,00000,1,A,Wamac city (pt.),Illinois,458,457,456,455,453
071,17,027,99990,08732,00000,1,F,Balance of Brookside township,Illinois,1811,1812,1813,1816,1814
061,17,027,00000,11241,00000,0,A,Carlyle township,Illinois,3832,3828,3815,3805,3779
071,17,027,11228,11241,00000,1,A,Carlyle city (pt.),Illinois,3220,3215,3200,3188,3164
071,17,027,99990,11241,00000,1,F,Balance of Carlyle township,Illinois,612,613,615,617,615
061,17,027,00000,14884,00000,0,A,Clement township,Illinois,450,450,451,453,452
071,17,027,36477,14884,00000,1,A,Huey village,Illinois,161,161,160,159,158
071,17,027,99990,14884,00000,1,F,Balance of Clement township,Illinois,289,289,291,294,294
061,17,027,00000,21748,00000,1,A,East Fork township,Illinois,353,353,355,357,357
061,17,027,00000,29054,00000,0,A,Germantown township,Illinois,2090,2089,2091,2117,2131
071,17,027,29041,29054,00000,1,A,Germantown village,Illinois,1329,1329,1328,1352,1369
071,17,027,99990,29054,00000,1,F,Balance of Germantown township,Illinois,761,760,763,765,762
061,17,027,00000,37673,00000,0,A,Irishtown township,Illinois,1030,1030,1034,1041,1039
071,17,027,39753,37673,00000,1,A,Keyesport village (pt.),Illinois,192,192,192,193,192
071,17,027,99990,37673,00000,1,F,Balance of Irishtown township,Illinois,838,838,842,848,847
061,17,027,00000,40871,00000,0,A,Lake township,Illinois,822,820,819,819,813
071,17,027,35398,40871,00000,1,A,Hoffman village,Illinois,441,440,437,436,433
071,17,027,99990,40871,00000,1,F,Balance of Lake township,Illinois,381,380,382,383,380
061,17,027,00000,44667,00000,0,A,Looking Glass township,Illinois,6463,6455,6432,6427,6387
071,17,027,00555,44667,00000,1,A,Albers village,Illinois,1136,1134,1124,1123,1117
071,17,027,18472,44667,00000,1,A,Damiansville village,Illinois,564,563,560,559,552
071,17,027,52142,44667,00000,1,A,New Baden village (pt.),Illinois,3206,3201,3186,3176,3154
071,17,027,99990,44667,00000,1,F,Balance of Looking Glass township,Illinois,1557,1557,1562,1569,1564
061,17,027,00000,48476,00000,1,A,Meridian township,Illinois,499,500,501,504,504
061,17,027,00000,67171,00000,0,A,St. Rose township,Illinois,1440,1440,1443,1449,1445
071,17,027,67158,67171,00000,1,A,St. Rose village,Illinois,460,459,461,462,461
071,17,027,99990,67171,00000,1,F,Balance of St. Rose township,Illinois,980,981,982,987,984
061,17,027,00000,67652,00000,0,A,Santa Fe township,Illinois,1196,1196,1201,1203,1201
071,17,027,04000,67652,00000,1,A,Bartelso village,Illinois,630,629,633,633,633
071,17,027,99990,67652,00000,1,F,Balance of Santa Fe township,Illinois,566,567,568,570,568
061,17,027,00000,73365,00000,0,A,Sugar Creek township,Illinois,6630,6636,6662,6689,6675
071,17,027,03181,73365,00000,1,A,Aviston village (pt.),Illinois,2341,2351,2385,2414,2422
071,17,027,75991,73365,00000,1,A,Trenton city,Illinois,2686,2682,2669,2659,2642
071,17,027,99990,73365,00000,1,F,Balance of Sugar Creek township,Illinois,1603,1603,1608,1616,1611
061,17,027,00000,78344,00000,0,A,Wade township,Illinois,1659,1660,1658,1660,1653
071,17,027,04533,78344,00000,1,A,Beckemeyer village,Illinois,921,920,918,915,912
071,17,027,11228,78344,00000,1,A,Carlyle city (pt.),Illinois,34,34,34,34,33
071,17,027,99990,78344,00000,1,F,Balance of Wade township,Illinois,704,706,706,711,708
061,17,027,00000,80996,00000,1,A,Wheatfield township,Illinois,443,442,444,445,443
050,17,029,00000,00000,00000,0,A,Coles County,Illinois,46864,46760,46802,46346,46060
157,17,029,02557,00000,00000,0,A,Ashmore village,Illinois,639,638,639,631,627
157,17,029,12567,00000,00000,0,A,Charleston city,Illinois,17280,17244,17251,17124,17028
157,17,029,36542,00000,00000,0,A,Humboldt village,Illinois,361,360,361,357,354
157,17,029,42938,00000,00000,0,A,Lerna village,Illinois,221,221,221,219,218
157,17,029,47553,00000,00000,0,A,Mattoon city,Illinois,16893,16852,16867,16672,16560
157,17,029,54781,00000,00000,0,A,Oakland city,Illinois,736,734,736,727,723
157,17,029,99990,00000,00000,0,S,Balance of Coles County,Illinois,10734,10711,10727,10616,10550
061,17,029,00000,02570,00000,0,A,Ashmore township,Illinois,1144,1142,1142,1129,1121
071,17,029,02557,02570,00000,1,A,Ashmore village,Illinois,639,638,639,631,627
071,17,029,99990,02570,00000,1,F,Balance of Ashmore township,Illinois,505,504,503,498,494
061,17,029,00000,12580,00000,0,A,Charleston township,Illinois,19336,19296,19305,19155,19046
071,17,029,12567,12580,00000,1,A,Charleston city (pt.),Illinois,17279,17243,17250,17123,17027
071,17,029,99990,12580,00000,1,F,Balance of Charleston township,Illinois,2057,2053,2055,2032,2019
061,17,029,00000,22138,00000,0,A,East Oakland township,Illinois,1230,1227,1230,1216,1209
071,17,029,54781,22138,00000,1,A,Oakland city,Illinois,736,734,736,727,723
071,17,029,99990,22138,00000,1,F,Balance of East Oakland township,Illinois,494,493,494,489,486
061,17,029,00000,36555,00000,0,A,Humboldt township,Illinois,1211,1208,1209,1196,1189
071,17,029,36542,36555,00000,1,A,Humboldt village,Illinois,361,360,361,357,354
071,17,029,99990,36555,00000,1,F,Balance of Humboldt township,Illinois,850,848,848,839,835
061,17,029,00000,36880,00000,0,A,Hutton township,Illinois,775,773,775,767,761
071,17,029,12567,36880,00000,1,A,Charleston city (pt.),Illinois,0,0,0,0,0
071,17,029,99990,36880,00000,1,F,Balance of Hutton township,Illinois,775,773,775,767,761
061,17,029,00000,40637,00000,0,A,Lafayette township,Illinois,4730,4719,4728,4676,4647
071,17,029,12567,40637,00000,1,A,Charleston city (pt.),Illinois,1,1,1,1,1
071,17,029,47553,40637,00000,1,A,Mattoon city (pt.),Illinois,2808,2801,2805,2775,2757
071,17,029,99990,40637,00000,1,F,Balance of Lafayette township,Illinois,1921,1917,1922,1900,1889
061,17,029,00000,47566,00000,0,A,Mattoon township,Illinois,14645,14610,14624,14456,14359
071,17,029,47553,47566,00000,1,A,Mattoon city (pt.),Illinois,13969,13935,13946,13782,13689
071,17,029,99990,47566,00000,1,F,Balance of Mattoon township,Illinois,676,675,678,674,670
061,17,029,00000,50400,00000,1,A,Morgan township,Illinois,299,298,299,296,293
061,17,029,00000,54014,00000,1,A,North Okaw township,Illinois,1000,998,998,985,979
061,17,029,00000,57615,00000,0,A,Paradise township,Illinois,978,976,978,971,965
071,17,029,47553,57615,00000,1,A,Mattoon city (pt.),Illinois,116,116,116,115,114
071,17,029,99990,57615,00000,1,F,Balance of Paradise township,Illinois,862,860,862,856,851
061,17,029,00000,60469,00000,0,A,Pleasant Grove township,Illinois,1205,1203,1203,1191,1185
071,17,029,42938,60469,00000,1,A,Lerna village,Illinois,221,221,221,219,218
071,17,029,99990,60469,00000,1,S,Balance of Pleasant Grove township,Illinois,984,982,982,972,967
061,17,029,00000,68718,00000,0,A,Seven Hickory township,Illinois,311,310,311,308,306
071,17,029,12567,68718,00000,1,A,Charleston city (pt.),Illinois,0,0,0,0,0
071,17,029,99990,68718,00000,1,F,Balance of Seven Hickory township,Illinois,311,310,311,308,306
050,17,031,00000,00000,00000,0,A,Cook County,Illinois,5275555,5263608,5180919,5111566,5087072
157,17,031,01010,00000,00000,0,A,Alsip village,Illinois,19066,18993,18638,18326,18198
157,17,031,02154,00000,00000,0,A,Arlington Heights village,Illinois,77689,77420,76071,75035,74495
157,17,031,03844,00000,00000,0,A,Barrington village (pt.),Illinois,5855,5842,5785,5694,5656
157,17,031,03883,00000,00000,0,A,Barrington Hills village (pt.),Illinois,2145,2137,2105,2072,2070
157,17,031,04013,00000,00000,0,A,Bartlett village (pt.),Illinois,17216,17157,16871,16634,16537
157,17,031,04572,00000,00000,0,A,Bedford Park village,Illinois,594,595,587,583,582
157,17,031,04975,00000,00000,0,A,Bellwood village,Illinois,18791,18716,18360,18042,17890
157,17,031,05248,00000,00000,0,A,Bensenville village (pt.),Illinois,0,0,0,0,0
157,17,031,05404,00000,00000,0,A,Berkeley village,Illinois,5341,5319,5220,5131,5089
157,17,031,05573,00000,00000,0,A,Berwyn city,Illinois,57233,56993,55873,54901,54414
157,17,031,06704,00000,00000,0,A,Blue Island city,Illinois,22561,22468,22038,21668,21494
157,17,031,08225,00000,00000,0,A,Bridgeview village,Illinois,17027,16973,16685,16432,16324
157,17,031,08446,00000,00000,0,A,Broadview village,Illinois,7995,7962,7968,7830,7762
157,17,031,08576,00000,00000,0,A,Brookfield village,Illinois,19474,19396,19064,18734,18591
157,17,031,09447,00000,00000,0,A,Buffalo Grove village (pt.),Illinois,13794,13742,13516,13347,13295
157,17,031,09642,00000,00000,0,A,Burbank city,Illinois,29448,29337,28821,28369,28164
157,17,031,09798,00000,00000,0,A,Burnham village,Illinois,4047,4033,3961,3898,3869
157,17,031,09980,00000,00000,0,A,Burr Ridge village (pt.),Illinois,4370,4361,4315,4259,4243
157,17,031,10487,00000,00000,0,A,Calumet City city,Illinois,36045,35902,35227,34633,34358
157,17,031,10513,00000,00000,0,A,Calumet Park village,Illinois,7019,6992,6857,6741,6685
157,17,031,14000,00000,00000,0,A,Chicago city (pt.),Illinois,2746352,2743329,2704101,2672660,2664452
157,17,031,14026,00000,00000,0,A,Chicago Heights city,Illinois,27476,27364,26850,26401,26184
157,17,031,14065,00000,00000,0,A,Chicago Ridge village,Illinois,14430,14377,14114,13940,13834
157,17,031,14351,00000,00000,0,A,Cicero town,Illinois,85269,84896,83219,81738,81004
157,17,031,16691,00000,00000,0,A,Country Club Hills city,Illinois,16777,16712,16408,16136,16013
157,17,031,16873,00000,00000,0,A,Countryside city,Illinois,6427,6404,6289,6192,6147
157,17,031,17497,00000,00000,0,A,Crestwood village,Illinois,10822,10783,10603,10457,10387
157,17,031,17523,00000,00000,0,A,Crete village (pt.),Illinois,0,0,0,0,0
157,17,031,18992,00000,00000,0,A,Deerfield village (pt.),Illinois,506,504,495,486,483
157,17,031,19083,00000,00000,0,A,Deer Park village (pt.),Illinois,21,21,21,20,20
157,17,031,19642,00000,00000,0,A,Des Plaines city,Illinois,60676,60455,59422,58462,58010
157,17,031,20149,00000,00000,0,A,Dixmoor village,Illinois,3011,3000,2954,2912,2895
157,17,031,20292,00000,00000,0,A,Dolton village,Illinois,21413,21329,20927,20575,20410
157,17,031,21696,00000,00000,0,A,East Dundee village (pt.),Illinois,0,0,0,0,0
157,17,031,21904,00000,00000,0,A,East Hazel Crest village,Illinois,1293,1288,1264,1242,1232
157,17,031,23074,00000,00000,0,A,Elgin city (pt.),Illinois,24648,24577,24220,23926,23928
157,17,031,23256,00000,00000,0,A,Elk Grove Village village (pt.),Illinois,32825,32701,32112,31596,31350
157,17,031,23620,00000,00000,0,A,Elmhurst city (pt.),Illinois,9,9,9,9,9
157,17,031,23724,00000,00000,0,A,Elmwood Park village,Illinois,24522,24423,23960,23553,23369
157,17,031,24582,00000,00000,0,A,Evanston city,Illinois,78104,77814,76586,75369,75070
157,17,031,24634,00000,00000,0,A,Evergreen Park village,Illinois,19942,19863,19496,19170,19010
157,17,031,26571,00000,00000,0,A,Flossmoor village,Illinois,9699,9662,9483,9320,9252
157,17,031,26710,00000,00000,0,A,Ford Heights village,Illinois,1817,1810,1776,1746,1731
157,17,031,26935,00000,00000,0,A,Forest Park village,Illinois,14336,14278,14005,13771,13660
157,17,031,26987,00000,00000,0,A,Forest View village,Illinois,794,791,775,763,756
157,17,031,27624,00000,00000,0,A,Frankfort village (pt.),Illinois,0,0,0,0,0
157,17,031,27702,00000,00000,0,A,Franklin Park village,Illinois,18473,18399,18336,18020,17871
157,17,031,29652,00000,00000,0,A,Glencoe village,Illinois,8851,8825,8707,8595,8570
157,17,031,29938,00000,00000,0,A,Glenview village,Illinois,48712,48543,47781,47162,46904
157,17,031,30029,00000,00000,0,A,Glenwood village,Illinois,8667,8634,8474,8334,8268
157,17,031,30328,00000,00000,0,A,Golf village,Illinois,513,511,505,498,497
157,17,031,32746,00000,00000,0,A,Hanover Park village (pt.),Illinois,20086,20008,19631,19298,19147
157,17,031,33383,00000,00000,0,A,Harvey city,Illinois,20330,20251,19874,19545,19397
157,17,031,33435,00000,00000,0,A,Harwood Heights village,Illinois,9065,9028,8857,8704,8632
157,17,031,33695,00000,00000,0,A,Hazel Crest village,Illinois,13388,13336,13084,12871,12771
157,17,031,34514,00000,00000,0,A,Hickory Hills city,Illinois,14511,14456,14200,13981,13884
157,17,031,35086,00000,00000,0,A,Hillside village,Illinois,8314,8280,8124,7987,7923
157,17,031,35307,00000,00000,0,A,Hinsdale village (pt.),Illinois,2369,2364,2332,2312,2311
157,17,031,35385,00000,00000,0,A,Hodgkins village,Illinois,1499,1496,1481,1467,1464
157,17,031,35411,00000,00000,0,A,Hoffman Estates village (pt.),Illinois,52541,52380,51419,50568,50179
157,17,031,35835,00000,00000,0,A,Homer Glen village (pt.),Illinois,0,0,0,0,0
157,17,031,35866,00000,00000,0,A,Hometown city,Illinois,4348,4330,4247,4172,4138
157,17,031,35879,00000,00000,0,A,Homewood village,Illinois,19452,19378,19009,18692,18540
157,17,031,37257,00000,00000,0,A,Indian Head Park village,Illinois,4070,4056,3983,3926,3900
157,17,031,37608,00000,00000,0,A,Inverness village,Illinois,7609,7582,7448,7345,7302
157,17,031,38830,00000,00000,0,A,Justice village,Illinois,12611,12563,12351,12172,12081
157,17,031,39519,00000,00000,0,A,Kenilworth village,Illinois,2515,2503,2456,2420,2401
157,17,031,40767,00000,00000,0,A,La Grange village,Illinois,16324,16269,15988,15786,15667
157,17,031,40793,00000,00000,0,A,La Grange Park village,Illinois,13484,13432,13190,12981,13011
157,17,031,42028,00000,00000,0,A,Lansing village,Illinois,29078,28962,28418,27936,27713
157,17,031,42795,00000,00000,0,A,Lemont village (pt.),Illinois,17780,17773,17639,17602,17566
157,17,031,43744,00000,00000,0,A,Lincolnwood village,Illinois,13464,13411,13168,12961,12872
157,17,031,45421,00000,00000,0,A,Lynwood village,Illinois,9120,9095,8998,8984,9025
157,17,031,45434,00000,00000,0,A,Lyons village,Illinois,10820,10776,10574,10392,10304
157,17,031,45564,00000,00000,0,A,McCook village,Illinois,250,249,245,241,237
157,17,031,47007,00000,00000,0,A,Markham city,Illinois,11665,11620,11408,11218,11129
157,17,031,47540,00000,00000,0,A,Matteson village,Illinois,19071,19017,18680,18398,18293
157,17,031,47774,00000,00000,0,A,Maywood village,Illinois,23509,23410,23140,22881,22880
157,17,031,48242,00000,00000,0,A,Melrose Park village,Illinois,24811,24713,24247,23844,23666
157,17,031,48554,00000,00000,0,A,Merrionette Park village,Illinois,1969,1962,1929,1899,1886
157,17,031,48892,00000,00000,0,A,Midlothian village,Illinois,14316,14262,14002,13783,13675
157,17,031,50647,00000,00000,0,A,Morton Grove village,Illinois,25299,25209,24735,24320,24131
157,17,031,51089,00000,00000,0,A,Mount Prospect village,Illinois,56853,56693,55630,54722,54298
157,17,031,53000,00000,00000,0,A,Niles village,Illinois,30909,30791,30228,29743,29513
157,17,031,53377,00000,00000,0,A,Norridge village,Illinois,15263,15204,14983,14740,14620
157,17,031,53481,00000,00000,0,A,Northbrook village,Illinois,35222,35105,34560,34102,33977
157,17,031,53663,00000,00000,0,A,Northfield village,Illinois,5751,5746,5645,5566,5543
157,17,031,53871,00000,00000,0,A,Northlake city,Illinois,12843,12794,12569,12369,12270
157,17,031,54144,00000,00000,0,A,North Riverside village,Illinois,7426,7397,7254,7129,7071
157,17,031,54534,00000,00000,0,A,Oak Brook village (pt.),Illinois,10,10,10,10,10
157,17,031,54638,00000,00000,0,A,Oak Forest city,Illinois,27467,27361,26851,26404,26199
157,17,031,54820,00000,00000,0,A,Oak Lawn village,Illinois,58368,58147,57094,56163,55734
157,17,031,54885,00000,00000,0,A,Oak Park village,Illinois,54574,54372,53297,52431,52055
157,17,031,55938,00000,00000,0,A,Olympia Fields village,Illinois,4725,4709,4628,4556,4530
157,17,031,56627,00000,00000,0,A,Orland Hills village,Illinois,6890,6863,6739,6628,6578
157,17,031,56640,00000,00000,0,A,Orland Park village (pt.),Illinois,58363,58182,57549,57015,56712
157,17,031,57225,00000,00000,0,A,Palatine village,Illinois,67903,67678,66436,65347,64869
157,17,031,57381,00000,00000,0,A,Palos Heights city,Illinois,12058,12014,11793,11603,11515
157,17,031,57394,00000,00000,0,A,Palos Hills city,Illinois,18527,18459,18134,17843,17759
157,17,031,57407,00000,00000,0,A,Palos Park village,Illinois,4912,4902,4850,4787,4765
157,17,031,57732,00000,00000,0,A,Park Forest village (pt.),Illinois,18492,18415,18068,17765,17622
157,17,031,57875,00000,00000,0,A,Park Ridge city,Illinois,39644,39497,38796,38196,37897
157,17,031,59572,00000,00000,0,A,Phoenix village,Illinois,1708,1702,1670,1640,1627
157,17,031,61314,00000,00000,0,A,Posen village,Illinois,5593,5570,5468,5375,5334
157,17,031,62016,00000,00000,0,A,Prospect Heights city,Illinois,16048,15989,15703,15452,15334
157,17,031,63706,00000,00000,0,A,Richton Park village,Illinois,12784,12736,12502,12417,12322
157,17,031,64278,00000,00000,0,A,Riverdale village,Illinois,10665,10623,10420,10242,10159
157,17,031,64304,00000,00000,0,A,River Forest village,Illinois,11722,11679,11493,11310,11227
157,17,031,64343,00000,00000,0,A,River Grove village,Illinois,10613,10575,10553,10369,10282
157,17,031,64421,00000,00000,0,A,Riverside village,Illinois,9304,9264,9082,8921,8845
157,17,031,64616,00000,00000,0,A,Robbins village,Illinois,4630,4616,4557,4506,4493
157,17,031,65338,00000,00000,0,A,Rolling Meadows city,Illinois,24195,24101,23777,23507,23329
157,17,031,65806,00000,00000,0,A,Roselle village (pt.),Illinois,3953,3949,3879,3824,3808
157,17,031,65819,00000,00000,0,A,Rosemont village,Illinois,3953,3939,3863,3798,3766
157,17,031,67769,00000,00000,0,A,Sauk Village village,Illinois,9930,9895,9715,9559,9491
157,17,031,68003,00000,00000,0,A,Schaumburg village (pt.),Illinois,78718,78419,77084,76062,75750
157,17,031,68081,00000,00000,0,A,Schiller Park village,Illinois,11712,11665,11449,11258,11164
157,17,031,70122,00000,00000,0,A,Skokie village,Illinois,67823,67685,66451,65355,64937
157,17,031,70564,00000,00000,0,A,South Barrington village,Illinois,5074,5065,5022,4979,4974
157,17,031,70629,00000,00000,0,A,South Chicago Heights village,Illinois,4023,4006,3931,3865,3835
157,17,031,70850,00000,00000,0,A,South Holland village,Illinois,21466,21381,20991,20641,20483
157,17,031,72520,00000,00000,0,A,Steger village (pt.),Illinois,4117,4100,4023,3955,3921
157,17,031,72676,00000,00000,0,A,Stickney village,Illinois,7112,7087,6965,6854,6803
157,17,031,72923,00000,00000,0,A,Stone Park village,Illinois,4580,4564,4483,4416,4402
157,17,031,73157,00000,00000,0,A,Streamwood village,Illinois,39582,39432,38704,38067,37780
157,17,031,73638,00000,00000,0,A,Summit village,Illinois,11160,11114,10898,10707,10616
157,17,031,75185,00000,00000,0,A,Thornton village,Illinois,2388,2377,2333,2292,2273
157,17,031,75484,00000,00000,0,A,Tinley Park village (pt.),Illinois,48301,48135,47279,46585,46288
157,17,031,76935,00000,00000,0,A,University Park village (pt.),Illinois,318,317,311,304,302
157,17,031,80047,00000,00000,0,A,Westchester village,Illinois,16897,16830,16510,16228,16094
157,17,031,80242,00000,00000,0,A,Western Springs village,Illinois,13626,13592,13399,13278,13290
157,17,031,81087,00000,00000,0,A,Wheeling village (pt.),Illinois,39147,39185,38472,37857,37725
157,17,031,82049,00000,00000,0,A,Willow Springs village,Illinois,5860,5839,5739,5732,5688
157,17,031,82075,00000,00000,0,A,Wilmette village,Illinois,28173,28075,27633,27204,27026
157,17,031,82530,00000,00000,0,A,Winnetka village,Illinois,12746,12700,12504,12347,12292
157,17,031,83245,00000,00000,0,A,Woodridge village (pt.),Illinois,0,0,0,0,0
157,17,031,83518,00000,00000,0,A,Worth village,Illinois,10972,10931,10730,10567,10494
157,17,031,99990,00000,00000,0,F,Balance of Cook County,Illinois,104699,104321,102501,100906,100224
061,17,031,00000,03831,00000,0,A,Barrington township,Illinois,16519,16476,16273,16053,15982
071,17,031,03844,03831,00000,1,A,Barrington village (pt.),Illinois,4814,4802,4755,4680,4648
071,17,031,03883,03831,00000,1,A,Barrington Hills village (pt.),Illinois,2145,2137,2105,2072,2070
071,17,031,21696,03831,00000,1,A,East Dundee village (pt.),Illinois,0,0,0,0,0
071,17,031,35411,03831,00000,1,A,Hoffman Estates village (pt.),Illinois,2132,2127,2087,2051,2035
071,17,031,37608,03831,00000,1,A,Inverness village (pt.),Illinois,1844,1837,1805,1782,1772
071,17,031,70564,03831,00000,1,A,South Barrington village (pt.),Illinois,4959,4950,4909,4866,4862
071,17,031,99990,03831,00000,1,F,Balance of Barrington township,Illinois,625,623,612,602,595
061,17,031,00000,05586,00000,0,B,Berwyn township,Illinois,57233,56993,55873,54901,54414
071,17,031,05573,05586,00000,1,A,Berwyn city,Illinois,57233,56993,55873,54901,54414
061,17,031,00000,06561,00000,0,A,Bloom township,Illinois,86032,85705,84183,82917,82374
071,17,031,14026,06561,00000,1,A,Chicago Heights city,Illinois,27476,27364,26850,26401,26184
071,17,031,17523,06561,00000,1,A,Crete village (pt.),Illinois,0,0,0,0,0
071,17,031,26571,06561,00000,1,A,Flossmoor village (pt.),Illinois,2306,2298,2254,2214,2196
071,17,031,26710,06561,00000,1,A,Ford Heights village,Illinois,1817,1810,1776,1746,1731
071,17,031,30029,06561,00000,1,A,Glenwood village (pt.),Illinois,7700,7670,7530,7404,7346
071,17,031,35879,06561,00000,1,A,Homewood village (pt.),Illinois,8754,8721,8556,8412,8345
071,17,031,42028,06561,00000,1,A,Lansing village (pt.),Illinois,5463,5441,5340,5249,5207
071,17,031,45421,06561,00000,1,A,Lynwood village,Illinois,9120,9095,8998,8984,9025
071,17,031,55938,06561,00000,1,A,Olympia Fields village (pt.),Illinois,492,490,482,474,471
071,17,031,57732,06561,00000,1,A,Park Forest village (pt.),Illinois,3079,3066,3006,2955,2930
071,17,031,67769,06561,00000,1,A,Sauk Village village,Illinois,9930,9895,9715,9559,9491
071,17,031,70629,06561,00000,1,A,South Chicago Heights village,Illinois,4023,4006,3931,3865,3835
071,17,031,72520,06561,00000,1,A,Steger village (pt.),Illinois,4117,4100,4023,3955,3921
071,17,031,99990,06561,00000,1,F,Balance of Bloom township,Illinois,1755,1749,1722,1699,1692
061,17,031,00000,07939,00000,0,A,Bremen township,Illinois,107128,106730,104811,103161,102413
071,17,031,06704,07939,00000,1,A,Blue Island city (pt.),Illinois,1355,1350,1324,1303,1295
071,17,031,16691,07939,00000,1,A,Country Club Hills city (pt.),Illinois,9723,9686,9511,9355,9284
071,17,031,17497,07939,00000,1,A,Crestwood village (pt.),Illinois,6423,6401,6294,6205,6164
071,17,031,33383,07939,00000,1,A,Harvey city (pt.),Illinois,1714,1711,1686,1668,1666
071,17,031,33695,07939,00000,1,A,Hazel Crest village (pt.),Illinois,9096,9062,8893,8748,8679
071,17,031,35879,07939,00000,1,A,Homewood village (pt.),Illinois,2120,2112,2072,2037,2021
071,17,031,47007,07939,00000,1,A,Markham city (pt.),Illinois,8338,8305,8154,8020,7957
071,17,031,48892,07939,00000,1,A,Midlothian village,Illinois,14316,14262,14002,13783,13675
071,17,031,54638,07939,00000,1,A,Oak Forest city,Illinois,27467,27361,26851,26404,26199
071,17,031,56640,07939,00000,1,A,Orland Park village (pt.),Illinois,95,95,94,93,92
071,17,031,61314,07939,00000,1,A,Posen village (pt.),Illinois,5191,5169,5075,4990,4951
071,17,031,64616,07939,00000,1,A,Robbins village (pt.),Illinois,3832,3821,3774,3733,3722
071,17,031,75484,07939,00000,1,A,Tinley Park village (pt.),Illinois,15707,15650,15369,15139,15037
071,17,031,99990,07939,00000,1,F,Balance of Bremen township,Illinois,1751,1745,1712,1683,1671
061,17,031,00000,10474,00000,0,A,Calumet township,Illinois,18605,18530,18173,17863,17716
071,17,031,06704,10474,00000,1,A,Blue Island city (pt.),Illinois,10166,10123,9928,9759,9679
071,17,031,10513,10474,00000,1,A,Calumet Park village,Illinois,7019,6992,6857,6741,6685
071,17,031,64278,10474,00000,1,A,Riverdale village (pt.),Illinois,1420,1415,1388,1363,1352
071,17,031,99990,10474,00000,1,F,Balance of Calumet township,Illinois,0,0,0,0,0
061,17,031,00000,14000,00000,0,F,Chicago city,Illinois,2746352,2743329,2704101,2672660,2664452
071,17,031,14000,14000,00000,1,A,Chicago city (pt.),Illinois,2746352,2743329,2704101,2672660,2664452
061,17,031,00000,14364,00000,0,C,Cicero township,Illinois,85269,84896,83219,81738,81004
071,17,031,14351,14364,00000,1,A,Cicero town,Illinois,85269,84896,83219,81738,81004
061,17,031,00000,23243,00000,0,A,Elk Grove township,Illinois,95500,95187,93531,92116,91444
071,17,031,02154,23243,00000,1,A,Arlington Heights village (pt.),Illinois,13750,13703,13466,13284,13191
071,17,031,19642,23243,00000,1,A,Des Plaines city (pt.),Illinois,12333,12289,12077,11878,11785
071,17,031,23256,23243,00000,1,A,Elk Grove Village village (pt.),Illinois,22024,21941,21543,21193,21026
071,17,031,51089,23243,00000,1,A,Mount Prospect village (pt.),Illinois,34152,34056,33417,32870,32616
071,17,031,65338,23243,00000,1,A,Rolling Meadows city (pt.),Illinois,7365,7336,7238,7156,7101
071,17,031,68003,23243,00000,1,A,Schaumburg village (pt.),Illinois,0,0,0,0,0
071,17,031,99990,23243,00000,1,F,Balance of Elk Grove township,Illinois,5876,5862,5790,5735,5725
061,17,031,00000,24582,00000,0,F,Evanston city,Illinois,78104,77814,76586,75369,75070
071,17,031,24582,24582,00000,1,A,Evanston city,Illinois,78104,77814,76586,75369,75070
061,17,031,00000,32694,00000,0,A,Hanover township,Illinois,100052,99705,98000,96540,96034
071,17,031,04013,32694,00000,1,A,Bartlett village (pt.),Illinois,17216,17157,16871,16634,16537
071,17,031,23074,32694,00000,1,A,Elgin city (pt.),Illinois,24648,24577,24220,23926,23928
071,17,031,32746,32694,00000,1,A,Hanover Park village (pt.),Illinois,10283,10243,10051,9880,9801
071,17,031,35411,32694,00000,1,A,Hoffman Estates village (pt.),Illinois,5291,5275,5182,5101,5064
071,17,031,68003,32694,00000,1,A,Schaumburg village (pt.),Illinois,2475,2466,2424,2393,2386
071,17,031,70564,32694,00000,1,A,South Barrington village (pt.),Illinois,0,0,0,0,0
071,17,031,73157,32694,00000,1,A,Streamwood village (pt.),Illinois,38087,37942,37243,36629,36354
071,17,031,99990,32694,00000,1,F,Balance of Hanover township,Illinois,2052,2045,2009,1977,1964
061,17,031,00000,42808,00000,0,A,Lemont township,Illinois,22665,22641,22421,22311,22245
071,17,031,42795,42808,00000,1,A,Lemont village (pt.),Illinois,17780,17773,17639,17602,17566
071,17,031,57407,42808,00000,1,A,Palos Park village (pt.),Illinois,257,256,254,252,251
071,17,031,82049,42808,00000,1,A,Willow Springs village (pt.),Illinois,0,0,0,0,0
071,17,031,83245,42808,00000,1,A,Woodridge village (pt.),Illinois,0,0,0,0,0
071,17,031,99990,42808,00000,1,F,Balance of Lemont township,Illinois,4628,4612,4528,4457,4428
061,17,031,00000,43120,00000,0,A,Leyden township,Illinois,93122,92760,91491,89946,89216
071,17,031,05248,43120,00000,1,A,Bensenville village (pt.),Illinois,0,0,0,0,0
071,17,031,23724,43120,00000,1,A,Elmwood Park village,Illinois,24522,24423,23960,23553,23369
071,17,031,27702,43120,00000,1,A,Franklin Park village,Illinois,18473,18399,18336,18020,17871
071,17,031,48242,43120,00000,1,A,Melrose Park village (pt.),Illinois,2524,2515,2466,2425,2406
071,17,031,53377,43120,00000,1,A,Norridge village (pt.),Illinois,1998,1991,1962,1929,1914
071,17,031,53871,43120,00000,1,A,Northlake city (pt.),Illinois,9737,9700,9528,9376,9300
071,17,031,57875,43120,00000,1,A,Park Ridge city (pt.),Illinois,2090,2083,2046,2014,1998
071,17,031,64343,43120,00000,1,A,River Grove village,Illinois,10613,10575,10553,10369,10282
071,17,031,65819,43120,00000,1,A,Rosemont village (pt.),Illinois,2224,2216,2173,2137,2118
071,17,031,68081,43120,00000,1,A,Schiller Park village,Illinois,11712,11665,11449,11258,11164
071,17,031,99990,43120,00000,1,F,Balance of Leyden township,Illinois,9229,9193,9018,8865,8794
061,17,031,00000,45447,00000,0,A,Lyons township,Illinois,115122,114729,112795,111257,110569
071,17,031,04572,45447,00000,1,A,Bedford Park village (pt.),Illinois,583,584,576,572,571
071,17,031,08225,45447,00000,1,A,Bridgeview village (pt.),Illinois,10061,10026,9845,9686,9614
071,17,031,08576,45447,00000,1,A,Brookfield village (pt.),Illinois,8462,8429,8286,8142,8083
071,17,031,09980,45447,00000,1,A,Burr Ridge village (pt.),Illinois,4370,4361,4315,4259,4243
071,17,031,16873,45447,00000,1,A,Countryside city,Illinois,6427,6404,6289,6192,6147
071,17,031,34514,45447,00000,1,A,Hickory Hills city (pt.),Illinois,1897,1890,1857,1828,1816
071,17,031,35307,45447,00000,1,A,Hinsdale village (pt.),Illinois,2369,2364,2332,2312,2311
071,17,031,35385,45447,00000,1,A,Hodgkins village,Illinois,1499,1496,1481,1467,1464
071,17,031,37257,45447,00000,1,A,Indian Head Park village,Illinois,4070,4056,3983,3926,3900
071,17,031,38830,45447,00000,1,A,Justice village,Illinois,12611,12563,12351,12172,12081
071,17,031,40767,45447,00000,1,A,La Grange village,Illinois,16324,16269,15988,15786,15667
071,17,031,45434,45447,00000,1,A,Lyons village (pt.),Illinois,10632,10589,10390,10211,10124
071,17,031,45564,45447,00000,1,A,McCook village,Illinois,250,249,245,241,237
071,17,031,64421,45447,00000,1,A,Riverside village (pt.),Illinois,130,130,127,125,124
071,17,031,73638,45447,00000,1,A,Summit village,Illinois,11160,11114,10898,10707,10616
071,17,031,80242,45447,00000,1,A,Western Springs village (pt.),Illinois,13073,13041,12855,12740,12752
071,17,031,82049,45447,00000,1,A,Willow Springs village (pt.),Illinois,5648,5628,5531,5525,5484
071,17,031,99990,45447,00000,1,F,Balance of Lyons township,Illinois,5556,5536,5446,5366,5335
061,17,031,00000,46162,00000,0,A,Maine township,Illinois,140575,140053,137568,135367,134328
071,17,031,19642,46162,00000,1,A,Des Plaines city (pt.),Illinois,47121,46950,46149,45404,45052
071,17,031,29938,46162,00000,1,A,Glenview village (pt.),Illinois,4282,4267,4198,4142,4118
071,17,031,50647,46162,00000,1,A,Morton Grove village (pt.),Illinois,6292,6269,6150,6046,5997
071,17,031,51089,46162,00000,1,A,Mount Prospect village (pt.),Illinois,0,0,0,0,0
071,17,031,53000,46162,00000,1,A,Niles village (pt.),Illinois,21259,21176,20784,20443,20282
071,17,031,57875,46162,00000,1,A,Park Ridge city (pt.),Illinois,33455,33330,32741,32235,31986
071,17,031,65819,46162,00000,1,A,Rosemont village (pt.),Illinois,1729,1723,1690,1661,1648
071,17,031,99990,46162,00000,1,F,Balance of Maine township,Illinois,26437,26338,25856,25436,25245
061,17,031,00000,52909,00000,0,A,New Trier township,Illinois,57373,57178,56289,55486,55183
071,17,031,29652,52909,00000,1,A,Glencoe village (pt.),Illinois,8851,8825,8707,8595,8570
071,17,031,29938,52909,00000,1,A,Glenview village (pt.),Illinois,2895,2885,2836,2797,2781
071,17,031,39519,52909,00000,1,A,Kenilworth village,Illinois,2515,2503,2456,2420,2401
071,17,031,53481,52909,00000,1,A,Northbrook village (pt.),Illinois,0,0,0,0,0
071,17,031,53663,52909,00000,1,A,Northfield village (pt.),Illinois,1875,1874,1841,1816,1808
071,17,031,82075,52909,00000,1,A,Wilmette village (pt.),Illinois,28048,27950,27511,27084,26906
071,17,031,82530,52909,00000,1,A,Winnetka village,Illinois,12746,12700,12504,12347,12292
071,17,031,99990,52909,00000,1,F,Balance of New Trier township,Illinois,443,441,434,427,425
061,17,031,00000,53013,00000,0,A,Niles township,Illinois,112405,112103,110062,108270,107543
071,17,031,29938,53013,00000,1,A,Glenview village (pt.),Illinois,1948,1941,1909,1882,1872
071,17,031,30328,53013,00000,1,A,Golf village,Illinois,513,511,505,498,497
071,17,031,43744,53013,00000,1,A,Lincolnwood village,Illinois,13464,13411,13168,12961,12872
071,17,031,50647,53013,00000,1,A,Morton Grove village (pt.),Illinois,19007,18940,18585,18274,18134
071,17,031,53000,53013,00000,1,A,Niles village (pt.),Illinois,9650,9615,9444,9300,9231
071,17,031,70122,53013,00000,1,A,Skokie village,Illinois,67823,67685,66451,65355,64937
071,17,031,99990,53013,00000,1,F,Balance of Niles township,Illinois,0,0,0,0,0
061,17,031,00000,53676,00000,0,A,Northfield township,Illinois,91562,91256,89791,88574,88131
071,17,031,18992,53676,00000,1,A,Deerfield village (pt.),Illinois,506,504,495,486,483
071,17,031,29652,53676,00000,1,A,Glencoe village (pt.),Illinois,0,0,0,0,0
071,17,031,29938,53676,00000,1,A,Glenview village (pt.),Illinois,39586,39449,38837,38340,38132
071,17,031,53481,53676,00000,1,A,Northbrook village (pt.),Illinois,34739,34624,34086,33635,33510
071,17,031,53663,53676,00000,1,A,Northfield village (pt.),Illinois,3876,3872,3804,3750,3735
071,17,031,62016,53676,00000,1,A,Prospect Heights city (pt.),Illinois,29,29,28,28,28
071,17,031,82075,53676,00000,1,A,Wilmette village (pt.),Illinois,125,125,122,120,120
071,17,031,99990,53676,00000,1,F,Balance of Northfield township,Illinois,12701,12653,12419,12215,12123
061,17,031,00000,54430,00000,0,A,Norwood Park township,Illinois,27440,27332,26874,26434,26216
071,17,031,33435,54430,00000,1,A,Harwood Heights village,Illinois,9065,9028,8857,8704,8632
071,17,031,53377,54430,00000,1,A,Norridge village (pt.),Illinois,13265,13213,13021,12811,12706
071,17,031,57875,54430,00000,1,A,Park Ridge city (pt.),Illinois,4099,4084,4009,3947,3913
071,17,031,99990,54430,00000,1,F,Balance of Norwood Park township,Illinois,1011,1007,987,972,965
061,17,031,00000,54898,00000,0,B,Oak Park township,Illinois,54574,54372,53297,52431,52055
071,17,031,54885,54898,00000,1,A,Oak Park village,Illinois,54574,54372,53297,52431,52055
061,17,031,00000,56614,00000,0,A,Orland township,Illinois,98271,97950,96597,95468,94913
071,17,031,35835,56614,00000,1,A,Homer Glen village (pt.),Illinois,0,0,0,0,0
071,17,031,56627,56614,00000,1,A,Orland Hills village,Illinois,6890,6863,6739,6628,6578
071,17,031,56640,56614,00000,1,A,Orland Park village (pt.),Illinois,56822,56646,56029,55509,55214
071,17,031,75484,56614,00000,1,A,Tinley Park village (pt.),Illinois,29851,29750,29223,28797,28618
071,17,031,99990,56614,00000,1,F,Balance of Orland township,Illinois,4708,4691,4606,4534,4503
061,17,031,00000,57238,00000,0,A,Palatine township,Illinois,114399,114009,112015,110291,109502
071,17,031,02154,57238,00000,1,A,Arlington Heights village (pt.),Illinois,1105,1101,1082,1068,1059
071,17,031,03844,57238,00000,1,A,Barrington village (pt.),Illinois,1041,1040,1030,1014,1008
071,17,031,19083,57238,00000,1,A,Deer Park village (pt.),Illinois,21,21,21,20,20
071,17,031,35411,57238,00000,1,A,Hoffman Estates village (pt.),Illinois,10860,10827,10627,10452,10372
071,17,031,37608,57238,00000,1,A,Inverness village (pt.),Illinois,5765,5745,5643,5563,5530
071,17,031,57225,57238,00000,1,A,Palatine village (pt.),Illinois,67843,67618,66377,65289,64812
071,17,031,65338,57238,00000,1,A,Rolling Meadows city (pt.),Illinois,15410,15350,15145,14974,14860
071,17,031,68003,57238,00000,1,A,Schaumburg village (pt.),Illinois,4929,4909,4826,4762,4742
071,17,031,70564,57238,00000,1,A,South Barrington village (pt.),Illinois,115,115,113,113,112
071,17,031,99990,57238,00000,1,F,Balance of Palatine township,Illinois,7310,7283,7151,7036,6987
061,17,031,00000,57355,00000,0,A,Palos township,Illinois,56843,56648,55701,54863,54545
071,17,031,08225,57355,00000,1,A,Bridgeview village (pt.),Illinois,4706,4695,4631,4574,4557
071,17,031,34514,57355,00000,1,A,Hickory Hills city (pt.),Illinois,12614,12566,12343,12153,12068
071,17,031,56640,57355,00000,1,A,Orland Park village (pt.),Illinois,1446,1441,1426,1413,1406
071,17,031,57381,57355,00000,1,A,Palos Heights city (pt.),Illinois,5883,5861,5754,5663,5621
071,17,031,57394,57355,00000,1,A,Palos Hills city,Illinois,18527,18459,18134,17843,17759
071,17,031,57407,57355,00000,1,A,Palos Park village (pt.),Illinois,4655,4646,4596,4535,4514
071,17,031,82049,57355,00000,1,A,Willow Springs village (pt.),Illinois,212,211,208,207,204
071,17,031,83518,57355,00000,1,A,Worth village (pt.),Illinois,2907,2897,2843,2801,2782
071,17,031,99990,57355,00000,1,F,Balance of Palos township,Illinois,5893,5872,5766,5674,5634
061,17,031,00000,62133,00000,0,A,Proviso township,Illinois,151215,150608,148151,145809,144982
071,17,031,04975,62133,00000,1,A,Bellwood village,Illinois,18791,18716,18360,18042,17890
071,17,031,05404,62133,00000,1,A,Berkeley village,Illinois,5341,5319,5220,5131,5089
071,17,031,08446,62133,00000,1,A,Broadview village,Illinois,7995,7962,7968,7830,7762
071,17,031,08576,62133,00000,1,A,Brookfield village (pt.),Illinois,9380,9341,9179,9019,8947
071,17,031,23620,62133,00000,1,A,Elmhurst city (pt.),Illinois,9,9,9,9,9
071,17,031,26935,62133,00000,1,A,Forest Park village,Illinois,14336,14278,14005,13771,13660
071,17,031,35086,62133,00000,1,A,Hillside village,Illinois,8314,8280,8124,7987,7923
071,17,031,40793,62133,00000,1,A,La Grange Park village,Illinois,13484,13432,13190,12981,13011
071,17,031,47774,62133,00000,1,A,Maywood village,Illinois,23509,23410,23140,22881,22880
071,17,031,48242,62133,00000,1,A,Melrose Park village (pt.),Illinois,22287,22198,21781,21419,21260
071,17,031,53871,62133,00000,1,A,Northlake city (pt.),Illinois,3106,3094,3041,2993,2970
071,17,031,54144,62133,00000,1,A,North Riverside village (pt.),Illinois,1821,1814,1778,1748,1734
071,17,031,54534,62133,00000,1,A,Oak Brook village (pt.),Illinois,10,10,10,10,10
071,17,031,72923,62133,00000,1,A,Stone Park village,Illinois,4580,4564,4483,4416,4402
071,17,031,80047,62133,00000,1,A,Westchester village,Illinois,16897,16830,16510,16228,16094
071,17,031,80242,62133,00000,1,A,Western Springs village (pt.),Illinois,553,551,544,538,538
071,17,031,99990,62133,00000,1,F,Balance of Proviso township,Illinois,802,800,809,806,803
061,17,031,00000,63498,00000,0,A,Rich township,Illinois,76153,75881,74508,73436,72931
071,17,031,16691,63498,00000,1,A,Country Club Hills city (pt.),Illinois,7054,7026,6897,6781,6729
071,17,031,26571,63498,00000,1,A,Flossmoor village (pt.),Illinois,7393,7364,7229,7106,7056
071,17,031,27624,63498,00000,1,A,Frankfort village (pt.),Illinois,0,0,0,0,0
071,17,031,33695,63498,00000,1,A,Hazel Crest village (pt.),Illinois,1839,1832,1797,1769,1758
071,17,031,35879,63498,00000,1,A,Homewood village (pt.),Illinois,2592,2583,2533,2491,2472
071,17,031,47540,63498,00000,1,A,Matteson village,Illinois,19071,19017,18680,18398,18293
071,17,031,55938,63498,00000,1,A,Olympia Fields village (pt.),Illinois,4233,4219,4146,4082,4059
071,17,031,57732,63498,00000,1,A,Park Forest village (pt.),Illinois,15413,15349,15062,14810,14692
071,17,031,63706,63498,00000,1,A,Richton Park village,Illinois,12784,12736,12502,12417,12322
071,17,031,75484,63498,00000,1,A,Tinley Park village (pt.),Illinois,2743,2735,2687,2649,2633
071,17,031,76935,63498,00000,1,A,University Park village (pt.),Illinois,318,317,311,304,302
071,17,031,99990,63498,00000,1,F,Balance of Rich township,Illinois,2713,2703,2664,2629,2615
061,17,031,00000,64317,00000,0,B,River Forest township,Illinois,11722,11679,11493,11310,11227
071,17,031,64304,64317,00000,1,A,River Forest village,Illinois,11722,11679,11493,11310,11227
061,17,031,00000,64434,00000,0,A,Riverside township,Illinois,16664,16595,16278,15994,15861
071,17,031,08576,64434,00000,1,A,Brookfield village (pt.),Illinois,1632,1626,1599,1573,1561
071,17,031,45434,64434,00000,1,A,Lyons village (pt.),Illinois,188,187,184,181,180
071,17,031,54144,64434,00000,1,A,North Riverside village (pt.),Illinois,5605,5583,5476,5381,5337
071,17,031,64421,64434,00000,1,A,Riverside village (pt.),Illinois,9174,9134,8955,8796,8721
071,17,031,99990,64434,00000,1,F,Balance of Riverside township,Illinois,65,65,64,63,62
061,17,031,00000,68016,00000,0,A,Schaumburg township,Illinois,134868,134391,132026,130086,129346
071,17,031,23256,68016,00000,1,A,Elk Grove Village village (pt.),Illinois,10801,10760,10569,10403,10324
071,17,031,32746,68016,00000,1,A,Hanover Park village (pt.),Illinois,9803,9765,9580,9418,9346
071,17,031,35411,68016,00000,1,A,Hoffman Estates village (pt.),Illinois,34258,34151,33523,32964,32708
071,17,031,57225,68016,00000,1,A,Palatine village (pt.),Illinois,0,0,0,0,0
071,17,031,65338,68016,00000,1,A,Rolling Meadows city (pt.),Illinois,1290,1285,1267,1252,1244
071,17,031,65806,68016,00000,1,A,Roselle village (pt.),Illinois,3953,3949,3879,3824,3808
071,17,031,68003,68016,00000,1,A,Schaumburg village (pt.),Illinois,71314,71044,69834,68907,68622
071,17,031,73157,68016,00000,1,A,Streamwood village (pt.),Illinois,1495,1490,1461,1438,1426
071,17,031,99990,68016,00000,1,F,Balance of Schaumburg township,Illinois,1954,1947,1913,1880,1868
061,17,031,00000,72689,00000,0,A,Stickney township,Illinois,41520,41366,40639,39997,39705
071,17,031,04572,72689,00000,1,A,Bedford Park village (pt.),Illinois,11,11,11,11,11
071,17,031,08225,72689,00000,1,A,Bridgeview village (pt.),Illinois,322,321,315,310,306
071,17,031,09642,72689,00000,1,A,Burbank city,Illinois,29448,29337,28821,28369,28164
071,17,031,26987,72689,00000,1,A,Forest View village,Illinois,794,791,775,763,756
071,17,031,72676,72689,00000,1,A,Stickney village,Illinois,7112,7087,6965,6854,6803
071,17,031,99990,72689,00000,1,F,Balance of Stickney township,Illinois,3833,3819,3752,3690,3665
061,17,031,00000,75198,00000,0,A,Thornton township,Illinois,157879,157255,154317,151727,150526
071,17,031,06704,75198,00000,1,A,Blue Island city (pt.),Illinois,1108,1104,1087,1074,1069
071,17,031,09798,75198,00000,1,A,Burnham village,Illinois,4047,4033,3961,3898,3869
071,17,031,10487,75198,00000,1,A,Calumet City city,Illinois,36045,35902,35227,34633,34358
071,17,031,20149,75198,00000,1,A,Dixmoor village,Illinois,3011,3000,2954,2912,2895
071,17,031,20292,75198,00000,1,A,Dolton village,Illinois,21413,21329,20927,20575,20410
071,17,031,21904,75198,00000,1,A,East Hazel Crest village,Illinois,1293,1288,1264,1242,1232
071,17,031,30029,75198,00000,1,A,Glenwood village (pt.),Illinois,967,964,944,930,922
071,17,031,33383,75198,00000,1,A,Harvey city (pt.),Illinois,18616,18540,18188,17877,17731
071,17,031,33695,75198,00000,1,A,Hazel Crest village (pt.),Illinois,2453,2442,2394,2354,2334
071,17,031,35879,75198,00000,1,A,Homewood village (pt.),Illinois,5986,5962,5848,5752,5702
071,17,031,42028,75198,00000,1,A,Lansing village (pt.),Illinois,23615,23521,23078,22687,22506
071,17,031,47007,75198,00000,1,A,Markham city (pt.),Illinois,3327,3315,3254,3198,3172
071,17,031,59572,75198,00000,1,A,Phoenix village,Illinois,1708,1702,1670,1640,1627
071,17,031,61314,75198,00000,1,A,Posen village (pt.),Illinois,402,401,393,385,383
071,17,031,64278,75198,00000,1,A,Riverdale village (pt.),Illinois,9245,9208,9032,8879,8807
071,17,031,70850,75198,00000,1,A,South Holland village,Illinois,21466,21381,20991,20641,20483
071,17,031,75185,75198,00000,1,A,Thornton village,Illinois,2388,2377,2333,2292,2273
071,17,031,99990,75198,00000,1,F,Balance of Thornton township,Illinois,789,786,772,758,753
061,17,031,00000,81100,00000,0,A,Wheeling township,Illinois,157464,157097,154306,152026,151100
071,17,031,02154,81100,00000,1,A,Arlington Heights village (pt.),Illinois,62834,62616,61523,60683,60245
071,17,031,09447,81100,00000,1,A,Buffalo Grove village (pt.),Illinois,13794,13742,13516,13347,13295
071,17,031,19642,81100,00000,1,A,Des Plaines city (pt.),Illinois,1222,1216,1196,1180,1173
071,17,031,29938,81100,00000,1,A,Glenview village (pt.),Illinois,1,1,1,1,1
071,17,031,51089,81100,00000,1,A,Mount Prospect village (pt.),Illinois,22701,22637,22213,21852,21682
071,17,031,53481,81100,00000,1,A,Northbrook village (pt.),Illinois,483,481,474,467,467
071,17,031,57225,81100,00000,1,A,Palatine village (pt.),Illinois,60,60,59,58,57
071,17,031,62016,81100,00000,1,A,Prospect Heights city (pt.),Illinois,16019,15960,15675,15424,15306
071,17,031,65338,81100,00000,1,A,Rolling Meadows city (pt.),Illinois,130,130,127,125,124
071,17,031,81087,81100,00000,1,A,Wheeling village (pt.),Illinois,39147,39185,38472,37857,37725
071,17,031,99990,81100,00000,1,F,Balance of Wheeling township,Illinois,1073,1069,1050,1032,1025
061,17,031,00000,83531,00000,0,A,Worth township,Illinois,152925,152340,149550,147165,146045
071,17,031,01010,83531,00000,1,A,Alsip village,Illinois,19066,18993,18638,18326,18198
071,17,031,06704,83531,00000,1,A,Blue Island city (pt.),Illinois,9932,9891,9699,9532,9451
071,17,031,08225,83531,00000,1,A,Bridgeview village (pt.),Illinois,1938,1931,1894,1862,1847
071,17,031,14065,83531,00000,1,A,Chicago Ridge village,Illinois,14430,14377,14114,13940,13834
071,17,031,17497,83531,00000,1,A,Crestwood village (pt.),Illinois,4399,4382,4309,4252,4223
071,17,031,24634,83531,00000,1,A,Evergreen Park village,Illinois,19942,19863,19496,19170,19010
071,17,031,35866,83531,00000,1,A,Hometown city,Illinois,4348,4330,4247,4172,4138
071,17,031,48554,83531,00000,1,A,Merrionette Park village,Illinois,1969,1962,1929,1899,1886
071,17,031,54820,83531,00000,1,A,Oak Lawn village,Illinois,58368,58147,57094,56163,55734
071,17,031,57381,83531,00000,1,A,Palos Heights city (pt.),Illinois,6175,6153,6039,5940,5894
071,17,031,64616,83531,00000,1,A,Robbins village (pt.),Illinois,798,795,783,773,771
071,17,031,83518,83531,00000,1,A,Worth village (pt.),Illinois,8065,8034,7887,7766,7712
071,17,031,99990,83531,00000,1,F,Balance of Worth township,Illinois,3495,3482,3421,3370,3347
050,17,033,00000,00000,00000,0,A,Crawford County,Illinois,18674,18651,18684,18495,18300
157,17,033,26350,00000,00000,0,A,Flat Rock village,Illinois,324,324,324,321,316
157,17,033,36841,00000,00000,0,A,Hutsonville village,Illinois,478,477,479,476,471
157,17,033,55106,00000,00000,0,A,Oblong village,Illinois,1373,1372,1373,1359,1345
157,17,033,57277,00000,00000,0,A,Palestine village,Illinois,1233,1230,1233,1218,1203
157,17,033,64707,00000,00000,0,A,Robinson city,Illinois,7147,7138,7143,7077,7010
157,17,033,73027,00000,00000,0,A,Stoy village,Illinois,107,107,107,106,105
157,17,033,99990,00000,00000,0,S,Balance of Crawford County,Illinois,8012,8003,8025,7938,7850
061,17,033,00000,35970,00000,0,A,Honey Creek township,Illinois,1468,1467,1470,1455,1437
071,17,033,26350,35970,00000,1,A,Flat Rock village (pt.),Illinois,256,256,256,254,249
071,17,033,99990,35970,00000,1,F,Balance of Honey Creek township,Illinois,1212,1211,1214,1201,1188
061,17,033,00000,36854,00000,0,A,Hutsonville township,Illinois,1001,999,1003,994,982
071,17,033,36841,36854,00000,1,A,Hutsonville village,Illinois,478,477,479,476,471
071,17,033,99990,36854,00000,1,S,Balance of Hutsonville township,Illinois,523,522,524,518,511
061,17,033,00000,41833,00000,0,A,Lamotte township,Illinois,1892,1888,1893,1871,1849
071,17,033,57277,41833,00000,1,A,Palestine village,Illinois,1233,1230,1233,1218,1203
071,17,033,99990,41833,00000,1,F,Balance of Lamotte township,Illinois,659,658,660,653,646
061,17,033,00000,43315,00000,1,A,Licking township,Illinois,430,430,431,429,424
061,17,033,00000,47202,00000,1,A,Martin township,Illinois,535,534,536,530,524
061,17,033,00000,50205,00000,0,A,Montgomery township,Illinois,638,637,639,630,624
071,17,033,26350,50205,00000,1,A,Flat Rock village (pt.),Illinois,68,68,68,67,67
071,17,033,99990,50205,00000,1,F,Balance of Montgomery township,Illinois,570,569,571,563,557
061,17,033,00000,55119,00000,0,A,Oblong township,Illinois,2770,2768,2772,2744,2714
071,17,033,55106,55119,00000,1,A,Oblong village,Illinois,1373,1372,1373,1359,1345
071,17,033,73027,55119,00000,1,A,Stoy village,Illinois,107,107,107,106,105
071,17,033,99990,55119,00000,1,F,Balance of Oblong township,Illinois,1290,1289,1292,1279,1264
061,17,033,00000,61470,00000,1,A,Prairie township,Illinois,575,574,576,568,562
061,17,033,00000,64720,00000,0,A,Robinson township,Illinois,9288,9277,9287,9198,9109
071,17,033,64707,64720,00000,1,A,Robinson city,Illinois,7147,7138,7143,7077,7010
071,17,033,99990,64720,00000,1,F,Balance of Robinson township,Illinois,2141,2139,2144,2121,2099
061,17,033,00000,71344,00000,1,A,Southwest township,Illinois,77,77,77,76,75
050,17,035,00000,00000,00000,0,A,Cumberland County,Illinois,10453,10433,10352,10308,10261
157,17,035,11618,00000,00000,0,A,Casey city (pt.),Illinois,11,11,11,11,11
157,17,035,31524,00000,00000,0,A,Greenup village,Illinois,1369,1367,1355,1350,1342
157,17,035,38427,00000,00000,0,A,Jewett village,Illinois,197,197,195,194,196
157,17,035,50283,00000,00000,0,A,Montrose village (pt.),Illinois,3,3,3,3,3
157,17,035,51986,00000,00000,0,A,Neoga city,Illinois,1400,1396,1387,1383,1375
157,17,035,75601,00000,00000,0,A,Toledo village,Illinois,1159,1157,1148,1142,1137
157,17,035,99990,00000,00000,0,S,Balance of Cumberland County,Illinois,6314,6302,6253,6225,6197
061,17,035,00000,16587,00000,1,A,Cottonwood township,Illinois,485,484,480,479,477
061,17,035,00000,17640,00000,1,A,Crooked Creek township,Illinois,370,369,367,365,364
061,17,035,00000,31537,00000,0,A,Greenup township,Illinois,2268,2264,2246,2237,2226
071,17,035,31524,31537,00000,1,A,Greenup village,Illinois,1369,1367,1355,1350,1342
071,17,035,99990,31537,00000,1,F,Balance of Greenup township,Illinois,899,897,891,887,884
061,17,035,00000,51993,00000,0,A,Neoga township,Illinois,2779,2773,2753,2742,2729
071,17,035,51986,51993,00000,1,A,Neoga city,Illinois,1400,1396,1387,1383,1375
071,17,035,99990,51993,00000,1,S,Balance of Neoga township,Illinois,1379,1377,1366,1359,1354
061,17,035,00000,72143,00000,0,A,Spring Point township,Illinois,1336,1334,1323,1316,1311
071,17,035,50283,72143,00000,1,A,Montrose village (pt.),Illinois,3,3,3,3,3
071,17,035,99990,72143,00000,1,F,Balance of Spring Point township,Illinois,1333,1331,1320,1313,1308
061,17,035,00000,73729,00000,0,A,Sumpter township,Illinois,2024,2020,2005,1996,1987
071,17,035,75601,73729,00000,1,A,Toledo village,Illinois,1159,1157,1148,1142,1137
071,17,035,99990,73729,00000,1,F,Balance of Sumpter township,Illinois,865,863,857,854,850
061,17,035,00000,76641,00000,0,A,Union township,Illinois,639,638,631,629,624
071,17,035,11618,76641,00000,1,A,Casey city (pt.),Illinois,11,11,11,11,11
071,17,035,99990,76641,00000,1,F,Balance of Union township,Illinois,628,627,620,618,613
061,17,035,00000,82959,00000,0,A,Woodbury township,Illinois,552,551,547,544,543
071,17,035,38427,82959,00000,1,A,Jewett village,Illinois,197,197,195,194,196
071,17,035,99990,82959,00000,1,F,Balance of Woodbury township,Illinois,355,354,352,350,347
050,17,037,00000,00000,00000,0,A,DeKalb County,Illinois,100422,100269,100482,100223,100288
157,17,037,16470,00000,00000,0,A,Cortland town,Illinois,4402,4397,4412,4442,4488
157,17,037,19161,00000,00000,0,A,DeKalb city,Illinois,40303,40219,40292,40219,40211
157,17,037,28898,00000,00000,0,A,Genoa city,Illinois,5305,5307,5330,5360,5437
157,17,037,35268,00000,00000,0,A,Hinckley village,Illinois,2001,1997,1999,1983,1971
157,17,037,40065,00000,00000,0,A,Kingston village,Illinois,1108,1106,1106,1094,1089
157,17,037,40156,00000,00000,0,A,Kirkland village,Illinois,1651,1648,1645,1629,1618
157,17,037,42587,00000,00000,0,A,Lee village (pt.),Illinois,125,125,125,124,121
157,17,037,46279,00000,00000,0,A,Malta village,Illinois,1144,1142,1139,1133,1132
157,17,037,46604,00000,00000,0,A,Maple Park village (pt.),Illinois,706,708,728,737,736
157,17,037,67548,00000,00000,0,A,Sandwich city (pt.),Illinois,7064,7051,7042,6993,7046
157,17,037,68822,00000,00000,0,A,Shabbona village,Illinois,866,865,862,854,850
157,17,037,70460,00000,00000,0,A,Somonauk village (pt.),Illinois,1554,1551,1551,1538,1528
157,17,037,74223,00000,00000,0,A,Sycamore city,Illinois,18586,18576,18678,18652,18682
157,17,037,79163,00000,00000,0,A,Waterman village,Illinois,1436,1433,1433,1426,1421
157,17,037,99990,00000,00000,0,F,Balance of DeKalb County,Illinois,14171,14144,14140,14039,13958
061,17,037,00000,00386,00000,0,A,Afton township,Illinois,908,906,906,902,899
071,17,037,19161,00386,00000,1,A,DeKalb city (pt.),Illinois,383,382,382,382,382
071,17,037,99990,00386,00000,1,F,Balance of Afton township,Illinois,525,524,524,520,517
061,17,037,00000,14988,00000,0,A,Clinton township,Illinois,1811,1807,1807,1797,1790
071,17,037,79163,14988,00000,1,A,Waterman village,Illinois,1436,1433,1433,1426,1421
071,17,037,99990,14988,00000,1,F,Balance of Clinton township,Illinois,375,374,374,371,369
061,17,037,00000,16483,00000,0,A,Cortland township,Illinois,11195,11188,11252,11279,11328
071,17,037,16470,16483,00000,1,A,Cortland town,Illinois,4402,4397,4412,4442,4488
071,17,037,19161,16483,00000,1,A,DeKalb city (pt.),Illinois,4,4,4,4,4
071,17,037,46604,16483,00000,1,A,Maple Park village (pt.),Illinois,706,708,728,737,736
071,17,037,74223,16483,00000,1,A,Sycamore city (pt.),Illinois,5212,5210,5239,5234,5242
071,17,037,99990,16483,00000,1,F,Balance of Cortland township,Illinois,871,869,869,862,858
061,17,037,00000,19174,00000,0,A,DeKalb township,Illinois,42724,42638,42721,42637,42629
071,17,037,19161,19174,00000,1,A,DeKalb city (pt.),Illinois,39916,39833,39906,39833,39825
071,17,037,74223,19174,00000,1,A,Sycamore city (pt.),Illinois,1648,1647,1658,1654,1660
071,17,037,99990,19174,00000,1,F,Balance of DeKalb township,Illinois,1160,1158,1157,1150,1144
061,17,037,00000,27650,00000,0,A,Franklin township,Illinois,2235,2231,2228,2207,2193
071,17,037,40156,27650,00000,1,A,Kirkland village,Illinois,1651,1648,1645,1629,1618
071,17,037,99990,27650,00000,1,F,Balance of Franklin township,Illinois,584,583,583,578,575
061,17,037,00000,28911,00000,0,A,Genoa township,Illinois,5540,5538,5561,5576,5636
071,17,037,28898,28911,00000,1,A,Genoa city (pt.),Illinois,4424,4424,4445,4469,4532
071,17,037,99990,28911,00000,1,F,Balance of Genoa township,Illinois,1116,1114,1116,1107,1104
061,17,037,00000,40078,00000,0,A,Kingston township,Illinois,3474,3471,3473,3458,3459
071,17,037,28898,40078,00000,1,A,Genoa city (pt.),Illinois,881,883,885,891,905
071,17,037,40065,40078,00000,1,A,Kingston village,Illinois,1108,1106,1106,1094,1089
071,17,037,99990,40078,00000,1,F,Balance of Kingston township,Illinois,1485,1482,1482,1473,1465
061,17,037,00000,46292,00000,0,A,Malta township,Illinois,1533,1530,1527,1518,1515
071,17,037,46279,46292,00000,1,A,Malta village,Illinois,1144,1142,1139,1133,1132
071,17,037,99990,46292,00000,1,F,Balance of Malta township,Illinois,389,388,388,385,383
061,17,037,00000,47696,00000,0,A,Mayfield township,Illinois,911,909,909,902,897
071,17,037,74223,47696,00000,1,A,Sycamore city (pt.),Illinois,0,0,0,0,0
071,17,037,99990,47696,00000,1,F,Balance of Mayfield township,Illinois,911,909,909,902,897
061,17,037,00000,48983,00000,1,A,Milan township,Illinois,315,315,314,312,308
061,17,037,00000,58200,00000,1,A,Paw Paw township,Illinois,315,314,314,312,310
061,17,037,00000,59676,00000,0,A,Pierce township,Illinois,439,438,438,435,432
071,17,037,46604,59676,00000,1,A,Maple Park village (pt.),Illinois,0,0,0,0,0
071,17,037,99990,59676,00000,1,F,Balance of Pierce township,Illinois,439,438,438,435,432
061,17,037,00000,67561,00000,0,A,Sandwich township,Illinois,7527,7513,7504,7451,7502
071,17,037,67548,67561,00000,1,A,Sandwich city (pt.),Illinois,7052,7039,7030,6981,7034
071,17,037,99990,67561,00000,1,F,Balance of Sandwich township,Illinois,475,474,474,470,468
061,17,037,00000,68835,00000,0,A,Shabbona township,Illinois,1352,1350,1347,1335,1327
071,17,037,42587,68835,00000,1,A,Lee village (pt.),Illinois,125,125,125,124,121
071,17,037,68822,68835,00000,1,A,Shabbona village,Illinois,866,865,862,854,850
071,17,037,99990,68835,00000,1,F,Balance of Shabbona township,Illinois,361,360,360,357,356
061,17,037,00000,70473,00000,0,A,Somonauk township,Illinois,2000,1996,1996,1980,1967
071,17,037,67548,70473,00000,1,A,Sandwich city (pt.),Illinois,12,12,12,12,12
071,17,037,70460,70473,00000,1,A,Somonauk village (pt.),Illinois,1554,1551,1551,1538,1528
071,17,037,99990,70473,00000,1,F,Balance of Somonauk township,Illinois,434,433,433,430,427
061,17,037,00000,70837,00000,1,A,South Grove township,Illinois,422,421,421,418,414
061,17,037,00000,72182,00000,0,A,Squaw Grove township,Illinois,2729,2724,2725,2704,2685
071,17,037,35268,72182,00000,1,A,Hinckley village,Illinois,2001,1997,1999,1983,1971
071,17,037,99990,72182,00000,1,F,Balance of Squaw Grove township,Illinois,728,727,726,721,714
061,17,037,00000,74236,00000,0,A,Sycamore township,Illinois,14702,14690,14750,14713,14711
071,17,037,74223,74236,00000,1,A,Sycamore city (pt.),Illinois,11726,11719,11781,11764,11780
071,17,037,99990,74236,00000,1,F,Balance of Sycamore township,Illinois,2976,2971,2969,2949,2931
061,17,037,00000,77798,00000,1,A,Victor township,Illinois,290,290,289,287,286
050,17,039,00000,00000,00000,0,A,De Witt County,Illinois,15520,15461,15403,15365,15365
157,17,039,15001,00000,00000,0,A,Clinton city,Illinois,6991,6963,6930,6905,6898
157,17,039,19798,00000,00000,0,A,De Witt village,Illinois,161,160,162,161,163
157,17,039,25414,00000,00000,0,A,Farmer City city,Illinois,1824,1819,1812,1810,1811
157,17,039,39532,00000,00000,0,A,Kenney village,Illinois,305,304,304,306,308
157,17,039,78773,00000,00000,0,A,Wapella village,Illinois,514,512,509,506,506
157,17,039,79449,00000,00000,0,A,Waynesville village,Illinois,383,382,381,380,380
157,17,039,79683,00000,00000,0,A,Weldon village,Illinois,371,370,368,369,369
157,17,039,99990,00000,00000,0,S,Balance of De Witt County,Illinois,4971,4951,4937,4928,4930
061,17,039,00000,03714,00000,1,A,Barnett township,Illinois,367,366,364,365,365
061,17,039,00000,15014,00000,0,A,Clintonia township,Illinois,7344,7315,7282,7256,7249
071,17,039,15001,15014,00000,1,A,Clinton city (pt.),Illinois,6725,6698,6666,6642,6635
071,17,039,99990,15014,00000,1,F,Balance of Clintonia township,Illinois,619,617,616,614,614
061,17,039,00000,17302,00000,1,A,Creek township,Illinois,486,484,484,483,483
061,17,039,00000,19785,00000,0,A,De Witt township,Illinois,424,422,423,421,423
071,17,039,19798,19785,00000,1,A,De Witt village,Illinois,161,160,162,161,163
071,17,039,99990,19785,00000,1,F,Balance of De Witt township,Illinois,263,262,261,260,260
061,17,039,00000,33058,00000,1,A,Harp township,Illinois,297,296,294,294,296
061,17,039,00000,53117,00000,0,A,Nixon township,Illinois,490,489,486,487,487
071,17,039,79683,53117,00000,1,A,Weldon village,Illinois,371,370,368,369,369
071,17,039,99990,53117,00000,1,F,Balance of Nixon township,Illinois,119,119,118,118,118
061,17,039,00000,66469,00000,1,A,Rutledge township,Illinois,153,152,152,151,151
061,17,039,00000,67639,00000,0,A,Santa Anna township,Illinois,2286,2279,2270,2269,2270
071,17,039,25414,67639,00000,1,A,Farmer City city,Illinois,1824,1819,1812,1810,1811
071,17,039,99990,67639,00000,1,F,Balance of Santa Anna township,Illinois,462,460,458,459,459
061,17,039,00000,74769,00000,0,A,Texas township,Illinois,1260,1255,1252,1248,1248
071,17,039,15001,74769,00000,1,A,Clinton city (pt.),Illinois,266,265,264,263,263
071,17,039,99990,74769,00000,1,F,Balance of Texas township,Illinois,994,990,988,985,985
061,17,039,00000,76342,00000,0,A,Tunbridge township,Illinois,729,726,726,725,729
071,17,039,39532,76342,00000,1,A,Kenney village,Illinois,305,304,304,306,308
071,17,039,99990,76342,00000,1,F,Balance of Tunbridge township,Illinois,424,422,422,419,421
061,17,039,00000,78786,00000,0,A,Wapella township,Illinois,918,914,909,908,905
071,17,039,78773,78786,00000,1,A,Wapella village,Illinois,514,512,509,506,506
071,17,039,99990,78786,00000,1,F,Balance of Wapella township,Illinois,404,402,400,402,399
061,17,039,00000,79462,00000,0,A,Waynesville township,Illinois,640,638,636,634,634
071,17,039,79449,79462,00000,1,A,Waynesville village,Illinois,383,382,381,380,380
071,17,039,99990,79462,00000,1,F,Balance of Waynesville township,Illinois,257,256,255,254,254
061,17,039,00000,82140,00000,1,A,Wilson township,Illinois,126,125,125,124,125
050,17,041,00000,00000,00000,0,A,Douglas County,Illinois,19736,19764,19694,19667,19629
157,17,041,01881,00000,00000,0,A,Arcola city,Illinois,2926,2929,2917,2909,2890
157,17,041,02414,00000,00000,0,A,Arthur village (pt.),Illinois,1414,1416,1410,1405,1439
157,17,041,02882,00000,00000,0,A,Atwood village (pt.),Illinois,522,523,520,516,513
157,17,041,10591,00000,00000,0,A,Camargo village,Illinois,451,452,449,447,447
157,17,041,28742,00000,00000,0,A,Garrett village,Illinois,124,124,124,123,124
157,17,041,35281,00000,00000,0,A,Hindsboro village,Illinois,276,276,275,274,271
157,17,041,52623,00000,00000,0,A,Newman city,Illinois,777,778,774,769,769
157,17,041,76407,00000,00000,0,A,Tuscola city,Illinois,4641,4646,4637,4628,4614
157,17,041,77941,00000,00000,0,A,Villa Grove city,Illinois,2479,2482,2467,2455,2440
157,17,041,99990,00000,00000,0,F,Balance of Douglas County,Illinois,6126,6138,6121,6141,6122
061,17,041,00000,01894,00000,0,A,Arcola township,Illinois,3274,3277,3264,3257,3238
071,17,041,01881,01894,00000,1,A,Arcola city,Illinois,2926,2929,2917,2909,2890
071,17,041,99990,01894,00000,1,F,Balance of Arcola township,Illinois,348,348,347,348,348
061,17,041,00000,07458,00000,0,A,Bourbon township,Illinois,4085,4094,4078,4081,4108
071,17,041,02414,07458,00000,1,A,Arthur village (pt.),Illinois,1414,1416,1410,1405,1439
071,17,041,99990,07458,00000,1,F,Balance of Bourbon township,Illinois,2671,2678,2668,2676,2669
061,17,041,00000,07497,00000,0,A,Bowdre township,Illinois,624,624,622,621,619
071,17,041,35281,07497,00000,1,A,Hindsboro village,Illinois,276,276,275,274,271
071,17,041,99990,07497,00000,1,F,Balance of Bowdre township,Illinois,348,348,347,347,348
061,17,041,00000,10604,00000,0,A,Camargo township,Illinois,3508,3513,3494,3482,3466
071,17,041,10591,10604,00000,1,A,Camargo village,Illinois,451,452,449,447,447
071,17,041,77941,10604,00000,1,A,Villa Grove city,Illinois,2479,2482,2467,2455,2440
071,17,041,99990,10604,00000,1,F,Balance of Camargo township,Illinois,578,579,578,580,579
061,17,041,00000,28755,00000,0,A,Garrett township,Illinois,1320,1322,1318,1316,1310
071,17,041,02882,28755,00000,1,A,Atwood village (pt.),Illinois,522,523,520,516,513
071,17,041,28742,28755,00000,1,A,Garrett village,Illinois,124,124,124,123,124
071,17,041,99990,28755,00000,1,F,Balance of Garrett township,Illinois,674,675,674,677,673
061,17,041,00000,51427,00000,1,A,Murdock township,Illinois,228,228,227,226,225
061,17,041,00000,52636,00000,0,A,Newman township,Illinois,1004,1005,1002,999,995
071,17,041,52623,52636,00000,1,A,Newman city,Illinois,777,778,774,769,769
071,17,041,99990,52636,00000,1,F,Balance of Newman township,Illinois,227,227,228,230,226
061,17,041,00000,67730,00000,1,A,Sargent township,Illinois,249,249,248,249,248
061,17,041,00000,76420,00000,0,A,Tuscola township,Illinois,5444,5452,5441,5436,5420
071,17,041,76407,76420,00000,1,A,Tuscola city,Illinois,4641,4646,4637,4628,4614
071,17,041,99990,76420,00000,1,F,Balance of Tuscola township,Illinois,803,806,804,808,806
050,17,043,00000,00000,00000,0,A,DuPage County,Illinois,932884,931317,926848,921664,921213
157,17,043,00243,00000,00000,0,A,Addison village,Illinois,35705,35639,35391,35158,35167
157,17,043,03012,00000,00000,0,A,Aurora city (pt.),Illinois,51572,51472,51101,50764,50723
157,17,043,04013,00000,00000,0,A,Bartlett village (pt.),Illinois,23814,23766,23583,23410,23362
157,17,043,04078,00000,00000,0,A,Batavia city (pt.),Illinois,0,0,0,0,0
157,17,043,05248,00000,00000,0,A,Bensenville village (pt.),Illinois,18800,18755,18588,18415,18352
157,17,043,06587,00000,00000,0,A,Bloomingdale village,Illinois,22377,22354,22458,22343,22298
157,17,043,07133,00000,00000,0,A,Bolingbrook village (pt.),Illinois,1469,1466,1457,1465,1468
157,17,043,09980,00000,00000,0,A,Burr Ridge village (pt.),Illinois,6825,6820,6816,6775,6780
157,17,043,11332,00000,00000,0,A,Carol Stream village,Illinois,39857,39765,39427,39082,38966
157,17,043,14000,00000,00000,0,A,Chicago city (pt.),Illinois,0,0,0,0,0
157,17,043,14572,00000,00000,0,A,Clarendon Hills village,Illinois,8700,8689,8641,8575,8562
157,17,043,18628,00000,00000,0,A,Darien city,Illinois,22049,21999,21804,21604,21698
157,17,043,20591,00000,00000,0,A,Downers Grove village,Illinois,50222,50127,49760,49394,49706
157,17,043,23256,00000,00000,0,A,Elk Grove Village village (pt.),Illinois,0,0,0,0,0
157,17,043,23620,00000,00000,0,A,Elmhurst city (pt.),Illinois,45775,45719,45476,45296,45327
157,17,043,29730,00000,00000,0,A,Glendale Heights village,Illinois,33183,33103,32810,32513,32409
157,17,043,29756,00000,00000,0,A,Glen Ellyn village,Illinois,28925,28869,28648,28418,28347
157,17,043,32746,00000,00000,0,A,Hanover Park village (pt.),Illinois,17381,17340,17200,17055,17018
157,17,043,35307,00000,00000,0,A,Hinsdale village (pt.),Illinois,15022,15009,14952,14931,14986
157,17,043,37907,00000,00000,0,A,Itasca village,Illinois,9545,9522,9447,9371,9346
157,17,043,42795,00000,00000,0,A,Lemont village (pt.),Illinois,6,6,6,6,6
157,17,043,43939,00000,00000,0,A,Lisle village,Illinois,23717,23671,23477,23279,23222
157,17,043,44407,00000,00000,0,A,Lombard village,Illinois,44487,44393,44030,43901,43779
157,17,043,51622,00000,00000,0,A,Naperville city (pt.),Illinois,98114,98028,97951,98386,98532
157,17,043,54534,00000,00000,0,A,Oak Brook village (pt.),Illinois,8153,8143,8086,8025,8039
157,17,043,54560,00000,00000,0,A,Oakbrook Terrace city,Illinois,2751,2745,2725,2698,2690
157,17,043,65806,00000,00000,0,A,Roselle village (pt.),Illinois,18965,18972,18819,18685,18700
157,17,043,66703,00000,00000,0,A,St. Charles city (pt.),Illinois,593,592,589,587,585
157,17,043,68003,00000,00000,0,A,Schaumburg village (pt.),Illinois,0,0,0,0,0
157,17,043,77993,00000,00000,0,A,Villa Park village,Illinois,22259,22206,22007,21811,21727
157,17,043,78929,00000,00000,0,A,Warrenville city,Illinois,13559,13629,14657,14840,15027
157,17,043,79397,00000,00000,0,A,Wayne village (pt.),Illinois,1499,1498,1484,1472,1477
157,17,043,80060,00000,00000,0,A,West Chicago city,Illinois,25625,25564,25418,25193,25116
157,17,043,80645,00000,00000,0,A,Westmont village,Illinois,24436,24384,24201,23998,23933
157,17,043,81048,00000,00000,0,A,Wheaton city,Illinois,53927,53814,53441,53033,52938
157,17,043,81919,00000,00000,0,A,Willowbrook village,Illinois,9228,9210,9138,9062,9038
157,17,043,82400,00000,00000,0,A,Winfield village,Illinois,9832,9813,10142,10053,10054
157,17,043,82985,00000,00000,0,A,Wood Dale city,Illinois,14065,14032,13918,13811,13774
157,17,043,83245,00000,00000,0,A,Woodridge village (pt.),Illinois,34122,34085,33840,33591,33541
157,17,043,99990,00000,00000,0,F,Balance of DuPage County,Illinois,96325,96118,95360,94664,94520
061,17,043,00000,00250,00000,0,A,Addison township,Illinois,88335,88155,87497,86863,86750
071,17,043,00243,00250,00000,1,A,Addison village (pt.),Illinois,30811,30753,30541,30338,30345
071,17,043,05248,00250,00000,1,A,Bensenville village (pt.),Illinois,18800,18755,18588,18415,18352
071,17,043,23256,00250,00000,1,A,Elk Grove Village village (pt.),Illinois,0,0,0,0,0
071,17,043,23620,00250,00000,1,A,Elmhurst city (pt.),Illinois,11219,11206,11146,11102,11111
071,17,043,37907,00250,00000,1,A,Itasca village (pt.),Illinois,7598,7579,7520,7459,7439
071,17,043,44407,00250,00000,1,A,Lombard village (pt.),Illinois,41,41,41,40,40
071,17,043,77993,00250,00000,1,A,Villa Park village (pt.),Illinois,507,506,502,498,497
071,17,043,82985,00250,00000,1,A,Wood Dale city,Illinois,14065,14032,13918,13811,13774
071,17,043,99990,00250,00000,1,F,Balance of Addison township,Illinois,5294,5283,5241,5200,5192
061,17,043,00000,06600,00000,0,A,Bloomingdale township,Illinois,111888,111713,111074,110245,110045
071,17,043,00243,06600,00000,1,A,Addison village (pt.),Illinois,4894,4886,4850,4820,4822
071,17,043,06587,06600,00000,1,A,Bloomingdale village,Illinois,22377,22354,22458,22343,22298
071,17,043,11332,06600,00000,1,A,Carol Stream village (pt.),Illinois,17990,17950,17799,17646,17596
071,17,043,29730,06600,00000,1,A,Glendale Heights village (pt.),Illinois,29457,29385,29124,28857,28764
071,17,043,32746,06600,00000,1,A,Hanover Park village (pt.),Illinois,6845,6830,6779,6732,6723
071,17,043,37907,06600,00000,1,A,Itasca village (pt.),Illinois,1947,1943,1927,1912,1907
071,17,043,44407,06600,00000,1,A,Lombard village (pt.),Illinois,0,0,0,0,0
071,17,043,65806,06600,00000,1,A,Roselle village (pt.),Illinois,18965,18972,18819,18685,18700
071,17,043,68003,06600,00000,1,A,Schaumburg village (pt.),Illinois,0,0,0,0,0
071,17,043,82400,06600,00000,1,A,Winfield village (pt.),Illinois,0,0,0,0,0
071,17,043,99990,06600,00000,1,F,Balance of Bloomingdale township,Illinois,9413,9393,9318,9250,9235
061,17,043,00000,14000,00000,0,F,Chicago city,Illinois,0,0,0,0,0
071,17,043,14000,14000,00000,1,A,Chicago city (pt.),Illinois,0,0,0,0,0
061,17,043,00000,20604,00000,0,A,Downers Grove township,Illinois,149901,149632,148593,147523,147793
071,17,043,07133,20604,00000,1,A,Bolingbrook village (pt.),Illinois,0,0,0,0,0
071,17,043,09980,20604,00000,1,A,Burr Ridge village (pt.),Illinois,6825,6820,6816,6775,6780
071,17,043,14572,20604,00000,1,A,Clarendon Hills village,Illinois,8700,8689,8641,8575,8562
071,17,043,18628,20604,00000,1,A,Darien city,Illinois,22049,21999,21804,21604,21698
071,17,043,20591,20604,00000,1,A,Downers Grove village (pt.),Illinois,40006,39930,39631,39338,39590
071,17,043,35307,20604,00000,1,A,Hinsdale village (pt.),Illinois,14392,14379,14325,14305,14358
071,17,043,42795,20604,00000,1,A,Lemont village (pt.),Illinois,6,6,6,6,6
071,17,043,54534,20604,00000,1,A,Oak Brook village (pt.),Illinois,63,63,62,62,62
071,17,043,80645,20604,00000,1,A,Westmont village (pt.),Illinois,22193,22146,21979,21794,21734
071,17,043,81919,20604,00000,1,A,Willowbrook village,Illinois,9228,9210,9138,9062,9038
071,17,043,83245,20604,00000,1,A,Woodridge village (pt.),Illinois,7272,7264,7215,7163,7155
071,17,043,99990,20604,00000,1,F,Balance of Downers Grove township,Illinois,19167,19126,18976,18839,18810
061,17,043,00000,43952,00000,0,A,Lisle township,Illinois,119043,118883,118288,117963,117954
071,17,043,07133,43952,00000,1,A,Bolingbrook village (pt.),Illinois,1469,1466,1457,1465,1468
071,17,043,20591,43952,00000,1,A,Downers Grove village (pt.),Illinois,6274,6262,6216,6169,6208
071,17,043,43939,43952,00000,1,A,Lisle village (pt.),Illinois,23554,23508,23316,23119,23062
071,17,043,51622,43952,00000,1,A,Naperville city (pt.),Illinois,47036,46996,46954,47161,47227
071,17,043,83245,43952,00000,1,A,Woodridge village (pt.),Illinois,26850,26821,26625,26428,26386
071,17,043,99990,43952,00000,1,F,Balance of Lisle township,Illinois,13860,13830,13720,13621,13603
061,17,043,00000,49451,00000,0,A,Milton township,Illinois,120213,119961,119178,118258,118024
071,17,043,11332,49451,00000,1,A,Carol Stream village (pt.),Illinois,7253,7235,7173,7108,7085
071,17,043,20591,49451,00000,1,A,Downers Grove village (pt.),Illinois,0,0,0,0,0
071,17,043,29730,49451,00000,1,A,Glendale Heights village (pt.),Illinois,3726,3718,3686,3656,3645
071,17,043,29756,49451,00000,1,A,Glen Ellyn village (pt.),Illinois,28280,28225,28009,27785,27715
071,17,043,43939,49451,00000,1,A,Lisle village (pt.),Illinois,163,163,161,160,160
071,17,043,44407,49451,00000,1,A,Lombard village (pt.),Illinois,1966,1962,1946,1940,1936
071,17,043,51622,49451,00000,1,A,Naperville city (pt.),Illinois,11,11,11,11,11
071,17,043,81048,49451,00000,1,A,Wheaton city (pt.),Illinois,53918,53805,53432,53024,52929
071,17,043,82400,49451,00000,1,A,Winfield village (pt.),Illinois,2731,2725,2818,2792,2795
071,17,043,99990,49451,00000,1,F,Balance of Milton township,Illinois,22165,22117,21942,21782,21748
061,17,043,00000,51635,00000,0,A,Naperville township,Illinois,104755,104607,104213,104097,104139
071,17,043,03012,51635,00000,1,A,Aurora city (pt.),Illinois,49581,49485,49125,48802,48763
071,17,043,51622,51635,00000,1,A,Naperville city (pt.),Illinois,51067,51021,50986,51214,51294
071,17,043,78929,51635,00000,1,A,Warrenville city (pt.),Illinois,396,398,426,433,437
071,17,043,99990,51635,00000,1,F,Balance of Naperville township,Illinois,3711,3703,3676,3648,3645
061,17,043,00000,79410,00000,0,A,Wayne township,Illinois,64440,64301,63809,63292,63147
071,17,043,04013,79410,00000,1,A,Bartlett village (pt.),Illinois,23814,23766,23583,23410,23362
071,17,043,11332,79410,00000,1,A,Carol Stream village (pt.),Illinois,14614,14580,14455,14328,14285
071,17,043,32746,79410,00000,1,A,Hanover Park village (pt.),Illinois,10536,10510,10421,10323,10295
071,17,043,66703,79410,00000,1,A,St. Charles city (pt.),Illinois,593,592,589,587,585
071,17,043,79397,79410,00000,1,A,Wayne village (pt.),Illinois,1499,1498,1484,1472,1477
071,17,043,80060,79410,00000,1,A,West Chicago city (pt.),Illinois,8874,8855,8808,8735,8713
071,17,043,82400,79410,00000,1,A,Winfield village (pt.),Illinois,99,99,102,101,101
071,17,043,99990,79410,00000,1,F,Balance of Wayne township,Illinois,4411,4401,4367,4336,4329
061,17,043,00000,82413,00000,0,A,Winfield township,Illinois,45880,45874,46944,46843,46955
071,17,043,03012,82413,00000,1,A,Aurora city (pt.),Illinois,1991,1987,1976,1962,1960
071,17,043,04078,82413,00000,1,A,Batavia city (pt.),Illinois,0,0,0,0,0
071,17,043,51622,82413,00000,1,A,Naperville city (pt.),Illinois,0,0,0,0,0
071,17,043,78929,82413,00000,1,A,Warrenville city (pt.),Illinois,13163,13231,14231,14407,14590
071,17,043,80060,82413,00000,1,A,West Chicago city (pt.),Illinois,16751,16709,16610,16458,16403
071,17,043,81048,82413,00000,1,A,Wheaton city (pt.),Illinois,9,9,9,9,9
071,17,043,82400,82413,00000,1,A,Winfield village (pt.),Illinois,7002,6989,7222,7160,7158
071,17,043,99990,82413,00000,1,F,Balance of Winfield township,Illinois,6964,6949,6896,6847,6835
061,17,043,00000,83947,00000,0,A,York township,Illinois,128429,128191,127252,126580,126406
071,17,043,20591,83947,00000,1,A,Downers Grove village (pt.),Illinois,3942,3935,3913,3887,3908
071,17,043,23620,83947,00000,1,A,Elmhurst city (pt.),Illinois,34556,34513,34330,34194,34216
071,17,043,29756,83947,00000,1,A,Glen Ellyn village (pt.),Illinois,645,644,639,633,632
071,17,043,35307,83947,00000,1,A,Hinsdale village (pt.),Illinois,630,630,627,626,628
071,17,043,44407,83947,00000,1,A,Lombard village (pt.),Illinois,42480,42390,42043,41921,41803
071,17,043,54534,83947,00000,1,A,Oak Brook village (pt.),Illinois,8090,8080,8024,7963,7977
071,17,043,54560,83947,00000,1,A,Oakbrook Terrace city,Illinois,2751,2745,2725,2698,2690
071,17,043,77993,83947,00000,1,A,Villa Park village (pt.),Illinois,21752,21700,21505,21313,21230
071,17,043,80645,83947,00000,1,A,Westmont village (pt.),Illinois,2243,2238,2222,2204,2199
071,17,043,99990,83947,00000,1,F,Balance of York township,Illinois,11340,11316,11224,11141,11123
050,17,045,00000,00000,00000,0,A,Edgar County,Illinois,16856,16786,16576,16385,16334
157,17,045,08524,00000,00000,0,A,Brocton village,Illinois,272,271,268,265,264
157,17,045,14273,00000,00000,0,A,Chrisman city,Illinois,1308,1302,1289,1276,1274
157,17,045,36568,00000,00000,0,A,Hume village,Illinois,324,323,317,314,313
157,17,045,38986,00000,00000,0,A,Kansas village,Illinois,671,668,659,652,648
157,17,045,48632,00000,00000,0,A,Metcalf village,Illinois,139,139,137,135,135
157,17,045,57628,00000,00000,0,A,Paris city,Illinois,8293,8258,8157,8063,8039
157,17,045,63069,00000,00000,0,A,Redmon village,Illinois,139,139,137,135,135
157,17,045,77551,00000,00000,0,A,Vermilion village,Illinois,199,198,196,192,192
157,17,045,99990,00000,00000,0,F,Balance of Edgar County,Illinois,5511,5488,5416,5353,5334
061,17,045,00000,08901,00000,1,A,Brouilletts Creek township,Illinois,191,190,188,186,186
061,17,045,00000,09213,00000,0,A,Buck township,Illinois,237,237,233,230,230
071,17,045,63069,09213,00000,1,A,Redmon village,Illinois,139,139,137,135,135
071,17,045,99990,09213,00000,1,F,Balance of Buck township,Illinois,98,98,96,95,95
061,17,045,00000,22502,00000,1,A,Edgar township,Illinois,444,442,435,430,429
061,17,045,00000,22912,00000,0,A,Elbridge township,Illinois,686,683,675,668,665
071,17,045,77551,22912,00000,1,A,Vermilion village (pt.),Illinois,16,16,16,16,16
071,17,045,99990,22912,00000,1,F,Balance of Elbridge township,Illinois,670,667,659,652,649
061,17,045,00000,23958,00000,0,A,Embarrass township,Illinois,566,564,555,549,548
071,17,045,08524,23958,00000,1,A,Brocton village,Illinois,272,271,268,265,264
071,17,045,99990,23958,00000,1,F,Balance of Embarrass township,Illinois,294,293,287,284,284
061,17,045,00000,30822,00000,1,A,Grandview township,Illinois,524,522,516,510,509
061,17,045,00000,36685,00000,1,A,Hunter township,Illinois,249,248,245,242,242
061,17,045,00000,38999,00000,0,A,Kansas township,Illinois,875,871,860,851,846
071,17,045,38986,38999,00000,1,A,Kansas village,Illinois,671,668,659,652,648
071,17,045,99990,38999,00000,1,F,Balance of Kansas township,Illinois,204,203,201,199,198
061,17,045,00000,57641,00000,0,A,Paris township,Illinois,9199,9160,9047,8943,8915
071,17,045,57628,57641,00000,1,A,Paris city (pt.),Illinois,8293,8258,8157,8063,8039
071,17,045,99990,57641,00000,1,F,Balance of Paris township,Illinois,906,902,890,880,876
061,17,045,00000,61483,00000,1,A,Prairie township,Illinois,208,207,205,201,200
061,17,045,00000,65923,00000,0,A,Ross township,Illinois,1509,1502,1487,1472,1467
071,17,045,14273,65923,00000,1,A,Chrisman city,Illinois,1308,1302,1289,1276,1274
071,17,045,99990,65923,00000,1,F,Balance of Ross township,Illinois,201,200,198,196,193
061,17,045,00000,69498,00000,0,A,Shiloh township,Illinois,133,133,131,130,130
071,17,045,36568,69498,00000,1,A,Hume village (pt.),Illinois,10,10,10,10,10
071,17,045,99990,69498,00000,1,F,Balance of Shiloh township,Illinois,123,123,121,120,120
061,17,045,00000,73092,00000,0,A,Stratton township,Illinois,454,452,447,440,439
071,17,045,57628,73092,00000,1,A,Paris city (pt.),Illinois,0,0,0,0,0
071,17,045,77551,73092,00000,1,A,Vermilion village (pt.),Illinois,183,182,180,176,176
071,17,045,99990,73092,00000,1,F,Balance of Stratton township,Illinois,271,270,267,264,263
061,17,045,00000,74288,00000,1,A,Symmes township,Illinois,978,974,960,948,946
061,17,045,00000,84064,00000,0,A,Young America township,Illinois,603,601,592,585,582
071,17,045,36568,84064,00000,1,A,Hume village (pt.),Illinois,314,313,307,304,303
071,17,045,48632,84064,00000,1,A,Metcalf village,Illinois,139,139,137,135,135
071,17,045,99990,84064,00000,1,F,Balance of Young America township,Illinois,150,149,148,146,144
050,17,047,00000,00000,00000,0,A,Edwards County,Illinois,6245,6208,6084,6058,5968
157,17,047,00568,00000,00000,1,A,Albion city,Illinois,1963,1952,1910,1901,1871
157,17,047,07224,00000,00000,1,A,Bone Gap village,Illinois,185,184,180,179,177
157,17,047,08979,00000,00000,1,A,Browns village,Illinois,140,139,136,138,136
157,17,047,31165,00000,00000,1,A,Grayville city (pt.),Illinois,679,675,663,661,652
157,17,047,80853,00000,00000,1,A,West Salem village,Illinois,777,772,757,753,740
157,17,047,99990,00000,00000,1,F,Balance of Edwards County,Illinois,2501,2486,2438,2426,2392
050,17,049,00000,00000,00000,0,A,Effingham County,Illinois,34676,34703,34508,34300,34331
157,17,049,01049,00000,00000,0,A,Altamont city,Illinois,2218,2217,2199,2185,2188
157,17,049,04598,00000,00000,0,A,Beecher City village,Illinois,429,429,425,424,421
157,17,049,19915,00000,00000,0,A,Dieterich village,Illinois,891,891,881,874,870
157,17,049,22567,00000,00000,0,A,Edgewood village,Illinois,398,398,395,392,391
157,17,049,22736,00000,00000,0,A,Effingham city,Illinois,12270,12295,12258,12201,12258
157,17,049,47449,00000,00000,0,A,Mason town,Illinois,325,325,322,320,319
157,17,049,50283,00000,00000,0,A,Montrose village (pt.),Illinois,208,208,206,205,206
157,17,049,69797,00000,00000,0,A,Shumway village,Illinois,184,184,182,181,181
157,17,049,74743,00000,00000,0,A,Teutopolis village,Illinois,1619,1626,1648,1651,1663
157,17,049,79241,00000,00000,0,A,Watson village,Illinois,670,670,665,660,659
157,17,049,99990,00000,00000,0,F,Balance of Effingham County,Illinois,15464,15460,15327,15207,15175
061,17,049,00000,03558,00000,0,A,Banner township,Illinois,446,446,442,439,438
071,17,049,69797,03558,00000,1,A,Shumway village,Illinois,184,184,182,181,181
071,17,049,99990,03558,00000,1,F,Balance of Banner township,Illinois,262,262,260,258,257
061,17,049,00000,06145,00000,0,A,Bishop township,Illinois,1709,1709,1692,1679,1673
071,17,049,19915,06145,00000,1,A,Dieterich village,Illinois,891,891,881,874,870
071,17,049,99990,06145,00000,1,F,Balance of Bishop township,Illinois,818,818,811,805,803
061,17,049,00000,20474,00000,0,A,Douglas township,Illinois,12627,12650,12604,12539,12589
071,17,049,22736,20474,00000,1,A,Effingham city (pt.),Illinois,11528,11551,11514,11458,11509
071,17,049,99990,20474,00000,1,F,Balance of Douglas township,Illinois,1099,1099,1090,1081,1080
061,17,049,00000,38063,00000,0,A,Jackson township,Illinois,1240,1239,1230,1221,1218
071,17,049,79241,38063,00000,1,A,Watson village (pt.),Illinois,27,27,27,27,27
071,17,049,99990,38063,00000,1,F,Balance of Jackson township,Illinois,1213,1212,1203,1194,1191
061,17,049,00000,43159,00000,0,A,Liberty township,Illinois,736,736,729,726,725
071,17,049,04598,43159,00000,1,A,Beecher City village,Illinois,429,429,425,424,421
071,17,049,99990,43159,00000,1,F,Balance of Liberty township,Illinois,307,307,304,302,304
061,17,049,00000,45161,00000,1,A,Lucas township,Illinois,468,468,464,460,457
061,17,049,00000,47462,00000,0,A,Mason township,Illinois,1268,1268,1257,1246,1243
071,17,049,22567,47462,00000,1,A,Edgewood village,Illinois,398,398,395,392,391
071,17,049,47449,47462,00000,1,A,Mason town,Illinois,325,325,322,320,319
071,17,049,99990,47462,00000,1,F,Balance of Mason township,Illinois,545,545,540,534,533
061,17,049,00000,49763,00000,1,A,Moccasin township,Illinois,498,498,494,488,487
061,17,049,00000,50725,00000,0,A,Mound township,Illinois,3560,3558,3529,3505,3506
071,17,049,01049,50725,00000,1,A,Altamont city,Illinois,2218,2217,2199,2185,2188
071,17,049,99990,50725,00000,1,F,Balance of Mound township,Illinois,1342,1341,1330,1320,1318
061,17,049,00000,66807,00000,0,A,St. Francis township,Illinois,1178,1178,1170,1162,1164
071,17,049,50283,66807,00000,1,A,Montrose village (pt.),Illinois,208,208,206,205,206
071,17,049,74743,66807,00000,1,A,Teutopolis village (pt.),Illinois,126,126,127,129,131
071,17,049,99990,66807,00000,1,F,Balance of St. Francis township,Illinois,844,844,837,828,827
061,17,049,00000,73651,00000,0,A,Summit township,Illinois,3787,3786,3753,3724,3716
071,17,049,22736,73651,00000,1,A,Effingham city (pt.),Illinois,27,27,27,26,27
071,17,049,99990,73651,00000,1,F,Balance of Summit township,Illinois,3760,3759,3726,3698,3689
061,17,049,00000,74756,00000,0,A,Teutopolis township,Illinois,2740,2747,2760,2755,2765
071,17,049,22736,74756,00000,1,A,Effingham city (pt.),Illinois,301,301,301,302,304
071,17,049,74743,74756,00000,1,A,Teutopolis village (pt.),Illinois,1493,1500,1521,1522,1532
071,17,049,99990,74756,00000,1,F,Balance of Teutopolis township,Illinois,946,946,938,931,929
061,17,049,00000,76654,00000,1,A,Union township,Illinois,773,773,766,763,762
061,17,049,00000,79254,00000,0,A,Watson township,Illinois,3206,3207,3182,3160,3156
071,17,049,22736,79254,00000,1,A,Effingham city (pt.),Illinois,414,416,416,415,418
071,17,049,79241,79254,00000,1,A,Watson village (pt.),Illinois,643,643,638,633,632
071,17,049,99990,79254,00000,1,F,Balance of Watson township,Illinois,2149,2148,2128,2112,2106
061,17,049,00000,79891,00000,1,A,West township,Illinois,440,440,436,433,432
050,17,051,00000,00000,00000,0,A,Fayette County,Illinois,21498,21490,21438,21270,21164
157,17,051,06028,00000,00000,0,A,Bingham village,Illinois,61,61,61,60,60
157,17,051,08992,00000,00000,0,A,Brownstown village,Illinois,693,693,691,685,681
157,17,051,25375,00000,00000,0,A,Farina village (pt.),Illinois,542,542,540,536,530
157,17,051,62627,00000,00000,0,A,Ramsey village,Illinois,913,912,910,900,895
157,17,051,66794,00000,00000,0,A,St. Elmo city,Illinois,1268,1267,1264,1254,1245
157,17,051,67132,00000,00000,0,A,St. Peter village,Illinois,322,322,321,318,317
157,17,051,77317,00000,00000,0,A,Vandalia city,Illinois,7457,7453,7436,7386,7358
157,17,051,99990,00000,00000,0,S,Balance of Fayette County,Illinois,10242,10240,10215,10131,10078
061,17,051,00000,03155,00000,0,A,Avena township,Illinois,1934,1933,1928,1912,1900
071,17,051,66794,03155,00000,1,A,St. Elmo city,Illinois,1268,1267,1264,1254,1245
071,17,051,99990,03155,00000,1,F,Balance of Avena township,Illinois,666,666,664,658,655
061,17,051,00000,04377,00000,0,A,Bear Grove township,Illinois,536,536,532,528,525
071,17,051,77317,04377,00000,1,A,Vandalia city (pt.),Illinois,4,4,4,4,4
071,17,051,99990,04377,00000,1,F,Balance of Bear Grove township,Illinois,532,532,528,524,521
061,17,051,00000,07562,00000,1,A,Bowling Green township,Illinois,422,422,421,417,415
061,17,051,00000,11501,00000,1,A,Carson township,Illinois,105,105,105,104,103
061,17,051,00000,36802,00000,1,A,Hurricane township,Illinois,218,218,217,216,214
061,17,051,00000,39116,00000,1,A,Kaskaskia township,Illinois,538,538,536,532,529
061,17,051,00000,40533,00000,0,A,La Clede township,Illinois,874,874,871,864,859
071,17,051,25375,40533,00000,1,A,Farina village (pt.),Illinois,542,542,540,536,530
071,17,051,99990,40533,00000,1,S,Balance of La Clede township,Illinois,332,332,331,328,329
061,17,051,00000,44459,00000,0,A,Lone Grove township,Illinois,623,623,621,616,613
071,17,051,67132,44459,00000,1,A,St. Peter village,Illinois,322,322,321,318,317
071,17,051,99990,44459,00000,1,F,Balance of Lone Grove township,Illinois,301,301,300,298,296
061,17,051,00000,44901,00000,1,A,Loudon township,Illinois,872,871,869,862,857
061,17,051,00000,56913,00000,0,A,Otego township,Illinois,1431,1431,1429,1419,1411
071,17,051,08992,56913,00000,1,A,Brownstown village (pt.),Illinois,678,678,676,670,666
071,17,051,99990,56913,00000,1,F,Balance of Otego township,Illinois,753,753,753,749,745
061,17,051,00000,61106,00000,1,A,Pope township,Illinois,221,221,220,218,219
061,17,051,00000,62640,00000,0,A,Ramsey township,Illinois,1654,1653,1649,1633,1623
071,17,051,62627,62640,00000,1,A,Ramsey village,Illinois,913,912,910,900,895
071,17,051,99990,62640,00000,1,F,Balance of Ramsey township,Illinois,741,741,739,733,728
061,17,051,00000,68549,00000,0,A,Sefton township,Illinois,567,567,568,565,562
071,17,051,08992,68549,00000,1,A,Brownstown village (pt.),Illinois,15,15,15,15,15
071,17,051,99990,68549,00000,1,F,Balance of Sefton township,Illinois,552,552,553,550,547
061,17,051,00000,68601,00000,1,A,Seminary township,Illinois,488,488,489,485,484
061,17,051,00000,68926,00000,1,A,Shafter township,Illinois,465,465,464,460,457
061,17,051,00000,69017,00000,0,A,Sharon township,Illinois,3012,3012,3010,2997,2992
071,17,051,77317,69017,00000,1,A,Vandalia city (pt.),Illinois,2174,2174,2174,2169,2170
071,17,051,99990,69017,00000,1,F,Balance of Sharon township,Illinois,838,838,836,828,822
061,17,051,00000,70876,00000,0,A,South Hurricane township,Illinois,208,208,208,205,204
071,17,051,06028,70876,00000,1,A,Bingham village,Illinois,61,61,61,60,60
071,17,051,99990,70876,00000,1,F,Balance of South Hurricane township,Illinois,147,147,147,145,144
061,17,051,00000,77330,00000,0,A,Vandalia township,Illinois,6339,6334,6312,6258,6223
071,17,051,77317,77330,00000,1,A,Vandalia city (pt.),Illinois,5279,5275,5258,5213,5184
071,17,051,99990,77330,00000,1,F,Balance of Vandalia township,Illinois,1060,1059,1054,1045,1039
061,17,051,00000,81022,00000,1,A,Wheatland township,Illinois,503,503,502,497,494
061,17,051,00000,81568,00000,1,A,Wilberton township,Illinois,488,488,487,482,480
050,17,053,00000,00000,00000,0,A,Ford County,Illinois,13526,13513,13479,13256,13250
157,17,053,10292,00000,00000,0,A,Cabery village (pt.),Illinois,161,161,162,160,160
157,17,053,23425,00000,00000,0,A,Elliott village,Illinois,277,277,276,271,271
157,17,053,29125,00000,00000,0,A,Gibson City city,Illinois,3471,3470,3462,3402,3396
157,17,053,39441,00000,00000,0,A,Kempton village,Illinois,178,178,178,174,176
157,17,053,48268,00000,00000,0,A,Melvin village,Illinois,419,418,419,413,413
157,17,053,58239,00000,00000,0,A,Paxton city,Illinois,4454,4448,4431,4354,4348
157,17,053,60079,00000,00000,0,A,Piper City village,Illinois,745,744,740,729,727
157,17,053,64655,00000,00000,0,A,Roberts village,Illinois,344,343,343,339,339
157,17,053,69810,00000,00000,0,A,Sibley village,Illinois,287,287,286,281,283
157,17,053,99990,00000,00000,0,F,Balance of Ford County,Illinois,3190,3187,3182,3133,3137
061,17,053,00000,07978,00000,0,A,Brenton township,Illinois,858,857,852,839,837
071,17,053,60079,07978,00000,1,A,Piper City village (pt.),Illinois,717,716,712,701,699
071,17,053,99990,07978,00000,1,F,Balance of Brenton township,Illinois,141,141,140,138,138
061,17,053,00000,10214,00000,1,A,Button township,Illinois,238,238,237,233,233
061,17,053,00000,20110,00000,0,A,Dix township,Illinois,621,620,619,610,610
071,17,053,23425,20110,00000,1,A,Elliott village,Illinois,277,277,276,271,271
071,17,053,99990,20110,00000,1,F,Balance of Dix township,Illinois,344,343,343,339,339
061,17,053,00000,20799,00000,0,A,Drummer township,Illinois,4025,4023,4016,3947,3943
071,17,053,29125,20799,00000,1,A,Gibson City city,Illinois,3471,3470,3462,3402,3396
071,17,053,99990,20799,00000,1,F,Balance of Drummer township,Illinois,554,553,554,545,547
061,17,053,00000,45252,00000,0,A,Lyman township,Illinois,517,516,515,509,509
071,17,053,64655,45252,00000,1,A,Roberts village,Illinois,344,343,343,339,339
071,17,053,99990,45252,00000,1,F,Balance of Lyman township,Illinois,173,173,172,170,170
061,17,053,00000,49919,00000,0,A,Mona township,Illinois,264,264,264,258,260
071,17,053,39441,49919,00000,1,A,Kempton village (pt.),Illinois,132,132,132,129,131
071,17,053,99990,49919,00000,1,F,Balance of Mona township,Illinois,132,132,132,129,129
061,17,053,00000,58122,00000,0,A,Patton township,Illinois,5240,5233,5216,5129,5125
071,17,053,58239,58122,00000,1,A,Paxton city,Illinois,4454,4448,4431,4354,4348
071,17,053,99990,58122,00000,1,F,Balance of Patton township,Illinois,786,785,785,775,777
061,17,053,00000,58317,00000,0,A,Peach Orchard township,Illinois,556,555,556,547,547
071,17,053,48268,58317,00000,1,A,Melvin village,Illinois,419,418,419,413,413
071,17,053,99990,58317,00000,1,F,Balance of Peach Orchard township,Illinois,137,137,137,134,134
061,17,053,00000,58512,00000,0,A,Pella township,Illinois,158,158,158,155,155
071,17,053,60079,58512,00000,1,A,Piper City village (pt.),Illinois,28,28,28,28,28
071,17,053,99990,58512,00000,1,F,Balance of Pella township,Illinois,130,130,130,127,127
061,17,053,00000,65273,00000,0,A,Rogers township,Illinois,390,390,390,384,384
071,17,053,10292,65273,00000,1,A,Cabery village (pt.),Illinois,161,161,162,160,160
071,17,053,39441,65273,00000,1,A,Kempton village (pt.),Illinois,46,46,46,45,45
071,17,053,99990,65273,00000,1,F,Balance of Rogers township,Illinois,183,183,182,179,179
061,17,053,00000,73521,00000,0,A,Sullivant township,Illinois,472,472,470,462,464
071,17,053,69810,73521,00000,1,A,Sibley village,Illinois,287,287,286,281,283
071,17,053,99990,73521,00000,1,F,Balance of Sullivant township,Illinois,185,185,184,181,181
061,17,053,00000,78474,00000,1,A,Wall township,Illinois,187,187,186,183,183
050,17,055,00000,00000,00000,0,A,Franklin County,Illinois,37803,37697,37459,37215,37138
157,17,055,05300,00000,00000,0,A,Benton city,Illinois,6713,6695,6649,6608,6598
157,17,055,09330,00000,00000,0,A,Buckner village,Illinois,406,405,402,400,399
157,17,055,14286,00000,00000,0,A,Christopher city,Illinois,2693,2684,2666,2645,2637
157,17,055,24673,00000,00000,0,A,Ewing village,Illinois,300,299,297,296,295
157,17,055,27858,00000,00000,0,A,Freeman Spur village (pt.),Illinois,125,125,124,123,123
157,17,055,32616,00000,00000,0,A,Hanaford village,Illinois,320,319,317,315,315
157,17,055,45642,00000,00000,0,A,Macedonia village (pt.),Illinois,13,13,13,13,13
157,17,055,53585,00000,00000,0,A,North City village,Illinois,510,509,506,504,502
157,17,055,56536,00000,00000,0,A,Orient city,Illinois,328,327,325,321,321
157,17,055,66209,00000,00000,0,A,Royalton village,Illinois,1064,1061,1053,1046,1043
157,17,055,68705,00000,00000,0,A,Sesser city,Illinois,1890,1885,1874,1860,1857
157,17,055,75159,00000,00000,0,A,Thompsonville village,Illinois,486,485,482,479,480
157,17,055,77148,00000,00000,0,A,Valier village,Illinois,558,557,552,548,545
157,17,055,80073,00000,00000,0,A,West City village,Illinois,654,652,646,642,641
157,17,055,80333,00000,00000,0,A,West Frankfort city,Illinois,7275,7253,7215,7169,7145
157,17,055,84155,00000,00000,0,A,Zeigler city,Illinois,1488,1482,1475,1468,1468
157,17,055,99990,00000,00000,0,S,Balance of Franklin County,Illinois,12980,12946,12863,12778,12756
061,17,055,00000,03818,00000,0,A,Barren township,Illinois,544,543,539,536,535
071,17,055,68705,03818,00000,1,A,Sesser city (pt.),Illinois,2,2,2,2,2
071,17,055,99990,03818,00000,1,F,Balance of Barren township,Illinois,542,541,537,534,533
061,17,055,00000,05313,00000,0,A,Benton township,Illinois,8743,8719,8662,8608,8593
071,17,055,05300,05313,00000,1,A,Benton city (pt.),Illinois,6513,6495,6451,6411,6401
071,17,055,32616,05313,00000,1,A,Hanaford village,Illinois,320,319,317,315,315
071,17,055,99990,05313,00000,1,F,Balance of Benton township,Illinois,1910,1905,1894,1882,1877
061,17,055,00000,08940,00000,0,A,Browning township,Illinois,2412,2406,2386,2372,2363
071,17,055,05300,08940,00000,1,A,Benton city (pt.),Illinois,58,58,57,57,57
071,17,055,09330,08940,00000,1,A,Buckner village,Illinois,406,405,402,400,399
071,17,055,14286,08940,00000,1,A,Christopher city (pt.),Illinois,52,52,52,51,51
071,17,055,77148,08940,00000,1,A,Valier village (pt.),Illinois,158,158,157,156,153
071,17,055,80073,08940,00000,1,A,West City village,Illinois,654,652,646,642,641
071,17,055,99990,08940,00000,1,F,Balance of Browning township,Illinois,1084,1081,1072,1066,1062
061,17,055,00000,11813,00000,0,A,Cave township,Illinois,1683,1679,1671,1660,1660
071,17,055,75159,11813,00000,1,A,Thompsonville village,Illinois,486,485,482,479,480
071,17,055,99990,11813,00000,1,F,Balance of Cave township,Illinois,1197,1194,1189,1181,1180
061,17,055,00000,19421,00000,0,A,Denning township,Illinois,4744,4730,4704,4672,4663
071,17,055,27858,19421,00000,1,A,Freeman Spur village (pt.),Illinois,125,125,124,123,123
071,17,055,56536,19421,00000,1,A,Orient city,Illinois,328,327,325,321,321
071,17,055,80333,19421,00000,1,A,West Frankfort city (pt.),Illinois,2423,2415,2403,2388,2381
071,17,055,99990,19421,00000,1,F,Balance of Denning township,Illinois,1868,1863,1852,1840,1838
061,17,055,00000,21735,00000,1,A,Eastern township,Illinois,583,581,578,574,573
061,17,055,00000,24686,00000,0,A,Ewing township,Illinois,1337,1334,1323,1316,1313
071,17,055,05300,24686,00000,1,A,Benton city (pt.),Illinois,142,142,141,140,140
071,17,055,24673,24686,00000,1,A,Ewing village,Illinois,300,299,297,296,295
071,17,055,99990,24686,00000,1,F,Balance of Ewing township,Illinois,895,893,885,880,878
061,17,055,00000,27611,00000,0,A,Frankfort township,Illinois,6420,6402,6362,6319,6298
071,17,055,80333,27611,00000,1,A,West Frankfort city (pt.),Illinois,4852,4838,4812,4781,4764
071,17,055,99990,27611,00000,1,F,Balance of Frankfort township,Illinois,1568,1564,1550,1538,1534
061,17,055,00000,30406,00000,0,A,Goode township,Illinois,2642,2635,2619,2601,2597
071,17,055,68705,30406,00000,1,A,Sesser city (pt.),Illinois,1888,1883,1872,1858,1855
071,17,055,99990,30406,00000,1,F,Balance of Goode township,Illinois,754,752,747,743,742
061,17,055,00000,53637,00000,0,A,Northern township,Illinois,456,455,452,449,449
071,17,055,45642,53637,00000,1,A,Macedonia village (pt.),Illinois,13,13,13,13,13
071,17,055,99990,53637,00000,1,F,Balance of Northern township,Illinois,443,442,439,436,436
061,17,055,00000,70070,00000,0,A,Six Mile township,Illinois,3535,3523,3503,3480,3476
071,17,055,66209,70070,00000,1,A,Royalton village,Illinois,1064,1061,1053,1046,1043
071,17,055,84155,70070,00000,1,A,Zeigler city,Illinois,1488,1482,1475,1468,1468
071,17,055,99990,70070,00000,1,F,Balance of Six Mile township,Illinois,983,980,975,966,965
061,17,055,00000,76576,00000,0,A,Tyrone township,Illinois,4704,4690,4660,4628,4618
071,17,055,14286,76576,00000,1,A,Christopher city (pt.),Illinois,2641,2632,2614,2594,2586
071,17,055,53585,76576,00000,1,A,North City village,Illinois,510,509,506,504,502
071,17,055,77148,76576,00000,1,A,Valier village (pt.),Illinois,400,399,395,392,392
071,17,055,99990,76576,00000,1,S,Balance of Tyrone township,Illinois,1153,1150,1145,1138,1138
050,17,057,00000,00000,00000,0,A,Fulton County,Illinois,33608,33487,33275,32935,32541
157,17,057,02635,00000,00000,0,A,Astoria town,Illinois,929,925,916,904,891
157,17,057,03207,00000,00000,0,A,Avon village (pt.),Illinois,700,697,690,682,672
157,17,057,03571,00000,00000,0,A,Banner village,Illinois,169,168,167,167,165
157,17,057,09161,00000,00000,0,A,Bryant village,Illinois,169,168,169,167,165
157,17,057,11007,00000,00000,0,A,Canton city,Illinois,13318,13268,13167,13022,12875
157,17,057,17991,00000,00000,0,A,Cuba city,Illinois,1183,1179,1168,1155,1140
157,17,057,21098,00000,00000,0,A,Dunfermline village,Illinois,263,262,262,257,254
157,17,057,23529,00000,00000,0,A,Ellisville village,Illinois,88,88,87,89,88
157,17,057,25063,00000,00000,0,A,Fairview village,Illinois,428,426,423,418,413
157,17,057,25531,00000,00000,0,A,Farmington city (pt.),Illinois,2394,2385,2367,2336,2303
157,17,057,37647,00000,00000,0,A,Ipava village,Illinois,444,442,437,432,427
157,17,057,43055,00000,00000,0,A,Lewistown city,Illinois,2045,2037,2017,1991,1964
157,17,057,44121,00000,00000,0,A,Liverpool village,Illinois,93,93,92,91,90
157,17,057,44446,00000,00000,0,A,London Mills village (pt.),Illinois,346,345,344,342,338
157,17,057,46825,00000,00000,0,A,Marietta village,Illinois,103,103,102,101,99
157,17,057,53390,00000,00000,0,A,Norris village,Illinois,173,173,171,170,167
157,17,057,66768,00000,00000,0,A,St. David village,Illinois,527,525,519,513,507
157,17,057,70226,00000,00000,0,A,Smithfield village,Illinois,190,189,188,188,185
157,17,057,74301,00000,00000,0,A,Table Grove village,Illinois,350,349,346,342,335
157,17,057,77642,00000,00000,0,A,Vermont village,Illinois,572,570,567,565,558
157,17,057,99990,00000,00000,0,F,Balance of Fulton County,Illinois,9124,9095,9076,9003,8905
061,17,057,00000,02648,00000,0,A,Astoria township,Illinois,1244,1239,1229,1214,1199
071,17,057,02635,02648,00000,1,A,Astoria town,Illinois,929,925,916,904,891
071,17,057,99990,02648,00000,1,F,Balance of Astoria township,Illinois,315,314,313,310,308
061,17,057,00000,03584,00000,0,A,Banner township,Illinois,327,325,325,323,321
071,17,057,03571,03584,00000,1,A,Banner village,Illinois,169,168,167,167,165
071,17,057,99990,03584,00000,1,F,Balance of Banner township,Illinois,158,157,158,156,156
061,17,057,00000,05469,00000,1,A,Bernadotte township,Illinois,255,254,254,251,248
061,17,057,00000,09265,00000,0,A,Buckheart township,Illinois,1323,1318,1312,1296,1281
071,17,057,09161,09265,00000,1,A,Bryant village,Illinois,169,168,169,167,165
071,17,057,11007,09265,00000,1,A,Canton city (pt.),Illinois,31,31,31,30,30
071,17,057,21098,09265,00000,1,A,Dunfermline village,Illinois,263,262,262,257,254
071,17,057,66768,09265,00000,1,A,St. David village,Illinois,527,525,519,513,507
071,17,057,99990,09265,00000,1,F,Balance of Buckheart township,Illinois,333,332,331,329,325
061,17,057,00000,11020,00000,0,A,Canton township,Illinois,14229,14178,14072,13922,13764
071,17,057,11007,11020,00000,1,A,Canton city (pt.),Illinois,13279,13229,13128,12984,12837
071,17,057,53390,11020,00000,1,A,Norris village (pt.),Illinois,67,67,66,66,65
071,17,057,99990,11020,00000,1,F,Balance of Canton township,Illinois,883,882,878,872,862
061,17,057,00000,11696,00000,0,A,Cass township,Illinois,553,551,549,545,538
071,17,057,70226,11696,00000,1,A,Smithfield village,Illinois,190,189,188,188,185
071,17,057,99990,11696,00000,1,F,Balance of Cass township,Illinois,363,362,361,357,353
061,17,057,00000,18979,00000,1,A,Deerfield township,Illinois,250,249,249,246,243
061,17,057,00000,23542,00000,0,A,Ellisville township,Illinois,153,153,151,153,151
071,17,057,23529,23542,00000,1,A,Ellisville village,Illinois,88,88,87,89,88
071,17,057,99990,23542,00000,1,F,Balance of Ellisville township,Illinois,65,65,64,64,63
061,17,057,00000,25076,00000,0,A,Fairview township,Illinois,631,628,624,619,611
071,17,057,25063,25076,00000,1,A,Fairview village,Illinois,428,426,423,418,413
071,17,057,99990,25076,00000,1,F,Balance of Fairview township,Illinois,203,202,201,201,198
061,17,057,00000,25427,00000,0,A,Farmers township,Illinois,364,362,360,355,351
071,17,057,74301,25427,00000,1,A,Table Grove village (pt.),Illinois,249,248,246,243,240
071,17,057,99990,25427,00000,1,F,Balance of Farmers township,Illinois,115,114,114,112,111
061,17,057,00000,25544,00000,0,A,Farmington township,Illinois,3213,3204,3182,3144,3102
071,17,057,25531,25544,00000,1,A,Farmington city (pt.),Illinois,2394,2385,2367,2336,2303
071,17,057,53390,25544,00000,1,A,Norris village (pt.),Illinois,106,106,105,104,102
071,17,057,99990,25544,00000,1,F,Balance of Farmington township,Illinois,713,713,710,704,697
061,17,057,00000,33110,00000,0,A,Harris township,Illinois,318,317,317,313,309
071,17,057,46825,33110,00000,1,A,Marietta village,Illinois,103,103,102,101,99
071,17,057,99990,33110,00000,1,F,Balance of Harris township,Illinois,215,214,215,212,210
061,17,057,00000,37842,00000,1,A,Isabel township,Illinois,175,174,173,173,171
061,17,057,00000,38713,00000,1,A,Joshua township,Illinois,435,433,432,430,424
061,17,057,00000,39714,00000,1,A,Kerton township,Illinois,85,85,84,84,83
061,17,057,00000,42574,00000,1,A,Lee township,Illinois,214,213,214,211,209
061,17,057,00000,43068,00000,0,A,Lewistown township,Illinois,2669,2659,2638,2607,2573
071,17,057,43055,43068,00000,1,A,Lewistown city,Illinois,2045,2037,2017,1991,1964
071,17,057,99990,43068,00000,1,F,Balance of Lewistown township,Illinois,624,622,621,616,609
061,17,057,00000,44134,00000,0,A,Liverpool township,Illinois,564,562,560,555,549
071,17,057,44121,44134,00000,1,A,Liverpool village,Illinois,93,93,92,91,90
071,17,057,99990,44134,00000,1,F,Balance of Liverpool township,Illinois,471,469,468,464,459
061,17,057,00000,56588,00000,0,A,Orion township,Illinois,1145,1143,1139,1130,1119
071,17,057,11007,56588,00000,1,A,Canton city (pt.),Illinois,8,8,8,8,8
071,17,057,99990,56588,00000,1,F,Balance of Orion township,Illinois,1137,1135,1131,1122,1111
061,17,057,00000,60430,00000,0,A,Pleasant township,Illinois,723,720,715,707,698
071,17,057,37647,60430,00000,1,A,Ipava village,Illinois,444,442,437,432,427
071,17,057,99990,60430,00000,1,F,Balance of Pleasant township,Illinois,279,278,278,275,271
061,17,057,00000,62276,00000,0,A,Putman township,Illinois,1978,1971,1960,1940,1915
071,17,057,17991,62276,00000,1,A,Cuba city,Illinois,1183,1179,1168,1155,1140
071,17,057,99990,62276,00000,1,F,Balance of Putman township,Illinois,795,792,792,785,775
061,17,057,00000,76667,00000,0,A,Union township,Illinois,885,881,875,865,853
071,17,057,03207,76667,00000,1,A,Avon village (pt.),Illinois,700,697,690,682,672
071,17,057,99990,76667,00000,1,F,Balance of Union township,Illinois,185,184,185,183,181
061,17,057,00000,77655,00000,0,A,Vermont township,Illinois,827,824,821,817,806
071,17,057,74301,77655,00000,1,A,Table Grove village (pt.),Illinois,101,101,100,99,95
071,17,057,77642,77655,00000,1,A,Vermont village,Illinois,572,570,567,565,558
071,17,057,99990,77655,00000,1,F,Balance of Vermont township,Illinois,154,153,154,153,153
061,17,057,00000,79137,00000,1,A,Waterford township,Illinois,161,160,159,159,157
061,17,057,00000,83089,00000,1,A,Woodland township,Illinois,341,340,339,337,333
061,17,057,00000,84077,00000,0,A,Young Hickory township,Illinois,546,544,542,539,533
071,17,057,44446,84077,00000,1,A,London Mills village (pt.),Illinois,346,345,344,342,338
071,17,057,99990,84077,00000,1,F,Balance of Young Hickory township,Illinois,200,199,198,197,195
050,17,059,00000,00000,00000,0,A,Gallatin County,Illinois,4944,4935,4895,4823,4670
157,17,059,24348,00000,00000,0,A,Equality village,Illinois,535,534,529,521,504
157,17,059,38778,00000,00000,0,A,Junction village,Illinois,56,56,55,55,53
157,17,059,52506,00000,00000,0,A,New Haven village (pt.),Illinois,396,395,392,386,375
157,17,059,55756,00000,00000,0,A,Old Shawneetown village,Illinois,114,114,113,113,109
157,17,059,56003,00000,00000,0,A,Omaha village,Illinois,209,208,207,202,195
157,17,059,64018,00000,00000,0,A,Ridgway village,Illinois,853,852,845,833,809
157,17,059,69082,00000,00000,0,A,Shawneetown city,Illinois,1054,1052,1043,1027,994
157,17,059,99990,00000,00000,0,F,Balance of Gallatin County,Illinois,1727,1724,1711,1686,1631
061,17,059,00000,02427,00000,1,A,Asbury township,Illinois,102,102,101,99,96
061,17,059,00000,07536,00000,1,A,Bowlesville township,Illinois,149,149,147,145,141
061,17,059,00000,21449,00000,1,A,Eagle Creek township,Illinois,162,162,160,159,154
061,17,059,00000,24361,00000,0,A,Equality township,Illinois,774,772,765,754,729
071,17,059,24348,24361,00000,1,A,Equality village,Illinois,535,534,529,521,504
071,17,059,99990,24361,00000,1,F,Balance of Equality township,Illinois,239,238,236,233,225
061,17,059,00000,30302,00000,0,A,Gold Hill township,Illinois,1443,1440,1430,1409,1363
071,17,059,38778,30302,00000,1,A,Junction village,Illinois,56,56,55,55,53
071,17,059,69082,30302,00000,1,A,Shawneetown city,Illinois,1054,1052,1043,1027,994
071,17,059,99990,30302,00000,1,F,Balance of Gold Hill township,Illinois,333,332,332,327,316
061,17,059,00000,52519,00000,0,A,New Haven township,Illinois,444,443,440,433,420
071,17,059,52506,52519,00000,1,A,New Haven village (pt.),Illinois,396,395,392,386,375
071,17,059,99990,52519,00000,1,F,Balance of New Haven township,Illinois,48,48,48,47,45
061,17,059,00000,53702,00000,0,A,North Fork township,Illinois,429,429,425,420,409
071,17,059,64018,53702,00000,1,A,Ridgway village (pt.),Illinois,240,240,238,236,231
071,17,059,99990,53702,00000,1,F,Balance of North Fork township,Illinois,189,189,187,184,178
061,17,059,00000,56016,00000,0,A,Omaha township,Illinois,418,417,414,406,392
071,17,059,56003,56016,00000,1,A,Omaha village,Illinois,209,208,207,202,195
071,17,059,99990,56016,00000,1,F,Balance of Omaha township,Illinois,209,209,207,204,197
061,17,059,00000,64031,00000,0,A,Ridgway township,Illinois,852,850,844,830,803
071,17,059,64018,64031,00000,1,A,Ridgway village (pt.),Illinois,613,612,607,597,578
071,17,059,99990,64031,00000,1,F,Balance of Ridgway township,Illinois,239,238,237,233,225
061,17,059,00000,69069,00000,0,A,Shawnee township,Illinois,171,171,169,168,163
071,17,059,55756,69069,00000,1,A,Old Shawneetown village,Illinois,114,114,113,113,109
071,17,059,99990,69069,00000,1,F,Balance of Shawnee township,Illinois,57,57,56,55,54
050,17,061,00000,00000,00000,0,A,Greene County,Illinois,11987,11936,11847,11640,11543
157,17,061,11462,00000,00000,0,A,Carrollton city,Illinois,2483,2473,2455,2415,2394
157,17,061,23022,00000,00000,0,A,Eldred village,Illinois,151,150,149,147,146
157,17,061,31368,00000,00000,0,A,Greenfield city,Illinois,1057,1053,1045,1025,1017
157,17,061,35203,00000,00000,0,A,Hillview village,Illinois,93,92,92,90,90
157,17,061,38869,00000,00000,0,A,Kane village,Illinois,297,296,292,287,284
157,17,061,64811,00000,00000,0,A,Rockbridge village,Illinois,177,176,175,172,171
157,17,061,65481,00000,00000,0,A,Roodhouse city,Illinois,1576,1569,1556,1527,1516
157,17,061,81256,00000,00000,0,A,White Hall city,Illinois,2285,2274,2258,2219,2201
157,17,061,82088,00000,00000,0,A,Wilmington village,Illinois,91,91,90,88,88
157,17,061,99990,00000,00000,0,F,Balance of Greene County,Illinois,3777,3762,3735,3670,3636
061,17,061,00000,02700,00000,1,A,Athensville township,Illinois,284,283,281,276,274
061,17,061,00000,06860,00000,0,A,Bluffdale township,Illinois,454,452,449,441,438
071,17,061,23022,06860,00000,1,A,Eldred village,Illinois,151,150,149,147,146
071,17,061,99990,06860,00000,1,F,Balance of Bluffdale township,Illinois,303,302,300,294,292
061,17,061,00000,11475,00000,0,A,Carrollton township,Illinois,2900,2888,2867,2818,2794
071,17,061,11462,11475,00000,1,A,Carrollton city,Illinois,2483,2473,2455,2415,2394
071,17,061,99990,11475,00000,1,F,Balance of Carrollton township,Illinois,417,415,412,403,400
061,17,061,00000,38882,00000,0,A,Kane township,Illinois,775,772,765,751,745
071,17,061,38869,38882,00000,1,A,Kane village,Illinois,297,296,292,287,284
071,17,061,99990,38882,00000,1,F,Balance of Kane township,Illinois,478,476,473,464,461
061,17,061,00000,43809,00000,1,A,Linder township,Illinois,319,318,315,310,305
061,17,061,00000,58096,00000,0,A,Patterson township,Illinois,406,404,402,396,394
071,17,061,35203,58096,00000,1,A,Hillview village,Illinois,93,92,92,90,90
071,17,061,82088,58096,00000,1,A,Wilmington village,Illinois,91,91,90,88,88
071,17,061,99990,58096,00000,1,F,Balance of Patterson township,Illinois,222,221,220,218,216
061,17,061,00000,64824,00000,0,A,Rockbridge township,Illinois,1563,1557,1545,1517,1505
071,17,061,31368,64824,00000,1,A,Greenfield city (pt.),Illinois,1056,1052,1044,1024,1016
071,17,061,64811,64824,00000,1,A,Rockbridge village,Illinois,177,176,175,172,171
071,17,061,99990,64824,00000,1,F,Balance of Rockbridge township,Illinois,330,329,326,321,318
061,17,061,00000,65494,00000,0,A,Roodhouse township,Illinois,1873,1865,1850,1816,1802
071,17,061,65481,65494,00000,1,A,Roodhouse city,Illinois,1576,1569,1556,1527,1516
071,17,061,99990,65494,00000,1,F,Balance of Roodhouse township,Illinois,297,296,294,289,286
061,17,061,00000,66235,00000,0,A,Rubicon township,Illinois,297,296,294,289,286
071,17,061,31368,66235,00000,1,A,Greenfield city (pt.),Illinois,1,1,1,1,1
071,17,061,99990,66235,00000,1,F,Balance of Rubicon township,Illinois,296,295,293,288,285
061,17,061,00000,78461,00000,1,A,Walkerville township,Illinois,164,163,162,159,158
061,17,061,00000,81269,00000,0,A,White Hall township,Illinois,2517,2505,2487,2444,2425
071,17,061,81256,81269,00000,1,A,White Hall city,Illinois,2285,2274,2258,2219,2201
071,17,061,99990,81269,00000,1,F,Balance of White Hall township,Illinois,232,231,229,225,224
061,17,061,00000,83401,00000,1,A,Woodville township,Illinois,209,208,207,203,201
061,17,061,00000,83583,00000,1,A,Wrights township,Illinois,226,225,223,220,216
050,17,063,00000,00000,00000,0,A,Grundy County,Illinois,52539,52516,52959,53149,53578
157,17,063,07640,00000,00000,0,A,Braceville village (pt.),Illinois,723,721,720,719,723
157,17,063,07770,00000,00000,0,A,Braidwood city (pt.),Illinois,6,6,6,6,6
157,17,063,11176,00000,00000,0,A,Carbon Hill village,Illinois,376,375,376,378,382
157,17,063,12476,00000,00000,0,A,Channahon village (pt.),Illinois,4158,4168,4277,4357,4442
157,17,063,15170,00000,00000,0,A,Coal City village (pt.),Illinois,5712,5696,5744,5747,5783
157,17,063,19837,00000,00000,0,A,Diamond village (pt.),Illinois,2632,2624,2648,2654,2679
157,17,063,21358,00000,00000,0,A,Dwight village (pt.),Illinois,15,15,15,15,15
157,17,063,21579,00000,00000,0,A,East Brooklyn village,Illinois,80,80,80,80,82
157,17,063,28638,00000,00000,0,A,Gardner village,Illinois,1362,1358,1358,1355,1363
157,17,063,30120,00000,00000,0,A,Godley village (pt.),Illinois,47,47,49,52,52
157,17,063,40143,00000,00000,0,A,Kinsman village,Illinois,90,90,90,90,90
157,17,063,47787,00000,00000,0,A,Mazon village,Illinois,981,978,977,977,980
157,17,063,49607,00000,00000,0,A,Minooka village (pt.),Illinois,9619,9623,9664,9689,9738
157,17,063,50491,00000,00000,0,A,Morris city,Illinois,14183,14212,14355,14393,14508
157,17,063,68640,00000,00000,0,A,Seneca village (pt.),Illinois,7,7,7,7,7
157,17,063,71370,00000,00000,0,A,South Wilmington village,Illinois,707,705,715,715,716
157,17,063,77707,00000,00000,0,A,Verona village,Illinois,207,206,209,209,210
157,17,063,99990,00000,00000,0,F,Balance of Grundy County,Illinois,11634,11605,11669,11706,11802
061,17,063,00000,03090,00000,0,A,Aux Sable township,Illinois,15361,15373,15534,15649,15801
071,17,063,12476,03090,00000,1,A,Channahon village (pt.),Illinois,4157,4167,4276,4356,4441
071,17,063,49607,03090,00000,1,A,Minooka village (pt.),Illinois,9619,9623,9664,9689,9738
071,17,063,99990,03090,00000,1,F,Balance of Aux Sable township,Illinois,1585,1583,1594,1604,1622
061,17,063,00000,07653,00000,0,A,Braceville township,Illinois,6466,6448,6496,6506,6551
071,17,063,07640,07653,00000,1,A,Braceville village (pt.),Illinois,723,721,720,719,723
071,17,063,07770,07653,00000,1,A,Braidwood city (pt.),Illinois,6,6,6,6,6
071,17,063,15170,07653,00000,1,A,Coal City village (pt.),Illinois,3712,3702,3732,3734,3759
071,17,063,19837,07653,00000,1,A,Diamond village (pt.),Illinois,1388,1384,1395,1397,1408
071,17,063,28638,07653,00000,1,A,Gardner village (pt.),Illinois,0,0,0,0,0
071,17,063,30120,07653,00000,1,A,Godley village (pt.),Illinois,47,47,49,52,52
071,17,063,99990,07653,00000,1,F,Balance of Braceville township,Illinois,590,588,594,598,603
061,17,063,00000,24400,00000,0,A,Erienna township,Illinois,2418,2421,2444,2451,2471
071,17,063,50491,24400,00000,1,A,Morris city (pt.),Illinois,1894,1898,1918,1923,1940
071,17,063,68640,24400,00000,1,A,Seneca village (pt.),Illinois,5,5,5,5,5
071,17,063,99990,24400,00000,1,F,Balance of Erienna township,Illinois,519,518,521,523,526
061,17,063,00000,25778,00000,0,A,Felix township,Illinois,4426,4413,4449,4457,4494
071,17,063,11176,25778,00000,1,A,Carbon Hill village,Illinois,376,375,376,378,382
071,17,063,15170,25778,00000,1,A,Coal City village (pt.),Illinois,1991,1985,2003,2004,2015
071,17,063,19837,25778,00000,1,A,Diamond village (pt.),Illinois,1244,1240,1253,1257,1271
071,17,063,99990,25778,00000,1,F,Balance of Felix township,Illinois,815,813,817,818,826
061,17,063,00000,28677,00000,0,A,Garfield township,Illinois,1449,1445,1445,1442,1450
071,17,063,28638,28677,00000,1,A,Gardner village (pt.),Illinois,1357,1353,1353,1350,1358
071,17,063,99990,28677,00000,1,F,Balance of Garfield township,Illinois,92,92,92,92,92
061,17,063,00000,30432,00000,0,A,Goodfarm township,Illinois,343,342,343,345,347
071,17,063,21358,30432,00000,1,A,Dwight village (pt.),Illinois,15,15,15,15,15
071,17,063,99990,30432,00000,1,F,Balance of Goodfarm township,Illinois,328,327,328,330,332
061,17,063,00000,30549,00000,0,A,Goose Lake township,Illinois,1755,1750,1760,1765,1779
071,17,063,12476,30549,00000,1,A,Channahon village (pt.),Illinois,0,0,0,0,0
071,17,063,99990,30549,00000,1,F,Balance of Goose Lake township,Illinois,1755,1750,1760,1765,1779
061,17,063,00000,31381,00000,0,A,Greenfield township,Illinois,995,992,1003,1003,1007
071,17,063,21579,31381,00000,1,A,East Brooklyn village,Illinois,80,80,80,80,82
071,17,063,28638,31381,00000,1,A,Gardner village (pt.),Illinois,5,5,5,5,5
071,17,063,71370,31381,00000,1,A,South Wilmington village,Illinois,707,705,715,715,716
071,17,063,99990,31381,00000,1,F,Balance of Greenfield township,Illinois,203,202,203,203,204
061,17,063,00000,34657,00000,0,A,Highland township,Illinois,262,261,262,262,263
071,17,063,40143,34657,00000,1,A,Kinsman village,Illinois,90,90,90,90,90
071,17,063,99990,34657,00000,1,F,Balance of Highland township,Illinois,172,171,172,172,173
061,17,063,00000,46175,00000,0,A,Maine township,Illinois,309,308,311,311,313
071,17,063,15170,46175,00000,1,A,Coal City village (pt.),Illinois,9,9,9,9,9
071,17,063,28638,46175,00000,1,A,Gardner village (pt.),Illinois,0,0,0,0,0
071,17,063,99990,46175,00000,1,F,Balance of Maine township,Illinois,300,299,302,302,304
061,17,063,00000,47800,00000,0,A,Mazon township,Illinois,1474,1470,1472,1472,1480
071,17,063,47787,47800,00000,1,A,Mazon village,Illinois,981,978,977,977,980
071,17,063,99990,47800,00000,1,F,Balance of Mazon township,Illinois,493,492,495,495,500
061,17,063,00000,50504,00000,0,A,Morris township,Illinois,7116,7130,7197,7212,7265
071,17,063,50491,50504,00000,1,A,Morris city (pt.),Illinois,7093,7107,7174,7189,7242
071,17,063,99990,50504,00000,1,F,Balance of Morris township,Illinois,23,23,23,23,23
061,17,063,00000,52038,00000,0,A,Nettle Creek township,Illinois,472,471,474,474,479
071,17,063,50491,52038,00000,1,A,Morris city (pt.),Illinois,0,0,0,0,0
071,17,063,99990,52038,00000,1,F,Balance of Nettle Creek township,Illinois,472,471,474,474,479
061,17,063,00000,53286,00000,0,A,Norman township,Illinois,326,325,328,328,332
071,17,063,68640,53286,00000,1,A,Seneca village (pt.),Illinois,2,2,2,2,2
071,17,063,99990,53286,00000,1,F,Balance of Norman township,Illinois,324,323,326,326,330
061,17,063,00000,67678,00000,0,A,Saratoga township,Illinois,6394,6402,6462,6484,6538
071,17,063,12476,67678,00000,1,A,Channahon village (pt.),Illinois,1,1,1,1,1
071,17,063,50491,67678,00000,1,A,Morris city (pt.),Illinois,5196,5207,5263,5281,5326
071,17,063,99990,67678,00000,1,F,Balance of Saratoga township,Illinois,1197,1194,1198,1202,1211
061,17,063,00000,77850,00000,0,A,Vienna township,Illinois,662,660,663,666,669
071,17,063,77707,77850,00000,1,A,Verona village,Illinois,207,206,209,209,210
071,17,063,99990,77850,00000,1,F,Balance of Vienna township,Illinois,455,454,454,457,459
061,17,063,00000,79345,00000,1,A,Wauponsee township,Illinois,2311,2305,2316,2322,2339
050,17,065,00000,00000,00000,0,A,Hamilton County,Illinois,7996,7999,7913,7981,7911
157,17,065,04793,00000,00000,0,A,Belle Prairie City town,Illinois,50,50,49,50,49
157,17,065,08875,00000,00000,0,A,Broughton village,Illinois,181,181,179,181,179
157,17,065,18303,00000,00000,0,A,Dahlgren village,Illinois,503,503,498,502,500
157,17,065,45642,00000,00000,0,A,Macedonia village (pt.),Illinois,16,16,16,16,16
157,17,065,45824,00000,00000,0,A,McLeansboro city,Illinois,2643,2644,2614,2634,2610
157,17,065,99990,00000,00000,0,F,Balance of Hamilton County,Illinois,4603,4605,4557,4598,4557
061,17,065,00000,04481,00000,1,A,Beaver Creek township,Illinois,258,258,255,258,253
061,17,065,00000,17627,00000,1,A,Crook township,Illinois,287,287,286,288,288
061,17,065,00000,17809,00000,0,A,Crouch township,Illinois,387,387,382,386,382
071,17,065,04793,17809,00000,1,A,Belle Prairie City town,Illinois,50,50,49,50,49
071,17,065,99990,17809,00000,1,F,Balance of Crouch township,Illinois,337,337,333,336,333
061,17,065,00000,18316,00000,0,A,Dahlgren township,Illinois,1146,1147,1132,1142,1132
071,17,065,18303,18316,00000,1,A,Dahlgren village,Illinois,503,503,498,502,500
071,17,065,99990,18316,00000,1,F,Balance of Dahlgren township,Illinois,643,644,634,640,632
061,17,065,00000,26324,00000,1,A,Flannigan township,Illinois,313,313,310,312,310
061,17,065,00000,40299,00000,0,A,Knight Prairie township,Illinois,533,533,528,532,527
071,17,065,45642,40299,00000,1,A,Macedonia village (pt.),Illinois,16,16,16,16,16
071,17,065,99990,40299,00000,1,F,Balance of Knight Prairie township,Illinois,517,517,512,516,511
061,17,065,00000,45837,00000,0,A,McLeansboro township,Illinois,3675,3677,3635,3664,3631
071,17,065,45824,45837,00000,1,A,McLeansboro city,Illinois,2643,2644,2614,2634,2610
071,17,065,99990,45837,00000,1,F,Balance of McLeansboro township,Illinois,1032,1033,1021,1030,1021
061,17,065,00000,47657,00000,0,A,Mayberry township,Illinois,446,446,441,447,443
071,17,065,08875,47657,00000,1,A,Broughton village,Illinois,181,181,179,181,179
071,17,065,99990,47657,00000,1,F,Balance of Mayberry township,Illinois,265,265,262,266,264
061,17,065,00000,70655,00000,1,A,South Crouch township,Illinois,199,199,197,199,197
061,17,065,00000,70785,00000,1,A,South Flannigan township,Illinois,140,140,139,140,138
061,17,065,00000,71305,00000,1,A,South Twigg township,Illinois,121,121,122,123,124
061,17,065,00000,76472,00000,1,A,Twigg township,Illinois,491,491,486,490,486
050,17,067,00000,00000,00000,0,A,Hancock County,Illinois,17613,17543,17376,17254,17186
157,17,067,02986,00000,00000,0,A,Augusta village,Illinois,558,556,549,546,544
157,17,067,04052,00000,00000,0,A,Basco village,Illinois,79,79,78,78,77
157,17,067,05274,00000,00000,0,A,Bentley town,Illinois,27,27,27,27,26
157,17,067,07510,00000,00000,0,A,Bowen village,Illinois,463,461,457,455,453
157,17,067,11527,00000,00000,0,A,Carthage city,Illinois,2499,2490,2469,2452,2441
157,17,067,18420,00000,00000,0,A,Dallas City city (pt.),Illinois,644,642,634,631,629
157,17,067,23841,00000,00000,0,A,Elvaston village,Illinois,148,148,146,145,145
157,17,067,25895,00000,00000,0,A,Ferris village,Illinois,127,127,124,123,122
157,17,067,32434,00000,00000,0,A,Hamilton city,Illinois,2754,2742,2716,2698,2689
157,17,067,40832,00000,00000,0,A,La Harpe city,Illinois,1178,1174,1161,1155,1152
157,17,067,51791,00000,00000,0,A,Nauvoo city,Illinois,946,941,932,927,923
157,17,067,60833,00000,00000,0,A,Plymouth village (pt.),Illinois,433,431,428,423,422
157,17,067,61080,00000,00000,0,A,Pontoosuc village,Illinois,102,102,101,100,100
157,17,067,78942,00000,00000,0,A,Warsaw city,Illinois,1513,1505,1490,1479,1473
157,17,067,80762,00000,00000,0,A,West Point village,Illinois,141,141,139,138,138
157,17,067,99990,00000,00000,0,S,Balance of Hancock County,Illinois,6001,5977,5925,5877,5852
061,17,067,00000,01621,00000,1,A,Appanoose township,Illinois,434,432,429,426,425
061,17,067,00000,02999,00000,0,A,Augusta township,Illinois,713,710,702,698,696
071,17,067,02986,02999,00000,1,A,Augusta village,Illinois,558,556,549,546,544
071,17,067,60833,02999,00000,1,A,Plymouth village (pt.),Illinois,3,3,3,3,3
071,17,067,99990,02999,00000,1,F,Balance of Augusta township,Illinois,152,151,150,149,149
061,17,067,00000,04338,00000,0,A,Bear Creek township,Illinois,322,321,318,314,313
071,17,067,04052,04338,00000,1,A,Basco village,Illinois,79,79,78,78,77
071,17,067,99990,04338,00000,1,F,Balance of Bear Creek township,Illinois,243,242,240,236,236
061,17,067,00000,11540,00000,0,A,Carthage township,Illinois,2970,2959,2934,2912,2900
071,17,067,11527,11540,00000,1,A,Carthage city,Illinois,2499,2490,2469,2452,2441
071,17,067,99990,11540,00000,1,F,Balance of Carthage township,Illinois,471,469,465,460,459
061,17,067,00000,14104,00000,0,A,Chili township,Illinois,616,613,608,603,601
071,17,067,07510,14104,00000,1,A,Bowen village,Illinois,463,461,457,455,453
071,17,067,99990,14104,00000,1,F,Balance of Chili township,Illinois,153,152,151,148,148
061,17,067,00000,18433,00000,0,A,Dallas City township,Illinois,875,872,862,858,853
071,17,067,18420,18433,00000,1,A,Dallas City city (pt.),Illinois,644,642,634,631,629
071,17,067,99990,18433,00000,1,F,Balance of Dallas City township,Illinois,231,230,228,227,224
061,17,067,00000,21306,00000,1,A,Durham township,Illinois,255,254,252,250,247
061,17,067,00000,27325,00000,1,A,Fountain Green township,Illinois,244,243,241,240,239
061,17,067,00000,32629,00000,1,A,Hancock township,Illinois,252,251,249,247,247
061,17,067,00000,32993,00000,0,A,Harmony township,Illinois,304,303,301,297,295
071,17,067,05274,32993,00000,1,A,Bentley town,Illinois,27,27,27,27,26
071,17,067,99990,32993,00000,1,F,Balance of Harmony township,Illinois,277,276,274,270,269
061,17,067,00000,40845,00000,0,A,La Harpe township,Illinois,1387,1382,1367,1360,1355
071,17,067,40832,40845,00000,1,A,La Harpe city,Illinois,1178,1174,1161,1155,1152
071,17,067,99990,40845,00000,1,F,Balance of La Harpe township,Illinois,209,208,206,205,203
061,17,067,00000,50140,00000,0,A,Montebello township,Illinois,3341,3327,3296,3274,3264
071,17,067,23841,50140,00000,1,A,Elvaston village (pt.),Illinois,4,4,4,4,4
071,17,067,32434,50140,00000,1,A,Hamilton city,Illinois,2754,2742,2716,2698,2689
071,17,067,99990,50140,00000,1,F,Balance of Montebello township,Illinois,583,581,576,572,571
061,17,067,00000,51804,00000,0,A,Nauvoo township,Illinois,945,940,931,926,922
071,17,067,51791,51804,00000,1,A,Nauvoo city (pt.),Illinois,901,896,888,883,879
071,17,067,99990,51804,00000,1,F,Balance of Nauvoo township,Illinois,44,44,43,43,43
061,17,067,00000,59845,00000,1,A,Pilot Grove township,Illinois,248,247,245,243,241
061,17,067,00000,61093,00000,0,A,Pontoosuc township,Illinois,343,342,339,337,336
071,17,067,18420,61093,00000,1,A,Dallas City city (pt.),Illinois,0,0,0,0,0
071,17,067,61080,61093,00000,1,A,Pontoosuc village,Illinois,102,102,101,100,100
071,17,067,99990,61093,00000,1,F,Balance of Pontoosuc township,Illinois,241,240,238,237,236
061,17,067,00000,61496,00000,0,A,Prairie township,Illinois,386,385,381,376,376
071,17,067,23841,61496,00000,1,A,Elvaston village (pt.),Illinois,144,144,142,141,141
071,17,067,25895,61496,00000,1,A,Ferris village (pt.),Illinois,0,0,0,0,0
071,17,067,99990,61496,00000,1,F,Balance of Prairie township,Illinois,242,241,239,235,235
061,17,067,00000,64876,00000,0,A,Rock Creek township,Illinois,319,318,314,312,310
071,17,067,25895,64876,00000,1,A,Ferris village (pt.),Illinois,127,127,124,123,122
071,17,067,99990,64876,00000,1,F,Balance of Rock Creek township,Illinois,192,191,190,189,188
061,17,067,00000,65240,00000,1,A,Rocky Run-Wilcox township,Illinois,292,291,288,287,284
061,17,067,00000,66612,00000,0,A,St. Albans township,Illinois,308,307,304,302,301
071,17,067,80762,66612,00000,1,A,West Point village,Illinois,141,141,139,138,138
071,17,067,99990,66612,00000,1,F,Balance of St. Albans township,Illinois,167,166,165,164,163
061,17,067,00000,67054,00000,0,A,St. Mary township,Illinois,561,559,554,550,549
071,17,067,60833,67054,00000,1,A,Plymouth village (pt.),Illinois,430,428,425,420,419
071,17,067,99990,67054,00000,1,F,Balance of St. Mary township,Illinois,131,131,129,130,130
061,17,067,00000,70499,00000,0,A,Sonora township,Illinois,448,447,442,438,437
071,17,067,51791,70499,00000,1,A,Nauvoo city (pt.),Illinois,45,45,44,44,44
071,17,067,99990,70499,00000,1,F,Balance of Sonora township,Illinois,403,402,398,394,393
061,17,067,00000,78422,00000,1,A,Walker township,Illinois,288,287,283,281,280
061,17,067,00000,78955,00000,0,B,Warsaw township,Illinois,1513,1505,1490,1479,1473
071,17,067,78942,78955,00000,1,A,Warsaw city,Illinois,1513,1505,1490,1479,1473
061,17,067,00000,83713,00000,1,A,Wythe township,Illinois,249,248,246,244,242
050,17,069,00000,00000,00000,0,A,Hardin County,Illinois,3647,3642,3635,3572,3569
157,17,069,11826,00000,00000,1,A,Cave-In-Rock village,Illinois,229,229,228,223,223
157,17,069,23191,00000,00000,1,A,Elizabethtown village,Illinois,223,223,222,219,219
157,17,069,65897,00000,00000,1,A,Rosiclare city,Illinois,980,978,974,957,955
157,17,069,99990,00000,00000,1,F,Balance of Hardin County,Illinois,2215,2212,2211,2173,2172
050,17,071,00000,00000,00000,0,A,Henderson County,Illinois,6385,6335,6306,6168,6088
157,17,071,05898,00000,00000,0,A,Biggsville village,Illinois,304,301,300,291,289
157,17,071,18420,00000,00000,0,A,Dallas City city (pt.),Illinois,166,165,164,162,159
157,17,071,29431,00000,00000,0,A,Gladstone village,Illinois,234,232,231,223,221
157,17,071,31991,00000,00000,0,A,Gulfport village,Illinois,39,39,38,38,37
157,17,071,44381,00000,00000,0,A,Lomax village,Illinois,406,403,400,389,384
157,17,071,48073,00000,00000,0,A,Media village,Illinois,119,118,117,114,113
157,17,071,56237,00000,00000,0,A,Oquawka village,Illinois,1131,1124,1119,1092,1078
157,17,071,62848,00000,00000,0,A,Raritan village,Illinois,103,102,101,99,98
157,17,071,73261,00000,00000,0,A,Stronghurst village,Illinois,824,817,811,793,781
157,17,071,99990,00000,00000,0,S,Balance of Henderson County,Illinois,3059,3034,3025,2967,2928
061,17,071,00000,03415,00000,1,A,Bald Bluff township,Illinois,222,220,219,216,213
061,17,071,00000,05911,00000,0,A,Biggsville township,Illinois,550,545,542,530,525
071,17,071,05898,05911,00000,1,A,Biggsville village,Illinois,304,301,300,291,289
071,17,071,99990,05911,00000,1,F,Balance of Biggsville township,Illinois,246,244,242,239,236
061,17,071,00000,11280,00000,0,A,Carman township,Illinois,240,238,238,233,231
071,17,071,31991,11280,00000,1,A,Gulfport village (pt.),Illinois,7,7,7,7,7
071,17,071,99990,11280,00000,1,S,Balance of Carman township,Illinois,233,231,231,226,224
061,17,071,00000,29444,00000,0,A,Gladstone township,Illinois,817,810,807,789,780
071,17,071,29431,29444,00000,1,A,Gladstone village,Illinois,234,232,231,223,221
071,17,071,31991,29444,00000,1,A,Gulfport village (pt.),Illinois,32,32,31,31,30
071,17,071,99990,29444,00000,1,F,Balance of Gladstone township,Illinois,551,546,545,535,529
061,17,071,00000,44394,00000,0,A,Lomax township,Illinois,743,738,733,716,705
071,17,071,18420,44394,00000,1,A,Dallas City city (pt.),Illinois,166,165,164,162,159
071,17,071,44381,44394,00000,1,A,Lomax village,Illinois,406,403,400,389,384
071,17,071,99990,44394,00000,1,F,Balance of Lomax township,Illinois,171,170,169,165,162
061,17,071,00000,48086,00000,0,A,Media township,Illinois,358,355,353,344,340
071,17,071,48073,48086,00000,1,A,Media village,Illinois,119,118,117,114,113
071,17,071,73261,48086,00000,1,A,Stronghurst village (pt.),Illinois,81,80,80,78,77
071,17,071,99990,48086,00000,1,F,Balance of Media township,Illinois,158,157,156,152,150
061,17,071,00000,56250,00000,0,A,Oquawka township,Illinois,1665,1654,1649,1611,1593
071,17,071,56237,56250,00000,1,A,Oquawka village,Illinois,1131,1124,1119,1092,1078
071,17,071,99990,56250,00000,1,F,Balance of Oquawka township,Illinois,534,530,530,519,515
061,17,071,00000,62861,00000,0,A,Raritan township,Illinois,250,248,246,240,238
071,17,071,62848,62861,00000,1,A,Raritan village,Illinois,103,102,101,99,98
071,17,071,99990,62861,00000,1,F,Balance of Raritan township,Illinois,147,146,145,141,140
061,17,071,00000,66222,00000,1,A,Rozetta township,Illinois,239,237,236,232,227
061,17,071,00000,73274,00000,0,A,Stronghurst township,Illinois,1079,1070,1064,1041,1025
071,17,071,73261,73274,00000,1,A,Stronghurst village (pt.),Illinois,743,737,731,715,704
071,17,071,99990,73274,00000,1,F,Balance of Stronghurst township,Illinois,336,333,333,326,321
061,17,071,00000,74730,00000,1,A,Terre Haute township,Illinois,222,220,219,216,211
050,17,073,00000,00000,00000,0,A,Henry County,Illinois,49282,49167,48911,48596,48448
157,17,073,00971,00000,00000,0,A,Alpha village,Illinois,674,672,667,662,658
157,17,073,01491,00000,00000,0,A,Andover village,Illinois,555,554,549,545,541
157,17,073,01569,00000,00000,0,A,Annawan town (pt.),Illinois,886,884,877,869,867
157,17,073,02726,00000,00000,0,A,Atkinson town,Illinois,958,956,949,942,938
157,17,073,06171,00000,00000,0,A,Bishop Hill village,Illinois,113,113,114,111,113
157,17,073,10643,00000,00000,0,A,Cambridge village,Illinois,2090,2085,2071,2052,2047
157,17,073,14923,00000,00000,0,A,Cleveland village,Illinois,162,162,161,160,159
157,17,073,15235,00000,00000,0,A,Coal Valley village (pt.),Illinois,174,174,173,174,171
157,17,073,15664,00000,00000,0,A,Colona city,Illinois,5051,5036,5021,4982,4977
157,17,073,28430,00000,00000,0,A,Galva city,Illinois,2465,2459,2445,2425,2414
157,17,073,28846,00000,00000,0,A,Geneseo city,Illinois,6536,6540,6509,6540,6525
157,17,073,36074,00000,00000,0,A,Hooppole village,Illinois,179,179,178,174,174
157,17,073,39727,00000,00000,0,A,Kewanee city,Illinois,12498,12458,12382,12272,12222
157,17,073,56601,00000,00000,0,A,Orion village,Illinois,1759,1755,1746,1734,1727
157,17,073,83063,00000,00000,0,A,Woodhull village,Illinois,755,753,747,740,738
157,17,073,99990,00000,00000,0,S,Balance of Henry County,Illinois,14427,14387,14322,14214,14177
061,17,073,00000,00503,00000,0,A,Alba township,Illinois,171,171,170,169,168
071,17,073,01569,00503,00000,1,A,Annawan town (pt.),Illinois,0,0,0,0,0
071,17,073,99990,00503,00000,1,F,Balance of Alba township,Illinois,171,171,170,169,168
061,17,073,00000,01504,00000,0,A,Andover township,Illinois,888,886,880,873,868
071,17,073,01491,01504,00000,1,A,Andover village,Illinois,555,554,549,545,541
071,17,073,10643,01504,00000,1,A,Cambridge village (pt.),Illinois,3,3,3,3,3
071,17,073,99990,01504,00000,1,F,Balance of Andover township,Illinois,330,329,328,325,324
061,17,073,00000,01582,00000,0,A,Annawan township,Illinois,1121,1118,1110,1101,1096
071,17,073,01569,01582,00000,1,A,Annawan town (pt.),Illinois,886,884,877,869,867
071,17,073,99990,01582,00000,1,F,Balance of Annawan township,Illinois,235,234,233,232,229
061,17,073,00000,02739,00000,0,A,Atkinson township,Illinois,1240,1237,1229,1220,1215
071,17,073,02726,02739,00000,1,A,Atkinson town (pt.),Illinois,958,956,949,942,938
071,17,073,99990,02739,00000,1,F,Balance of Atkinson township,Illinois,282,281,280,278,277
061,17,073,00000,09824,00000,1,A,Burns township,Illinois,239,238,237,236,235
061,17,073,00000,10656,00000,0,A,Cambridge township,Illinois,2429,2423,2407,2386,2380
071,17,073,10643,10656,00000,1,A,Cambridge village (pt.),Illinois,2087,2082,2068,2049,2044
071,17,073,99990,10656,00000,1,F,Balance of Cambridge township,Illinois,342,341,339,337,336
061,17,073,00000,15040,00000,0,A,Clover township,Illinois,850,848,842,834,832
071,17,073,83063,15040,00000,1,A,Woodhull village (pt.),Illinois,650,648,643,637,635
071,17,073,99990,15040,00000,1,F,Balance of Clover township,Illinois,200,200,199,197,197
061,17,073,00000,15677,00000,0,A,Colona township,Illinois,6717,6698,6675,6624,6613
071,17,073,14923,15677,00000,1,A,Cleveland village (pt.),Illinois,4,4,4,4,4
071,17,073,15235,15677,00000,1,A,Coal Valley village (pt.),Illinois,174,174,173,174,171
071,17,073,15664,15677,00000,1,A,Colona city,Illinois,5051,5036,5021,4982,4977
071,17,073,99990,15677,00000,1,F,Balance of Colona township,Illinois,1488,1484,1477,1464,1461
061,17,073,00000,16444,00000,0,A,Cornwall township,Illinois,259,258,257,255,255
071,17,073,02726,16444,00000,1,A,Atkinson town (pt.),Illinois,0,0,0,0,0
071,17,073,99990,16444,00000,1,F,Balance of Cornwall township,Illinois,259,258,257,255,255
061,17,073,00000,22476,00000,1,A,Edford township,Illinois,654,652,649,645,643
061,17,073,00000,28443,00000,0,A,Galva township,Illinois,2716,2709,2694,2672,2661
071,17,073,28430,28443,00000,1,A,Galva city,Illinois,2465,2459,2445,2425,2414
071,17,073,99990,28443,00000,1,F,Balance of Galva township,Illinois,251,250,249,247,247
061,17,073,00000,28859,00000,0,A,Geneseo township,Illinois,7549,7550,7517,7541,7526
071,17,073,28846,28859,00000,1,A,Geneseo city,Illinois,6536,6540,6509,6540,6525
071,17,073,99990,28859,00000,1,F,Balance of Geneseo township,Illinois,1013,1010,1008,1001,1001
061,17,073,00000,32642,00000,0,A,Hanna township,Illinois,2399,2393,2382,2365,2358
071,17,073,14923,32642,00000,1,A,Cleveland village (pt.),Illinois,158,158,157,156,155
071,17,073,99990,32642,00000,1,F,Balance of Hanna township,Illinois,2241,2235,2225,2209,2203
061,17,073,00000,39740,00000,0,A,Kewanee township,Illinois,9788,9756,9697,9608,9569
071,17,073,39727,39740,00000,1,A,Kewanee city (pt.),Illinois,9049,9019,8965,8882,8845
071,17,073,99990,39740,00000,1,F,Balance of Kewanee township,Illinois,739,737,732,726,724
061,17,073,00000,44732,00000,1,A,Loraine township,Illinois,257,256,255,253,253
061,17,073,00000,45304,00000,1,A,Lynn township,Illinois,790,788,784,779,777
061,17,073,00000,51388,00000,1,A,Munson township,Illinois,363,362,361,359,358
061,17,073,00000,56809,00000,1,A,Osco township,Illinois,425,424,422,419,416
061,17,073,00000,57108,00000,0,A,Oxford township,Illinois,1158,1155,1147,1137,1133
071,17,073,00971,57108,00000,1,A,Alpha village,Illinois,674,672,667,662,658
071,17,073,83063,57108,00000,1,A,Woodhull village (pt.),Illinois,105,105,104,103,103
071,17,073,99990,57108,00000,1,F,Balance of Oxford township,Illinois,379,378,376,372,372
061,17,073,00000,59462,00000,1,A,Phenix township,Illinois,1695,1691,1683,1670,1664
061,17,073,00000,79722,00000,0,A,Weller township,Illinois,396,395,395,390,391
071,17,073,06171,79722,00000,1,A,Bishop Hill village,Illinois,113,113,114,111,113
071,17,073,99990,79722,00000,1,S,Balance of Weller township,Illinois,283,282,281,279,278
061,17,073,00000,80190,00000,0,A,Western township,Illinois,2934,2927,2912,2889,2880
071,17,073,56601,80190,00000,1,A,Orion village,Illinois,1759,1755,1746,1734,1727
071,17,073,99990,80190,00000,1,F,Balance of Western township,Illinois,1175,1172,1166,1155,1153
061,17,073,00000,80983,00000,0,A,Wethersfield township,Illinois,3805,3794,3770,3741,3727
071,17,073,39727,80983,00000,1,A,Kewanee city (pt.),Illinois,3449,3439,3417,3390,3377
071,17,073,99990,80983,00000,1,F,Balance of Wethersfield township,Illinois,356,355,353,351,350
061,17,073,00000,84012,00000,0,A,Yorktown township,Illinois,439,438,436,430,430
071,17,073,36074,84012,00000,1,A,Hooppole village,Illinois,179,179,178,174,174
071,17,073,99990,84012,00000,1,F,Balance of Yorktown township,Illinois,260,259,258,256,256
050,17,075,00000,00000,00000,0,A,Iroquois County,Illinois,27082,26984,26775,26493,26136
157,17,075,02479,00000,00000,0,A,Ashkum village,Illinois,750,747,743,733,721
157,17,075,04507,00000,00000,0,A,Beaverville village,Illinois,306,305,302,297,293
157,17,075,09317,00000,00000,0,A,Buckley village,Illinois,493,491,485,480,472
157,17,075,12801,00000,00000,0,A,Chebanse village (pt.),Illinois,653,651,643,636,627
157,17,075,14468,00000,00000,0,A,Cissna Park village,Illinois,815,812,803,794,782
157,17,075,14936,00000,00000,0,A,Clifton village,Illinois,1357,1352,1338,1321,1304
157,17,075,17406,00000,00000,0,A,Crescent City village,Illinois,556,554,549,539,532
157,17,075,18498,00000,00000,0,A,Danforth village,Illinois,596,594,588,582,575
157,17,075,20331,00000,00000,0,A,Donovan village,Illinois,249,248,246,241,238
157,17,075,29275,00000,00000,0,A,Gilman city,Illinois,1746,1740,1722,1701,1678
157,17,075,37712,00000,00000,0,A,Iroquois village,Illinois,132,132,130,129,129
157,17,075,44264,00000,00000,0,A,Loda village,Illinois,357,356,353,349,344
157,17,075,47280,00000,00000,0,A,Martinton village,Illinois,336,335,332,326,322
157,17,075,49048,00000,00000,0,A,Milford village,Illinois,1163,1159,1147,1132,1114
157,17,075,56081,00000,00000,0,A,Onarga village,Illinois,1332,1327,1314,1297,1283
157,17,075,57576,00000,00000,0,A,Papineau village,Illinois,136,135,134,133,131
157,17,075,69212,00000,00000,0,A,Sheldon village,Illinois,970,967,956,944,932
157,17,075,74847,00000,00000,0,A,Thawville village,Illinois,215,214,212,210,207
157,17,075,79228,00000,00000,0,A,Watseka city,Illinois,4687,4670,4624,4572,4510
157,17,075,79735,00000,00000,0,A,Wellington village,Illinois,205,204,203,200,196
157,17,075,83102,00000,00000,0,A,Woodland village,Illinois,248,247,245,242,239
157,17,075,99990,00000,00000,0,F,Balance of Iroquois County,Illinois,9780,9744,9706,9635,9507
061,17,075,00000,02401,00000,0,A,Artesia township,Illinois,834,831,824,815,803
071,17,075,09317,02401,00000,1,A,Buckley village,Illinois,493,491,485,480,472
071,17,075,99990,02401,00000,1,F,Balance of Artesia township,Illinois,341,340,339,335,331
061,17,075,00000,02453,00000,1,A,Ash Grove township,Illinois,653,651,647,642,634
061,17,075,00000,02492,00000,0,A,Ashkum township,Illinois,1430,1425,1417,1402,1381
071,17,075,02479,02492,00000,1,A,Ashkum village,Illinois,750,747,743,733,721
071,17,075,99990,02492,00000,1,F,Balance of Ashkum township,Illinois,680,678,674,669,660
061,17,075,00000,04455,00000,0,A,Beaver township,Illinois,473,471,467,462,456
071,17,075,20331,04455,00000,1,A,Donovan village,Illinois,249,248,246,241,238
071,17,075,99990,04455,00000,1,F,Balance of Beaver township,Illinois,224,223,221,221,218
061,17,075,00000,04520,00000,0,A,Beaverville township,Illinois,511,509,505,499,493
071,17,075,04507,04520,00000,1,A,Beaverville village,Illinois,306,305,302,297,293
071,17,075,99990,04520,00000,1,F,Balance of Beaverville township,Illinois,205,204,203,202,200
061,17,075,00000,05014,00000,0,A,Belmont township,Illinois,2438,2429,2409,2385,2353
071,17,075,79228,05014,00000,1,A,Watseka city (pt.),Illinois,1458,1453,1437,1422,1402
071,17,075,83102,05014,00000,1,A,Woodland village,Illinois,248,247,245,242,239
071,17,075,99990,05014,00000,1,F,Balance of Belmont township,Illinois,732,729,727,721,712
061,17,075,00000,12814,00000,0,A,Chebanse township,Illinois,2887,2877,2855,2826,2792
071,17,075,12801,12814,00000,1,A,Chebanse village (pt.),Illinois,653,651,643,636,627
071,17,075,14936,12814,00000,1,A,Clifton village,Illinois,1357,1352,1338,1321,1304
071,17,075,99990,12814,00000,1,F,Balance of Chebanse township,Illinois,877,874,874,869,861
061,17,075,00000,16041,00000,0,A,Concord township,Illinois,376,375,373,369,366
071,17,075,37712,16041,00000,1,A,Iroquois village,Illinois,132,132,130,129,129
071,17,075,99990,16041,00000,1,F,Balance of Concord township,Illinois,244,243,243,240,237
061,17,075,00000,17367,00000,0,A,Crescent township,Illinois,538,536,532,526,519
071,17,075,17406,17367,00000,1,A,Crescent City village (pt.),Illinois,250,249,247,242,239
071,17,075,99990,17367,00000,1,F,Balance of Crescent township,Illinois,288,287,285,284,280
061,17,075,00000,18511,00000,0,A,Danforth township,Illinois,892,889,883,873,862
071,17,075,18498,18511,00000,1,A,Danforth village,Illinois,596,594,588,582,575
071,17,075,99990,18511,00000,1,F,Balance of Danforth township,Illinois,296,295,295,291,287
061,17,075,00000,20487,00000,0,A,Douglas township,Illinois,2047,2040,2022,1997,1970
071,17,075,29275,20487,00000,1,A,Gilman city,Illinois,1746,1740,1722,1701,1678
071,17,075,99990,20487,00000,1,F,Balance of Douglas township,Illinois,301,300,300,296,292
061,17,075,00000,27286,00000,1,A,Fountain Creek township,Illinois,302,301,298,297,291
061,17,075,00000,37725,00000,0,A,Iroquois township,Illinois,556,554,549,543,536
071,17,075,17406,37725,00000,1,A,Crescent City village (pt.),Illinois,306,305,302,297,293
071,17,075,99990,37725,00000,1,F,Balance of Iroquois township,Illinois,250,249,247,246,243
061,17,075,00000,44277,00000,0,A,Loda township,Illinois,1445,1440,1433,1422,1403
071,17,075,44264,44277,00000,1,A,Loda village,Illinois,357,356,353,349,344
071,17,075,99990,44277,00000,1,F,Balance of Loda township,Illinois,1088,1084,1080,1073,1059
061,17,075,00000,44979,00000,0,A,Lovejoy township,Illinois,376,374,372,367,363
071,17,075,79735,44979,00000,1,A,Wellington village,Illinois,205,204,203,200,196
071,17,075,99990,44979,00000,1,F,Balance of Lovejoy township,Illinois,171,170,169,167,167
061,17,075,00000,47293,00000,0,A,Martinton township,Illinois,834,831,826,817,806
071,17,075,47280,47293,00000,1,A,Martinton village,Illinois,336,335,332,326,322
071,17,075,99990,47293,00000,1,F,Balance of Martinton township,Illinois,498,496,494,491,484
061,17,075,00000,48814,00000,0,A,Middleport township,Illinois,3744,3730,3698,3657,3607
071,17,075,79228,48814,00000,1,A,Watseka city (pt.),Illinois,3229,3217,3187,3150,3108
071,17,075,99990,48814,00000,1,F,Balance of Middleport township,Illinois,515,513,511,507,499
061,17,075,00000,49061,00000,0,A,Milford township,Illinois,1491,1486,1471,1455,1432
071,17,075,49048,49061,00000,1,A,Milford village,Illinois,1163,1159,1147,1132,1114
071,17,075,99990,49061,00000,1,F,Balance of Milford township,Illinois,328,327,324,323,318
061,17,075,00000,49074,00000,1,A,Milks Grove township,Illinois,163,162,161,161,157
061,17,075,00000,56094,00000,0,A,Onarga township,Illinois,1616,1610,1595,1577,1559
071,17,075,56081,56094,00000,1,A,Onarga village,Illinois,1332,1327,1314,1297,1283
071,17,075,99990,56094,00000,1,F,Balance of Onarga township,Illinois,284,283,281,280,276
061,17,075,00000,57589,00000,0,A,Papineau township,Illinois,441,439,437,433,427
071,17,075,57576,57589,00000,1,A,Papineau village,Illinois,136,135,134,133,131
071,17,075,99990,57589,00000,1,F,Balance of Papineau township,Illinois,305,304,303,300,296
061,17,075,00000,59767,00000,0,A,Pigeon Grove township,Illinois,1123,1119,1110,1098,1082
071,17,075,14468,59767,00000,1,A,Cissna Park village,Illinois,815,812,803,794,782
071,17,075,99990,59767,00000,1,F,Balance of Pigeon Grove township,Illinois,308,307,307,304,300
061,17,075,00000,61665,00000,1,A,Prairie Green township,Illinois,165,164,163,163,159
061,17,075,00000,63901,00000,0,A,Ridgeland township,Illinois,320,319,316,313,308
071,17,075,74847,63901,00000,1,A,Thawville village,Illinois,215,214,212,210,207
071,17,075,99990,63901,00000,1,F,Balance of Ridgeland township,Illinois,105,105,104,103,101
061,17,075,00000,69225,00000,0,A,Sheldon township,Illinois,1226,1222,1211,1196,1181
071,17,075,69212,69225,00000,1,A,Sheldon village,Illinois,970,967,956,944,932
071,17,075,99990,69225,00000,1,F,Balance of Sheldon township,Illinois,256,255,255,252,249
061,17,075,00000,72773,00000,1,A,Stockland township,Illinois,201,200,201,198,196
050,17,077,00000,00000,00000,0,A,Jackson County,Illinois,52966,52891,52604,52477,52141
157,17,077,03103,00000,00000,0,A,Ava city,Illinois,550,549,546,545,542
157,17,077,10773,00000,00000,0,A,Campbell Hill village,Illinois,311,311,309,306,304
157,17,077,11163,00000,00000,0,A,Carbondale city (pt.),Illinois,21925,21890,21769,21725,21592
157,17,077,19616,00000,00000,0,A,De Soto village,Illinois,1402,1400,1393,1390,1381
157,17,077,20565,00000,00000,0,A,Dowell village,Illinois,368,368,366,365,364
157,17,077,23373,00000,00000,0,A,Elkville village,Illinois,837,836,832,829,822
157,17,077,30588,00000,00000,0,A,Gorham village,Illinois,170,170,169,169,167
157,17,077,30770,00000,00000,0,A,Grand Tower city,Illinois,478,477,475,474,469
157,17,077,46214,00000,00000,0,A,Makanda village,Illinois,538,537,534,533,530
157,17,077,51453,00000,00000,0,A,Murphysboro city,Illinois,7093,7082,7038,7015,6963
157,17,077,77525,00000,00000,0,A,Vergennes village,Illinois,235,235,233,233,233
157,17,077,99990,00000,00000,0,S,Balance of Jackson County,Illinois,19059,19036,18940,18893,18774
061,17,077,00000,07731,00000,0,A,Bradley township,Illinois,1902,1900,1886,1880,1868
071,17,077,03103,07731,00000,1,A,Ava city,Illinois,550,549,546,545,542
071,17,077,10773,07731,00000,1,A,Campbell Hill village,Illinois,311,311,309,306,304
071,17,077,99990,07731,00000,1,F,Balance of Bradley township,Illinois,1041,1040,1031,1029,1022
061,17,077,00000,11170,00000,0,A,Carbondale township,Illinois,24682,24644,24510,24462,24312
071,17,077,11163,11170,00000,1,A,Carbondale city (pt.),Illinois,21865,21830,21709,21665,21533
071,17,077,99990,11170,00000,1,F,Balance of Carbondale township,Illinois,2817,2814,2801,2797,2779
061,17,077,00000,19148,00000,1,A,Degognia township,Illinois,144,144,143,143,142
061,17,077,00000,19629,00000,0,A,De Soto township,Illinois,2292,2289,2277,2272,2257
071,17,077,19616,19629,00000,1,A,De Soto village,Illinois,1402,1400,1393,1390,1381
071,17,077,99990,19629,00000,1,F,Balance of De Soto township,Illinois,890,889,884,882,876
061,17,077,00000,23217,00000,0,A,Elk township,Illinois,1743,1741,1733,1729,1718
071,17,077,20565,23217,00000,1,A,Dowell village,Illinois,368,368,366,365,364
071,17,077,23373,23217,00000,1,A,Elkville village,Illinois,837,836,832,829,822
071,17,077,99990,23217,00000,1,F,Balance of Elk township,Illinois,538,537,535,535,532
061,17,077,00000,27260,00000,1,A,Fountain Bluff township,Illinois,194,194,193,192,191
061,17,077,00000,30783,00000,0,A,Grand Tower township,Illinois,562,561,558,557,552
071,17,077,30770,30783,00000,1,A,Grand Tower city,Illinois,478,477,475,474,469
071,17,077,99990,30783,00000,1,F,Balance of Grand Tower township,Illinois,84,84,83,83,83
061,17,077,00000,40104,00000,1,A,Kinkaid township,Illinois,457,456,454,453,450
061,17,077,00000,42990,00000,1,A,Levan township,Illinois,840,839,835,832,827
061,17,077,00000,46227,00000,0,A,Makanda township,Illinois,4046,4041,4021,4013,3988
071,17,077,11163,46227,00000,1,A,Carbondale city (pt.),Illinois,0,0,0,0,0
071,17,077,46214,46227,00000,1,A,Makanda village,Illinois,538,537,534,533,530
071,17,077,99990,46227,00000,1,F,Balance of Makanda township,Illinois,3508,3504,3487,3480,3458
061,17,077,00000,51466,00000,0,A,Murphysboro township,Illinois,9466,9452,9397,9367,9301
071,17,077,11163,51466,00000,1,A,Carbondale city (pt.),Illinois,60,60,60,60,59
071,17,077,51453,51466,00000,1,A,Murphysboro city (pt.),Illinois,5819,5809,5773,5753,5710
071,17,077,99990,51466,00000,1,F,Balance of Murphysboro township,Illinois,3587,3583,3564,3554,3532
061,17,077,00000,56276,00000,1,A,Ora township,Illinois,511,510,508,504,501
061,17,077,00000,60963,00000,1,A,Pomona township,Illinois,783,782,778,776,771
061,17,077,00000,67522,00000,0,A,Sand Ridge township,Illinois,677,676,673,671,666
071,17,077,30588,67522,00000,1,A,Gorham village,Illinois,170,170,169,169,167
071,17,077,99990,67522,00000,1,F,Balance of Sand Ridge township,Illinois,507,506,504,502,499
061,17,077,00000,70408,00000,0,A,Somerset township,Illinois,3989,3985,3965,3954,3930
071,17,077,51453,70408,00000,1,A,Murphysboro city (pt.),Illinois,1274,1273,1265,1262,1253
071,17,077,99990,70408,00000,1,S,Balance of Somerset township,Illinois,2715,2712,2700,2692,2677
061,17,077,00000,77538,00000,0,A,Vergennes township,Illinois,678,677,673,672,667
071,17,077,77525,77538,00000,1,A,Vergennes village,Illinois,235,235,233,233,233
071,17,077,99990,77538,00000,1,F,Balance of Vergennes township,Illinois,443,442,440,439,434
050,17,079,00000,00000,00000,0,A,Jasper County,Illinois,9287,9241,9193,9172,9144
157,17,079,34553,00000,00000,0,A,Hidalgo village,Illinois,110,109,109,109,108
157,17,079,52844,00000,00000,0,A,Newton city,Illinois,2781,2768,2753,2750,2743
157,17,079,65754,00000,00000,0,A,Rose Hill village,Illinois,86,85,85,85,85
157,17,079,66800,00000,00000,0,A,Ste. Marie village,Illinois,234,233,230,229,229
157,17,079,81074,00000,00000,0,A,Wheeler village,Illinois,96,95,95,97,97
157,17,079,82010,00000,00000,0,A,Willow Hill village,Illinois,171,170,169,169,168
157,17,079,83765,00000,00000,0,A,Yale village,Illinois,67,67,66,66,66
157,17,079,99990,00000,00000,0,S,Balance of Jasper County,Illinois,5742,5714,5686,5667,5648
061,17,079,00000,17653,00000,0,A,Crooked Creek township,Illinois,676,672,669,668,666
071,17,079,34553,17653,00000,1,A,Hidalgo village,Illinois,110,109,109,109,108
071,17,079,65754,17653,00000,1,A,Rose Hill village,Illinois,86,85,85,85,85
071,17,079,99990,17653,00000,1,F,Balance of Crooked Creek township,Illinois,480,478,475,474,473
061,17,079,00000,27390,00000,1,A,Fox township,Illinois,440,438,436,435,433
061,17,079,00000,30887,00000,0,A,Grandville township,Illinois,346,345,342,342,343
071,17,079,83765,30887,00000,1,A,Yale village,Illinois,67,67,66,66,66
071,17,079,99990,30887,00000,1,F,Balance of Grandville township,Illinois,279,278,276,276,277
061,17,079,00000,31888,00000,1,A,Grove township,Illinois,595,592,589,588,586
061,17,079,00000,36659,00000,1,A,Hunt City township,Illinois,258,257,256,255,254
061,17,079,00000,54001,00000,0,A,North Muddy township,Illinois,771,767,763,761,759
071,17,079,81074,54001,00000,1,A,Wheeler village,Illinois,96,95,95,97,97
071,17,079,99990,54001,00000,1,F,Balance of North Muddy township,Illinois,675,672,668,664,662
061,17,079,00000,66803,00000,0,A,Ste. Marie township,Illinois,520,517,513,511,511
071,17,079,66800,66803,00000,1,A,Ste. Marie village,Illinois,234,233,230,229,229
071,17,079,99990,66803,00000,1,F,Balance of Ste. Marie township,Illinois,286,284,283,282,282
061,17,079,00000,70200,00000,1,A,Smallwood township,Illinois,438,436,434,430,429
061,17,079,00000,71084,00000,1,A,South Muddy township,Illinois,321,319,318,317,314
061,17,079,00000,78357,00000,0,A,Wade township,Illinois,4401,4380,4357,4350,4336
071,17,079,52844,78357,00000,1,A,Newton city,Illinois,2781,2768,2753,2750,2743
071,17,079,99990,78357,00000,1,F,Balance of Wade township,Illinois,1620,1612,1604,1600,1593
061,17,079,00000,82023,00000,0,A,Willow Hill township,Illinois,521,518,516,515,513
071,17,079,82010,82023,00000,1,A,Willow Hill village,Illinois,171,170,169,169,168
071,17,079,99990,82023,00000,1,F,Balance of Willow Hill township,Illinois,350,348,347,346,345
050,17,081,00000,00000,00000,0,A,Jefferson County,Illinois,37110,36995,36889,36419,36320
157,17,081,04806,00000,00000,0,A,Belle Rive village,Illinois,309,308,307,303,302
157,17,081,06964,00000,00000,0,A,Bluford village,Illinois,624,622,620,611,609
157,17,081,07263,00000,00000,0,A,Bonnie village,Illinois,376,375,373,368,367
157,17,081,12164,00000,00000,0,A,Centralia city (pt.),Illinois,0,0,0,0,0
157,17,081,20123,00000,00000,0,A,Dix village,Illinois,468,466,465,458,459
157,17,081,37179,00000,00000,0,A,Ina village,Illinois,1649,1649,1654,1654,1653
157,17,081,51180,00000,00000,0,A,Mount Vernon city,Illinois,14598,14556,14495,14295,14247
157,17,081,51726,00000,00000,0,A,Nason city,Illinois,202,201,201,200,199
157,17,081,78708,00000,00000,0,A,Waltonville village,Illinois,416,414,413,408,406
157,17,081,83206,00000,00000,0,A,Woodlawn village,Illinois,616,613,612,606,603
157,17,081,99990,00000,00000,0,S,Balance of Jefferson County,Illinois,17852,17791,17749,17516,17475
061,17,081,00000,03428,00000,0,A,Bald Hill township,Illinois,807,804,801,790,788
071,17,081,78708,03428,00000,1,A,Waltonville village (pt.),Illinois,225,224,223,220,220
071,17,081,99990,03428,00000,1,F,Balance of Bald Hill township,Illinois,582,580,578,570,568
061,17,081,00000,06496,00000,0,A,Blissville township,Illinois,380,379,380,374,375
071,17,081,78708,06496,00000,1,A,Waltonville village (pt.),Illinois,10,10,10,10,10
071,17,081,99990,06496,00000,1,F,Balance of Blissville township,Illinois,370,369,370,364,365
061,17,081,00000,11670,00000,0,A,Casner township,Illinois,1172,1167,1166,1152,1148
071,17,081,83206,11670,00000,1,A,Woodlawn village (pt.),Illinois,169,168,168,168,167
071,17,081,99990,11670,00000,1,F,Balance of Casner township,Illinois,1003,999,998,984,981
061,17,081,00000,20227,00000,0,A,Dodds township,Illinois,2736,2728,2721,2687,2682
071,17,081,51180,20227,00000,1,A,Mount Vernon city (pt.),Illinois,1054,1052,1049,1036,1036
071,17,081,99990,20227,00000,1,F,Balance of Dodds township,Illinois,1682,1676,1672,1651,1646
061,17,081,00000,23334,00000,0,A,Elk Prairie township,Illinois,692,689,687,680,677
071,17,081,51726,23334,00000,1,A,Nason city,Illinois,202,201,201,200,199
071,17,081,78708,23334,00000,1,A,Waltonville village (pt.),Illinois,114,113,113,112,111
071,17,081,99990,23334,00000,1,F,Balance of Elk Prairie township,Illinois,376,375,373,368,367
061,17,081,00000,25648,00000,1,A,Farrington township,Illinois,577,575,573,567,566
061,17,081,00000,25986,00000,1,A,Field township,Illinois,1515,1509,1509,1492,1493
061,17,081,00000,30731,00000,0,A,Grand Prairie township,Illinois,908,905,904,891,889
071,17,081,12164,30731,00000,1,A,Centralia city (pt.),Illinois,0,0,0,0,0
071,17,081,99990,30731,00000,1,F,Balance of Grand Prairie township,Illinois,908,905,904,891,889
061,17,081,00000,45512,00000,0,A,McClellan township,Illinois,1223,1219,1215,1200,1196
071,17,081,51180,45512,00000,1,A,Mount Vernon city (pt.),Illinois,8,8,8,8,8
071,17,081,78708,45512,00000,1,A,Waltonville village (pt.),Illinois,67,67,67,66,65
071,17,081,99990,45512,00000,1,F,Balance of McClellan township,Illinois,1148,1144,1140,1126,1123
061,17,081,00000,50348,00000,1,A,Moores Prairie township,Illinois,361,360,358,354,352
061,17,081,00000,51193,00000,0,A,Mount Vernon township,Illinois,12551,12510,12459,12283,12238
071,17,081,51180,51193,00000,1,A,Mount Vernon city (pt.),Illinois,8958,8930,8889,8763,8728
071,17,081,99990,51193,00000,1,F,Balance of Mount Vernon township,Illinois,3593,3580,3570,3520,3510
061,17,081,00000,58564,00000,0,A,Pendleton township,Illinois,1161,1157,1153,1140,1136
071,17,081,04806,58564,00000,1,A,Belle Rive village,Illinois,309,308,307,303,302
071,17,081,99990,58564,00000,1,S,Balance of Pendleton township,Illinois,852,849,846,837,834
061,17,081,00000,65377,00000,0,A,Rome township,Illinois,1667,1661,1658,1634,1632
071,17,081,20123,65377,00000,1,A,Dix village,Illinois,468,466,465,458,459
071,17,081,99990,65377,00000,1,F,Balance of Rome township,Illinois,1199,1195,1193,1176,1173
061,17,081,00000,69511,00000,0,A,Shiloh township,Illinois,6625,6605,6582,6493,6473
071,17,081,51180,69511,00000,1,A,Mount Vernon city (pt.),Illinois,4578,4566,4549,4488,4475
071,17,081,83206,69511,00000,1,A,Woodlawn village (pt.),Illinois,447,445,444,438,436
071,17,081,99990,69511,00000,1,F,Balance of Shiloh township,Illinois,1600,1594,1589,1567,1562
061,17,081,00000,72039,00000,0,A,Spring Garden township,Illinois,2585,2582,2583,2570,2567
071,17,081,07263,72039,00000,1,A,Bonnie village,Illinois,376,375,373,368,367
071,17,081,37179,72039,00000,1,A,Ina village,Illinois,1649,1649,1654,1654,1653
071,17,081,99990,72039,00000,1,F,Balance of Spring Garden township,Illinois,560,558,556,548,547
061,17,081,00000,79514,00000,0,A,Webber township,Illinois,2150,2145,2140,2112,2108
071,17,081,06964,79514,00000,1,A,Bluford village,Illinois,624,622,620,611,609
071,17,081,99990,79514,00000,1,F,Balance of Webber township,Illinois,1526,1523,1520,1501,1499
050,17,083,00000,00000,00000,0,A,Jersey County,Illinois,21518,21494,21349,21191,21091
157,17,083,08264,00000,00000,0,A,Brighton village (pt.),Illinois,312,311,307,303,299
157,17,083,23776,00000,00000,0,A,Elsah village,Illinois,523,523,517,519,518
157,17,083,25960,00000,00000,0,A,Fidelity village,Illinois,98,98,96,97,98
157,17,083,26012,00000,00000,0,A,Fieldon village,Illinois,175,175,172,169,166
157,17,083,30653,00000,00000,0,A,Grafton city,Illinois,624,638,682,730,765
157,17,083,38414,00000,00000,0,A,Jerseyville city,Illinois,8341,8323,8295,8250,8263
157,17,083,48138,00000,00000,0,A,Medora village (pt.),Illinois,5,5,5,5,5
157,17,083,56978,00000,00000,0,A,Otterville town,Illinois,86,86,85,85,83
157,17,083,99990,00000,00000,0,F,Balance of Jersey County,Illinois,11354,11335,11190,11033,10894
061,17,083,00000,23789,00000,0,A,Elsah township,Illinois,2168,2166,2137,2116,2094
071,17,083,23776,23789,00000,1,A,Elsah village,Illinois,523,523,517,519,518
071,17,083,99990,23789,00000,1,F,Balance of Elsah township,Illinois,1645,1643,1620,1597,1576
061,17,083,00000,24231,00000,1,A,English township,Illinois,479,478,471,465,457
061,17,083,00000,25973,00000,0,A,Fidelity township,Illinois,658,657,648,642,634
071,17,083,25960,25973,00000,1,A,Fidelity village,Illinois,98,98,96,97,98
071,17,083,48138,25973,00000,1,A,Medora village (pt.),Illinois,2,2,2,2,2
071,17,083,99990,25973,00000,1,F,Balance of Fidelity township,Illinois,558,557,550,543,534
061,17,083,00000,38401,00000,0,A,Jersey township,Illinois,10006,9986,9934,9865,9858
071,17,083,38414,38401,00000,1,A,Jerseyville city,Illinois,8341,8323,8295,8250,8263
071,17,083,99990,38401,00000,1,F,Balance of Jersey township,Illinois,1665,1663,1639,1615,1595
061,17,083,00000,49672,00000,1,A,Mississippi township,Illinois,1791,1787,1764,1737,1714
061,17,083,00000,56952,00000,0,A,Otter Creek township,Illinois,880,880,871,861,854
071,17,083,56978,56952,00000,1,A,Otterville town,Illinois,86,86,85,85,83
071,17,083,99990,56952,00000,1,F,Balance of Otter Creek township,Illinois,794,794,786,776,771
061,17,083,00000,59598,00000,0,A,Piasa township,Illinois,3170,3164,3125,3081,3044
071,17,083,08264,59598,00000,1,A,Brighton village (pt.),Illinois,312,311,307,303,299
071,17,083,99990,59598,00000,1,F,Balance of Piasa township,Illinois,2858,2853,2818,2778,2745
061,17,083,00000,62354,00000,0,A,Quarry township,Illinois,1041,1054,1094,1136,1167
071,17,083,30653,62354,00000,1,A,Grafton city,Illinois,624,638,682,730,765
071,17,083,99990,62354,00000,1,F,Balance of Quarry township,Illinois,417,416,412,406,402
061,17,083,00000,63745,00000,0,A,Richwood township,Illinois,523,522,516,507,499
071,17,083,26012,63745,00000,1,A,Fieldon village,Illinois,175,175,172,169,166
071,17,083,99990,63745,00000,1,F,Balance of Richwood township,Illinois,348,347,344,338,333
061,17,083,00000,65689,00000,1,A,Rosedale township,Illinois,413,412,407,403,398
061,17,083,00000,66482,00000,0,A,Ruyle township,Illinois,389,388,382,378,372
071,17,083,48138,66482,00000,1,A,Medora village (pt.),Illinois,3,3,3,3,3
071,17,083,99990,66482,00000,1,F,Balance of Ruyle township,Illinois,386,385,379,375,369
050,17,085,00000,00000,00000,0,A,Jo Daviess County,Illinois,22043,22057,21972,21845,21756
157,17,085,01673,00000,00000,0,A,Apple River village,Illinois,339,339,337,337,335
157,17,085,21683,00000,00000,0,A,East Dubuque city,Illinois,1502,1503,1497,1488,1485
157,17,085,23165,00000,00000,0,A,Elizabeth village,Illinois,704,705,701,698,695
157,17,085,28300,00000,00000,0,A,Galena city,Illinois,3316,3317,3299,3270,3250
157,17,085,32707,00000,00000,0,A,Hanover village,Illinois,861,862,855,847,841
157,17,085,48359,00000,00000,0,A,Menominee village,Illinois,212,212,211,209,211
157,17,085,53195,00000,00000,0,A,Nora village,Illinois,109,109,109,108,109
157,17,085,67925,00000,00000,0,A,Scales Mound village,Illinois,433,433,433,428,426
157,17,085,72780,00000,00000,0,A,Stockton village,Illinois,1733,1733,1722,1707,1695
157,17,085,78851,00000,00000,0,A,Warren village,Illinois,1329,1330,1321,1307,1298
157,17,085,99990,00000,00000,0,S,Balance of Jo Daviess County,Illinois,11505,11514,11487,11446,11411
061,17,085,00000,01686,00000,0,A,Apple River township,Illinois,447,447,445,444,441
071,17,085,01673,01686,00000,1,A,Apple River village,Illinois,339,339,337,337,335
071,17,085,99990,01686,00000,1,F,Balance of Apple River township,Illinois,108,108,108,107,106
061,17,085,00000,05495,00000,1,A,Berreman township,Illinois,148,148,147,146,145
061,17,085,00000,16639,00000,1,A,Council Hill township,Illinois,134,134,133,134,133
061,17,085,00000,19551,00000,1,A,Derinda township,Illinois,284,284,283,282,281
061,17,085,00000,21202,00000,0,A,Dunleith township,Illinois,3545,3548,3540,3527,3522
071,17,085,21683,21202,00000,1,A,East Dubuque city,Illinois,1502,1503,1497,1488,1485
071,17,085,99990,21202,00000,1,F,Balance of Dunleith township,Illinois,2043,2045,2043,2039,2037
061,17,085,00000,21813,00000,0,A,East Galena township,Illinois,1255,1256,1252,1245,1240
071,17,085,28300,21813,00000,1,A,Galena city (pt.),Illinois,452,452,450,447,444
071,17,085,99990,21813,00000,1,S,Balance of East Galena township,Illinois,803,804,802,798,796
061,17,085,00000,23178,00000,0,A,Elizabeth township,Illinois,999,1000,996,991,987
071,17,085,23165,23178,00000,1,A,Elizabeth village (pt.),Illinois,613,614,610,608,606
071,17,085,99990,23178,00000,1,F,Balance of Elizabeth township,Illinois,386,386,386,383,381
061,17,085,00000,31979,00000,1,A,Guilford township,Illinois,1534,1536,1532,1527,1523
061,17,085,00000,32720,00000,0,A,Hanover township,Illinois,1190,1191,1184,1175,1169
071,17,085,32707,32720,00000,1,A,Hanover village,Illinois,861,862,855,847,841
071,17,085,99990,32720,00000,1,F,Balance of Hanover township,Illinois,329,329,329,328,328
061,17,085,00000,48372,00000,0,A,Menominee township,Illinois,1045,1046,1043,1037,1035
071,17,085,48359,48372,00000,1,A,Menominee village,Illinois,212,212,211,209,211
071,17,085,99990,48372,00000,1,F,Balance of Menominee township,Illinois,833,834,832,828,824
061,17,085,00000,53208,00000,0,A,Nora township,Illinois,337,337,338,336,335
071,17,085,53195,53208,00000,1,A,Nora village,Illinois,109,109,109,108,109
071,17,085,99990,53208,00000,1,F,Balance of Nora township,Illinois,228,228,229,228,226
061,17,085,00000,60664,00000,1,A,Pleasant Valley township,Illinois,210,210,209,209,208
061,17,085,00000,62926,00000,0,A,Rawlins township,Illinois,519,519,517,515,513
071,17,085,28300,62926,00000,1,A,Galena city (pt.),Illinois,83,83,83,82,82
071,17,085,99990,62926,00000,1,F,Balance of Rawlins township,Illinois,436,436,434,433,431
061,17,085,00000,63472,00000,1,A,Rice township,Illinois,350,350,350,348,347
061,17,085,00000,66326,00000,1,A,Rush township,Illinois,382,382,382,380,380
061,17,085,00000,67938,00000,0,A,Scales Mound township,Illinois,658,658,657,653,647
071,17,085,67925,67938,00000,1,A,Scales Mound village,Illinois,433,433,433,428,426
071,17,085,99990,67938,00000,1,F,Balance of Scales Mound township,Illinois,225,225,224,225,221
061,17,085,00000,72793,00000,0,A,Stockton township,Illinois,2280,2281,2269,2250,2237
071,17,085,72780,72793,00000,1,A,Stockton village,Illinois,1733,1733,1722,1707,1695
071,17,085,99990,72793,00000,1,F,Balance of Stockton township,Illinois,547,548,547,543,542
061,17,085,00000,75146,00000,1,A,Thompson township,Illinois,840,841,839,836,834
061,17,085,00000,78084,00000,1,A,Vinegar Hill township,Illinois,404,404,402,402,400
061,17,085,00000,78799,00000,1,A,Wards Grove township,Illinois,222,222,221,219,220
061,17,085,00000,78864,00000,0,A,Warren township,Illinois,1488,1489,1479,1464,1454
071,17,085,78851,78864,00000,1,A,Warren village,Illinois,1329,1330,1321,1307,1298
071,17,085,99990,78864,00000,1,F,Balance of Warren township,Illinois,159,159,158,157,156
061,17,085,00000,80359,00000,0,A,West Galena township,Illinois,3244,3246,3227,3201,3182
071,17,085,28300,80359,00000,1,A,Galena city (pt.),Illinois,2781,2782,2766,2741,2724
071,17,085,99990,80359,00000,1,F,Balance of West Galena township,Illinois,463,464,461,460,458
061,17,085,00000,82907,00000,0,A,Woodbine township,Illinois,528,528,527,524,523
071,17,085,23165,82907,00000,1,A,Elizabeth village (pt.),Illinois,91,91,91,90,89
071,17,085,99990,82907,00000,1,F,Balance of Woodbine township,Illinois,437,437,436,434,434
050,17,087,00000,00000,00000,0,A,Johnson County,Illinois,13304,13318,13472,13391,13326
157,17,087,04715,00000,00000,1,A,Belknap village,Illinois,85,85,86,86,85
157,17,087,09551,00000,00000,1,A,Buncombe village,Illinois,206,206,209,207,206
157,17,087,18251,00000,00000,1,A,Cypress village,Illinois,218,218,221,220,218
157,17,087,30575,00000,00000,1,A,Goreville village,Illinois,1062,1063,1076,1067,1060
157,17,087,52285,00000,00000,1,A,New Burnside village,Illinois,153,153,155,154,153
157,17,087,70005,00000,00000,1,A,Simpson village,Illinois,44,44,45,44,44
157,17,087,77863,00000,00000,1,A,Vienna city,Illinois,1344,1346,1363,1353,1343
157,17,087,99990,00000,00000,1,F,Balance of Johnson County,Illinois,10192,10203,10317,10260,10217
050,17,089,00000,00000,00000,0,A,Kane County,Illinois,516516,516181,516292,514139,514982
157,17,089,00685,00000,00000,0,A,Algonquin village (pt.),Illinois,8218,8211,8251,8243,8285
157,17,089,03012,00000,00000,0,A,Aurora city (pt.),Illinois,111317,111111,110626,109567,109212
157,17,089,03883,00000,00000,0,A,Barrington Hills village (pt.),Illinois,121,121,120,119,118
157,17,089,04013,00000,00000,0,A,Bartlett village (pt.),Illinois,95,95,94,93,93
157,17,089,04078,00000,00000,0,A,Batavia city (pt.),Illinois,26311,26316,26347,26219,26235
157,17,089,05976,00000,00000,0,A,Big Rock village,Illinois,1107,1105,1099,1089,1084
157,17,089,09759,00000,00000,0,A,Burlington village,Illinois,536,535,532,527,523
157,17,089,10906,00000,00000,0,A,Campton Hills village,Illinois,10882,10877,10862,10782,10795
157,17,089,11358,00000,00000,0,A,Carpentersville village,Illinois,37987,37909,37697,37292,37099
157,17,089,21696,00000,00000,0,A,East Dundee village (pt.),Illinois,3183,3177,3155,3132,3115
157,17,089,22931,00000,00000,0,A,Elburn village,Illinois,6183,6208,6297,6402,6559
157,17,089,23074,00000,00000,0,A,Elgin city (pt.),Illinois,90162,90040,89816,89205,89382
157,17,089,28872,00000,00000,0,A,Geneva city,Illinois,21384,21350,21284,21218,21129
157,17,089,29171,00000,00000,0,A,Gilberts village,Illinois,8374,8374,8376,8629,8772
157,17,089,32525,00000,00000,0,A,Hampshire village,Illinois,7660,7646,7778,7811,8086
157,17,089,35411,00000,00000,0,A,Hoffman Estates village (pt.),Illinois,0,0,0,0,0
157,17,089,36750,00000,00000,0,A,Huntley village (pt.),Illinois,5861,5855,5839,5803,5792
157,17,089,38895,00000,00000,0,A,Kaneville village,Illinois,454,453,451,447,445
157,17,089,43406,00000,00000,0,A,Lily Lake village,Illinois,1037,1035,1033,1031,1041
157,17,089,46604,00000,00000,0,A,Maple Park village (pt.),Illinois,723,724,739,748,742
157,17,089,50218,00000,00000,0,A,Montgomery village (pt.),Illinois,8402,8504,9175,9519,9556
157,17,089,53442,00000,00000,0,A,North Aurora village,Illinois,18269,18285,18349,18403,19022
157,17,089,59988,00000,00000,0,A,Pingree Grove village,Illinois,10373,10399,10751,11035,11137
157,17,089,66703,00000,00000,0,A,St. Charles city (pt.),Illinois,32483,32442,32449,32160,32069
157,17,089,70161,00000,00000,0,A,Sleepy Hollow village,Illinois,3205,3199,3181,3147,3131
157,17,089,70720,00000,00000,0,A,South Elgin village,Illinois,23881,23852,23964,24018,24277
157,17,089,73391,00000,00000,0,A,Sugar Grove village,Illinois,9260,9259,9248,9178,9210
157,17,089,78175,00000,00000,0,A,Virgil village,Illinois,289,289,287,284,283
157,17,089,79397,00000,00000,0,A,Wayne village (pt.),Illinois,783,782,778,768,769
157,17,089,80125,00000,00000,0,A,West Dundee village,Illinois,7712,7868,7821,7918,7878
157,17,089,99990,00000,00000,0,S,Balance of Kane County,Illinois,60264,60160,59893,59352,59143
061,17,089,00000,03025,00000,0,A,Aurora township,Illinois,126917,126772,126679,125811,125705
071,17,089,03012,03025,00000,1,A,Aurora city (pt.),Illinois,103793,103601,103136,102143,101804
071,17,089,50218,03025,00000,1,A,Montgomery village (pt.),Illinois,4973,5032,5428,5632,5650
071,17,089,53442,03025,00000,1,A,North Aurora village (pt.),Illinois,7737,7744,7769,7788,8041
071,17,089,99990,03025,00000,1,F,Balance of Aurora township,Illinois,10414,10395,10346,10248,10210
061,17,089,00000,04091,00000,0,A,Batavia township,Illinois,35374,35377,35420,35293,35570
071,17,089,03012,04091,00000,1,A,Aurora city (pt.),Illinois,2552,2547,2540,2519,2513
071,17,089,04078,04091,00000,1,A,Batavia city (pt.),Illinois,23090,23094,23122,23008,23022
071,17,089,53442,04091,00000,1,A,North Aurora village (pt.),Illinois,7973,7980,8010,8033,8309
071,17,089,99990,04091,00000,1,F,Balance of Batavia township,Illinois,1759,1756,1748,1733,1726
061,17,089,00000,05989,00000,0,A,Big Rock township,Illinois,1781,1778,1768,1752,1744
071,17,089,05976,05989,00000,1,A,Big Rock village (pt.),Illinois,1107,1105,1099,1089,1084
071,17,089,73391,05989,00000,1,A,Sugar Grove village (pt.),Illinois,0,0,0,0,0
071,17,089,99990,05989,00000,1,F,Balance of Big Rock township,Illinois,674,673,669,663,660
061,17,089,00000,06262,00000,0,A,Blackberry township,Illinois,17305,17308,17339,17336,17500
071,17,089,22931,06262,00000,1,A,Elburn village (pt.),Illinois,4422,4439,4502,4577,4688
071,17,089,28872,06262,00000,1,A,Geneva city (pt.),Illinois,0,0,0,0,0
071,17,089,53442,06262,00000,1,A,North Aurora village (pt.),Illinois,2451,2453,2463,2473,2560
071,17,089,99990,06262,00000,1,F,Balance of Blackberry township,Illinois,10432,10416,10374,10286,10252
061,17,089,00000,09772,00000,0,A,Burlington township,Illinois,1809,1806,1796,1779,1772
071,17,089,09759,09772,00000,1,A,Burlington village (pt.),Illinois,536,535,532,527,523
071,17,089,99990,09772,00000,1,F,Balance of Burlington township,Illinois,1273,1271,1264,1252,1249
061,17,089,00000,10903,00000,0,A,Campton township,Illinois,17075,17070,17062,16979,17035
071,17,089,10906,10903,00000,1,A,Campton Hills village (pt.),Illinois,10334,10330,10315,10240,10253
071,17,089,22931,10903,00000,1,A,Elburn village (pt.),Illinois,1761,1769,1795,1825,1871
071,17,089,23074,10903,00000,1,A,Elgin city (pt.),Illinois,0,0,0,0,0
071,17,089,43406,10903,00000,1,A,Lily Lake village,Illinois,1037,1035,1033,1031,1041
071,17,089,66703,10903,00000,1,A,St. Charles city (pt.),Illinois,0,0,0,0,0
071,17,089,99990,10903,00000,1,F,Balance of Campton township,Illinois,3943,3936,3919,3883,3870
061,17,089,00000,21046,00000,0,A,Dundee township,Illinois,64753,64803,64529,64129,63900
071,17,089,00685,21046,00000,1,A,Algonquin village (pt.),Illinois,8218,8211,8251,8243,8285
071,17,089,03883,21046,00000,1,A,Barrington Hills village (pt.),Illinois,121,121,120,119,118
071,17,089,11358,21046,00000,1,A,Carpentersville village (pt.),Illinois,37802,37724,37513,37110,36918
071,17,089,21696,21046,00000,1,A,East Dundee village (pt.),Illinois,3183,3177,3155,3132,3115
071,17,089,23074,21046,00000,1,A,Elgin city (pt.),Illinois,907,905,904,898,901
071,17,089,29171,21046,00000,1,A,Gilberts village (pt.),Illinois,318,317,319,327,332
071,17,089,35411,21046,00000,1,A,Hoffman Estates village (pt.),Illinois,0,0,0,0,0
071,17,089,70161,21046,00000,1,A,Sleepy Hollow village,Illinois,3205,3199,3181,3147,3131
071,17,089,80125,21046,00000,1,A,West Dundee village,Illinois,7712,7868,7821,7918,7878
071,17,089,99990,21046,00000,1,F,Balance of Dundee township,Illinois,3287,3281,3265,3235,3222
061,17,089,00000,23087,00000,0,A,Elgin township,Illinois,104507,104364,104213,103642,103967
071,17,089,04013,23087,00000,1,A,Bartlett village (pt.),Illinois,95,95,94,93,93
071,17,089,10906,23087,00000,1,A,Campton Hills village (pt.),Illinois,0,0,0,0,0
071,17,089,23074,23087,00000,1,A,Elgin city (pt.),Illinois,84080,83966,83755,83183,83344
071,17,089,70720,23087,00000,1,A,South Elgin village (pt.),Illinois,16522,16500,16577,16614,16791
071,17,089,99990,23087,00000,1,F,Balance of Elgin township,Illinois,3810,3803,3787,3752,3739
061,17,089,00000,28885,00000,0,A,Geneva township,Illinois,26383,26347,26278,26181,26089
071,17,089,04078,28885,00000,1,A,Batavia city (pt.),Illinois,3221,3222,3225,3211,3213
071,17,089,28872,28885,00000,1,A,Geneva city (pt.),Illinois,21384,21350,21284,21218,21129
071,17,089,66703,28885,00000,1,A,St. Charles city (pt.),Illinois,0,0,0,0,0
071,17,089,99990,28885,00000,1,F,Balance of Geneva township,Illinois,1778,1775,1769,1752,1747
061,17,089,00000,32538,00000,0,A,Hampshire township,Illinois,8935,8922,9027,9045,9274
071,17,089,09759,32538,00000,1,A,Burlington village (pt.),Illinois,0,0,0,0,0
071,17,089,32525,32538,00000,1,A,Hampshire village (pt.),Illinois,6482,6470,6581,6608,6841
071,17,089,36750,32538,00000,1,A,Huntley village (pt.),Illinois,734,736,739,744,747
071,17,089,99990,32538,00000,1,F,Balance of Hampshire township,Illinois,1719,1716,1707,1693,1686
061,17,089,00000,38908,00000,0,A,Kaneville township,Illinois,1155,1153,1147,1136,1131
071,17,089,38895,38908,00000,1,A,Kaneville village,Illinois,454,453,451,447,445
071,17,089,99990,38908,00000,1,F,Balance of Kaneville township,Illinois,701,700,696,689,686
061,17,089,00000,60365,00000,0,A,Plato township,Illinois,9256,9243,9218,9151,9152
071,17,089,10906,60365,00000,1,A,Campton Hills village (pt.),Illinois,543,542,542,537,537
071,17,089,23074,60365,00000,1,A,Elgin city (pt.),Illinois,5165,5159,5147,5114,5127
071,17,089,59988,60365,00000,1,A,Pingree Grove village (pt.),Illinois,62,62,64,66,66
071,17,089,99990,60365,00000,1,F,Balance of Plato township,Illinois,3486,3480,3465,3434,3422
061,17,089,00000,66430,00000,0,A,Rutland township,Illinois,26762,26776,27120,27591,27853
071,17,089,00685,66430,00000,1,A,Algonquin village (pt.),Illinois,0,0,0,0,0
071,17,089,11358,66430,00000,1,A,Carpentersville village (pt.),Illinois,185,185,184,182,181
071,17,089,23074,66430,00000,1,A,Elgin city (pt.),Illinois,10,10,10,10,10
071,17,089,29171,66430,00000,1,A,Gilberts village (pt.),Illinois,8056,8057,8057,8302,8440
071,17,089,32525,66430,00000,1,A,Hampshire village (pt.),Illinois,1178,1176,1197,1203,1245
071,17,089,36750,66430,00000,1,A,Huntley village (pt.),Illinois,5127,5119,5100,5059,5045
071,17,089,59988,66430,00000,1,A,Pingree Grove village (pt.),Illinois,10311,10337,10687,10969,11071
071,17,089,99990,66430,00000,1,F,Balance of Rutland township,Illinois,1895,1892,1885,1866,1861
061,17,089,00000,66716,00000,0,A,St. Charles township,Illinois,51920,51851,51838,51458,51410
071,17,089,04013,66716,00000,1,A,Bartlett village (pt.),Illinois,0,0,0,0,0
071,17,089,10906,66716,00000,1,A,Campton Hills village (pt.),Illinois,5,5,5,5,5
071,17,089,66703,66716,00000,1,A,St. Charles city (pt.),Illinois,32483,32442,32449,32160,32069
071,17,089,70720,66716,00000,1,A,South Elgin village (pt.),Illinois,7359,7352,7387,7404,7486
071,17,089,79397,66716,00000,1,A,Wayne village (pt.),Illinois,783,782,778,768,769
071,17,089,99990,66716,00000,1,F,Balance of St. Charles township,Illinois,11290,11270,11219,11121,11081
061,17,089,00000,73404,00000,0,A,Sugar Grove township,Illinois,20680,20708,20946,20947,20981
071,17,089,03012,73404,00000,1,A,Aurora city (pt.),Illinois,4972,4963,4950,4905,4895
071,17,089,05976,73404,00000,1,A,Big Rock village (pt.),Illinois,0,0,0,0,0
071,17,089,50218,73404,00000,1,A,Montgomery village (pt.),Illinois,3429,3472,3747,3887,3906
071,17,089,53442,73404,00000,1,A,North Aurora village (pt.),Illinois,108,108,107,109,112
071,17,089,73391,73404,00000,1,A,Sugar Grove village (pt.),Illinois,9260,9259,9248,9178,9210
071,17,089,99990,73404,00000,1,S,Balance of Sugar Grove township,Illinois,2911,2906,2894,2868,2858
061,17,089,00000,78188,00000,0,A,Virgil township,Illinois,1904,1903,1912,1909,1899
071,17,089,46604,78188,00000,1,A,Maple Park village (pt.),Illinois,723,724,739,748,742
071,17,089,78175,78188,00000,1,A,Virgil village,Illinois,289,289,287,284,283
071,17,089,99990,78188,00000,1,F,Balance of Virgil township,Illinois,892,890,886,877,874
050,17,091,00000,00000,00000,0,A,Kankakee County,Illinois,107510,107264,106605,105998,105940
157,17,091,02258,00000,00000,0,A,Aroma Park village,Illinois,663,661,654,649,645
157,17,091,07237,00000,00000,0,A,Bonfield village,Illinois,353,352,347,346,343
157,17,091,07471,00000,00000,0,A,Bourbonnais village,Illinois,18130,18104,18013,18011,18042
157,17,091,07744,00000,00000,0,A,Bradley village,Illinois,15418,15381,15291,15221,15263
157,17,091,09304,00000,00000,0,A,Buckingham village,Illinois,243,242,241,238,238
157,17,091,10292,00000,00000,0,A,Cabery village (pt.),Illinois,73,73,72,72,72
157,17,091,12801,00000,00000,0,A,Chebanse village (pt.),Illinois,396,395,392,386,386
157,17,091,24452,00000,00000,0,A,Essex village,Illinois,842,842,839,845,854
157,17,091,30991,00000,00000,0,A,Grant Park village,Illinois,1297,1294,1284,1273,1280
157,17,091,34384,00000,00000,0,A,Herscher village,Illinois,1521,1517,1508,1493,1488
157,17,091,36190,00000,00000,0,A,Hopkins Park village,Illinois,595,593,589,584,583
157,17,091,37803,00000,00000,0,A,Irwin village,Illinois,68,68,67,67,67
157,17,091,38934,00000,00000,0,A,Kankakee city,Illinois,24075,24005,23805,23585,23503
157,17,091,43510,00000,00000,0,A,Limestone village,Illinois,1551,1547,1538,1528,1522
157,17,091,46500,00000,00000,0,A,Manteno village,Illinois,9211,9192,9179,9163,9178
157,17,091,49893,00000,00000,0,A,Momence city,Illinois,3112,3104,3073,3043,3031
157,17,091,63056,00000,00000,0,A,Reddick village (pt.),Illinois,176,176,174,173,172
157,17,091,66638,00000,00000,0,A,St. Anne village,Illinois,1159,1156,1145,1134,1129
157,17,091,67372,00000,00000,0,A,Sammons Point village,Illinois,213,212,211,209,209
157,17,091,73943,00000,00000,0,A,Sun River Terrace village,Illinois,459,458,455,450,447
157,17,091,76771,00000,00000,0,A,Union Hill village,Illinois,54,54,53,53,53
157,17,091,99990,00000,00000,0,F,Balance of Kankakee County,Illinois,27901,27838,27675,27475,27435
061,17,091,00000,02245,00000,0,A,Aroma township,Illinois,4966,4953,4917,4874,4858
071,17,091,02258,02245,00000,1,A,Aroma Park village (pt.),Illinois,663,661,654,649,645
071,17,091,38934,02245,00000,1,A,Kankakee city (pt.),Illinois,610,608,604,597,595
071,17,091,73943,02245,00000,1,A,Sun River Terrace village (pt.),Illinois,28,28,28,27,27
071,17,091,99990,02245,00000,1,F,Balance of Aroma township,Illinois,3665,3656,3631,3601,3591
061,17,091,00000,07484,00000,0,A,Bourbonnais township,Illinois,39241,39168,38968,38872,38951
071,17,091,07471,07484,00000,1,A,Bourbonnais village (pt.),Illinois,18004,17978,17888,17887,17919
071,17,091,07744,07484,00000,1,A,Bradley village (pt.),Illinois,15418,15381,15291,15221,15263
071,17,091,38934,07484,00000,1,A,Kankakee city (pt.),Illinois,63,63,66,72,75
071,17,091,99990,07484,00000,1,F,Balance of Bourbonnais township,Illinois,5756,5746,5723,5692,5694
061,17,091,00000,24465,00000,0,A,Essex township,Illinois,1490,1488,1481,1483,1491
071,17,091,24452,24465,00000,1,A,Essex village,Illinois,842,842,839,845,854
071,17,091,99990,24465,00000,1,F,Balance of Essex township,Illinois,648,646,642,638,637
061,17,091,00000,28456,00000,0,A,Ganeer township,Illinois,3089,3081,3054,3026,3014
071,17,091,49893,28456,00000,1,A,Momence city (pt.),Illinois,1492,1488,1473,1458,1452
071,17,091,73943,28456,00000,1,A,Sun River Terrace village (pt.),Illinois,431,430,427,423,420
071,17,091,99990,28456,00000,1,F,Balance of Ganeer township,Illinois,1166,1163,1154,1145,1142
061,17,091,00000,38947,00000,0,A,Kankakee township,Illinois,24545,24473,24268,24038,23952
071,17,091,02258,38947,00000,1,A,Aroma Park village (pt.),Illinois,0,0,0,0,0
071,17,091,38934,38947,00000,1,A,Kankakee city (pt.),Illinois,23206,23138,22940,22721,22638
071,17,091,99990,38947,00000,1,F,Balance of Kankakee township,Illinois,1339,1335,1328,1317,1314
061,17,091,00000,43497,00000,0,A,Limestone township,Illinois,5064,5051,5021,4982,4971
071,17,091,38934,43497,00000,1,A,Kankakee city (pt.),Illinois,57,57,56,56,56
071,17,091,43510,43497,00000,1,A,Limestone village (pt.),Illinois,1551,1547,1538,1528,1522
071,17,091,99990,43497,00000,1,F,Balance of Limestone township,Illinois,3456,3447,3427,3398,3393
061,17,091,00000,46513,00000,0,A,Manteno township,Illinois,11226,11205,11182,11157,11170
071,17,091,07471,46513,00000,1,A,Bourbonnais village (pt.),Illinois,126,126,125,124,123
071,17,091,07744,46513,00000,1,A,Bradley village (pt.),Illinois,0,0,0,0,0
071,17,091,46500,46513,00000,1,A,Manteno village,Illinois,9211,9192,9179,9163,9178
071,17,091,99990,46513,00000,1,F,Balance of Manteno township,Illinois,1889,1887,1878,1870,1869
061,17,091,00000,49906,00000,0,A,Momence township,Illinois,3559,3550,3523,3492,3482
071,17,091,49893,49906,00000,1,A,Momence city (pt.),Illinois,1620,1616,1600,1585,1579
071,17,091,99990,49906,00000,1,F,Balance of Momence township,Illinois,1939,1934,1923,1907,1903
061,17,091,00000,54352,00000,0,A,Norton township,Illinois,944,942,934,927,922
071,17,091,09304,54352,00000,1,A,Buckingham village,Illinois,243,242,241,238,238
071,17,091,10292,54352,00000,1,A,Cabery village (pt.),Illinois,73,73,72,72,72
071,17,091,63056,54352,00000,1,A,Reddick village (pt.),Illinois,176,176,174,173,172
071,17,091,76771,54352,00000,1,A,Union Hill village,Illinois,54,54,53,53,53
071,17,091,99990,54352,00000,1,F,Balance of Norton township,Illinois,398,397,394,391,387
061,17,091,00000,57017,00000,0,A,Otto township,Illinois,2100,2095,2082,2066,2065
071,17,091,02258,57017,00000,1,A,Aroma Park village (pt.),Illinois,0,0,0,0,0
071,17,091,12801,57017,00000,1,A,Chebanse village (pt.),Illinois,396,395,392,386,386
071,17,091,37803,57017,00000,1,A,Irwin village,Illinois,68,68,67,67,67
071,17,091,38934,57017,00000,1,A,Kankakee city (pt.),Illinois,139,139,139,139,139
071,17,091,67372,57017,00000,1,A,Sammons Point village,Illinois,213,212,211,209,209
071,17,091,99990,57017,00000,1,F,Balance of Otto township,Illinois,1284,1281,1273,1265,1264
061,17,091,00000,58538,00000,0,A,Pembroke township,Illinois,1839,1834,1823,1809,1807
071,17,091,36190,58538,00000,1,A,Hopkins Park village,Illinois,595,593,589,584,583
071,17,091,99990,58538,00000,1,F,Balance of Pembroke township,Illinois,1244,1241,1234,1225,1224
061,17,091,00000,59819,00000,0,A,Pilot township,Illinois,1987,1982,1969,1950,1945
071,17,091,34384,59819,00000,1,A,Herscher village,Illinois,1521,1517,1508,1493,1488
071,17,091,99990,59819,00000,1,F,Balance of Pilot township,Illinois,466,465,461,457,457
061,17,091,00000,65195,00000,0,A,Rockville township,Illinois,786,784,778,772,770
071,17,091,07471,65195,00000,1,A,Bourbonnais village (pt.),Illinois,0,0,0,0,0
071,17,091,99990,65195,00000,1,F,Balance of Rockville township,Illinois,786,784,778,772,770
061,17,091,00000,66651,00000,0,A,St. Anne township,Illinois,2001,1996,1979,1961,1954
071,17,091,66638,66651,00000,1,A,St. Anne village,Illinois,1159,1156,1145,1134,1129
071,17,091,99990,66651,00000,1,F,Balance of St. Anne township,Illinois,842,840,834,827,825
061,17,091,00000,67262,00000,0,A,Salina township,Illinois,1243,1240,1230,1222,1219
071,17,091,07237,67262,00000,1,A,Bonfield village,Illinois,353,352,347,346,343
071,17,091,43510,67262,00000,1,A,Limestone village (pt.),Illinois,0,0,0,0,0
071,17,091,99990,67262,00000,1,F,Balance of Salina township,Illinois,890,888,883,876,876
061,17,091,00000,73690,00000,1,A,Sumner township,Illinois,833,831,825,818,816
061,17,091,00000,83856,00000,0,A,Yellowhead township,Illinois,2597,2591,2571,2549,2553
071,17,091,30991,83856,00000,1,A,Grant Park village,Illinois,1297,1294,1284,1273,1280
071,17,091,99990,83856,00000,1,F,Balance of Yellowhead township,Illinois,1300,1297,1287,1276,1273
050,17,093,00000,00000,00000,0,A,Kendall County,Illinois,131868,132355,135015,137494,139976
157,17,093,03012,00000,00000,0,A,Aurora city (pt.),Illinois,5944,5957,6012,6038,6066
157,17,093,38570,00000,00000,0,A,Joliet city (pt.),Illinois,14040,14075,14241,14354,14446
157,17,093,43900,00000,00000,0,A,Lisbon village,Illinois,271,271,276,275,275
157,17,093,49100,00000,00000,0,A,Millbrook village,Illinois,276,277,278,279,280
157,17,093,49308,00000,00000,0,A,Millington village (pt.),Illinois,204,204,206,207,209
157,17,093,49607,00000,00000,0,A,Minooka village (pt.),Illinois,1128,1133,1145,1152,1155
157,17,093,50218,00000,00000,0,A,Montgomery village (pt.),Illinois,11883,11931,12181,12331,12399
157,17,093,52103,00000,00000,0,A,Newark village,Illinois,974,976,980,983,986
157,17,093,56887,00000,00000,0,A,Oswego village (pt.),Illinois,34602,34724,35349,35917,37074
157,17,093,60287,00000,00000,0,A,Plainfield village (pt.),Illinois,3267,3273,3309,3335,3359
157,17,093,60352,00000,00000,0,A,Plano city,Illinois,11848,11910,12196,12495,12676
157,17,093,60391,00000,00000,0,A,Plattville village,Illinois,219,219,221,222,222
157,17,093,67548,00000,00000,0,A,Sandwich city (pt.),Illinois,161,161,162,163,166
157,17,093,84038,00000,00000,0,A,Yorkville city,Illinois,21533,21681,22686,23864,24693
157,17,093,99990,00000,00000,0,S,Balance of Kendall County,Illinois,25518,25563,25773,25879,25970
061,17,093,00000,05872,00000,0,A,Big Grove township,Illinois,1635,1638,1650,1653,1659
071,17,093,43900,05872,00000,1,A,Lisbon village (pt.),Illinois,138,138,142,140,140
071,17,093,52103,05872,00000,1,A,Newark village (pt.),Illinois,935,937,941,944,946
071,17,093,99990,05872,00000,1,F,Balance of Big Grove township,Illinois,562,563,567,569,573
061,17,093,00000,08368,00000,0,A,Bristol township,Illinois,32034,32177,33064,34011,34769
071,17,093,50218,08368,00000,1,A,Montgomery village (pt.),Illinois,10208,10229,10323,10378,10426
071,17,093,56887,08368,00000,1,A,Oswego village (pt.),Illinois,3315,3327,3386,3442,3555
071,17,093,84038,08368,00000,1,A,Yorkville city (pt.),Illinois,15113,15217,15922,16745,17328
071,17,093,99990,08368,00000,1,F,Balance of Bristol township,Illinois,3398,3404,3433,3446,3460
061,17,093,00000,27416,00000,0,A,Fox township,Illinois,1634,1637,1648,1658,1665
071,17,093,49100,27416,00000,1,A,Millbrook village,Illinois,276,277,278,279,280
071,17,093,49308,27416,00000,1,A,Millington village (pt.),Illinois,204,204,206,207,209
071,17,093,52103,27416,00000,1,A,Newark village (pt.),Illinois,39,39,39,39,40
071,17,093,84038,27416,00000,1,A,Yorkville city (pt.),Illinois,12,12,12,14,14
071,17,093,99990,27416,00000,1,F,Balance of Fox township,Illinois,1103,1105,1113,1119,1122
061,17,093,00000,39454,00000,0,A,Kendall township,Illinois,8571,8619,8937,9300,9554
071,17,093,84038,39454,00000,1,A,Yorkville city (pt.),Illinois,6408,6452,6752,7105,7351
071,17,093,99990,39454,00000,1,F,Balance of Kendall township,Illinois,2163,2167,2185,2195,2203
061,17,093,00000,43913,00000,0,A,Lisbon township,Illinois,772,773,779,782,783
071,17,093,43900,43913,00000,1,A,Lisbon village (pt.),Illinois,133,133,134,135,135
071,17,093,60391,43913,00000,1,A,Plattville village,Illinois,219,219,221,222,222
071,17,093,99990,43913,00000,1,F,Balance of Lisbon township,Illinois,420,421,424,425,426
061,17,093,00000,44043,00000,0,A,Little Rock township,Illinois,14041,14107,14411,14718,14909
071,17,093,60352,44043,00000,1,A,Plano city,Illinois,11848,11910,12196,12495,12676
071,17,093,67548,44043,00000,1,A,Sandwich city (pt.),Illinois,161,161,162,163,166
071,17,093,99990,44043,00000,1,F,Balance of Little Rock township,Illinois,2032,2036,2053,2060,2067
061,17,093,00000,51531,00000,0,A,Na-Au-Say township,Illinois,10760,10789,10929,11032,11114
071,17,093,38570,51531,00000,1,A,Joliet city (pt.),Illinois,9219,9245,9366,9456,9526
071,17,093,60287,51531,00000,1,A,Plainfield village (pt.),Illinois,288,289,296,305,314
071,17,093,99990,51531,00000,1,F,Balance of Na-Au-Say township,Illinois,1253,1255,1267,1271,1274
061,17,093,00000,56900,00000,0,A,Oswego township,Illinois,55780,55959,56879,57587,58743
071,17,093,03012,56900,00000,1,A,Aurora city (pt.),Illinois,5944,5957,6012,6038,6066
071,17,093,50218,56900,00000,1,A,Montgomery village (pt.),Illinois,1675,1702,1858,1953,1973
071,17,093,56887,56900,00000,1,A,Oswego village (pt.),Illinois,31287,31397,31963,32475,33519
071,17,093,60287,56900,00000,1,A,Plainfield village (pt.),Illinois,2979,2984,3013,3030,3045
071,17,093,99990,56900,00000,1,S,Balance of Oswego township,Illinois,13895,13919,14033,14091,14140
061,17,093,00000,68757,00000,0,A,Seward township,Illinois,6641,6656,6718,6753,6780
071,17,093,38570,68757,00000,1,A,Joliet city (pt.),Illinois,4821,4830,4875,4898,4920
071,17,093,49607,68757,00000,1,A,Minooka village (pt.),Illinois,1128,1133,1145,1152,1155
071,17,093,99990,68757,00000,1,F,Balance of Seward township,Illinois,692,693,698,703,705
050,17,095,00000,00000,00000,0,A,Knox County,Illinois,49958,49790,49310,48620,48411
157,17,095,00113,00000,00000,0,A,Abingdon city,Illinois,2956,2945,2912,2866,2851
157,17,095,01140,00000,00000,0,A,Altona village,Illinois,463,462,457,449,447
157,17,095,21826,00000,00000,0,A,East Galesburg village,Illinois,763,761,753,741,740
157,17,095,28326,00000,00000,0,A,Galesburg city,Illinois,30045,29944,29647,29249,29130
157,17,095,34007,00000,00000,0,A,Henderson village,Illinois,264,263,261,257,256
157,17,095,40416,00000,00000,0,A,Knoxville city,Illinois,2900,2891,2866,2826,2815
157,17,095,44446,00000,00000,0,A,London Mills village (pt.),Illinois,4,4,4,4,4
157,17,095,46695,00000,00000,0,A,Maquon village,Illinois,223,222,220,215,215
157,17,095,56159,00000,00000,0,A,Oneida city,Illinois,698,696,689,680,675
157,17,095,64148,00000,00000,0,A,Rio village,Illinois,210,209,207,204,204
157,17,095,66677,00000,00000,0,A,St. Augustine village,Illinois,117,117,115,114,113
157,17,095,77811,00000,00000,0,A,Victoria village,Illinois,269,268,266,262,257
157,17,095,79124,00000,00000,0,A,Wataga village,Illinois,742,740,732,720,716
157,17,095,81802,00000,00000,0,A,Williamsfield village,Illinois,571,569,564,556,552
157,17,095,83817,00000,00000,0,A,Yates City village,Illinois,644,642,636,625,623
157,17,095,99990,00000,00000,0,S,Balance of Knox County,Illinois,9089,9057,8981,8852,8813
061,17,095,00000,11891,00000,0,A,Cedar township,Illinois,3065,3053,3022,2976,2961
071,17,095,00113,11891,00000,1,A,Abingdon city (pt.),Illinois,1939,1931,1910,1880,1870
071,17,095,99990,11891,00000,1,F,Balance of Cedar township,Illinois,1126,1122,1112,1096,1091
061,17,095,00000,13217,00000,0,A,Chestnut township,Illinois,223,222,220,217,216
071,17,095,44446,13217,00000,1,A,London Mills village (pt.),Illinois,4,4,4,4,4
071,17,095,99990,13217,00000,1,F,Balance of Chestnut township,Illinois,219,218,216,213,212
061,17,095,00000,16275,00000,0,A,Copley township,Illinois,395,394,390,385,382
071,17,095,77811,16275,00000,1,A,Victoria village (pt.),Illinois,77,77,76,75,73
071,17,095,99990,16275,00000,1,S,Balance of Copley township,Illinois,318,317,314,310,309
061,17,095,00000,22879,00000,1,A,Elba township,Illinois,256,255,253,249,248
061,17,095,00000,28339,00000,1,A,Galesburg township,Illinois,390,389,387,382,381
061,17,095,00000,28352,00000,0,B,Galesburg City township,Illinois,30045,29944,29647,29249,29130
071,17,095,28326,28352,00000,1,A,Galesburg city,Illinois,30045,29944,29647,29249,29130
061,17,095,00000,33552,00000,0,A,Haw Creek township,Illinois,359,358,354,349,346
071,17,095,46695,33552,00000,1,A,Maquon village (pt.),Illinois,1,1,1,1,1
071,17,095,99990,33552,00000,1,S,Balance of Haw Creek township,Illinois,358,357,353,348,345
061,17,095,00000,34020,00000,0,A,Henderson township,Illinois,1144,1140,1132,1114,1108
071,17,095,34007,34020,00000,1,A,Henderson village,Illinois,264,263,261,257,256
071,17,095,99990,34020,00000,1,F,Balance of Henderson township,Illinois,880,877,871,857,852
061,17,095,00000,37361,00000,0,A,Indian Point township,Illinois,1450,1446,1429,1408,1401
071,17,095,00113,37361,00000,1,A,Abingdon city (pt.),Illinois,1017,1014,1002,986,981
071,17,095,66677,37361,00000,1,A,St. Augustine village,Illinois,117,117,115,114,113
071,17,095,99990,37361,00000,1,F,Balance of Indian Point township,Illinois,316,315,312,308,307
061,17,095,00000,40403,00000,0,A,Knox township,Illinois,4936,4921,4878,4808,4790
071,17,095,21826,40403,00000,1,A,East Galesburg village,Illinois,763,761,753,741,740
071,17,095,40416,40403,00000,1,A,Knoxville city,Illinois,2900,2891,2866,2826,2815
071,17,095,99990,40403,00000,1,F,Balance of Knox township,Illinois,1273,1269,1259,1241,1235
061,17,095,00000,45330,00000,1,A,Lynn township,Illinois,269,268,266,262,259
061,17,095,00000,46708,00000,0,A,Maquon township,Illinois,465,463,459,450,450
071,17,095,46695,46708,00000,1,A,Maquon village (pt.),Illinois,222,221,219,214,214
071,17,095,99990,46708,00000,1,F,Balance of Maquon township,Illinois,243,242,240,236,236
061,17,095,00000,56172,00000,0,A,Ontario township,Illinois,918,915,906,894,888
071,17,095,56159,56172,00000,1,A,Oneida city (pt.),Illinois,686,684,677,668,663
071,17,095,99990,56172,00000,1,F,Balance of Ontario township,Illinois,232,231,229,226,225
061,17,095,00000,56315,00000,1,A,Orange township,Illinois,527,525,520,513,511
061,17,095,00000,59221,00000,1,A,Persifer township,Illinois,1087,1083,1075,1059,1056
061,17,095,00000,64161,00000,0,A,Rio township,Illinois,516,514,509,502,499
071,17,095,64148,64161,00000,1,A,Rio village,Illinois,210,209,207,204,204
071,17,095,99990,64161,00000,1,F,Balance of Rio township,Illinois,306,305,302,298,295
061,17,095,00000,67223,00000,0,A,Salem township,Illinois,945,942,933,918,915
071,17,095,83817,67223,00000,1,A,Yates City village,Illinois,644,642,636,625,623
071,17,095,99990,67223,00000,1,F,Balance of Salem township,Illinois,301,300,297,293,292
061,17,095,00000,71435,00000,0,A,Sparta township,Illinois,1063,1060,1049,1033,1028
071,17,095,56159,71435,00000,1,A,Oneida city (pt.),Illinois,12,12,12,12,12
071,17,095,79124,71435,00000,1,A,Wataga village,Illinois,742,740,732,720,716
071,17,095,99990,71435,00000,1,F,Balance of Sparta township,Illinois,309,308,305,301,300
061,17,095,00000,76303,00000,0,A,Truro township,Illinois,856,853,845,833,828
071,17,095,81802,76303,00000,1,A,Williamsfield village,Illinois,571,569,564,556,552
071,17,095,99990,76303,00000,1,F,Balance of Truro township,Illinois,285,284,281,277,276
061,17,095,00000,77824,00000,0,A,Victoria township,Illinois,370,368,366,360,357
071,17,095,77811,77824,00000,1,A,Victoria village (pt.),Illinois,192,191,190,187,184
071,17,095,99990,77824,00000,1,F,Balance of Victoria township,Illinois,178,177,176,173,173
061,17,095,00000,78565,00000,0,A,Walnut Grove township,Illinois,679,677,670,659,657
071,17,095,01140,78565,00000,1,A,Altona village,Illinois,463,462,457,449,447
071,17,095,99990,78565,00000,1,F,Balance of Walnut Grove township,Illinois,216,215,213,210,210
050,17,097,00000,00000,00000,0,A,Lake County,Illinois,714336,713281,712570,709899,708760
157,17,097,01595,00000,00000,0,A,Antioch village,Illinois,14618,14613,14831,14791,14833
157,17,097,03610,00000,00000,0,A,Bannockburn village,Illinois,1013,1012,1014,1009,1005
157,17,097,03844,00000,00000,0,A,Barrington village (pt.),Illinois,4863,4858,4870,4843,4820
157,17,097,03883,00000,00000,0,A,Barrington Hills village (pt.),Illinois,592,591,591,585,587
157,17,097,04303,00000,00000,0,A,Beach Park village,Illinois,14262,14235,14197,14112,14057
157,17,097,09447,00000,00000,0,A,Buffalo Grove village (pt.),Illinois,29399,29343,29302,29219,29187
157,17,097,18992,00000,00000,0,A,Deerfield village (pt.),Illinois,18684,18650,18593,18480,18401
157,17,097,19083,00000,00000,0,A,Deer Park village (pt.),Illinois,3667,3661,3650,3626,3608
157,17,097,27442,00000,00000,0,A,Fox Lake village (pt.),Illinois,10341,10329,10296,10221,10166
157,17,097,27533,00000,00000,0,A,Fox River Grove village (pt.),Illinois,486,485,484,481,475
157,17,097,31121,00000,00000,0,A,Grayslake village,Illinois,21257,21216,21144,20999,20954
157,17,097,31446,00000,00000,0,A,Green Oaks village,Illinois,4116,4109,4097,4076,4060
157,17,097,32018,00000,00000,0,A,Gurnee village,Illinois,30715,30654,30549,30339,30193
157,17,097,32200,00000,00000,0,A,Hainesville village,Illinois,3546,3540,3529,3504,3489
157,17,097,33630,00000,00000,0,A,Hawthorn Woods village,Illinois,9065,9088,9218,9314,9373
157,17,097,34722,00000,00000,0,A,Highland Park city,Illinois,30188,30155,30200,30194,30272
157,17,097,34865,00000,00000,0,A,Highwood city,Illinois,5068,5084,5377,5334,5304
157,17,097,37218,00000,00000,0,A,Indian Creek village,Illinois,531,530,531,528,526
157,17,097,37894,00000,00000,0,A,Island Lake village (pt.),Illinois,3351,3345,3332,3309,3317
157,17,097,39883,00000,00000,0,A,Kildeer village,Illinois,4084,4079,4158,4252,4377
157,17,097,40884,00000,00000,0,A,Lake Barrington village,Illinois,5098,5089,5092,5107,5092
157,17,097,40910,00000,00000,0,A,Lake Bluff village,Illinois,5620,5610,5590,5555,5534
157,17,097,41105,00000,00000,0,A,Lake Forest city,Illinois,19368,19345,19325,19271,19354
157,17,097,41326,00000,00000,0,A,Lakemoor village (pt.),Illinois,3732,3725,3755,3777,3806
157,17,097,41586,00000,00000,0,A,Lake Villa village,Illinois,8742,8726,8702,8656,8625
157,17,097,41742,00000,00000,0,A,Lake Zurich village,Illinois,19791,19755,19701,19642,19676
157,17,097,43250,00000,00000,0,A,Libertyville village,Illinois,20578,20558,20527,20420,20332
157,17,097,43666,00000,00000,0,A,Lincolnshire village,Illinois,7946,7945,7958,7938,7912
157,17,097,43770,00000,00000,0,A,Lindenhurst village,Illinois,14403,14374,14328,14332,14339
157,17,097,44524,00000,00000,0,A,Long Grove village,Illinois,8366,8352,8327,8282,8263
157,17,097,48671,00000,00000,0,A,Mettawa village,Illinois,532,531,534,540,544
157,17,097,51349,00000,00000,0,A,Mundelein village,Illinois,31573,31533,31586,31645,31790
157,17,097,53455,00000,00000,0,A,North Barrington village,Illinois,3140,3135,3124,3110,3105
157,17,097,53559,00000,00000,0,A,North Chicago city,Illinois,30757,30712,30649,30517,30416
157,17,097,55639,00000,00000,0,A,Old Mill Creek village,Illinois,164,164,163,163,162
157,17,097,57654,00000,00000,0,A,Park City city,Illinois,7891,7882,7881,7857,7842
157,17,097,61216,00000,00000,0,A,Port Barrington village (pt.),Illinois,534,533,531,529,526
157,17,097,64538,00000,00000,0,A,Riverwoods village,Illinois,3796,3789,3775,3753,3737
157,17,097,66027,00000,00000,0,A,Round Lake village,Illinois,18726,18692,18632,18512,18430
157,17,097,66040,00000,00000,0,A,Round Lake Beach village,Illinois,27260,27204,27099,26913,26783
157,17,097,66053,00000,00000,0,A,Round Lake Heights village,Illinois,2621,2616,2606,2586,2575
157,17,097,66066,00000,00000,0,A,Round Lake Park village,Illinois,7672,7664,7688,7709,7724
157,17,097,75081,00000,00000,0,A,Third Lake village,Illinois,1114,1112,1111,1102,1097
157,17,097,75874,00000,00000,0,A,Tower Lakes village,Illinois,1224,1222,1215,1208,1200
157,17,097,77694,00000,00000,0,A,Vernon Hills village,Illinois,26857,26823,26799,26788,26677
157,17,097,78227,00000,00000,0,A,Volo village,Illinois,6160,6209,6307,6584,7016
157,17,097,78370,00000,00000,0,A,Wadsworth village,Illinois,3513,3506,3493,3476,3459
157,17,097,79267,00000,00000,0,A,Wauconda village,Illinois,14093,14067,14028,13949,13891
157,17,097,79293,00000,00000,0,A,Waukegan city,Illinois,89312,89119,88732,88073,87642
157,17,097,81087,00000,00000,0,A,Wheeling village (pt.),Illinois,0,0,0,0,0
157,17,097,82686,00000,00000,0,A,Winthrop Harbor village,Illinois,6700,6688,6665,6625,6594
157,17,097,84220,00000,00000,0,A,Zion city,Illinois,24678,24626,24521,24340,24206
157,17,097,99990,00000,00000,0,S,Balance of Lake County,Illinois,82529,82398,82163,81724,81407
061,17,097,00000,01608,00000,0,A,Antioch township,Illinois,27493,27467,27647,27534,27523
071,17,097,01595,01608,00000,1,A,Antioch village (pt.),Illinois,14613,14608,14826,14786,14828
071,17,097,27442,01608,00000,1,A,Fox Lake village (pt.),Illinois,2284,2281,2274,2259,2247
071,17,097,41586,01608,00000,1,A,Lake Villa village (pt.),Illinois,324,323,322,320,319
071,17,097,55639,01608,00000,1,A,Old Mill Creek village (pt.),Illinois,0,0,0,0,0
071,17,097,99990,01608,00000,1,S,Balance of Antioch township,Illinois,10272,10255,10225,10169,10129
061,17,097,00000,03220,00000,0,A,Avon township,Illinois,63710,63588,63399,63019,62809
071,17,097,31121,03220,00000,1,A,Grayslake village (pt.),Illinois,19621,19583,19515,19381,19341
071,17,097,32200,03220,00000,1,A,Hainesville village,Illinois,3546,3540,3529,3504,3489
071,17,097,43770,03220,00000,1,A,Lindenhurst village (pt.),Illinois,2,2,2,2,2
071,17,097,66027,03220,00000,1,A,Round Lake village (pt.),Illinois,9994,9976,9942,9880,9835
071,17,097,66040,03220,00000,1,A,Round Lake Beach village (pt.),Illinois,20593,20549,20468,20323,20221
071,17,097,66053,03220,00000,1,A,Round Lake Heights village (pt.),Illinois,1099,1097,1091,1081,1076
071,17,097,66066,03220,00000,1,A,Round Lake Park village (pt.),Illinois,5447,5440,5456,5470,5479
071,17,097,75081,03220,00000,1,A,Third Lake village (pt.),Illinois,903,901,901,893,889
071,17,097,99990,03220,00000,1,S,Balance of Avon township,Illinois,2505,2500,2495,2485,2477
061,17,097,00000,05326,00000,0,A,Benton township,Illinois,19063,19028,18973,18864,18791
071,17,097,04303,05326,00000,1,A,Beach Park village (pt.),Illinois,9146,9129,9109,9058,9027
071,17,097,78370,05326,00000,1,A,Wadsworth village (pt.),Illinois,47,47,47,46,46
071,17,097,79293,05326,00000,1,A,Waukegan city (pt.),Illinois,2329,2325,2315,2301,2291
071,17,097,82686,05326,00000,1,A,Winthrop Harbor village,Illinois,6700,6688,6665,6625,6594
071,17,097,99990,05326,00000,1,F,Balance of Benton township,Illinois,841,839,837,834,833
061,17,097,00000,18004,00000,0,A,Cuba township,Illinois,17274,17247,17240,17182,17119
071,17,097,03844,18004,00000,1,A,Barrington village (pt.),Illinois,3360,3358,3374,3354,3337
071,17,097,03883,18004,00000,1,A,Barrington Hills village (pt.),Illinois,592,591,591,585,587
071,17,097,19083,18004,00000,1,A,Deer Park village (pt.),Illinois,0,0,0,0,0
071,17,097,27533,18004,00000,1,A,Fox River Grove village (pt.),Illinois,486,485,484,481,475
071,17,097,40884,18004,00000,1,A,Lake Barrington village (pt.),Illinois,4881,4872,4876,4890,4876
071,17,097,53455,18004,00000,1,A,North Barrington village (pt.),Illinois,2375,2371,2363,2351,2347
071,17,097,61216,18004,00000,1,A,Port Barrington village (pt.),Illinois,134,134,133,133,132
071,17,097,75874,18004,00000,1,A,Tower Lakes village,Illinois,1224,1222,1215,1208,1200
071,17,097,99990,18004,00000,1,F,Balance of Cuba township,Illinois,4222,4214,4204,4180,4165
061,17,097,00000,22853,00000,0,A,Ela township,Illinois,45315,45270,45361,45399,45556
071,17,097,03844,22853,00000,1,A,Barrington village (pt.),Illinois,1503,1500,1496,1489,1483
071,17,097,19083,22853,00000,1,A,Deer Park village (pt.),Illinois,3667,3661,3650,3626,3608
071,17,097,33630,22853,00000,1,A,Hawthorn Woods village (pt.),Illinois,7521,7541,7648,7726,7775
071,17,097,39883,22853,00000,1,A,Kildeer village,Illinois,4084,4079,4158,4252,4377
071,17,097,41742,22853,00000,1,A,Lake Zurich village,Illinois,19791,19755,19701,19642,19676
071,17,097,44524,22853,00000,1,A,Long Grove village (pt.),Illinois,3599,3593,3582,3563,3555
071,17,097,53455,22853,00000,1,A,North Barrington village (pt.),Illinois,765,764,761,759,758
071,17,097,99990,22853,00000,1,S,Balance of Ela township,Illinois,4385,4377,4365,4342,4324
061,17,097,00000,27923,00000,0,A,Fremont township,Illinois,33396,33357,33385,33372,33422
071,17,097,31121,27923,00000,1,A,Grayslake village (pt.),Illinois,627,626,624,620,617
071,17,097,33630,27923,00000,1,A,Hawthorn Woods village (pt.),Illinois,1544,1547,1570,1588,1598
071,17,097,43250,27923,00000,1,A,Libertyville village (pt.),Illinois,3,3,3,3,3
071,17,097,44524,27923,00000,1,A,Long Grove village (pt.),Illinois,95,95,95,94,94
071,17,097,51349,27923,00000,1,A,Mundelein village (pt.),Illinois,17047,17026,17057,17090,17171
071,17,097,53455,27923,00000,1,A,North Barrington village (pt.),Illinois,0,0,0,0,0
071,17,097,66027,27923,00000,1,A,Round Lake village (pt.),Illinois,3787,3780,3769,3745,3729
071,17,097,66066,27923,00000,1,A,Round Lake Park village (pt.),Illinois,2225,2224,2232,2239,2245
071,17,097,79267,27923,00000,1,A,Wauconda village (pt.),Illinois,2612,2607,2603,2590,2582
071,17,097,99990,27923,00000,1,F,Balance of Fremont township,Illinois,5456,5449,5432,5403,5383
061,17,097,00000,30952,00000,0,A,Grant township,Illinois,28048,28027,28020,28002,28090
071,17,097,27442,30952,00000,1,A,Fox Lake village (pt.),Illinois,8057,8048,8022,7962,7919
071,17,097,41326,30952,00000,1,A,Lakemoor village (pt.),Illinois,2887,2882,2911,2939,2971
071,17,097,66027,30952,00000,1,A,Round Lake village (pt.),Illinois,4945,4936,4921,4887,4866
071,17,097,78227,30952,00000,1,A,Volo village (pt.),Illinois,2287,2305,2342,2445,2606
071,17,097,99990,30952,00000,1,S,Balance of Grant township,Illinois,9872,9856,9824,9769,9728
061,17,097,00000,41599,00000,0,A,Lake Villa township,Illinois,39846,39773,39649,39511,39416
071,17,097,31121,41599,00000,1,A,Grayslake village (pt.),Illinois,36,36,36,36,35
071,17,097,41586,41599,00000,1,A,Lake Villa village (pt.),Illinois,8418,8403,8380,8336,8306
071,17,097,43770,41599,00000,1,A,Lindenhurst village (pt.),Illinois,14401,14372,14326,14330,14337
071,17,097,55639,41599,00000,1,A,Old Mill Creek village (pt.),Illinois,17,17,17,17,17
071,17,097,66040,41599,00000,1,A,Round Lake Beach village (pt.),Illinois,6667,6655,6631,6590,6562
071,17,097,66053,41599,00000,1,A,Round Lake Heights village (pt.),Illinois,1522,1519,1515,1505,1499
071,17,097,75081,41599,00000,1,A,Third Lake village (pt.),Illinois,0,0,0,0,0
071,17,097,99990,41599,00000,1,S,Balance of Lake Villa township,Illinois,8785,8771,8744,8697,8660
061,17,097,00000,43263,00000,0,A,Libertyville township,Illinois,54155,54090,54038,53893,53777
071,17,097,31446,43263,00000,1,A,Green Oaks village (pt.),Illinois,4115,4108,4096,4075,4059
071,17,097,40910,43263,00000,1,A,Lake Bluff village (pt.),Illinois,0,0,0,0,0
071,17,097,41105,43263,00000,1,A,Lake Forest city (pt.),Illinois,307,307,308,306,307
071,17,097,43250,43263,00000,1,A,Libertyville village (pt.),Illinois,20575,20555,20524,20417,20329
071,17,097,48671,43263,00000,1,A,Mettawa village (pt.),Illinois,422,421,424,429,431
071,17,097,51349,43263,00000,1,A,Mundelein village (pt.),Illinois,11923,11907,11923,11944,11996
071,17,097,53559,43263,00000,1,A,North Chicago city (pt.),Illinois,1328,1326,1322,1313,1309
071,17,097,77694,43263,00000,1,A,Vernon Hills village (pt.),Illinois,10325,10313,10304,10301,10260
071,17,097,79293,43263,00000,1,A,Waukegan city (pt.),Illinois,1018,1016,1013,1007,1002
071,17,097,99990,43263,00000,1,S,Balance of Libertyville township,Illinois,4142,4137,4124,4101,4084
061,17,097,00000,50364,00000,0,A,Moraine township,Illinois,33940,33922,34248,34187,34227
071,17,097,18992,50364,00000,1,A,Deerfield village (pt.),Illinois,1188,1186,1182,1175,1170
071,17,097,34722,50364,00000,1,A,Highland Park city (pt.),Illinois,26204,26175,26214,26207,26275
071,17,097,34865,50364,00000,1,A,Highwood city,Illinois,5068,5084,5377,5334,5304
071,17,097,41105,50364,00000,1,A,Lake Forest city (pt.),Illinois,1480,1477,1475,1471,1478
071,17,097,99990,50364,00000,1,F,Balance of Moraine township,Illinois,0,0,0,0,0
061,17,097,00000,52753,00000,0,A,Newport township,Illinois,6831,6818,6795,6758,6727
071,17,097,01595,52753,00000,1,A,Antioch village (pt.),Illinois,5,5,5,5,5
071,17,097,04303,52753,00000,1,A,Beach Park village (pt.),Illinois,2631,2626,2618,2602,2591
071,17,097,55639,52753,00000,1,A,Old Mill Creek village (pt.),Illinois,132,132,131,131,130
071,17,097,78370,52753,00000,1,A,Wadsworth village (pt.),Illinois,3158,3152,3140,3125,3110
071,17,097,79293,52753,00000,1,A,Waukegan city (pt.),Illinois,0,0,0,0,0
071,17,097,99990,52753,00000,1,F,Balance of Newport township,Illinois,905,903,901,895,891
061,17,097,00000,69485,00000,0,A,Shields township,Illinois,37686,37638,37573,37444,37395
071,17,097,31446,69485,00000,1,A,Green Oaks village (pt.),Illinois,1,1,1,1,1
071,17,097,40910,69485,00000,1,A,Lake Bluff village (pt.),Illinois,5620,5610,5590,5555,5534
071,17,097,41105,69485,00000,1,A,Lake Forest city (pt.),Illinois,8813,8804,8791,8769,8801
071,17,097,53559,69485,00000,1,A,North Chicago city (pt.),Illinois,20994,20969,20944,20883,20832
071,17,097,79293,69485,00000,1,A,Waukegan city (pt.),Illinois,0,0,0,0,0
071,17,097,99990,69485,00000,1,S,Balance of Shields township,Illinois,2258,2254,2247,2236,2227
061,17,097,00000,77668,00000,0,A,Vernon township,Illinois,71396,71290,71213,71030,70880
071,17,097,03610,77668,00000,1,A,Bannockburn village (pt.),Illinois,0,0,0,0,0
071,17,097,09447,77668,00000,1,A,Buffalo Grove village (pt.),Illinois,29399,29343,29302,29219,29187
071,17,097,37218,77668,00000,1,A,Indian Creek village,Illinois,531,530,531,528,526
071,17,097,41105,77668,00000,1,A,Lake Forest city (pt.),Illinois,1530,1527,1527,1524,1531
071,17,097,43666,77668,00000,1,A,Lincolnshire village (pt.),Illinois,7918,7917,7930,7910,7884
071,17,097,44524,77668,00000,1,A,Long Grove village (pt.),Illinois,4672,4664,4650,4625,4614
071,17,097,48671,77668,00000,1,A,Mettawa village (pt.),Illinois,110,110,110,111,113
071,17,097,51349,77668,00000,1,A,Mundelein village (pt.),Illinois,2603,2600,2606,2611,2623
071,17,097,64538,77668,00000,1,A,Riverwoods village (pt.),Illinois,2766,2761,2750,2734,2723
071,17,097,77694,77668,00000,1,A,Vernon Hills village (pt.),Illinois,16532,16510,16495,16487,16417
071,17,097,81087,77668,00000,1,A,Wheeling village (pt.),Illinois,0,0,0,0,0
071,17,097,99990,77668,00000,1,F,Balance of Vernon township,Illinois,5335,5328,5312,5281,5262
061,17,097,00000,78877,00000,0,A,Warren township,Illinois,65877,65760,65567,65170,64897
071,17,097,04303,78877,00000,1,A,Beach Park village (pt.),Illinois,5,5,5,5,5
071,17,097,31121,78877,00000,1,A,Grayslake village (pt.),Illinois,973,971,969,962,961
071,17,097,32018,78877,00000,1,A,Gurnee village (pt.),Illinois,30693,30632,30527,30317,30171
071,17,097,43770,78877,00000,1,A,Lindenhurst village (pt.),Illinois,0,0,0,0,0
071,17,097,53559,78877,00000,1,A,North Chicago city (pt.),Illinois,0,0,0,0,0
071,17,097,55639,78877,00000,1,A,Old Mill Creek village (pt.),Illinois,15,15,15,15,15
071,17,097,57654,78877,00000,1,A,Park City city (pt.),Illinois,5620,5613,5609,5590,5575
071,17,097,75081,78877,00000,1,A,Third Lake village (pt.),Illinois,211,211,210,209,208
071,17,097,78370,78877,00000,1,A,Wadsworth village (pt.),Illinois,308,307,306,305,303
071,17,097,79293,78877,00000,1,A,Waukegan city (pt.),Illinois,9850,9832,9797,9733,9694
071,17,097,99990,78877,00000,1,S,Balance of Warren township,Illinois,18202,18174,18129,18034,17965
061,17,097,00000,79280,00000,0,A,Wauconda township,Illinois,23643,23638,23639,23698,23906
071,17,097,37894,79280,00000,1,A,Island Lake village (pt.),Illinois,3351,3345,3332,3309,3317
071,17,097,40884,79280,00000,1,A,Lake Barrington village (pt.),Illinois,217,217,216,217,216
071,17,097,41326,79280,00000,1,A,Lakemoor village (pt.),Illinois,845,843,844,838,835
071,17,097,61216,79280,00000,1,A,Port Barrington village (pt.),Illinois,400,399,398,396,394
071,17,097,78227,79280,00000,1,A,Volo village (pt.),Illinois,3873,3904,3965,4139,4410
071,17,097,79267,79280,00000,1,A,Wauconda village (pt.),Illinois,11481,11460,11425,11359,11309
071,17,097,99990,79280,00000,1,F,Balance of Wauconda township,Illinois,3476,3470,3459,3440,3425
061,17,097,00000,79306,00000,0,A,Waukegan township,Illinois,90382,90186,89803,89136,88696
071,17,097,04303,79306,00000,1,A,Beach Park village (pt.),Illinois,2480,2475,2465,2447,2434
071,17,097,32018,79306,00000,1,A,Gurnee village (pt.),Illinois,22,22,22,22,22
071,17,097,53559,79306,00000,1,A,North Chicago city (pt.),Illinois,8435,8417,8383,8321,8275
071,17,097,57654,79306,00000,1,A,Park City city (pt.),Illinois,2271,2269,2272,2267,2267
071,17,097,79293,79306,00000,1,A,Waukegan city (pt.),Illinois,76115,75946,75607,75032,74655
071,17,097,99990,79306,00000,1,F,Balance of Waukegan township,Illinois,1059,1057,1054,1047,1043
061,17,097,00000,80112,00000,0,A,West Deerfield township,Illinois,31603,31556,31499,31360,31323
071,17,097,03610,80112,00000,1,A,Bannockburn village (pt.),Illinois,1013,1012,1014,1009,1005
071,17,097,18992,80112,00000,1,A,Deerfield village (pt.),Illinois,17496,17464,17411,17305,17231
071,17,097,34722,80112,00000,1,A,Highland Park city (pt.),Illinois,3984,3980,3986,3987,3997
071,17,097,41105,80112,00000,1,A,Lake Forest city (pt.),Illinois,7238,7230,7224,7201,7237
071,17,097,43666,80112,00000,1,A,Lincolnshire village (pt.),Illinois,28,28,28,28,28
071,17,097,64538,80112,00000,1,A,Riverwoods village (pt.),Illinois,1030,1028,1025,1019,1014
071,17,097,99990,80112,00000,1,F,Balance of West Deerfield township,Illinois,814,814,811,811,811
061,17,097,00000,84233,00000,0,B,Zion township,Illinois,24678,24626,24521,24340,24206
071,17,097,84220,84233,00000,1,A,Zion city,Illinois,24678,24626,24521,24340,24206
050,17,099,00000,00000,00000,0,A,LaSalle County,Illinois,109650,109410,109160,108181,108309
157,17,099,11982,00000,00000,0,A,Cedar Point village,Illinois,268,267,267,262,262
157,17,099,18459,00000,00000,0,A,Dalzell village (pt.),Illinois,0,0,0,0,0
157,17,099,18485,00000,00000,0,A,Dana village,Illinois,159,159,158,157,157
157,17,099,21540,00000,00000,0,A,Earlville city,Illinois,1615,1611,1611,1596,1597
157,17,099,30757,00000,00000,0,A,Grand Ridge village,Illinois,517,516,514,507,510
157,17,099,38921,00000,00000,0,A,Kangley village,Illinois,234,233,233,228,229
157,17,099,42184,00000,00000,0,A,LaSalle city,Illinois,9591,9563,9526,9431,9432
157,17,099,42756,00000,00000,0,A,Leland village,Illinois,948,946,941,930,930
157,17,099,42912,00000,00000,0,A,Leonore village,Illinois,123,123,122,121,121
157,17,099,44823,00000,00000,0,A,Lostant village,Illinois,434,433,434,430,432
157,17,099,47150,00000,00000,0,A,Marseilles city,Illinois,4831,4820,4806,4760,4773
157,17,099,48333,00000,00000,0,A,Mendota city,Illinois,7059,7038,7009,6934,6929
157,17,099,49308,00000,00000,0,A,Millington village (pt.),Illinois,415,414,412,409,412
157,17,099,51648,00000,00000,0,A,Naplate village,Illinois,419,418,417,413,413
157,17,099,54222,00000,00000,0,A,North Utica village,Illinois,1318,1317,1325,1326,1332
157,17,099,55353,00000,00000,0,A,Oglesby city,Illinois,3710,3699,3683,3642,3639
157,17,099,56926,00000,00000,0,A,Ottawa city,Illinois,18856,18843,18816,18683,18752
157,17,099,59234,00000,00000,0,A,Peru city (pt.),Illinois,9947,9920,9883,9783,9779
157,17,099,62757,00000,00000,0,A,Ransom village,Illinois,311,310,309,305,307
157,17,099,66443,00000,00000,0,A,Rutland village,Illinois,257,256,258,255,255
157,17,099,68640,00000,00000,0,A,Seneca village (pt.),Illinois,2341,2336,2329,2305,2304
157,17,099,69277,00000,00000,0,A,Sheridan village,Illinois,2434,2432,2427,2416,2418
157,17,099,70460,00000,00000,0,A,Somonauk village (pt.),Illinois,235,234,234,232,232
157,17,099,73170,00000,00000,0,A,Streator city (pt.),Illinois,12424,12389,12334,12202,12189
157,17,099,75718,00000,00000,0,A,Tonica village,Illinois,750,748,744,737,735
157,17,099,76225,00000,00000,0,A,Troy Grove village,Illinois,224,223,223,221,221
157,17,099,79813,00000,00000,0,A,Wenona city (pt.),Illinois,15,15,15,15,15
157,17,099,99990,00000,00000,0,S,Balance of LaSalle County,Illinois,30215,30147,30130,29881,29934
061,17,099,00000,00204,00000,0,A,Adams township,Illinois,1624,1620,1616,1599,1597
071,17,099,42756,00204,00000,1,A,Leland village,Illinois,948,946,941,930,930
071,17,099,69277,00204,00000,1,A,Sheridan village (pt.),Illinois,0,0,0,0,0
071,17,099,99990,00204,00000,1,F,Balance of Adams township,Illinois,676,674,675,669,667
061,17,099,00000,00763,00000,0,A,Allen township,Illinois,507,506,504,498,500
071,17,099,62757,00763,00000,1,A,Ransom village,Illinois,311,310,309,305,307
071,17,099,99990,00763,00000,1,F,Balance of Allen township,Illinois,196,196,195,193,193
061,17,099,00000,08583,00000,0,A,Brookfield township,Illinois,1064,1062,1060,1050,1054
071,17,099,47150,08583,00000,1,A,Marseilles city (pt.),Illinois,110,110,109,108,109
071,17,099,68640,08583,00000,1,A,Seneca village (pt.),Illinois,129,129,128,127,127
071,17,099,99990,08583,00000,1,F,Balance of Brookfield township,Illinois,825,823,823,815,818
061,17,099,00000,09057,00000,0,A,Bruce township,Illinois,11953,11919,11871,11742,11733
071,17,099,73170,09057,00000,1,A,Streator city (pt.),Illinois,10922,10890,10843,10724,10712
071,17,099,99990,09057,00000,1,F,Balance of Bruce township,Illinois,1031,1029,1028,1018,1021
061,17,099,00000,18784,00000,0,A,Dayton township,Illinois,2422,2419,2419,2405,2414
071,17,099,56926,18784,00000,1,A,Ottawa city (pt.),Illinois,1383,1382,1381,1374,1380
071,17,099,99990,18784,00000,1,S,Balance of Dayton township,Illinois,1039,1037,1038,1031,1034
061,17,099,00000,19096,00000,0,A,Deer Park township,Illinois,476,475,476,471,472
071,17,099,54222,19096,00000,1,A,North Utica village (pt.),Illinois,0,0,0,0,0
071,17,099,99990,19096,00000,1,F,Balance of Deer Park township,Illinois,476,475,476,471,472
061,17,099,00000,19980,00000,0,A,Dimmick township,Illinois,748,746,747,740,740
071,17,099,42184,19980,00000,1,A,LaSalle city (pt.),Illinois,14,14,14,14,14
071,17,099,59234,19980,00000,1,A,Peru city (pt.),Illinois,47,47,47,46,46
071,17,099,99990,19980,00000,1,F,Balance of Dimmick township,Illinois,687,685,686,680,680
061,17,099,00000,21436,00000,0,A,Eagle township,Illinois,1469,1465,1460,1444,1443
071,17,099,38921,21436,00000,1,A,Kangley village,Illinois,234,233,233,228,229
071,17,099,73170,21436,00000,1,A,Streator city (pt.),Illinois,585,584,580,575,573
071,17,099,99990,21436,00000,1,F,Balance of Eagle township,Illinois,650,648,647,641,641
061,17,099,00000,21527,00000,0,A,Earl township,Illinois,2460,2454,2454,2431,2433
071,17,099,21540,21527,00000,1,A,Earlville city,Illinois,1615,1611,1611,1596,1597
071,17,099,99990,21527,00000,1,F,Balance of Earl township,Illinois,845,843,843,835,836
061,17,099,00000,22424,00000,0,A,Eden township,Illinois,1383,1379,1374,1359,1357
071,17,099,11982,22424,00000,1,A,Cedar Point village,Illinois,268,267,267,262,262
071,17,099,55353,22424,00000,1,A,Oglesby city (pt.),Illinois,6,6,6,6,6
071,17,099,75718,22424,00000,1,A,Tonica village,Illinois,750,748,744,737,735
071,17,099,99990,22424,00000,1,F,Balance of Eden township,Illinois,359,358,357,354,354
061,17,099,00000,25284,00000,0,A,Fall River township,Illinois,792,790,790,783,786
071,17,099,56926,25284,00000,1,A,Ottawa city (pt.),Illinois,2,2,2,2,2
071,17,099,99990,25284,00000,1,F,Balance of Fall River township,Illinois,790,788,788,781,784
061,17,099,00000,25583,00000,0,A,Farm Ridge township,Illinois,841,839,836,826,830
071,17,099,30757,25583,00000,1,A,Grand Ridge village,Illinois,517,516,514,507,510
071,17,099,99990,25583,00000,1,F,Balance of Farm Ridge township,Illinois,324,323,322,319,320
061,17,099,00000,27845,00000,1,A,Freedom township,Illinois,609,608,606,600,601
061,17,099,00000,30744,00000,1,A,Grand Rapids township,Illinois,281,280,279,277,277
061,17,099,00000,31914,00000,0,A,Groveland township,Illinois,566,565,565,560,560
071,17,099,18485,31914,00000,1,A,Dana village,Illinois,159,159,158,157,157
071,17,099,66443,31914,00000,1,A,Rutland village,Illinois,257,256,258,255,255
071,17,099,99990,31914,00000,1,F,Balance of Groveland township,Illinois,150,150,149,148,148
061,17,099,00000,36100,00000,0,A,Hope township,Illinois,581,580,580,575,577
071,17,099,44823,36100,00000,1,A,Lostant village,Illinois,434,433,434,430,432
071,17,099,99990,36100,00000,1,F,Balance of Hope township,Illinois,147,147,146,145,145
061,17,099,00000,42197,00000,0,A,LaSalle township,Illinois,13439,13400,13346,13208,13206
071,17,099,42184,42197,00000,1,A,LaSalle city (pt.),Illinois,9130,9103,9067,8976,8976
071,17,099,55353,42197,00000,1,A,Oglesby city (pt.),Illinois,3704,3693,3677,3636,3633
071,17,099,99990,42197,00000,1,F,Balance of LaSalle township,Illinois,605,604,602,596,597
061,17,099,00000,46448,00000,0,A,Manlius township,Illinois,6155,6141,6128,6068,6079
071,17,099,47150,46448,00000,1,A,Marseilles city (pt.),Illinois,2964,2957,2951,2923,2932
071,17,099,68640,46448,00000,1,A,Seneca village (pt.),Illinois,2212,2207,2201,2178,2177
071,17,099,99990,46448,00000,1,F,Balance of Manlius township,Illinois,979,977,976,967,970
061,17,099,00000,48346,00000,0,A,Mendota township,Illinois,7174,7153,7124,7047,7043
071,17,099,48333,48346,00000,1,A,Mendota city (pt.),Illinois,6573,6553,6526,6455,6450
071,17,099,99990,48346,00000,1,F,Balance of Mendota township,Illinois,601,600,598,592,593
061,17,099,00000,48463,00000,1,A,Meriden township,Illinois,267,266,266,265,265
061,17,099,00000,49204,00000,1,A,Miller township,Illinois,588,587,585,582,583
061,17,099,00000,49646,00000,0,A,Mission township,Illinois,4079,4073,4067,4044,4052
071,17,099,49308,49646,00000,1,A,Millington village (pt.),Illinois,319,318,317,314,317
071,17,099,69277,49646,00000,1,A,Sheridan village (pt.),Illinois,2383,2381,2376,2366,2368
071,17,099,99990,49646,00000,1,F,Balance of Mission township,Illinois,1377,1374,1374,1364,1367
061,17,099,00000,54248,00000,0,A,Northville township,Illinois,7352,7337,7339,7283,7298
071,17,099,49308,54248,00000,1,A,Millington village (pt.),Illinois,96,96,95,95,95
071,17,099,69277,54248,00000,1,A,Sheridan village (pt.),Illinois,51,51,51,50,50
071,17,099,70460,54248,00000,1,A,Somonauk village (pt.),Illinois,235,234,234,232,232
071,17,099,99990,54248,00000,1,S,Balance of Northville township,Illinois,6970,6956,6959,6906,6921
061,17,099,00000,56224,00000,1,A,Ophir township,Illinois,441,440,439,437,437
061,17,099,00000,56731,00000,0,A,Osage township,Illinois,247,246,246,246,246
071,17,099,79813,56731,00000,1,A,Wenona city (pt.),Illinois,15,15,15,15,15
071,17,099,99990,56731,00000,1,F,Balance of Osage township,Illinois,232,231,231,231,231
061,17,099,00000,56939,00000,0,A,Ottawa township,Illinois,11262,11252,11233,11145,11182
071,17,099,51648,56939,00000,1,A,Naplate village,Illinois,419,418,417,413,413
071,17,099,56926,56939,00000,1,A,Ottawa city (pt.),Illinois,9746,9739,9722,9648,9682
071,17,099,99990,56939,00000,1,F,Balance of Ottawa township,Illinois,1097,1095,1094,1084,1087
061,17,099,00000,56965,00000,0,A,Otter Creek township,Illinois,2669,2663,2658,2634,2637
071,17,099,73170,56965,00000,1,A,Streator city (pt.),Illinois,917,915,911,903,904
071,17,099,99990,56965,00000,1,F,Balance of Otter Creek township,Illinois,1752,1748,1747,1731,1733
061,17,099,00000,59247,00000,0,A,Peru township,Illinois,10180,10152,10115,10013,10012
071,17,099,18459,59247,00000,1,A,Dalzell village (pt.),Illinois,0,0,0,0,0
071,17,099,42184,59247,00000,1,A,LaSalle city (pt.),Illinois,18,18,18,18,18
071,17,099,59234,59247,00000,1,A,Peru city (pt.),Illinois,9900,9873,9836,9737,9733
071,17,099,99990,59247,00000,1,F,Balance of Peru township,Illinois,262,261,261,258,261
061,17,099,00000,63576,00000,0,A,Richland township,Illinois,347,346,345,342,342
071,17,099,42912,63576,00000,1,A,Leonore village,Illinois,123,123,122,121,121
071,17,099,99990,63576,00000,1,F,Balance of Richland township,Illinois,224,223,223,221,221
061,17,099,00000,66456,00000,0,A,Rutland township,Illinois,3600,3592,3585,3554,3560
071,17,099,47150,66456,00000,1,A,Marseilles city (pt.),Illinois,1757,1753,1746,1729,1732
071,17,099,56926,66456,00000,1,A,Ottawa city (pt.),Illinois,162,162,162,161,161
071,17,099,99990,66456,00000,1,S,Balance of Rutland township,Illinois,1681,1677,1677,1664,1667
061,17,099,00000,68692,00000,1,A,Serena township,Illinois,1124,1121,1121,1110,1111
061,17,099,00000,71110,00000,0,A,South Ottawa township,Illinois,8357,8350,8341,8283,8313
071,17,099,56926,71110,00000,1,A,Ottawa city (pt.),Illinois,7556,7551,7542,7491,7520
071,17,099,99990,71110,00000,1,F,Balance of South Ottawa township,Illinois,801,799,799,792,793
061,17,099,00000,76238,00000,0,A,Troy Grove township,Illinois,1281,1278,1276,1265,1266
071,17,099,48333,76238,00000,1,A,Mendota city (pt.),Illinois,486,485,483,479,479
071,17,099,76225,76238,00000,1,A,Troy Grove village,Illinois,224,223,223,221,221
071,17,099,99990,76238,00000,1,F,Balance of Troy Grove township,Illinois,571,570,570,565,566
061,17,099,00000,77096,00000,0,A,Utica township,Illinois,1936,1933,1940,1935,1942
071,17,099,42184,77096,00000,1,A,LaSalle city (pt.),Illinois,396,395,394,390,391
071,17,099,54222,77096,00000,1,A,North Utica village (pt.),Illinois,1313,1312,1320,1321,1327
071,17,099,99990,77096,00000,1,F,Balance of Utica township,Illinois,227,226,226,224,224
061,17,099,00000,77623,00000,1,A,Vermillion township,Illinois,382,381,380,377,377
061,17,099,00000,78487,00000,0,A,Wallace township,Illinois,574,573,571,568,569
071,17,099,56926,78487,00000,1,A,Ottawa city (pt.),Illinois,7,7,7,7,7
071,17,099,99990,78487,00000,1,F,Balance of Wallace township,Illinois,567,566,564,561,562
061,17,099,00000,78682,00000,0,A,Waltham township,Illinois,420,419,418,415,415
071,17,099,42184,78682,00000,1,A,LaSalle city (pt.),Illinois,33,33,33,33,33
071,17,099,54222,78682,00000,1,A,North Utica village (pt.),Illinois,5,5,5,5,5
071,17,099,99990,78682,00000,1,F,Balance of Waltham township,Illinois,382,381,380,377,377
050,17,101,00000,00000,00000,0,A,Lawrence County,Illinois,15292,15268,15228,14891,14813
157,17,101,08186,00000,00000,0,A,Bridgeport city,Illinois,1808,1802,1783,1729,1704
157,17,101,42405,00000,00000,0,A,Lawrenceville city,Illinois,4173,4180,4234,4201,4245
157,17,101,66404,00000,00000,0,A,Russellville village,Illinois,96,96,95,91,90
157,17,101,66833,00000,00000,0,A,St. Francisville city,Illinois,569,567,561,541,533
157,17,101,73703,00000,00000,0,A,Sumner city,Illinois,2637,2635,2627,2600,2596
157,17,101,99990,00000,00000,0,F,Balance of Lawrence County,Illinois,6009,5988,5928,5729,5645
061,17,101,00000,00906,00000,1,A,Allison township,Illinois,258,257,256,247,245
061,17,101,00000,07198,00000,1,A,Bond township,Illinois,585,583,578,559,550
061,17,101,00000,08199,00000,0,A,Bridgeport township,Illinois,2323,2315,2291,2216,2185
071,17,101,08186,08199,00000,1,A,Bridgeport city (pt.),Illinois,1762,1756,1738,1685,1661
071,17,101,99990,08199,00000,1,F,Balance of Bridgeport township,Illinois,561,559,553,531,524
061,17,101,00000,14299,00000,0,A,Christy township,Illinois,3143,3139,3128,3085,3076
071,17,101,73703,14299,00000,1,A,Sumner city,Illinois,2637,2635,2627,2600,2596
071,17,101,99990,14299,00000,1,F,Balance of Christy township,Illinois,506,504,501,485,480
061,17,101,00000,19395,00000,0,A,Denison township,Illinois,1358,1353,1338,1292,1272
071,17,101,66833,19395,00000,1,A,St. Francisville city,Illinois,569,567,561,541,533
071,17,101,99990,19395,00000,1,F,Balance of Denison township,Illinois,789,786,777,751,739
061,17,101,00000,42379,00000,0,A,Lawrence township,Illinois,6183,6183,6215,6118,6132
071,17,101,08186,42379,00000,1,A,Bridgeport city (pt.),Illinois,46,46,45,44,43
071,17,101,42405,42379,00000,1,A,Lawrenceville city,Illinois,4173,4180,4234,4201,4245
071,17,101,99990,42379,00000,1,F,Balance of Lawrence township,Illinois,1964,1957,1936,1873,1844
061,17,101,00000,45200,00000,1,A,Lukin township,Illinois,415,414,409,397,391
061,17,101,00000,59377,00000,1,A,Petty township,Illinois,635,633,626,604,595
061,17,101,00000,66378,00000,0,A,Russell township,Illinois,392,391,387,373,367
071,17,101,66404,66378,00000,1,A,Russellville village,Illinois,96,96,95,91,90
071,17,101,99990,66378,00000,1,F,Balance of Russell township,Illinois,296,295,292,282,277
050,17,103,00000,00000,00000,0,A,Lee County,Illinois,34151,34062,34195,33938,33654
157,17,103,01270,00000,00000,0,A,Amboy city,Illinois,2282,2275,2282,2260,2236
157,17,103,02583,00000,00000,0,A,Ashton village,Illinois,969,966,968,957,947
157,17,103,15989,00000,00000,0,A,Compton village,Illinois,271,270,271,269,266
157,17,103,20162,00000,00000,0,A,Dixon city,Illinois,15290,15256,15314,15212,15096
157,17,103,27689,00000,00000,0,A,Franklin Grove village,Illinois,899,897,898,889,879
157,17,103,32967,00000,00000,0,A,Harmon village,Illinois,119,119,119,118,117
157,17,103,42587,00000,00000,0,A,Lee village (pt.),Illinois,188,188,188,187,185
157,17,103,51947,00000,00000,0,A,Nelson village,Illinois,126,126,126,125,124
157,17,103,58226,00000,00000,0,A,Paw Paw village,Illinois,829,827,828,819,811
157,17,103,64746,00000,00000,0,A,Rochelle city (pt.),Illinois,0,0,0,0,0
157,17,103,72624,00000,00000,0,A,Steward village,Illinois,228,227,228,226,224
157,17,103,73287,00000,00000,0,A,Sublette village,Illinois,380,379,381,377,374
157,17,103,80008,00000,00000,0,A,West Brooklyn village,Illinois,131,131,131,130,129
157,17,103,99990,00000,00000,0,S,Balance of Lee County,Illinois,12439,12401,12461,12369,12266
061,17,103,00000,01101,00000,0,A,Alto township,Illinois,528,526,528,524,519
071,17,103,64746,01101,00000,1,A,Rochelle city (pt.),Illinois,0,0,0,0,0
071,17,103,72624,01101,00000,1,A,Steward village,Illinois,228,227,228,226,224
071,17,103,99990,01101,00000,1,F,Balance of Alto township,Illinois,300,299,300,298,295
061,17,103,00000,01283,00000,0,A,Amboy township,Illinois,2828,2819,2829,2804,2775
071,17,103,01270,01283,00000,1,A,Amboy city (pt.),Illinois,2282,2275,2282,2260,2236
071,17,103,99990,01283,00000,1,S,Balance of Amboy township,Illinois,546,544,547,544,539
061,17,103,00000,02596,00000,0,A,Ashton township,Illinois,1164,1160,1163,1150,1139
071,17,103,02583,02596,00000,1,A,Ashton village,Illinois,969,966,968,957,947
071,17,103,99990,02596,00000,1,F,Balance of Ashton township,Illinois,195,194,195,193,192
061,17,103,00000,07679,00000,1,A,Bradford township,Illinois,260,259,260,258,256
061,17,103,00000,08654,00000,0,A,Brooklyn township,Illinois,704,702,704,699,692
071,17,103,15989,08654,00000,1,A,Compton village,Illinois,271,270,271,269,266
071,17,103,80008,08654,00000,1,A,West Brooklyn village,Illinois,131,131,131,130,129
071,17,103,99990,08654,00000,1,F,Balance of Brooklyn township,Illinois,302,301,302,300,297
061,17,103,00000,20175,00000,0,A,Dixon township,Illinois,17381,17341,17407,17290,17152
071,17,103,20162,20175,00000,1,A,Dixon city (pt.),Illinois,15194,15160,15218,15117,14999
071,17,103,99990,20175,00000,1,F,Balance of Dixon township,Illinois,2187,2181,2189,2173,2153
061,17,103,00000,21865,00000,1,A,East Grove township,Illinois,250,249,250,248,246
061,17,103,00000,27695,00000,0,A,Franklin Grove township,Illinois,1230,1227,1230,1219,1207
071,17,103,27689,27695,00000,1,A,Franklin Grove village,Illinois,899,897,898,889,879
071,17,103,99990,27695,00000,1,F,Balance of Franklin Grove township,Illinois,331,330,332,330,328
061,17,103,00000,32447,00000,1,A,Hamilton township,Illinois,182,182,182,181,179
061,17,103,00000,32980,00000,0,A,Harmon township,Illinois,349,348,349,346,343
071,17,103,32967,32980,00000,1,A,Harmon village,Illinois,119,119,119,118,117
071,17,103,99990,32980,00000,1,F,Balance of Harmon township,Illinois,230,229,230,228,226
061,17,103,00000,42613,00000,1,A,Lee Center township,Illinois,548,546,549,546,541
061,17,103,00000,46890,00000,0,A,Marion township,Illinois,218,217,218,216,214
071,17,103,01270,46890,00000,1,A,Amboy city (pt.),Illinois,0,0,0,0,0
071,17,103,99990,46890,00000,1,F,Balance of Marion township,Illinois,218,217,218,216,214
061,17,103,00000,47644,00000,1,A,May township,Illinois,258,257,258,256,254
061,17,103,00000,51557,00000,1,A,Nachusa township,Illinois,451,450,452,448,444
061,17,103,00000,51960,00000,0,A,Nelson township,Illinois,764,762,767,760,755
071,17,103,51947,51960,00000,1,A,Nelson village,Illinois,126,126,126,125,124
071,17,103,99990,51960,00000,1,F,Balance of Nelson township,Illinois,638,636,641,635,631
061,17,103,00000,57316,00000,1,A,Palmyra township,Illinois,2899,2891,2909,2890,2869
061,17,103,00000,63407,00000,0,A,Reynolds township,Illinois,272,271,272,270,267
071,17,103,64746,63407,00000,1,A,Rochelle city (pt.),Illinois,0,0,0,0,0
071,17,103,99990,63407,00000,1,F,Balance of Reynolds township,Illinois,272,271,272,270,267
061,17,103,00000,70694,00000,0,A,South Dixon township,Illinois,977,974,978,969,963
071,17,103,20162,70694,00000,1,A,Dixon city (pt.),Illinois,96,96,96,95,97
071,17,103,99990,70694,00000,1,F,Balance of South Dixon township,Illinois,881,878,882,874,866
061,17,103,00000,73300,00000,0,A,Sublette township,Illinois,695,693,696,690,684
071,17,103,73287,73300,00000,1,A,Sublette village,Illinois,380,379,381,377,374
071,17,103,99990,73300,00000,1,F,Balance of Sublette township,Illinois,315,314,315,313,310
061,17,103,00000,78110,00000,1,A,Viola township,Illinois,306,305,306,304,303
061,17,103,00000,81971,00000,0,A,Willow Creek township,Illinois,638,637,639,634,628
071,17,103,42587,81971,00000,1,A,Lee village (pt.),Illinois,188,188,188,187,185
071,17,103,99990,81971,00000,1,F,Balance of Willow Creek township,Illinois,450,449,451,447,443
061,17,103,00000,83674,00000,0,A,Wyoming township,Illinois,1249,1246,1249,1236,1224
071,17,103,58226,83674,00000,1,A,Paw Paw village,Illinois,829,827,828,819,811
071,17,103,99990,83674,00000,1,F,Balance of Wyoming township,Illinois,420,419,421,417,413
050,17,105,00000,00000,00000,0,A,Livingston County,Illinois,35827,35792,35769,35517,35320
157,17,105,10916,00000,00000,0,A,Campus village,Illinois,146,146,146,145,143
157,17,105,12710,00000,00000,0,A,Chatsworth town,Illinois,1187,1184,1183,1172,1161
157,17,105,16405,00000,00000,0,A,Cornell village,Illinois,450,449,447,444,440
157,17,105,18030,00000,00000,0,A,Cullom village,Illinois,516,515,513,510,505
157,17,105,21358,00000,00000,0,A,Dwight village (pt.),Illinois,4014,4014,4011,3990,4019
157,17,105,24062,00000,00000,0,A,Emington village,Illinois,99,99,99,98,97
157,17,105,24764,00000,00000,0,A,Fairbury city,Illinois,3638,3632,3629,3602,3574
157,17,105,26311,00000,00000,0,A,Flanagan village,Illinois,1007,1006,1006,996,989
157,17,105,27026,00000,00000,0,A,Forrest village,Illinois,1047,1046,1043,1033,1023
157,17,105,44576,00000,00000,0,A,Long Point village,Illinois,203,203,203,201,200
157,17,105,55171,00000,00000,0,A,Odell village,Illinois,1006,1005,1002,992,985
157,17,105,61015,00000,00000,0,A,Pontiac city,Illinois,11179,11168,11161,11090,11010
157,17,105,63056,00000,00000,0,A,Reddick village (pt.),Illinois,22,22,22,22,22
157,17,105,67795,00000,00000,0,A,Saunemin village,Illinois,408,407,407,404,401
157,17,105,73131,00000,00000,0,A,Strawn village,Illinois,105,105,105,104,103
157,17,105,73170,00000,00000,0,A,Streator city (pt.),Illinois,81,81,81,80,80
157,17,105,99990,00000,00000,0,F,Balance of Livingston County,Illinois,10719,10710,10711,10634,10568
061,17,105,00000,01348,00000,0,A,Amity township,Illinois,765,764,761,756,750
071,17,105,16405,01348,00000,1,A,Cornell village,Illinois,450,449,447,444,440
071,17,105,99990,01348,00000,1,F,Balance of Amity township,Illinois,315,315,314,312,310
061,17,105,00000,03194,00000,1,A,Avoca township,Illinois,416,415,415,412,412
061,17,105,00000,04780,00000,1,A,Belle Prairie township,Illinois,132,132,132,131,130
061,17,105,00000,08888,00000,0,A,Broughton township,Illinois,302,302,302,299,297
071,17,105,10916,08888,00000,1,A,Campus village (pt.),Illinois,37,37,37,37,36
071,17,105,24062,08888,00000,1,A,Emington village (pt.),Illinois,68,68,68,67,67
071,17,105,99990,08888,00000,1,F,Balance of Broughton township,Illinois,197,197,197,195,194
061,17,105,00000,12606,00000,0,A,Charlotte township,Illinois,157,157,157,156,154
071,17,105,12710,12606,00000,1,A,Chatsworth town (pt.),Illinois,0,0,0,0,0
071,17,105,99990,12606,00000,1,F,Balance of Charlotte township,Illinois,157,157,157,156,154
061,17,105,00000,12723,00000,0,A,Chatsworth township,Illinois,1348,1345,1344,1332,1319
071,17,105,12710,12723,00000,1,A,Chatsworth town (pt.),Illinois,1187,1184,1183,1172,1161
071,17,105,99990,12723,00000,1,F,Balance of Chatsworth township,Illinois,161,161,161,160,158
061,17,105,00000,21371,00000,0,A,Dwight township,Illinois,4271,4271,4268,4245,4272
071,17,105,21358,21371,00000,1,A,Dwight village (pt.),Illinois,4014,4014,4011,3990,4019
071,17,105,99990,21371,00000,1,F,Balance of Dwight township,Illinois,257,257,257,255,253
061,17,105,00000,24309,00000,1,A,Eppards Point township,Illinois,345,344,344,342,339
061,17,105,00000,24426,00000,0,A,Esmen township,Illinois,297,297,296,294,292
071,17,105,61015,24426,00000,1,A,Pontiac city (pt.),Illinois,0,0,0,0,0
071,17,105,99990,24426,00000,1,F,Balance of Esmen township,Illinois,297,297,296,294,292
061,17,105,00000,25700,00000,0,A,Fayette township,Illinois,251,251,251,249,246
071,17,105,73131,25700,00000,1,A,Strawn village,Illinois,105,105,105,104,103
071,17,105,99990,25700,00000,1,F,Balance of Fayette township,Illinois,146,146,146,145,143
061,17,105,00000,27039,00000,0,A,Forrest township,Illinois,1422,1420,1417,1405,1392
071,17,105,27026,27039,00000,1,A,Forrest village (pt.),Illinois,1047,1046,1043,1033,1023
071,17,105,99990,27039,00000,1,F,Balance of Forrest township,Illinois,375,374,374,372,369
061,17,105,00000,29106,00000,1,A,Germanville township,Illinois,63,63,63,62,62
061,17,105,00000,37244,00000,0,A,Indian Grove township,Illinois,4164,4157,4154,4123,4094
071,17,105,24764,37244,00000,1,A,Fairbury city,Illinois,3638,3632,3629,3602,3574
071,17,105,99990,37244,00000,1,F,Balance of Indian Grove township,Illinois,526,525,525,521,520
061,17,105,00000,44589,00000,0,A,Long Point township,Illinois,453,453,453,449,446
071,17,105,44576,44589,00000,1,A,Long Point village,Illinois,203,203,203,201,200
071,17,105,99990,44589,00000,1,F,Balance of Long Point township,Illinois,250,250,250,248,246
061,17,105,00000,51895,00000,0,A,Nebraska township,Illinois,1289,1288,1288,1276,1266
071,17,105,26311,51895,00000,1,A,Flanagan village,Illinois,1007,1006,1006,996,989
071,17,105,99990,51895,00000,1,F,Balance of Nebraska township,Illinois,282,282,282,280,277
061,17,105,00000,52077,00000,1,A,Nevada township,Illinois,181,181,181,179,178
061,17,105,00000,52883,00000,0,A,Newtown township,Illinois,677,676,678,673,670
071,17,105,73170,52883,00000,1,A,Streator city (pt.),Illinois,5,5,5,5,5
071,17,105,99990,52883,00000,1,F,Balance of Newtown township,Illinois,672,671,673,668,665
061,17,105,00000,55184,00000,0,A,Odell township,Illinois,1203,1202,1199,1187,1179
071,17,105,55171,55184,00000,1,A,Odell village,Illinois,1006,1005,1002,992,985
071,17,105,99990,55184,00000,1,F,Balance of Odell township,Illinois,197,197,197,195,194
061,17,105,00000,57056,00000,1,A,Owego township,Illinois,307,307,306,304,302
061,17,105,00000,59780,00000,1,A,Pike township,Illinois,219,219,219,217,215
061,17,105,00000,60612,00000,0,A,Pleasant Ridge township,Illinois,262,262,262,260,258
071,17,105,27026,60612,00000,1,A,Forrest village (pt.),Illinois,0,0,0,0,0
071,17,105,99990,60612,00000,1,F,Balance of Pleasant Ridge township,Illinois,262,262,262,260,258
061,17,105,00000,61028,00000,0,A,Pontiac township,Illinois,12366,12354,12349,12271,12186
071,17,105,61015,61028,00000,1,A,Pontiac city (pt.),Illinois,11179,11168,11161,11090,11010
071,17,105,99990,61028,00000,1,F,Balance of Pontiac township,Illinois,1187,1186,1188,1181,1176
061,17,105,00000,63017,00000,0,A,Reading township,Illinois,2080,2078,2079,2065,2052
071,17,105,73170,63017,00000,1,A,Streator city (pt.),Illinois,76,76,76,75,75
071,17,105,99990,63017,00000,1,F,Balance of Reading township,Illinois,2004,2002,2003,1990,1977
061,17,105,00000,65520,00000,1,A,Rooks Creek township,Illinois,555,554,554,550,548
061,17,105,00000,65988,00000,0,A,Round Grove township,Illinois,333,333,333,330,328
071,17,105,10916,65988,00000,1,A,Campus village (pt.),Illinois,109,109,109,108,107
071,17,105,63056,65988,00000,1,A,Reddick village (pt.),Illinois,22,22,22,22,22
071,17,105,99990,65988,00000,1,F,Balance of Round Grove township,Illinois,202,202,202,200,199
061,17,105,00000,67808,00000,0,A,Saunemin township,Illinois,612,611,611,606,602
071,17,105,67795,67808,00000,1,A,Saunemin village,Illinois,408,407,407,404,401
071,17,105,99990,67808,00000,1,F,Balance of Saunemin township,Illinois,204,204,204,202,201
061,17,105,00000,73482,00000,0,A,Sullivan township,Illinois,654,653,651,647,641
071,17,105,18030,73482,00000,1,A,Cullom village,Illinois,516,515,513,510,505
071,17,105,99990,73482,00000,1,F,Balance of Sullivan township,Illinois,138,138,138,137,136
061,17,105,00000,73781,00000,1,A,Sunbury township,Illinois,223,223,223,221,219
061,17,105,00000,76680,00000,0,A,Union township,Illinois,204,204,204,202,200
071,17,105,24062,76680,00000,1,A,Emington village (pt.),Illinois,31,31,31,31,30
071,17,105,99990,76680,00000,1,F,Balance of Union township,Illinois,173,173,173,171,170
061,17,105,00000,78409,00000,1,A,Waldo township,Illinois,276,276,275,274,271
050,17,107,00000,00000,00000,0,A,Logan County,Illinois,27995,27912,27979,27666,27590
157,17,107,02752,00000,00000,0,A,Atlanta city,Illinois,1669,1662,1666,1643,1637
157,17,107,08472,00000,00000,0,A,Broadwell village,Illinois,140,140,140,138,138
157,17,107,23269,00000,00000,0,A,Elkhart village,Illinois,453,451,453,448,447
157,17,107,23971,00000,00000,0,A,Emden village,Illinois,465,464,463,458,455
157,17,107,33318,00000,00000,0,A,Hartsburg village,Illinois,262,261,262,257,256
157,17,107,42249,00000,00000,0,A,Latham village,Illinois,332,331,331,326,326
157,17,107,43536,00000,00000,0,A,Lincoln city,Illinois,13290,13248,13282,13119,13072
157,17,107,48853,00000,00000,0,A,Middletown village,Illinois,330,329,330,326,324
157,17,107,51128,00000,00000,0,A,Mount Pulaski city,Illinois,1539,1533,1536,1516,1511
157,17,107,52545,00000,00000,0,A,New Holland village,Illinois,273,272,271,270,267
157,17,107,67613,00000,00000,0,A,San Jose village (pt.),Illinois,190,189,190,186,185
157,17,107,99990,00000,00000,0,S,Balance of Logan County,Illinois,9052,9032,9055,8979,8972
061,17,107,00000,00360,00000,1,A,Aetna township,Illinois,463,462,463,458,457
061,17,107,00000,02765,00000,0,A,Atlanta township,Illinois,1905,1897,1902,1876,1870
071,17,107,02752,02765,00000,1,A,Atlanta city,Illinois,1669,1662,1666,1643,1637
071,17,107,99990,02765,00000,1,F,Balance of Atlanta township,Illinois,236,235,236,233,233
061,17,107,00000,08485,00000,0,A,Broadwell township,Illinois,3078,3077,3078,3073,3072
071,17,107,08472,08485,00000,1,A,Broadwell village,Illinois,140,140,140,138,138
071,17,107,43536,08485,00000,1,A,Lincoln city (pt.),Illinois,5,5,5,5,5
071,17,107,99990,08485,00000,1,F,Balance of Broadwell township,Illinois,2933,2932,2933,2930,2929
061,17,107,00000,13126,00000,1,A,Chester township,Illinois,654,652,655,647,647
061,17,107,00000,16496,00000,0,A,Corwin township,Illinois,610,608,610,603,602
071,17,107,48853,16496,00000,1,A,Middletown village,Illinois,330,329,330,326,324
071,17,107,99990,16496,00000,1,F,Balance of Corwin township,Illinois,280,279,280,277,278
061,17,107,00000,21982,00000,0,A,East Lincoln township,Illinois,7770,7746,7765,7669,7642
071,17,107,43536,21982,00000,1,A,Lincoln city (pt.),Illinois,6995,6973,6989,6903,6878
071,17,107,99990,21982,00000,1,F,Balance of East Lincoln township,Illinois,775,773,776,766,764
061,17,107,00000,23282,00000,0,A,Elkhart township,Illinois,504,502,504,498,500
071,17,107,23269,23282,00000,1,A,Elkhart village (pt.),Illinois,257,256,257,254,254
071,17,107,99990,23282,00000,1,S,Balance of Elkhart township,Illinois,247,246,247,244,246
061,17,107,00000,24049,00000,1,A,Eminence township,Illinois,393,392,393,388,388
061,17,107,00000,36789,00000,0,A,Hurlbut township,Illinois,321,320,321,318,316
071,17,107,23269,36789,00000,1,A,Elkhart village (pt.),Illinois,196,195,196,194,193
071,17,107,99990,36789,00000,1,F,Balance of Hurlbut township,Illinois,125,125,125,124,123
061,17,107,00000,40624,00000,0,A,Laenna township,Illinois,521,519,520,513,512
071,17,107,42249,40624,00000,1,A,Latham village,Illinois,332,331,331,326,326
071,17,107,99990,40624,00000,1,F,Balance of Laenna township,Illinois,189,188,189,187,186
061,17,107,00000,41144,00000,1,A,Lake Fork township,Illinois,119,119,119,118,117
061,17,107,00000,51141,00000,0,A,Mount Pulaski township,Illinois,2070,2062,2067,2041,2035
071,17,107,51128,51141,00000,1,A,Mount Pulaski city,Illinois,1539,1533,1536,1516,1511
071,17,107,99990,51141,00000,1,F,Balance of Mount Pulaski township,Illinois,531,529,531,525,524
061,17,107,00000,56289,00000,1,A,Oran township,Illinois,314,313,314,310,310
061,17,107,00000,56705,00000,0,A,Orvil township,Illinois,989,986,987,974,969
071,17,107,23971,56705,00000,1,A,Emden village,Illinois,465,464,463,458,455
071,17,107,33318,56705,00000,1,A,Hartsburg village,Illinois,262,261,262,257,256
071,17,107,99990,56705,00000,1,F,Balance of Orvil township,Illinois,262,261,262,259,258
061,17,107,00000,61574,00000,0,A,Prairie Creek township,Illinois,411,409,411,404,403
071,17,107,67613,61574,00000,1,A,San Jose village (pt.),Illinois,190,189,190,186,185
071,17,107,99990,61574,00000,1,F,Balance of Prairie Creek township,Illinois,221,220,221,218,218
061,17,107,00000,69290,00000,0,A,Sheridan township,Illinois,464,462,462,459,455
071,17,107,52545,69290,00000,1,A,New Holland village,Illinois,273,272,271,270,267
071,17,107,99990,69290,00000,1,F,Balance of Sheridan township,Illinois,191,190,191,189,188
061,17,107,00000,80593,00000,0,A,West Lincoln township,Illinois,7409,7386,7408,7317,7295
071,17,107,43536,80593,00000,1,A,Lincoln city (pt.),Illinois,6290,6270,6288,6211,6189
071,17,107,99990,80593,00000,1,F,Balance of West Lincoln township,Illinois,1119,1116,1120,1106,1106
050,17,109,00000,00000,00000,0,A,McDonough County,Illinois,27232,27100,26880,26914,26839
157,17,109,03675,00000,00000,0,A,Bardolph village,Illinois,209,208,206,207,206
157,17,109,06470,00000,00000,0,A,Blandinsville village,Illinois,566,563,558,558,556
157,17,109,10110,00000,00000,0,A,Bushnell city,Illinois,2721,2705,2682,2683,2673
157,17,109,15378,00000,00000,0,A,Colchester city,Illinois,1110,1104,1095,1095,1090
157,17,109,30458,00000,00000,0,A,Good Hope village,Illinois,363,361,356,357,356
157,17,109,37439,00000,00000,0,A,Industry village,Illinois,397,395,390,391,390
157,17,109,45889,00000,00000,0,A,Macomb city,Illinois,15049,14981,14859,14886,14849
157,17,109,60833,00000,00000,0,A,Plymouth village (pt.),Illinois,4,4,4,4,4
157,17,109,61548,00000,00000,0,A,Prairie City village,Illinois,409,407,404,405,402
157,17,109,68198,00000,00000,0,A,Sciota village,Illinois,37,37,37,37,37
157,17,109,74665,00000,00000,0,A,Tennessee village,Illinois,99,99,98,98,98
157,17,109,99990,00000,00000,0,S,Balance of McDonough County,Illinois,6268,6236,6191,6193,6178
061,17,109,00000,05638,00000,1,A,Bethel township,Illinois,306,304,302,303,300
061,17,109,00000,06483,00000,0,A,Blandinsville township,Illinois,765,761,754,752,752
071,17,109,06470,06483,00000,1,A,Blandinsville village (pt.),Illinois,538,535,530,530,528
071,17,109,99990,06483,00000,1,F,Balance of Blandinsville township,Illinois,227,226,224,222,224
061,17,109,00000,10123,00000,0,A,Bushnell township,Illinois,2935,2918,2894,2895,2882
071,17,109,10110,10123,00000,1,A,Bushnell city,Illinois,2721,2705,2682,2683,2673
071,17,109,99990,10123,00000,1,F,Balance of Bushnell township,Illinois,214,213,212,212,209
061,17,109,00000,12333,00000,1,A,Chalmers township,Illinois,713,709,704,703,702
061,17,109,00000,15391,00000,0,A,Colchester township,Illinois,1567,1559,1544,1545,1539
071,17,109,15378,15391,00000,1,A,Colchester city,Illinois,1110,1104,1095,1095,1090
071,17,109,99990,15391,00000,1,F,Balance of Colchester township,Illinois,457,455,449,450,449
061,17,109,00000,22996,00000,1,A,Eldorado township,Illinois,136,135,134,135,134
061,17,109,00000,24101,00000,1,A,Emmet township,Illinois,1251,1245,1234,1236,1231
061,17,109,00000,35333,00000,0,A,Hire township,Illinois,205,204,203,203,203
071,17,109,06470,35333,00000,1,A,Blandinsville village (pt.),Illinois,28,28,28,28,28
071,17,109,99990,35333,00000,1,F,Balance of Hire township,Illinois,177,176,175,175,175
061,17,109,00000,37452,00000,0,A,Industry township,Illinois,590,587,581,582,581
071,17,109,37439,37452,00000,1,A,Industry village,Illinois,397,395,390,391,390
071,17,109,99990,37452,00000,1,F,Balance of Industry township,Illinois,193,192,191,191,191
061,17,109,00000,41820,00000,0,A,Lamoine township,Illinois,497,495,494,497,499
071,17,109,60833,41820,00000,1,A,Plymouth village (pt.),Illinois,4,4,4,4,4
071,17,109,99990,41820,00000,1,F,Balance of Lamoine township,Illinois,493,491,490,493,495
061,17,109,00000,45902,00000,0,A,Macomb township,Illinois,457,455,451,452,449
071,17,109,03675,45902,00000,1,A,Bardolph village (pt.),Illinois,209,208,206,207,206
071,17,109,99990,45902,00000,1,F,Balance of Macomb township,Illinois,248,247,245,245,243
061,17,109,00000,45915,00000,0,B,Macomb City township,Illinois,15049,14981,14859,14886,14849
071,17,109,45889,45915,00000,1,A,Macomb city,Illinois,15049,14981,14859,14886,14849
061,17,109,00000,50738,00000,0,A,Mound township,Illinois,242,241,239,239,239
071,17,109,03675,50738,00000,1,A,Bardolph village (pt.),Illinois,0,0,0,0,0
071,17,109,99990,50738,00000,1,F,Balance of Mound township,Illinois,242,241,239,239,239
061,17,109,00000,52792,00000,1,A,New Salem township,Illinois,347,345,343,341,341
061,17,109,00000,61561,00000,0,A,Prairie City township,Illinois,518,515,512,513,510
071,17,109,61548,61561,00000,1,A,Prairie City village,Illinois,409,407,404,405,402
071,17,109,99990,61561,00000,1,F,Balance of Prairie City township,Illinois,109,108,108,108,108
061,17,109,00000,68211,00000,0,A,Sciota township,Illinois,468,466,461,462,460
071,17,109,30458,68211,00000,1,A,Good Hope village (pt.),Illinois,224,223,219,220,219
071,17,109,68198,68211,00000,1,A,Sciota village,Illinois,37,37,37,37,37
071,17,109,99990,68211,00000,1,F,Balance of Sciota township,Illinois,207,206,205,205,204
061,17,109,00000,68250,00000,1,A,Scotland township,Illinois,411,409,406,404,403
061,17,109,00000,74678,00000,0,A,Tennessee township,Illinois,308,307,304,305,304
071,17,109,74665,74678,00000,1,A,Tennessee village,Illinois,99,99,98,98,98
071,17,109,99990,74678,00000,1,F,Balance of Tennessee township,Illinois,209,208,206,207,206
061,17,109,00000,78591,00000,0,A,Walnut Grove township,Illinois,467,464,461,461,461
071,17,109,30458,78591,00000,1,A,Good Hope village (pt.),Illinois,139,138,137,137,137
071,17,109,99990,78591,00000,1,F,Balance of Walnut Grove township,Illinois,328,326,324,324,324
050,17,111,00000,00000,00000,0,A,McHenry County,Illinois,310213,309882,311543,311558,312800
157,17,111,00685,00000,00000,0,A,Algonquin village (pt.),Illinois,21489,21465,21718,21693,21849
157,17,111,03883,00000,00000,0,A,Barrington Hills village (pt.),Illinois,1248,1246,1250,1238,1243
157,17,111,09531,00000,00000,0,A,Bull Valley village,Illinois,1121,1118,1121,1109,1113
157,17,111,11592,00000,00000,0,A,Cary village,Illinois,17828,17804,17865,17819,17977
157,17,111,17887,00000,00000,0,A,Crystal Lake city,Illinois,40254,40229,40482,40633,40861
157,17,111,27442,00000,00000,0,A,Fox Lake village (pt.),Illinois,646,645,646,640,639
157,17,111,27533,00000,00000,0,A,Fox River Grove village (pt.),Illinois,4212,4201,4204,4159,4144
157,17,111,31667,00000,00000,0,A,Greenwood village,Illinois,318,317,318,315,315
157,17,111,33331,00000,00000,0,A,Harvard city,Illinois,9473,9455,9467,9376,9356
157,17,111,33851,00000,00000,0,A,Hebron village,Illinois,1383,1383,1395,1392,1387
157,17,111,35515,00000,00000,0,A,Holiday Hills village,Illinois,617,616,617,609,607
157,17,111,36750,00000,00000,0,A,Huntley village (pt.),Illinois,21884,21911,22169,22321,22477
157,17,111,37894,00000,00000,0,A,Island Lake village (pt.),Illinois,4697,4688,4694,4647,4675
157,17,111,38479,00000,00000,0,A,Johnsburg village,Illinois,6364,6354,6376,6358,6384
157,17,111,41183,00000,00000,0,A,Lake in the Hills village,Illinois,28986,28927,28976,28686,28661
157,17,111,41326,00000,00000,0,A,Lakemoor village (pt.),Illinois,2454,2449,2485,2501,2532
157,17,111,41651,00000,00000,0,A,Lakewood village,Illinois,4275,4267,4299,4281,4267
157,17,111,45616,00000,00000,0,A,McCullom Lake village,Illinois,984,982,982,972,968
157,17,111,45694,00000,00000,0,A,McHenry city,Illinois,27316,27340,27602,28234,28251
157,17,111,46786,00000,00000,0,A,Marengo city,Illinois,7567,7555,7581,7560,7608
157,17,111,55041,00000,00000,0,A,Oakwood Hills village,Illinois,2072,2068,2080,2058,2053
157,17,111,61216,00000,00000,0,A,Port Barrington village (pt.),Illinois,1053,1051,1053,1043,1041
157,17,111,61678,00000,00000,0,A,Prairie Grove village,Illinois,1964,1960,1961,1950,1947
157,17,111,63641,00000,00000,0,A,Richmond village,Illinois,2089,2089,2108,2103,2114
157,17,111,64135,00000,00000,0,A,Ringwood village,Illinois,831,829,831,823,821
157,17,111,72052,00000,00000,0,A,Spring Grove village,Illinois,5485,5480,5510,5482,5512
157,17,111,76160,00000,00000,0,A,Trout Valley village,Illinois,515,514,515,510,509
157,17,111,76706,00000,00000,0,A,Union village,Illinois,551,550,551,543,594
157,17,111,82855,00000,00000,0,A,Wonder Lake village,Illinois,3973,3966,3971,4456,4889
157,17,111,83349,00000,00000,0,A,Woodstock city,Illinois,25629,25605,25760,25646,25699
157,17,111,99990,00000,00000,0,S,Balance of McHenry County,Illinois,62935,62818,62956,62401,62307
061,17,111,00000,00607,00000,0,A,Alden township,Illinois,1277,1275,1277,1265,1264
071,17,111,33331,00607,00000,1,A,Harvard city (pt.),Illinois,0,0,0,0,0
071,17,111,99990,00607,00000,1,S,Balance of Alden township,Illinois,1277,1275,1277,1265,1264
061,17,111,00000,00698,00000,0,A,Algonquin township,Illinois,87632,87515,87975,87711,88086
071,17,111,00685,00698,00000,1,A,Algonquin village (pt.),Illinois,17533,17514,17718,17696,17822
071,17,111,03883,00698,00000,1,A,Barrington Hills village (pt.),Illinois,1248,1246,1250,1238,1243
071,17,111,11592,00698,00000,1,A,Cary village,Illinois,17828,17804,17865,17819,17977
071,17,111,17887,00698,00000,1,A,Crystal Lake city (pt.),Illinois,23096,23081,23228,23317,23450
071,17,111,27533,00698,00000,1,A,Fox River Grove village (pt.),Illinois,4212,4201,4204,4159,4144
071,17,111,41183,00698,00000,1,A,Lake in the Hills village (pt.),Illinois,12961,12933,12952,12819,12805
071,17,111,41651,00698,00000,1,A,Lakewood village (pt.),Illinois,207,207,209,207,207
071,17,111,55041,00698,00000,1,A,Oakwood Hills village (pt.),Illinois,46,46,46,46,45
071,17,111,61216,00698,00000,1,A,Port Barrington village (pt.),Illinois,165,165,165,163,163
071,17,111,76160,00698,00000,1,A,Trout Valley village,Illinois,515,514,515,510,509
071,17,111,99990,00698,00000,1,F,Balance of Algonquin township,Illinois,9821,9804,9823,9737,9721
061,17,111,00000,10032,00000,0,A,Burton township,Illinois,4885,4879,4896,4863,4872
071,17,111,27442,10032,00000,1,A,Fox Lake village (pt.),Illinois,646,645,646,640,639
071,17,111,72052,10032,00000,1,A,Spring Grove village (pt.),Illinois,2558,2556,2569,2556,2569
071,17,111,99990,10032,00000,1,F,Balance of Burton township,Illinois,1681,1678,1681,1667,1664
061,17,111,00000,12892,00000,0,A,Chemung township,Illinois,9096,9078,9090,9006,8983
071,17,111,33331,12892,00000,1,A,Harvard city (pt.),Illinois,7754,7739,7748,7674,7654
071,17,111,99990,12892,00000,1,S,Balance of Chemung township,Illinois,1342,1339,1342,1332,1329
061,17,111,00000,16314,00000,0,A,Coral township,Illinois,3626,3619,3628,3594,3642
071,17,111,46786,16314,00000,1,A,Marengo city (pt.),Illinois,24,24,24,24,24
071,17,111,76706,16314,00000,1,A,Union village,Illinois,551,550,551,543,594
071,17,111,99990,16314,00000,1,S,Balance of Coral township,Illinois,3051,3045,3053,3027,3024
061,17,111,00000,20396,00000,0,A,Dorr township,Illinois,21567,21542,21660,21553,21586
071,17,111,09531,20396,00000,1,A,Bull Valley village (pt.),Illinois,370,369,370,366,368
071,17,111,17887,20396,00000,1,A,Crystal Lake city (pt.),Illinois,560,559,563,564,569
071,17,111,41651,20396,00000,1,A,Lakewood village (pt.),Illinois,157,157,157,159,155
071,17,111,83349,20396,00000,1,A,Woodstock city (pt.),Illinois,17927,17909,18017,17933,17968
071,17,111,99990,20396,00000,1,S,Balance of Dorr township,Illinois,2553,2548,2553,2531,2526
061,17,111,00000,21111,00000,0,A,Dunham township,Illinois,2786,2781,2786,2761,2759
071,17,111,33331,21111,00000,1,A,Harvard city (pt.),Illinois,1719,1716,1719,1702,1702
071,17,111,99990,21111,00000,1,S,Balance of Dunham township,Illinois,1067,1065,1067,1059,1057
061,17,111,00000,30666,00000,0,A,Grafton township,Illinois,56467,56441,56870,56864,57077
071,17,111,00685,30666,00000,1,A,Algonquin village (pt.),Illinois,3956,3951,4000,3997,4027
071,17,111,17887,30666,00000,1,A,Crystal Lake city (pt.),Illinois,8869,8864,8922,8957,9008
071,17,111,36750,30666,00000,1,A,Huntley village (pt.),Illinois,21884,21911,22169,22321,22477
071,17,111,41183,30666,00000,1,A,Lake in the Hills village (pt.),Illinois,16025,15994,16024,15867,15856
071,17,111,41651,30666,00000,1,A,Lakewood village (pt.),Illinois,3911,3903,3933,3915,3905
071,17,111,99990,30666,00000,1,F,Balance of Grafton township,Illinois,1822,1818,1822,1807,1804
061,17,111,00000,31680,00000,0,A,Greenwood township,Illinois,14187,14168,14227,14491,14799
071,17,111,09531,31680,00000,1,A,Bull Valley village (pt.),Illinois,375,374,375,371,371
071,17,111,31667,31680,00000,1,A,Greenwood village (pt.),Illinois,301,300,301,298,298
071,17,111,82855,31680,00000,1,A,Wonder Lake village (pt.),Illinois,2719,2714,2719,3052,3348
071,17,111,83349,31680,00000,1,A,Woodstock city (pt.),Illinois,7024,7019,7062,7036,7052
071,17,111,99990,31680,00000,1,F,Balance of Greenwood township,Illinois,3768,3761,3770,3734,3730
061,17,111,00000,33305,00000,0,A,Hartland township,Illinois,1894,1890,1894,1879,1876
071,17,111,83349,33305,00000,1,A,Woodstock city (pt.),Illinois,2,2,2,2,2
071,17,111,99990,33305,00000,1,S,Balance of Hartland township,Illinois,1892,1888,1892,1877,1874
061,17,111,00000,33864,00000,0,A,Hebron township,Illinois,2333,2331,2345,2333,2328
071,17,111,31667,33864,00000,1,A,Greenwood village (pt.),Illinois,3,3,3,3,3
071,17,111,33851,33864,00000,1,A,Hebron village,Illinois,1383,1383,1395,1392,1387
071,17,111,99990,33864,00000,1,F,Balance of Hebron township,Illinois,947,945,947,938,938
061,17,111,00000,45707,00000,0,A,McHenry township,Illinois,46263,46231,46502,46955,47124
071,17,111,09531,45707,00000,1,A,Bull Valley village (pt.),Illinois,66,66,66,65,65
071,17,111,31667,45707,00000,1,A,Greenwood village (pt.),Illinois,14,14,14,14,14
071,17,111,38479,45707,00000,1,A,Johnsburg village,Illinois,6364,6354,6376,6358,6384
071,17,111,41326,45707,00000,1,A,Lakemoor village (pt.),Illinois,1835,1831,1858,1870,1895
071,17,111,45616,45707,00000,1,A,McCullom Lake village,Illinois,984,982,982,972,968
071,17,111,45694,45707,00000,1,A,McHenry city (pt.),Illinois,20156,20173,20363,20825,20835
071,17,111,64135,45707,00000,1,A,Ringwood village,Illinois,831,829,831,823,821
071,17,111,72052,45707,00000,1,A,Spring Grove village (pt.),Illinois,0,0,0,0,0
071,17,111,82855,45707,00000,1,A,Wonder Lake village (pt.),Illinois,1254,1252,1252,1404,1541
071,17,111,99990,45707,00000,1,S,Balance of McHenry township,Illinois,14759,14730,14760,14624,14601
061,17,111,00000,46799,00000,0,A,Marengo township,Illinois,7226,7215,7237,7210,7247
071,17,111,46786,46799,00000,1,A,Marengo city (pt.),Illinois,6034,6025,6045,6027,6066
071,17,111,99990,46799,00000,1,F,Balance of Marengo township,Illinois,1192,1190,1192,1183,1181
061,17,111,00000,54495,00000,0,A,Nunda township,Illinois,38345,38305,38481,38474,38527
071,17,111,09531,54495,00000,1,A,Bull Valley village (pt.),Illinois,310,309,310,307,309
071,17,111,17887,54495,00000,1,A,Crystal Lake city (pt.),Illinois,7729,7725,7769,7795,7834
071,17,111,35515,54495,00000,1,A,Holiday Hills village,Illinois,617,616,617,609,607
071,17,111,37894,54495,00000,1,A,Island Lake village (pt.),Illinois,4697,4688,4694,4647,4675
071,17,111,41326,54495,00000,1,A,Lakemoor village (pt.),Illinois,619,618,627,631,637
071,17,111,45694,54495,00000,1,A,McHenry city (pt.),Illinois,7160,7167,7239,7409,7416
071,17,111,55041,54495,00000,1,A,Oakwood Hills village (pt.),Illinois,2026,2022,2034,2012,2008
071,17,111,61216,54495,00000,1,A,Port Barrington village (pt.),Illinois,888,886,888,880,878
071,17,111,61678,54495,00000,1,A,Prairie Grove village,Illinois,1964,1960,1961,1950,1947
071,17,111,99990,54495,00000,1,S,Balance of Nunda township,Illinois,12335,12314,12342,12234,12216
061,17,111,00000,63654,00000,0,A,Richmond township,Illinois,6737,6731,6772,6738,6763
071,17,111,63641,63654,00000,1,A,Richmond village,Illinois,2089,2089,2108,2103,2114
071,17,111,72052,63654,00000,1,A,Spring Grove village (pt.),Illinois,2927,2924,2941,2926,2943
071,17,111,99990,63654,00000,1,S,Balance of Richmond township,Illinois,1721,1718,1723,1709,1706
061,17,111,00000,64096,00000,0,A,Riley township,Illinois,2997,2991,3003,2985,2991
071,17,111,46786,64096,00000,1,A,Marengo city (pt.),Illinois,1509,1506,1512,1509,1518
071,17,111,99990,64096,00000,1,S,Balance of Riley township,Illinois,1488,1485,1491,1476,1473
061,17,111,00000,68653,00000,0,A,Seneca township,Illinois,2895,2890,2900,2876,2876
071,17,111,46786,68653,00000,1,A,Marengo city (pt.),Illinois,0,0,0,0,0
071,17,111,83349,68653,00000,1,A,Woodstock city (pt.),Illinois,676,675,679,675,677
071,17,111,99990,68653,00000,1,S,Balance of Seneca township,Illinois,2219,2215,2221,2201,2199
050,17,113,00000,00000,00000,0,A,McLean County,Illinois,170956,170949,171109,170918,170441
157,17,113,01361,00000,00000,0,A,Anchor village,Illinois,161,161,161,160,159
157,17,113,02342,00000,00000,0,A,Arrowsmith village,Illinois,276,276,275,274,270
157,17,113,04897,00000,00000,0,A,Bellflower village,Illinois,345,345,344,343,340
157,17,113,06613,00000,00000,0,A,Bloomington city,Illinois,78696,78685,78815,78764,78587
157,17,113,11215,00000,00000,0,A,Carlock village,Illinois,547,547,546,544,556
157,17,113,12931,00000,00000,0,A,Chenoa city,Illinois,1720,1719,1717,1706,1692
157,17,113,15495,00000,00000,0,A,Colfax village,Illinois,999,998,995,989,981
157,17,113,16210,00000,00000,0,A,Cooksville village,Illinois,156,156,156,155,152
157,17,113,18537,00000,00000,0,A,Danvers village,Illinois,1092,1091,1088,1081,1070
157,17,113,20643,00000,00000,0,A,Downs village,Illinois,1196,1196,1193,1186,1177
157,17,113,23555,00000,00000,0,A,Ellsworth village,Illinois,182,182,182,181,180
157,17,113,23737,00000,00000,0,A,El Paso city (pt.),Illinois,0,0,0,0,0
157,17,113,31732,00000,00000,0,A,Gridley village,Illinois,1456,1455,1451,1445,1434
157,17,113,34449,00000,00000,0,A,Heyworth village,Illinois,2795,2794,2798,2794,2864
157,17,113,36438,00000,00000,0,A,Hudson village,Illinois,1758,1760,1757,1756,1747
157,17,113,42971,00000,00000,0,A,Le Roy city,Illinois,3510,3509,3501,3489,3467
157,17,113,43094,00000,00000,0,A,Lexington city,Illinois,2093,2094,2099,2088,2074
157,17,113,45811,00000,00000,0,A,McLean village,Illinois,741,741,740,734,729
157,17,113,53234,00000,00000,0,A,Normal town,Illinois,52744,52752,52805,52776,52618
157,17,113,67912,00000,00000,0,A,Saybrook village,Illinois,654,654,653,648,643
157,17,113,72260,00000,00000,0,A,Stanford village,Illinois,599,599,598,593,586
157,17,113,75822,00000,00000,0,A,Towanda village,Illinois,430,430,429,427,422
157,17,113,99990,00000,00000,0,S,Balance of McLean County,Illinois,18806,18805,18806,18785,18693
061,17,113,00000,00893,00000,0,A,Allin township,Illinois,854,854,852,849,840
071,17,113,72260,00893,00000,1,A,Stanford village,Illinois,599,599,598,593,586
071,17,113,99990,00893,00000,1,F,Balance of Allin township,Illinois,255,255,254,256,254
061,17,113,00000,01374,00000,0,A,Anchor township,Illinois,286,286,286,284,282
071,17,113,01361,01374,00000,1,A,Anchor village,Illinois,161,161,161,160,159
071,17,113,99990,01374,00000,1,F,Balance of Anchor township,Illinois,125,125,125,124,123
061,17,113,00000,02369,00000,0,A,Arrowsmith township,Illinois,453,453,452,450,447
071,17,113,02342,02369,00000,1,A,Arrowsmith village,Illinois,276,276,275,274,270
071,17,113,99990,02369,00000,1,F,Balance of Arrowsmith township,Illinois,177,177,177,176,177
061,17,113,00000,04910,00000,0,A,Bellflower township,Illinois,542,542,541,539,537
071,17,113,04897,04910,00000,1,A,Bellflower village,Illinois,345,345,344,343,340
071,17,113,99990,04910,00000,1,F,Balance of Bellflower township,Illinois,197,197,197,196,197
061,17,113,00000,06626,00000,1,A,Bloomington township,Illinois,2621,2622,2623,2619,2605
061,17,113,00000,06639,00000,0,B,Bloomington City township,Illinois,78696,78685,78815,78764,78587
071,17,113,06613,06639,00000,1,A,Bloomington city,Illinois,78696,78685,78815,78764,78587
061,17,113,00000,06743,00000,0,A,Blue Mound township,Illinois,388,388,388,386,383
071,17,113,16210,06743,00000,1,A,Cooksville village,Illinois,156,156,156,155,152
071,17,113,99990,06743,00000,1,F,Balance of Blue Mound township,Illinois,232,232,232,231,231
061,17,113,00000,12905,00000,0,A,Cheney's Grove township,Illinois,923,923,921,918,911
071,17,113,67912,12905,00000,1,A,Saybrook village,Illinois,654,654,653,648,643
071,17,113,99990,12905,00000,1,F,Balance of Cheney's Grove township,Illinois,269,269,268,270,268
061,17,113,00000,12944,00000,0,A,Chenoa township,Illinois,1962,1961,1959,1948,1932
071,17,113,12931,12944,00000,1,A,Chenoa city,Illinois,1720,1719,1717,1706,1692
071,17,113,99990,12944,00000,1,F,Balance of Chenoa township,Illinois,242,242,242,242,240
061,17,113,00000,17705,00000,1,A,Cropsey township,Illinois,194,194,194,193,191
061,17,113,00000,18381,00000,1,A,Dale township,Illinois,1233,1232,1233,1233,1226
061,17,113,00000,18550,00000,0,A,Danvers township,Illinois,1872,1871,1869,1859,1844
071,17,113,18537,18550,00000,1,A,Danvers village,Illinois,1092,1091,1088,1081,1070
071,17,113,99990,18550,00000,1,F,Balance of Danvers township,Illinois,780,780,781,778,774
061,17,113,00000,18732,00000,0,A,Dawson township,Illinois,555,555,554,554,550
071,17,113,23555,18732,00000,1,A,Ellsworth village,Illinois,182,182,182,181,180
071,17,113,99990,18732,00000,1,F,Balance of Dawson township,Illinois,373,373,372,373,370
061,17,113,00000,20656,00000,0,A,Downs township,Illinois,1295,1295,1292,1287,1278
071,17,113,20643,20656,00000,1,A,Downs village (pt.),Illinois,929,929,927,921,914
071,17,113,99990,20656,00000,1,F,Balance of Downs township,Illinois,366,366,365,366,364
061,17,113,00000,20838,00000,0,A,Dry Grove township,Illinois,1533,1532,1535,1531,1524
071,17,113,53234,20838,00000,1,A,Normal town (pt.),Illinois,0,0,0,0,0
071,17,113,99990,20838,00000,1,S,Balance of Dry Grove township,Illinois,1533,1532,1535,1531,1524
061,17,113,00000,24140,00000,0,A,Empire township,Illinois,4010,4009,4000,3988,3962
071,17,113,42971,24140,00000,1,A,Le Roy city,Illinois,3510,3509,3501,3489,3467
071,17,113,99990,24140,00000,1,F,Balance of Empire township,Illinois,500,500,499,499,495
061,17,113,00000,28209,00000,1,A,Funks Grove township,Illinois,238,238,238,239,237
061,17,113,00000,31745,00000,0,A,Gridley township,Illinois,1873,1872,1867,1862,1848
071,17,113,23737,31745,00000,1,A,El Paso city (pt.),Illinois,0,0,0,0,0
071,17,113,31732,31745,00000,1,A,Gridley village,Illinois,1456,1455,1451,1445,1434
071,17,113,99990,31745,00000,1,F,Balance of Gridley township,Illinois,417,417,416,417,414
061,17,113,00000,36451,00000,0,A,Hudson township,Illinois,2501,2503,2501,2498,2486
071,17,113,36438,36451,00000,1,A,Hudson village,Illinois,1758,1760,1757,1756,1747
071,17,113,99990,36451,00000,1,F,Balance of Hudson township,Illinois,743,743,744,742,739
061,17,113,00000,42353,00000,1,A,Lawndale township,Illinois,159,159,159,158,157
061,17,113,00000,43107,00000,0,A,Lexington township,Illinois,2380,2381,2385,2373,2359
071,17,113,43094,43107,00000,1,A,Lexington city (pt.),Illinois,2093,2094,2099,2088,2074
071,17,113,99990,43107,00000,1,F,Balance of Lexington township,Illinois,287,287,286,285,285
061,17,113,00000,47215,00000,0,A,Martin township,Illinois,1215,1214,1211,1204,1196
071,17,113,15495,47215,00000,1,A,Colfax village,Illinois,999,998,995,989,981
071,17,113,99990,47215,00000,1,F,Balance of Martin township,Illinois,216,216,216,215,215
061,17,113,00000,49971,00000,0,A,Money Creek township,Illinois,1063,1062,1063,1061,1055
071,17,113,43094,49971,00000,1,A,Lexington city (pt.),Illinois,0,0,0,0,0
071,17,113,99990,49971,00000,1,F,Balance of Money Creek township,Illinois,1063,1062,1063,1061,1055
061,17,113,00000,50972,00000,0,A,Mount Hope township,Illinois,992,992,990,983,979
071,17,113,45811,50972,00000,1,A,McLean village,Illinois,741,741,740,734,729
071,17,113,99990,50972,00000,1,F,Balance of Mount Hope township,Illinois,251,251,250,249,250
061,17,113,00000,53247,00000,0,A,Normal township,Illinois,52017,52025,52077,52050,51896
071,17,113,53234,53247,00000,1,A,Normal town (pt.),Illinois,51821,51829,51881,51853,51700
071,17,113,99990,53247,00000,1,F,Balance of Normal township,Illinois,196,196,196,197,196
061,17,113,00000,55782,00000,0,A,Old Town township,Illinois,3425,3427,3427,3422,3404
071,17,113,20643,55782,00000,1,A,Downs village (pt.),Illinois,267,267,266,265,263
071,17,113,99990,55782,00000,1,F,Balance of Old Town township,Illinois,3158,3160,3161,3157,3141
061,17,113,00000,62692,00000,0,A,Randolph township,Illinois,4267,4265,4272,4265,4328
071,17,113,34449,62692,00000,1,A,Heyworth village,Illinois,2795,2794,2798,2794,2864
071,17,113,99990,62692,00000,1,F,Balance of Randolph township,Illinois,1472,1471,1474,1471,1464
061,17,113,00000,75835,00000,0,A,Towanda township,Illinois,2000,2000,1999,1995,1983
071,17,113,53234,75835,00000,1,A,Normal town (pt.),Illinois,923,923,924,923,918
071,17,113,75822,75835,00000,1,A,Towanda village,Illinois,430,430,429,427,422
071,17,113,99990,75835,00000,1,F,Balance of Towanda township,Illinois,647,647,646,645,643
061,17,113,00000,79904,00000,1,A,West township,Illinois,224,224,224,223,223
061,17,113,00000,81321,00000,0,A,White Oak township,Illinois,903,903,901,900,910
071,17,113,11215,81321,00000,1,A,Carlock village,Illinois,547,547,546,544,556
071,17,113,99990,81321,00000,1,F,Balance of White Oak township,Illinois,356,356,355,356,354
061,17,113,00000,83804,00000,1,A,Yates township,Illinois,282,282,281,283,281
050,17,115,00000,00000,00000,0,A,Macon County,Illinois,103984,103752,102597,101333,100591
157,17,115,01972,00000,00000,0,A,Argenta village,Illinois,912,910,898,885,879
157,17,115,06756,00000,00000,0,A,Blue Mound village,Illinois,1131,1129,1114,1098,1089
157,17,115,18823,00000,00000,0,A,Decatur city,Illinois,71100,70927,70088,69201,68670
157,17,115,27091,00000,00000,0,A,Forsyth village,Illinois,3731,3728,3697,3662,3639
157,17,115,33227,00000,00000,0,A,Harristown village,Illinois,1312,1309,1293,1278,1266
157,17,115,44498,00000,00000,0,A,Long Creek village,Illinois,1256,1253,1245,1227,1219
157,17,115,45941,00000,00000,0,A,Macon city,Illinois,1173,1171,1156,1140,1130
157,17,115,47072,00000,00000,0,A,Maroa city,Illinois,1579,1576,1563,1542,1530
157,17,115,51206,00000,00000,0,A,Mount Zion village,Illinois,6022,6014,5967,5909,5878
157,17,115,52961,00000,00000,0,A,Niantic village,Illinois,610,609,602,593,589
157,17,115,56471,00000,00000,0,A,Oreana village,Illinois,889,887,875,865,857
157,17,115,78916,00000,00000,0,A,Warrensburg village,Illinois,1113,1111,1099,1087,1084
157,17,115,99990,00000,00000,0,S,Balance of Macon County,Illinois,13156,13128,13000,12846,12761
061,17,115,00000,03051,00000,1,A,Austin township,Illinois,231,231,228,225,224
061,17,115,00000,06769,00000,1,A,Blue Mound township,Illinois,813,811,805,795,790
061,17,115,00000,18836,00000,0,A,Decatur township,Illinois,47640,47520,46943,46342,45975
071,17,115,18823,18836,00000,1,A,Decatur city (pt.),Illinois,47281,47162,46588,45991,45628
071,17,115,33227,18836,00000,1,A,Harristown village (pt.),Illinois,15,15,15,15,14
071,17,115,99990,18836,00000,1,F,Balance of Decatur township,Illinois,344,343,340,336,333
061,17,115,00000,27988,00000,0,A,Friends Creek township,Illinois,1374,1371,1354,1336,1327
071,17,115,01972,27988,00000,1,A,Argenta village,Illinois,912,910,898,885,879
071,17,115,99990,27988,00000,1,F,Balance of Friends Creek township,Illinois,462,461,456,451,448
061,17,115,00000,33240,00000,0,A,Harristown township,Illinois,1760,1756,1735,1715,1701
071,17,115,18823,33240,00000,1,A,Decatur city (pt.),Illinois,0,0,0,0,0
071,17,115,33227,33240,00000,1,A,Harristown village (pt.),Illinois,1297,1294,1278,1263,1252
071,17,115,99990,33240,00000,1,F,Balance of Harristown township,Illinois,463,462,457,452,449
061,17,115,00000,34527,00000,0,A,Hickory Point township,Illinois,18230,18194,18009,17799,17679
071,17,115,18823,34527,00000,1,A,Decatur city (pt.),Illinois,13749,13718,13569,13403,13311
071,17,115,27091,34527,00000,1,A,Forsyth village,Illinois,3731,3728,3697,3662,3639
071,17,115,99990,34527,00000,1,F,Balance of Hickory Point township,Illinois,750,748,743,734,729
061,17,115,00000,37023,00000,0,A,Illini township,Illinois,1336,1334,1319,1304,1300
071,17,115,78916,37023,00000,1,A,Warrensburg village,Illinois,1113,1111,1099,1087,1084
071,17,115,99990,37023,00000,1,F,Balance of Illini township,Illinois,223,223,220,217,216
061,17,115,00000,44511,00000,0,A,Long Creek township,Illinois,10572,10548,10434,10302,10223
071,17,115,18823,44511,00000,1,A,Decatur city (pt.),Illinois,6358,6343,6266,6183,6133
071,17,115,44498,44511,00000,1,A,Long Creek village,Illinois,1256,1253,1245,1227,1219
071,17,115,51206,44511,00000,1,A,Mount Zion village (pt.),Illinois,552,551,545,541,538
071,17,115,99990,44511,00000,1,F,Balance of Long Creek township,Illinois,2406,2401,2378,2351,2333
061,17,115,00000,47085,00000,0,A,Maroa township,Illinois,1857,1853,1837,1813,1799
071,17,115,47072,47085,00000,1,A,Maroa city,Illinois,1579,1576,1563,1542,1530
071,17,115,99990,47085,00000,1,F,Balance of Maroa township,Illinois,278,277,274,271,269
061,17,115,00000,51219,00000,0,A,Mount Zion township,Illinois,7208,7197,7138,7065,7026
071,17,115,51206,51219,00000,1,A,Mount Zion village (pt.),Illinois,5470,5463,5422,5368,5340
071,17,115,99990,51219,00000,1,F,Balance of Mount Zion township,Illinois,1738,1734,1716,1697,1686
061,17,115,00000,52974,00000,0,A,Niantic township,Illinois,753,752,743,732,728
071,17,115,52961,52974,00000,1,A,Niantic village,Illinois,610,609,602,593,589
071,17,115,99990,52974,00000,1,F,Balance of Niantic township,Illinois,143,143,141,139,139
061,17,115,00000,54859,00000,0,A,Oakley township,Illinois,981,979,969,956,950
071,17,115,18823,54859,00000,1,A,Decatur city (pt.),Illinois,23,23,23,22,22
071,17,115,99990,54859,00000,1,F,Balance of Oakley township,Illinois,958,956,946,934,928
061,17,115,00000,60677,00000,0,A,Pleasant View township,Illinois,1417,1414,1396,1377,1366
071,17,115,06756,60677,00000,1,A,Blue Mound village,Illinois,1131,1129,1114,1098,1089
071,17,115,99990,60677,00000,1,F,Balance of Pleasant View township,Illinois,286,285,282,279,277
061,17,115,00000,70967,00000,0,A,South Macon township,Illinois,1462,1460,1442,1422,1411
071,17,115,45941,70967,00000,1,A,Macon city,Illinois,1173,1171,1156,1140,1130
071,17,115,99990,70967,00000,1,F,Balance of South Macon township,Illinois,289,289,286,282,281
061,17,115,00000,71357,00000,0,A,South Wheatland township,Illinois,4035,4026,3983,3937,3909
071,17,115,18823,71357,00000,1,A,Decatur city (pt.),Illinois,1784,1780,1759,1740,1726
071,17,115,99990,71357,00000,1,S,Balance of South Wheatland township,Illinois,2251,2246,2224,2197,2183
061,17,115,00000,81464,00000,0,A,Whitmore township,Illinois,4315,4306,4262,4213,4183
071,17,115,18823,81464,00000,1,A,Decatur city (pt.),Illinois,1905,1901,1883,1862,1850
071,17,115,56471,81464,00000,1,A,Oreana village,Illinois,889,887,875,865,857
071,17,115,99990,81464,00000,1,F,Balance of Whitmore township,Illinois,1521,1518,1504,1486,1476
050,17,117,00000,00000,00000,0,A,Macoupin County,Illinois,44973,44856,44492,44123,44018
157,17,117,05209,00000,00000,0,A,Benld city,Illinois,1469,1465,1444,1426,1419
157,17,117,08264,00000,00000,0,A,Brighton village (pt.),Illinois,1904,1901,1884,1867,1867
157,17,117,09577,00000,00000,0,A,Bunker Hill city,Illinois,1629,1624,1610,1600,1596
157,17,117,11202,00000,00000,0,A,Carlinville city,Illinois,5702,5686,5618,5558,5531
157,17,117,13165,00000,00000,0,A,Chesterfield village,Illinois,168,168,166,164,165
157,17,117,20370,00000,00000,0,A,Dorchester village,Illinois,129,129,127,125,125
157,17,117,21410,00000,00000,0,A,Eagarville village,Illinois,113,113,111,110,110
157,17,117,21852,00000,00000,0,A,East Gillespie village,Illinois,269,268,265,262,262
157,17,117,29236,00000,00000,0,A,Gillespie city,Illinois,3174,3164,3165,3129,3112
157,17,117,29392,00000,00000,0,A,Girard city,Illinois,1783,1780,1763,1750,1747
157,17,117,34423,00000,00000,0,A,Hettick village,Illinois,146,146,144,145,142
157,17,117,41214,00000,00000,0,A,Lake Ka-Ho village,Illinois,196,195,196,196,196
157,17,117,48138,00000,00000,0,A,Medora village (pt.),Illinois,370,369,365,363,362
157,17,117,49802,00000,00000,0,A,Modesto village,Illinois,180,179,177,177,179
157,17,117,50920,00000,00000,0,A,Mount Clare village,Illinois,317,316,313,311,311
157,17,117,51024,00000,00000,0,A,Mount Olive city,Illinois,2023,2015,1992,1970,1961
157,17,117,53039,00000,00000,0,A,Nilwood town,Illinois,201,200,200,198,197
157,17,117,57329,00000,00000,0,A,Palmyra village,Illinois,603,603,599,593,595
157,17,117,66196,00000,00000,0,A,Royal Lakes village,Illinois,165,165,167,166,168
157,17,117,67873,00000,00000,0,A,Sawyerville village,Illinois,267,266,265,262,261
157,17,117,68406,00000,00000,0,A,Scottville village,Illinois,97,97,96,95,94
157,17,117,69563,00000,00000,0,A,Shipman town,Illinois,512,510,507,504,502
157,17,117,72234,00000,00000,0,A,Standard City village,Illinois,132,132,130,128,128
157,17,117,72403,00000,00000,0,A,Staunton city,Illinois,5058,5046,5008,4970,4951
157,17,117,78149,00000,00000,0,A,Virden city (pt.),Illinois,3085,3078,3051,3029,3024
157,17,117,81191,00000,00000,0,A,White City village,Illinois,211,212,216,216,217
157,17,117,82218,00000,00000,0,A,Wilsonville village,Illinois,538,536,532,529,527
157,17,117,99990,00000,00000,0,F,Balance of Macoupin County,Illinois,14532,14493,14381,14280,14269
061,17,117,00000,03792,00000,0,A,Barr township,Illinois,311,310,309,308,306
071,17,117,34423,03792,00000,1,A,Hettick village (pt.),Illinois,59,59,58,58,57
071,17,117,99990,03792,00000,1,F,Balance of Barr township,Illinois,252,251,251,250,249
061,17,117,00000,06067,00000,1,A,Bird township,Illinois,294,293,290,289,288
061,17,117,00000,08277,00000,0,A,Brighton township,Illinois,3908,3899,3866,3835,3832
071,17,117,08264,08277,00000,1,A,Brighton village (pt.),Illinois,1904,1901,1884,1867,1867
071,17,117,99990,08277,00000,1,F,Balance of Brighton township,Illinois,2004,1998,1982,1968,1965
061,17,117,00000,09135,00000,0,A,Brushy Mound township,Illinois,663,661,657,652,652
071,17,117,11202,09135,00000,1,A,Carlinville city (pt.),Illinois,0,0,0,0,0
071,17,117,99990,09135,00000,1,F,Balance of Brushy Mound township,Illinois,663,661,657,652,652
061,17,117,00000,09590,00000,0,A,Bunker Hill township,Illinois,3162,3155,3128,3109,3106
071,17,117,09577,09590,00000,1,A,Bunker Hill city,Illinois,1629,1624,1610,1600,1596
071,17,117,99990,09590,00000,1,F,Balance of Bunker Hill township,Illinois,1533,1531,1518,1509,1510
061,17,117,00000,10357,00000,0,A,Cahokia township,Illinois,3188,3179,3150,3118,3107
071,17,117,05209,10357,00000,1,A,Benld city (pt.),Illinois,1469,1465,1444,1426,1419
071,17,117,21410,10357,00000,1,A,Eagarville village,Illinois,113,113,111,110,110
071,17,117,21852,10357,00000,1,A,East Gillespie village (pt.),Illinois,88,88,87,86,86
071,17,117,29236,10357,00000,1,A,Gillespie city (pt.),Illinois,595,593,593,587,583
071,17,117,41214,10357,00000,1,A,Lake Ka-Ho village,Illinois,196,195,196,196,196
071,17,117,99990,10357,00000,1,F,Balance of Cahokia township,Illinois,727,725,719,713,713
061,17,117,00000,11209,00000,0,A,Carlinville township,Illinois,6505,6487,6413,6347,6320
071,17,117,11202,11209,00000,1,A,Carlinville city (pt.),Illinois,5702,5686,5618,5558,5531
071,17,117,99990,11209,00000,1,F,Balance of Carlinville township,Illinois,803,801,795,789,789
061,17,117,00000,13178,00000,0,A,Chesterfield township,Illinois,716,714,708,702,702
071,17,117,13165,13178,00000,1,A,Chesterfield village,Illinois,168,168,166,164,165
071,17,117,48138,13178,00000,1,A,Medora village (pt.),Illinois,235,234,232,231,231
071,17,117,99990,13178,00000,1,F,Balance of Chesterfield township,Illinois,313,312,310,307,306
061,17,117,00000,20383,00000,0,A,Dorchester township,Illinois,1502,1498,1484,1473,1467
071,17,117,20370,20383,00000,1,A,Dorchester village (pt.),Illinois,67,67,66,65,65
071,17,117,72403,20383,00000,1,A,Staunton city (pt.),Illinois,130,130,128,127,126
071,17,117,82218,20383,00000,1,A,Wilsonville village,Illinois,538,536,532,529,527
071,17,117,99990,20383,00000,1,F,Balance of Dorchester township,Illinois,767,765,758,752,749
061,17,117,00000,29249,00000,0,A,Gillespie township,Illinois,3663,3651,3642,3603,3588
071,17,117,05209,29249,00000,1,A,Benld city (pt.),Illinois,0,0,0,0,0
071,17,117,20370,29249,00000,1,A,Dorchester village (pt.),Illinois,62,62,61,60,60
071,17,117,21852,29249,00000,1,A,East Gillespie village (pt.),Illinois,181,180,178,176,176
071,17,117,29236,29249,00000,1,A,Gillespie city (pt.),Illinois,2579,2571,2572,2542,2529
071,17,117,50920,29249,00000,1,A,Mount Clare village,Illinois,317,316,313,311,311
071,17,117,99990,29249,00000,1,F,Balance of Gillespie township,Illinois,524,522,518,514,512
061,17,117,00000,29405,00000,0,A,Girard township,Illinois,2156,2152,2133,2117,2112
071,17,117,29392,29405,00000,1,A,Girard city,Illinois,1783,1780,1763,1750,1747
071,17,117,99990,29405,00000,1,F,Balance of Girard township,Illinois,373,372,370,367,365
061,17,117,00000,35242,00000,0,A,Hillyard township,Illinois,582,581,580,575,577
071,17,117,66196,35242,00000,1,A,Royal Lakes village,Illinois,165,165,167,166,168
071,17,117,69563,35242,00000,1,A,Shipman town (pt.),Illinois,4,4,4,4,4
071,17,117,99990,35242,00000,1,F,Balance of Hillyard township,Illinois,413,412,409,405,405
061,17,117,00000,35996,00000,1,A,Honey Point township,Illinois,172,172,169,168,169
061,17,117,00000,51037,00000,0,A,Mount Olive township,Illinois,3127,3117,3092,3062,3053
071,17,117,51024,51037,00000,1,A,Mount Olive city,Illinois,2023,2015,1992,1970,1961
071,17,117,67873,51037,00000,1,A,Sawyerville village,Illinois,267,266,265,262,261
071,17,117,81191,51037,00000,1,A,White City village,Illinois,211,212,216,216,217
071,17,117,99990,51037,00000,1,F,Balance of Mount Olive township,Illinois,626,624,619,614,614
061,17,117,00000,53052,00000,0,A,Nilwood township,Illinois,580,578,573,570,568
071,17,117,53039,53052,00000,1,A,Nilwood town (pt.),Illinois,199,198,198,196,195
071,17,117,72234,53052,00000,1,A,Standard City village (pt.),Illinois,112,112,110,109,109
071,17,117,99990,53052,00000,1,F,Balance of Nilwood township,Illinois,269,268,265,265,264
061,17,117,00000,54040,00000,1,A,North Otter township,Illinois,772,770,763,758,757
061,17,117,00000,54053,00000,0,A,North Palmyra township,Illinois,814,813,807,801,803
071,17,117,49802,54053,00000,1,A,Modesto village,Illinois,180,179,177,177,179
071,17,117,57329,54053,00000,1,A,Palmyra village (pt.),Illinois,310,309,308,304,305
071,17,117,99990,54053,00000,1,F,Balance of North Palmyra township,Illinois,324,325,322,320,319
061,17,117,00000,60924,00000,1,A,Polk township,Illinois,585,583,579,574,574
061,17,117,00000,68419,00000,0,A,Scottville township,Illinois,279,278,275,274,273
071,17,117,68406,68419,00000,1,A,Scottville village,Illinois,97,97,96,95,94
071,17,117,99990,68419,00000,1,F,Balance of Scottville township,Illinois,182,181,179,179,179
061,17,117,00000,69121,00000,0,A,Shaws Point township,Illinois,475,474,471,467,467
071,17,117,72234,69121,00000,1,A,Standard City village (pt.),Illinois,20,20,20,19,19
071,17,117,99990,69121,00000,1,F,Balance of Shaws Point township,Illinois,455,454,451,448,448
061,17,117,00000,69576,00000,0,A,Shipman township,Illinois,1305,1301,1291,1280,1277
071,17,117,48138,69576,00000,1,A,Medora village (pt.),Illinois,135,135,133,132,131
071,17,117,69563,69576,00000,1,A,Shipman town (pt.),Illinois,508,506,503,500,498
071,17,117,99990,69576,00000,1,F,Balance of Shipman township,Illinois,662,660,655,648,648
061,17,117,00000,71123,00000,0,A,South Otter township,Illinois,453,452,446,444,442
071,17,117,53039,71123,00000,1,A,Nilwood town (pt.),Illinois,2,2,2,2,2
071,17,117,99990,71123,00000,1,F,Balance of South Otter township,Illinois,451,450,444,442,440
061,17,117,00000,71136,00000,0,A,South Palmyra township,Illinois,664,664,659,655,655
071,17,117,34423,71136,00000,1,A,Hettick village (pt.),Illinois,87,87,86,87,85
071,17,117,57329,71136,00000,1,A,Palmyra village (pt.),Illinois,293,294,291,289,290
071,17,117,99990,71136,00000,1,F,Balance of South Palmyra township,Illinois,284,283,282,279,280
061,17,117,00000,72416,00000,0,A,Staunton township,Illinois,5493,5479,5443,5405,5389
071,17,117,72403,72416,00000,1,A,Staunton city (pt.),Illinois,4928,4916,4880,4843,4825
071,17,117,99990,72416,00000,1,F,Balance of Staunton township,Illinois,565,563,563,562,564
061,17,117,00000,78162,00000,0,A,Virden township,Illinois,3354,3346,3316,3291,3287
071,17,117,78149,78162,00000,1,A,Virden city (pt.),Illinois,3085,3078,3051,3029,3024
071,17,117,99990,78162,00000,1,F,Balance of Virden township,Illinois,269,268,265,262,263
061,17,117,00000,80229,00000,1,A,Western Mound township,Illinois,250,249,248,246,247
050,17,119,00000,00000,00000,0,A,Madison County,Illinois,265868,265643,264867,263572,262752
157,17,119,00737,00000,00000,0,A,Alhambra village,Illinois,621,620,615,611,608
157,17,119,01114,00000,00000,0,A,Alton city,Illinois,25660,25608,25422,25189,25006
157,17,119,05599,00000,00000,0,A,Bethalto village,Illinois,9310,9305,9267,9200,9170
157,17,119,15599,00000,00000,0,A,Collinsville city (pt.),Illinois,21662,21629,21496,21320,21189
157,17,119,21553,00000,00000,0,A,East Alton village,Illinois,5781,5771,5726,5674,5639
157,17,119,22697,00000,00000,0,A,Edwardsville city,Illinois,26833,26803,26711,26635,26698
157,17,119,24933,00000,00000,0,A,Fairmont City village (pt.),Illinois,21,21,21,21,21
157,17,119,29639,00000,00000,0,A,Glen Carbon village,Illinois,13871,13862,13887,13865,13868
157,17,119,30094,00000,00000,0,A,Godfrey village,Illinois,17820,17808,17772,17668,17597
157,17,119,30926,00000,00000,0,A,Granite City city,Illinois,27566,27516,27328,27091,26908
157,17,119,30978,00000,00000,0,A,Grantfork village,Illinois,341,341,339,341,339
157,17,119,32408,00000,00000,0,A,Hamel village,Illinois,925,924,923,919,918
157,17,119,33279,00000,00000,0,A,Hartford village,Illinois,1188,1186,1176,1165,1157
157,17,119,34670,00000,00000,0,A,Highland city,Illinois,9996,10038,10030,10000,9961
157,17,119,44160,00000,00000,0,A,Livingston village,Illinois,764,763,757,751,745
157,17,119,45993,00000,00000,0,A,Madison city (pt.),Illinois,3143,3136,3114,3087,3064
157,17,119,46864,00000,00000,0,A,Marine village,Illinois,910,909,952,943,941
157,17,119,47397,00000,00000,0,A,Maryville village,Illinois,8255,8257,8275,8312,8316
157,17,119,52415,00000,00000,0,A,New Douglas village,Illinois,347,346,345,340,338
157,17,119,59709,00000,00000,0,A,Pierron village (pt.),Illinois,50,50,50,49,49
157,17,119,61067,00000,00000,0,A,Pontoon Beach village,Illinois,5864,5858,5841,5816,5804
157,17,119,66131,00000,00000,0,A,Roxana village,Illinois,1452,1448,1438,1425,1413
157,17,119,66859,00000,00000,0,A,St. Jacob village,Illinois,1374,1374,1364,1372,1369
157,17,119,71240,00000,00000,0,A,South Roxana village,Illinois,1891,1888,1878,1864,1854
157,17,119,76199,00000,00000,0,A,Troy city,Illinois,10942,10950,11041,11140,11209
157,17,119,77473,00000,00000,0,A,Venice city,Illinois,1492,1490,1480,1467,1457
157,17,119,81815,00000,00000,0,A,Williamson village,Illinois,181,181,180,178,177
157,17,119,83271,00000,00000,0,A,Wood River city,Illinois,10453,10434,10408,10335,10270
157,17,119,83505,00000,00000,0,A,Worden village,Illinois,1096,1094,1088,1078,1070
157,17,119,99990,00000,00000,0,S,Balance of Madison County,Illinois,56059,56033,55943,55716,55597
061,17,119,00000,00750,00000,0,A,Alhambra township,Illinois,1598,1596,1590,1581,1575
071,17,119,00737,00750,00000,1,A,Alhambra village,Illinois,621,620,615,611,608
071,17,119,99990,00750,00000,1,F,Balance of Alhambra township,Illinois,977,976,975,970,967
061,17,119,00000,01127,00000,0,B,Alton township,Illinois,25660,25608,25422,25189,25006
071,17,119,01114,01127,00000,1,A,Alton city,Illinois,25660,25608,25422,25189,25006
061,17,119,00000,14260,00000,0,A,Chouteau township,Illinois,7519,7513,7487,7448,7420
071,17,119,22697,14260,00000,1,A,Edwardsville city (pt.),Illinois,5,5,5,5,5
071,17,119,30926,14260,00000,1,A,Granite City city (pt.),Illinois,79,79,78,78,77
071,17,119,33279,14260,00000,1,A,Hartford village (pt.),Illinois,777,776,770,762,758
071,17,119,45993,14260,00000,1,A,Madison city (pt.),Illinois,0,0,0,0,0
071,17,119,61067,14260,00000,1,A,Pontoon Beach village (pt.),Illinois,690,689,687,684,681
071,17,119,66131,14260,00000,1,A,Roxana village (pt.),Illinois,76,76,76,75,74
071,17,119,71240,14260,00000,1,A,South Roxana village,Illinois,1891,1888,1878,1864,1854
071,17,119,99990,14260,00000,1,S,Balance of Chouteau township,Illinois,4001,4000,3993,3980,3971
061,17,119,00000,15612,00000,0,A,Collinsville township,Illinois,35633,35598,35476,35316,35178
071,17,119,15599,15612,00000,1,A,Collinsville city (pt.),Illinois,21649,21616,21483,21307,21176
071,17,119,29639,15612,00000,1,A,Glen Carbon village (pt.),Illinois,357,356,357,356,356
071,17,119,47397,15612,00000,1,A,Maryville village,Illinois,8255,8257,8275,8312,8316
071,17,119,61067,15612,00000,1,A,Pontoon Beach village (pt.),Illinois,136,136,135,136,136
071,17,119,76199,15612,00000,1,A,Troy city (pt.),Illinois,0,0,0,0,0
071,17,119,99990,15612,00000,1,F,Balance of Collinsville township,Illinois,5236,5233,5226,5205,5194
061,17,119,00000,22710,00000,0,A,Edwardsville township,Illinois,40608,40570,40503,40406,40464
071,17,119,22697,22710,00000,1,A,Edwardsville city (pt.),Illinois,25281,25251,25164,25094,25152
071,17,119,29639,22710,00000,1,A,Glen Carbon village (pt.),Illinois,13514,13506,13530,13509,13512
071,17,119,61067,22710,00000,1,A,Pontoon Beach village (pt.),Illinois,6,6,6,6,6
071,17,119,66131,22710,00000,1,A,Roxana village (pt.),Illinois,14,14,14,14,14
071,17,119,99990,22710,00000,1,F,Balance of Edwardsville township,Illinois,1793,1793,1789,1783,1780
061,17,119,00000,27130,00000,0,A,Fort Russell township,Illinois,9222,9218,9194,9148,9124
071,17,119,05599,27130,00000,1,A,Bethalto village (pt.),Illinois,3547,3546,3531,3507,3495
071,17,119,66131,27130,00000,1,A,Roxana village (pt.),Illinois,13,13,13,13,13
071,17,119,83271,27130,00000,1,A,Wood River city (pt.),Illinois,145,145,144,143,142
071,17,119,99990,27130,00000,1,S,Balance of Fort Russell township,Illinois,5517,5514,5506,5485,5474
061,17,119,00000,27182,00000,0,A,Foster township,Illinois,3883,3882,3874,3857,3848
071,17,119,05599,27182,00000,1,A,Bethalto village (pt.),Illinois,2,2,2,2,2
071,17,119,99990,27182,00000,1,F,Balance of Foster township,Illinois,3881,3880,3872,3855,3846
061,17,119,00000,30094,00000,0,F,Godfrey village,Illinois,17820,17808,17772,17668,17597
071,17,119,30094,30094,00000,1,A,Godfrey village,Illinois,17820,17808,17772,17668,17597
061,17,119,00000,30939,00000,0,A,Granite City township,Illinois,25150,25103,24932,24712,24545
071,17,119,30926,30939,00000,1,A,Granite City city (pt.),Illinois,25150,25103,24932,24712,24545
061,17,119,00000,32421,00000,0,A,Hamel township,Illinois,2766,2765,2761,2749,2743
071,17,119,32408,32421,00000,1,A,Hamel village,Illinois,925,924,923,919,918
071,17,119,99990,32421,00000,1,F,Balance of Hamel township,Illinois,1841,1841,1838,1830,1825
061,17,119,00000,33981,00000,0,A,Helvetia township,Illinois,8279,8304,8297,8270,8239
071,17,119,34670,33981,00000,1,A,Highland city (pt.),Illinois,6682,6709,6704,6684,6656
071,17,119,99990,33981,00000,1,F,Balance of Helvetia township,Illinois,1597,1595,1593,1586,1583
061,17,119,00000,38245,00000,0,A,Jarvis township,Illinois,15783,15790,15869,15943,15996
071,17,119,76199,38245,00000,1,A,Troy city (pt.),Illinois,10489,10498,10585,10679,10745
071,17,119,99990,38245,00000,1,F,Balance of Jarvis township,Illinois,5294,5292,5284,5264,5251
061,17,119,00000,42652,00000,0,A,Leef township,Illinois,614,613,612,610,609
071,17,119,30978,42652,00000,1,A,Grantfork village (pt.),Illinois,198,198,197,198,197
071,17,119,99990,42652,00000,1,F,Balance of Leef township,Illinois,416,415,415,412,412
061,17,119,00000,46877,00000,0,A,Marine township,Illinois,2230,2230,2270,2257,2252
071,17,119,34670,46877,00000,1,A,Highland city (pt.),Illinois,0,0,0,0,0
071,17,119,46864,46877,00000,1,A,Marine village,Illinois,910,909,952,943,941
071,17,119,99990,46877,00000,1,F,Balance of Marine township,Illinois,1320,1321,1318,1314,1311
061,17,119,00000,50465,00000,1,A,Moro township,Illinois,3508,3507,3499,3485,3477
061,17,119,00000,51583,00000,0,A,Nameoki township,Illinois,12035,12024,11987,11927,11894
071,17,119,15599,51583,00000,1,A,Collinsville city (pt.),Illinois,13,13,13,13,13
071,17,119,24933,51583,00000,1,A,Fairmont City village (pt.),Illinois,21,21,21,21,21
071,17,119,30926,51583,00000,1,A,Granite City city (pt.),Illinois,2191,2188,2173,2157,2143
071,17,119,45993,51583,00000,1,A,Madison city (pt.),Illinois,610,609,604,599,594
071,17,119,61067,51583,00000,1,A,Pontoon Beach village (pt.),Illinois,5032,5027,5013,4990,4981
071,17,119,99990,51583,00000,1,F,Balance of Nameoki township,Illinois,4168,4166,4163,4147,4142
061,17,119,00000,52428,00000,0,A,New Douglas township,Illinois,528,527,525,521,518
071,17,119,52415,52428,00000,1,A,New Douglas village,Illinois,347,346,345,340,338
071,17,119,99990,52428,00000,1,F,Balance of New Douglas township,Illinois,181,181,180,181,180
061,17,119,00000,55834,00000,0,A,Olive township,Illinois,1701,1699,1692,1679,1670
071,17,119,44160,55834,00000,1,A,Livingston village,Illinois,764,763,757,751,745
071,17,119,81815,55834,00000,1,A,Williamson village,Illinois,181,181,180,178,177
071,17,119,99990,55834,00000,1,F,Balance of Olive township,Illinois,756,755,755,750,748
061,17,119,00000,56068,00000,0,A,Omphghent township,Illinois,2413,2411,2401,2386,2375
071,17,119,83505,56068,00000,1,A,Worden village,Illinois,1096,1094,1088,1078,1070
071,17,119,99990,56068,00000,1,S,Balance of Omphghent township,Illinois,1317,1317,1313,1308,1305
061,17,119,00000,60014,00000,0,A,Pin Oak township,Illinois,4535,4533,4528,4517,4519
071,17,119,22697,60014,00000,1,A,Edwardsville city (pt.),Illinois,1547,1547,1542,1536,1541
071,17,119,29639,60014,00000,1,A,Glen Carbon village (pt.),Illinois,0,0,0,0,0
071,17,119,76199,60014,00000,1,A,Troy city (pt.),Illinois,453,452,456,461,464
071,17,119,99990,60014,00000,1,F,Balance of Pin Oak township,Illinois,2535,2534,2530,2520,2514
061,17,119,00000,66872,00000,0,A,St. Jacob township,Illinois,2892,2892,2879,2878,2875
071,17,119,66859,66872,00000,1,A,St. Jacob village,Illinois,1374,1374,1364,1372,1369
071,17,119,99990,66872,00000,1,F,Balance of St. Jacob township,Illinois,1518,1518,1515,1506,1506
061,17,119,00000,67275,00000,0,A,Saline township,Illinois,6860,6873,6866,6843,6826
071,17,119,30978,67275,00000,1,A,Grantfork village (pt.),Illinois,143,143,142,143,142
071,17,119,34670,67275,00000,1,A,Highland city (pt.),Illinois,3314,3329,3326,3316,3305
071,17,119,59709,67275,00000,1,A,Pierron village (pt.),Illinois,50,50,50,49,49
071,17,119,99990,67275,00000,1,F,Balance of Saline township,Illinois,3353,3351,3348,3335,3330
061,17,119,00000,77486,00000,0,A,Venice township,Illinois,4640,4631,4603,4565,4534
071,17,119,30926,77486,00000,1,A,Granite City city (pt.),Illinois,146,146,145,144,143
071,17,119,45993,77486,00000,1,A,Madison city (pt.),Illinois,2533,2527,2510,2488,2470
071,17,119,77473,77486,00000,1,A,Venice city,Illinois,1492,1490,1480,1467,1457
071,17,119,99990,77486,00000,1,F,Balance of Venice township,Illinois,469,468,468,466,464
061,17,119,00000,83284,00000,0,A,Wood River township,Illinois,29991,29948,29828,29617,29468
071,17,119,05599,83284,00000,1,A,Bethalto village (pt.),Illinois,5761,5757,5734,5691,5673
071,17,119,21553,83284,00000,1,A,East Alton village,Illinois,5781,5771,5726,5674,5639
071,17,119,33279,83284,00000,1,A,Hartford village (pt.),Illinois,411,410,406,403,399
071,17,119,66131,83284,00000,1,A,Roxana village (pt.),Illinois,1349,1345,1335,1323,1312
071,17,119,83271,83284,00000,1,A,Wood River city (pt.),Illinois,10308,10289,10264,10192,10128
071,17,119,99990,83284,00000,1,S,Balance of Wood River township,Illinois,6381,6376,6363,6334,6317
050,17,121,00000,00000,00000,0,A,Marion County,Illinois,37736,37652,37379,36905,36673
157,17,121,00919,00000,00000,0,A,Alma village,Illinois,315,314,312,307,305
157,17,121,12151,00000,00000,0,A,Central City village,Illinois,1103,1100,1093,1081,1076
157,17,121,12164,00000,00000,0,A,Centralia city (pt.),Illinois,10009,9986,9913,9780,9714
157,17,121,25375,00000,00000,0,A,Farina village (pt.),Illinois,0,0,0,0,0
157,17,121,37933,00000,00000,0,A,Iuka village,Illinois,509,508,504,497,494
157,17,121,38791,00000,00000,0,A,Junction City village,Illinois,528,527,528,523,520
157,17,121,39324,00000,00000,0,A,Kell village,Illinois,174,174,172,170,169
157,17,121,40117,00000,00000,0,A,Kinmundy city,Illinois,734,732,728,720,716
157,17,121,55210,00000,00000,0,A,Odin village,Illinois,938,936,929,916,910
157,17,121,58057,00000,00000,0,A,Patoka village,Illinois,524,523,519,512,508
157,17,121,67236,00000,00000,0,A,Salem city,Illinois,7282,7264,7202,7108,7056
157,17,121,67444,00000,00000,0,A,Sandoval village,Illinois,1155,1155,1145,1132,1127
157,17,121,77681,00000,00000,0,A,Vernon village,Illinois,101,101,100,100,99
157,17,121,78604,00000,00000,0,A,Walnut Hill village,Illinois,96,96,95,94,93
157,17,121,78721,00000,00000,0,A,Wamac city (pt.),Illinois,407,406,403,397,395
157,17,121,99990,00000,00000,0,F,Balance of Marion County,Illinois,13861,13830,13736,13568,13491
061,17,121,00000,00932,00000,0,A,Alma township,Illinois,787,785,779,770,765
071,17,121,00919,00932,00000,1,A,Alma village,Illinois,315,314,312,307,305
071,17,121,99990,00932,00000,1,F,Balance of Alma township,Illinois,472,471,467,463,460
061,17,121,00000,11436,00000,1,A,Carrigan township,Illinois,363,362,359,354,354
061,17,121,00000,12177,00000,0,A,Centralia township,Illinois,14350,14317,14213,14026,13935
071,17,121,12151,12177,00000,1,A,Central City village,Illinois,1103,1100,1093,1081,1076
071,17,121,12164,12177,00000,1,A,Centralia city (pt.),Illinois,10009,9986,9913,9780,9714
071,17,121,78604,12177,00000,1,A,Walnut Hill village,Illinois,96,96,95,94,93
071,17,121,78721,12177,00000,1,A,Wamac city (pt.),Illinois,407,406,403,397,395
071,17,121,99990,12177,00000,1,F,Balance of Centralia township,Illinois,2735,2729,2709,2674,2657
061,17,121,00000,27195,00000,1,A,Foster township,Illinois,363,362,357,352,348
061,17,121,00000,32187,00000,0,A,Haines township,Illinois,870,868,863,854,851
071,17,121,39324,32187,00000,1,A,Kell village,Illinois,174,174,172,170,169
071,17,121,99990,32187,00000,1,F,Balance of Haines township,Illinois,696,694,691,684,682
061,17,121,00000,37946,00000,0,A,Iuka township,Illinois,1023,1021,1015,1001,995
071,17,121,37933,37946,00000,1,A,Iuka village,Illinois,509,508,504,497,494
071,17,121,99990,37946,00000,1,F,Balance of Iuka township,Illinois,514,513,511,504,501
061,17,121,00000,40130,00000,0,A,Kinmundy township,Illinois,1128,1125,1118,1105,1098
071,17,121,40117,40130,00000,1,A,Kinmundy city,Illinois,734,732,728,720,716
071,17,121,99990,40130,00000,1,F,Balance of Kinmundy township,Illinois,394,393,390,385,382
061,17,121,00000,47826,00000,0,A,Meacham township,Illinois,351,350,347,340,338
071,17,121,25375,47826,00000,1,A,Farina village (pt.),Illinois,0,0,0,0,0
071,17,121,99990,47826,00000,1,F,Balance of Meacham township,Illinois,351,350,347,340,338
061,17,121,00000,55223,00000,0,A,Odin township,Illinois,1582,1578,1568,1549,1541
071,17,121,55210,55223,00000,1,A,Odin village,Illinois,938,936,929,916,910
071,17,121,99990,55223,00000,1,F,Balance of Odin township,Illinois,644,642,639,633,631
061,17,121,00000,56055,00000,1,A,Omega township,Illinois,448,447,443,437,434
061,17,121,00000,58070,00000,0,A,Patoka township,Illinois,935,933,926,915,908
071,17,121,58057,58070,00000,1,A,Patoka village,Illinois,524,523,519,512,508
071,17,121,77681,58070,00000,1,A,Vernon village,Illinois,101,101,100,100,99
071,17,121,99990,58070,00000,1,F,Balance of Patoka township,Illinois,310,309,307,303,301
061,17,121,00000,62445,00000,1,A,Raccoon township,Illinois,1543,1541,1533,1515,1509
061,17,121,00000,65455,00000,1,A,Romine township,Illinois,494,493,489,485,481
061,17,121,00000,67249,00000,0,A,Salem township,Illinois,9097,9075,9003,8887,8826
071,17,121,67236,67249,00000,1,A,Salem city (pt.),Illinois,7224,7206,7145,7051,7000
071,17,121,99990,67249,00000,1,F,Balance of Salem township,Illinois,1873,1869,1858,1836,1826
061,17,121,00000,67457,00000,0,A,Sandoval township,Illinois,2199,2197,2184,2159,2149
071,17,121,38791,67457,00000,1,A,Junction City village,Illinois,528,527,528,523,520
071,17,121,67444,67457,00000,1,A,Sandoval village,Illinois,1155,1155,1145,1132,1127
071,17,121,99990,67457,00000,1,F,Balance of Sandoval township,Illinois,516,515,511,504,502
061,17,121,00000,72598,00000,1,A,Stevenson township,Illinois,1184,1181,1172,1156,1148
061,17,121,00000,75744,00000,0,A,Tonti township,Illinois,1019,1017,1010,1000,993
071,17,121,67236,75744,00000,1,A,Salem city (pt.),Illinois,58,58,57,57,56
071,17,121,99990,75744,00000,1,F,Balance of Tonti township,Illinois,961,959,953,943,937
050,17,123,00000,00000,00000,0,A,Marshall County,Illinois,11752,11717,11668,11671,11683
157,17,123,34163,00000,00000,0,A,Henry city,Illinois,2320,2325,2313,2312,2312
157,17,123,36150,00000,00000,0,A,Hopewell village,Illinois,420,418,417,417,418
157,17,123,40559,00000,00000,0,A,Lacon city,Illinois,1877,1868,1860,1858,1859
157,17,123,42171,00000,00000,0,A,La Rose village,Illinois,99,99,98,98,99
157,17,123,71422,00000,00000,0,A,Sparland village,Illinois,366,364,363,364,364
157,17,123,75653,00000,00000,0,A,Toluca city,Illinois,1346,1341,1335,1334,1334
157,17,123,77395,00000,00000,0,A,Varna village,Illinois,376,374,373,374,374
157,17,123,79007,00000,00000,0,A,Washburn village (pt.),Illinois,55,55,55,55,55
157,17,123,79813,00000,00000,0,A,Wenona city (pt.),Illinois,964,960,955,954,954
157,17,123,99990,00000,00000,0,F,Balance of Marshall County,Illinois,3929,3913,3899,3905,3914
061,17,123,00000,04949,00000,0,A,Bell Plain township,Illinois,319,318,316,317,318
071,17,123,42171,04949,00000,1,A,La Rose village,Illinois,99,99,98,98,99
071,17,123,99990,04949,00000,1,F,Balance of Bell Plain township,Illinois,220,219,218,219,219
061,17,123,00000,05235,00000,0,A,Bennington township,Illinois,1581,1575,1568,1567,1568
071,17,123,75653,05235,00000,1,A,Toluca city (pt.),Illinois,1342,1337,1331,1330,1330
071,17,123,99990,05235,00000,1,F,Balance of Bennington township,Illinois,239,238,237,237,238
061,17,123,00000,24569,00000,0,A,Evans township,Illinois,1179,1174,1169,1168,1168
071,17,123,75653,24569,00000,1,A,Toluca city (pt.),Illinois,4,4,4,4,4
071,17,123,79813,24569,00000,1,A,Wenona city (pt.),Illinois,964,960,955,954,954
071,17,123,99990,24569,00000,1,F,Balance of Evans township,Illinois,211,210,210,210,210
061,17,123,00000,34176,00000,0,A,Henry township,Illinois,2561,2565,2552,2554,2554
071,17,123,34163,34176,00000,1,A,Henry city,Illinois,2320,2325,2313,2312,2312
071,17,123,99990,34176,00000,1,F,Balance of Henry township,Illinois,241,240,239,242,242
061,17,123,00000,36152,00000,1,A,Hopewell township,Illinois,498,496,494,495,497
061,17,123,00000,40572,00000,0,A,Lacon township,Illinois,2357,2346,2337,2335,2337
071,17,123,40559,40572,00000,1,A,Lacon city,Illinois,1877,1868,1860,1858,1859
071,17,123,99990,40572,00000,1,F,Balance of Lacon township,Illinois,480,478,477,477,478
061,17,123,00000,42093,00000,1,A,La Prairie township,Illinois,347,346,344,343,345
061,17,123,00000,63589,00000,0,A,Richland township,Illinois,402,400,399,400,400
071,17,123,79007,63589,00000,1,A,Washburn village (pt.),Illinois,55,55,55,55,55
071,17,123,99990,63589,00000,1,F,Balance of Richland township,Illinois,347,345,344,345,345
061,17,123,00000,64668,00000,0,A,Roberts township,Illinois,891,887,884,886,887
071,17,123,77395,64668,00000,1,A,Varna village,Illinois,376,374,373,374,374
071,17,123,99990,64668,00000,1,F,Balance of Roberts township,Illinois,515,513,511,512,513
061,17,123,00000,67691,00000,1,A,Saratoga township,Illinois,243,242,241,241,242
061,17,123,00000,72585,00000,0,A,Steuben township,Illinois,1116,1111,1108,1109,1110
071,17,123,36150,72585,00000,1,A,Hopewell village,Illinois,420,418,417,417,418
071,17,123,71422,72585,00000,1,A,Sparland village,Illinois,366,364,363,364,364
071,17,123,99990,72585,00000,1,F,Balance of Steuben township,Illinois,330,329,328,328,328
061,17,123,00000,81230,00000,1,A,Whitefield township,Illinois,258,257,256,256,257
050,17,125,00000,00000,00000,0,A,Mason County,Illinois,13091,13058,12830,12699,12523
157,17,125,04156,00000,00000,0,A,Bath village,Illinois,276,275,271,268,264
157,17,125,22151,00000,00000,0,A,Easton village,Illinois,317,316,311,306,302
157,17,125,26753,00000,00000,0,A,Forest City village,Illinois,218,217,214,212,209
157,17,125,33513,00000,00000,0,A,Havana city,Illinois,2964,2956,2901,2867,2827
157,17,125,39857,00000,00000,0,A,Kilbourne village,Illinois,268,267,263,260,257
157,17,125,46383,00000,00000,0,A,Manito village,Illinois,1554,1551,1522,1505,1481
157,17,125,47475,00000,00000,0,A,Mason City city,Illinois,2075,2069,2032,2010,1981
157,17,125,67613,00000,00000,0,A,San Jose village (pt.),Illinois,290,289,284,280,276
157,17,125,75757,00000,00000,0,A,Topeka village,Illinois,58,58,57,56,55
157,17,125,99990,00000,00000,0,S,Balance of Mason County,Illinois,5071,5060,4975,4935,4871
061,17,125,00000,00844,00000,0,A,Allens Grove township,Illinois,466,465,456,451,445
071,17,125,67613,00844,00000,1,A,San Jose village (pt.),Illinois,290,289,284,280,276
071,17,125,99990,00844,00000,1,F,Balance of Allens Grove township,Illinois,176,176,172,171,169
061,17,125,00000,04169,00000,0,A,Bath township,Illinois,740,738,726,720,710
071,17,125,04156,04169,00000,1,A,Bath village,Illinois,276,275,271,268,264
071,17,125,99990,04169,00000,1,F,Balance of Bath township,Illinois,464,463,455,452,446
061,17,125,00000,17250,00000,1,A,Crane Creek township,Illinois,149,149,146,145,143
061,17,125,00000,26766,00000,0,A,Forest City township,Illinois,466,464,457,455,448
071,17,125,26753,26766,00000,1,A,Forest City village,Illinois,218,217,214,212,209
071,17,125,99990,26766,00000,1,F,Balance of Forest City township,Illinois,248,247,243,243,239
061,17,125,00000,33526,00000,0,A,Havana township,Illinois,4397,4386,4308,4262,4203
071,17,125,33513,33526,00000,1,A,Havana city,Illinois,2964,2956,2901,2867,2827
071,17,125,99990,33526,00000,1,F,Balance of Havana township,Illinois,1433,1430,1407,1395,1376
061,17,125,00000,39870,00000,0,A,Kilbourne township,Illinois,475,474,466,461,455
071,17,125,39857,39870,00000,1,A,Kilbourne village,Illinois,268,267,263,260,257
071,17,125,99990,39870,00000,1,F,Balance of Kilbourne township,Illinois,207,207,203,201,198
061,17,125,00000,45265,00000,1,A,Lynchburg township,Illinois,237,236,232,231,228
061,17,125,00000,46396,00000,0,A,Manito township,Illinois,2243,2238,2197,2176,2145
071,17,125,46383,46396,00000,1,A,Manito village,Illinois,1554,1551,1522,1505,1481
071,17,125,99990,46396,00000,1,F,Balance of Manito township,Illinois,689,687,675,671,664
061,17,125,00000,47482,00000,0,A,Mason City township,Illinois,2336,2329,2288,2263,2231
071,17,125,47475,47482,00000,1,A,Mason City city,Illinois,2075,2069,2032,2010,1981
071,17,125,99990,47482,00000,1,F,Balance of Mason City township,Illinois,261,260,256,253,250
061,17,125,00000,58629,00000,1,A,Pennsylvania township,Illinois,156,156,153,151,149
061,17,125,00000,62419,00000,0,A,Quiver township,Illinois,716,715,704,696,687
071,17,125,75757,62419,00000,1,A,Topeka village,Illinois,58,58,57,56,55
071,17,125,99990,62419,00000,1,S,Balance of Quiver township,Illinois,658,657,647,640,632
061,17,125,00000,67353,00000,1,A,Salt Creek township,Illinois,221,220,217,215,212
061,17,125,00000,69329,00000,0,A,Sherman township,Illinois,489,488,480,473,467
071,17,125,22151,69329,00000,1,A,Easton village,Illinois,317,316,311,306,302
071,17,125,99990,69329,00000,1,F,Balance of Sherman township,Illinois,172,172,169,167,165
050,17,127,00000,00000,00000,0,A,Massac County,Illinois,14170,14133,13946,13827,13661
157,17,127,08706,00000,00000,1,A,Brookport city,Illinois,724,722,709,702,694
157,17,127,38674,00000,00000,1,A,Joppa village,Illinois,348,347,341,337,333
157,17,127,48645,00000,00000,1,A,Metropolis city,Illinois,5969,5953,5892,5853,5782
157,17,127,99990,00000,00000,1,F,Balance of Massac County,Illinois,7129,7111,7004,6935,6852
050,17,129,00000,00000,00000,0,A,Menard County,Illinois,12295,12270,12167,12072,11954
157,17,129,02674,00000,00000,1,A,Athens city,Illinois,1974,1970,1949,1929,1907
157,17,129,31576,00000,00000,1,A,Greenview village,Illinois,746,745,738,731,721
157,17,129,54625,00000,00000,1,A,Oakford village,Illinois,235,235,232,230,230
157,17,129,59312,00000,00000,1,A,Petersburg city,Illinois,2264,2260,2236,2217,2197
157,17,129,74379,00000,00000,1,A,Tallula village,Illinois,434,433,431,427,423
157,17,129,99990,00000,00000,1,S,Balance of Menard County,Illinois,6642,6627,6581,6538,6476
050,17,131,00000,00000,00000,0,A,Mercer County,Illinois,15698,15632,15580,15533,15487
157,17,131,00646,00000,00000,0,A,Aledo city,Illinois,3634,3618,3600,3585,3569
157,17,131,00672,00000,00000,0,A,Alexis village (pt.),Illinois,342,341,340,339,336
157,17,131,38739,00000,00000,0,A,Joy village,Illinois,371,370,368,365,364
157,17,131,39298,00000,00000,0,A,Keithsburg city,Illinois,547,545,545,546,546
157,17,131,47527,00000,00000,0,A,Matherville village,Illinois,709,706,702,700,696
157,17,131,52220,00000,00000,0,A,New Boston city,Illinois,614,612,612,612,611
157,17,131,53793,00000,00000,0,A,North Henderson village,Illinois,163,162,162,161,161
157,17,131,63420,00000,00000,0,A,Reynolds village (pt.),Illinois,32,32,32,32,32
157,17,131,68458,00000,00000,0,A,Seaton village,Illinois,214,213,213,210,209
157,17,131,69368,00000,00000,0,A,Sherrard village,Illinois,696,693,691,692,690
157,17,131,78123,00000,00000,0,A,Viola village,Illinois,871,868,863,859,857
157,17,131,82309,00000,00000,0,A,Windsor village,Illinois,670,665,665,662,660
157,17,131,99990,00000,00000,0,S,Balance of Mercer County,Illinois,6835,6807,6787,6770,6756
061,17,131,00000,00126,00000,0,A,Abington township,Illinois,374,372,372,368,367
071,17,131,68458,00126,00000,1,A,Seaton village,Illinois,214,213,213,210,209
071,17,131,99990,00126,00000,1,F,Balance of Abington township,Illinois,160,159,159,158,158
061,17,131,00000,20968,00000,1,A,Duncan township,Illinois,259,258,257,256,256
061,17,131,00000,23152,00000,1,A,Eliza township,Illinois,412,410,409,408,407
061,17,131,00000,31342,00000,0,A,Greene township,Illinois,1452,1447,1440,1437,1433
071,17,131,78123,31342,00000,1,A,Viola village,Illinois,871,868,863,859,857
071,17,131,99990,31342,00000,1,F,Balance of Greene township,Illinois,581,579,577,578,576
061,17,131,00000,39311,00000,0,A,Keithsburg township,Illinois,642,640,639,640,640
071,17,131,39298,39311,00000,1,A,Keithsburg city,Illinois,547,545,545,546,546
071,17,131,99990,39311,00000,1,F,Balance of Keithsburg township,Illinois,95,95,94,94,94
061,17,131,00000,48398,00000,0,A,Mercer township,Illinois,3973,3956,3937,3921,3904
071,17,131,00646,48398,00000,1,A,Aledo city,Illinois,3634,3618,3600,3585,3569
071,17,131,99990,48398,00000,1,F,Balance of Mercer township,Illinois,339,338,337,336,335
061,17,131,00000,49256,00000,0,A,Millersburg township,Illinois,629,627,624,620,619
071,17,131,38739,49256,00000,1,A,Joy village,Illinois,371,370,368,365,364
071,17,131,99990,49256,00000,1,S,Balance of Millersburg township,Illinois,258,257,256,255,255
061,17,131,00000,52233,00000,0,A,New Boston township,Illinois,1177,1173,1171,1170,1167
071,17,131,52220,52233,00000,1,A,New Boston city,Illinois,614,612,612,612,611
071,17,131,99990,52233,00000,1,F,Balance of New Boston township,Illinois,563,561,559,558,556
061,17,131,00000,53806,00000,0,A,North Henderson township,Illinois,390,388,388,386,386
071,17,131,00672,53806,00000,1,A,Alexis village (pt.),Illinois,27,27,27,27,27
071,17,131,53793,53806,00000,1,A,North Henderson village,Illinois,163,162,162,161,161
071,17,131,99990,53806,00000,1,F,Balance of North Henderson township,Illinois,200,199,199,198,198
061,17,131,00000,55405,00000,1,A,Ohio Grove township,Illinois,273,272,271,270,270
061,17,131,00000,59182,00000,0,A,Perryton township,Illinois,457,455,454,453,450
071,17,131,63420,59182,00000,1,A,Reynolds village (pt.),Illinois,29,29,29,29,29
071,17,131,99990,59182,00000,1,S,Balance of Perryton township,Illinois,428,426,425,424,421
061,17,131,00000,61795,00000,0,A,Preemption township,Illinois,1679,1672,1665,1661,1654
071,17,131,47527,61795,00000,1,A,Matherville village,Illinois,709,706,702,700,696
071,17,131,63420,61795,00000,1,A,Reynolds village (pt.),Illinois,3,3,3,3,3
071,17,131,99990,61795,00000,1,S,Balance of Preemption township,Illinois,967,963,960,958,955
061,17,131,00000,63628,00000,0,A,Richland Grove township,Illinois,2322,2312,2306,2302,2299
071,17,131,69368,63628,00000,1,A,Sherrard village,Illinois,696,693,691,692,690
071,17,131,99990,63628,00000,1,S,Balance of Richland Grove township,Illinois,1626,1619,1615,1610,1609
061,17,131,00000,64551,00000,0,A,Rivoli township,Illinois,1056,1049,1048,1044,1041
071,17,131,82309,64551,00000,1,A,Windsor village,Illinois,670,665,665,662,660
071,17,131,99990,64551,00000,1,F,Balance of Rivoli township,Illinois,386,384,383,382,381
061,17,131,00000,73339,00000,0,A,Suez township,Illinois,603,601,599,597,594
071,17,131,00672,73339,00000,1,A,Alexis village (pt.),Illinois,315,314,313,312,309
071,17,131,99990,73339,00000,1,F,Balance of Suez township,Illinois,288,287,286,285,285
050,17,133,00000,00000,00000,0,A,Monroe County,Illinois,34953,34953,35004,35001,34957
157,17,133,15833,00000,00000,1,A,Columbia city (pt.),Illinois,10812,10835,10797,10767,10739
157,17,133,21254,00000,00000,1,A,Dupo village (pt.),Illinois,0,0,0,0,0
157,17,133,28170,00000,00000,1,A,Fults village,Illinois,26,26,26,26,25
157,17,133,33877,00000,00000,1,A,Hecker village (pt.),Illinois,429,428,425,422,418
157,17,133,46058,00000,00000,1,A,Maeystown village,Illinois,149,149,150,149,148
157,17,133,77265,00000,00000,1,A,Valmeyer village,Illinois,1231,1228,1223,1217,1212
157,17,133,79150,00000,00000,1,A,Waterloo city,Illinois,11013,11005,11080,11118,11144
157,17,133,99990,00000,00000,1,F,Balance of Monroe County,Illinois,11293,11282,11303,11302,11271
050,17,135,00000,00000,00000,0,A,Montgomery County,Illinois,28283,28202,28082,27901,27663
157,17,135,10149,00000,00000,0,A,Butler village,Illinois,166,165,165,165,164
157,17,135,15209,00000,00000,0,A,Coalton village,Illinois,315,314,312,312,307
157,17,135,15352,00000,00000,0,A,Coffeen city,Illinois,644,642,641,636,630
157,17,135,20318,00000,00000,0,A,Donnellson village (pt.),Illinois,145,145,143,143,142
157,17,135,25440,00000,00000,0,A,Farmersville village,Illinois,686,684,680,675,669
157,17,135,26077,00000,00000,0,A,Fillmore village,Illinois,303,302,302,300,298
157,17,135,33357,00000,00000,0,A,Harvel village (pt.),Illinois,116,116,115,114,113
157,17,135,35047,00000,00000,0,A,Hillsboro city,Illinois,5872,5860,5838,5811,5773
157,17,135,37738,00000,00000,0,A,Irving village,Illinois,374,373,371,368,365
157,17,135,43965,00000,00000,0,A,Litchfield city,Illinois,6782,6761,6729,6677,6614
157,17,135,53169,00000,00000,0,A,Nokomis city,Illinois,2145,2138,2127,2111,2091
157,17,135,55418,00000,00000,0,A,Ohlman village,Illinois,111,111,110,109,108
157,17,135,57498,00000,00000,0,A,Panama village (pt.),Illinois,213,212,211,210,208
157,17,135,62965,00000,00000,0,A,Raymond village,Illinois,945,942,937,930,921
157,17,135,68120,00000,00000,0,A,Schram City village,Illinois,565,563,560,556,551
157,17,135,74561,00000,00000,0,A,Taylor Springs village,Illinois,738,736,735,731,728
157,17,135,78383,00000,00000,0,A,Waggoner village,Illinois,181,180,182,180,179
157,17,135,78656,00000,00000,0,A,Walshville village,Illinois,62,62,61,61,61
157,17,135,79826,00000,00000,0,A,Wenonah village,Illinois,30,30,30,30,29
157,17,135,82725,00000,00000,0,A,Witt city,Illinois,785,782,778,772,764
157,17,135,99990,00000,00000,0,F,Balance of Montgomery County,Illinois,7105,7084,7055,7010,6948
061,17,135,00000,02960,00000,0,A,Audubon township,Illinois,510,509,506,504,499
071,17,135,55418,02960,00000,1,A,Ohlman village,Illinois,111,111,110,109,108
071,17,135,99990,02960,00000,1,F,Balance of Audubon township,Illinois,399,398,396,395,391
061,17,135,00000,07107,00000,0,A,Bois D'Arc township,Illinois,931,928,923,916,908
071,17,135,25440,07107,00000,1,A,Farmersville village (pt.),Illinois,686,684,680,675,669
071,17,135,99990,07107,00000,1,F,Balance of Bois D'Arc township,Illinois,245,244,243,241,239
061,17,135,00000,10175,00000,0,A,Butler Grove township,Illinois,736,733,730,726,720
071,17,135,10149,10175,00000,1,A,Butler village,Illinois,166,165,165,165,164
071,17,135,35047,10175,00000,1,A,Hillsboro city (pt.),Illinois,185,184,183,182,180
071,17,135,99990,10175,00000,1,F,Balance of Butler Grove township,Illinois,385,384,382,379,376
061,17,135,00000,21761,00000,0,A,East Fork township,Illinois,2049,2045,2035,2022,2004
071,17,135,15352,21761,00000,1,A,Coffeen city,Illinois,644,642,641,636,630
071,17,135,20318,21761,00000,1,A,Donnellson village (pt.),Illinois,53,53,52,52,52
071,17,135,35047,21761,00000,1,A,Hillsboro city (pt.),Illinois,131,131,130,129,128
071,17,135,68120,21761,00000,1,A,Schram City village,Illinois,565,563,560,556,551
071,17,135,99990,21761,00000,1,F,Balance of East Fork township,Illinois,656,656,652,649,643
061,17,135,00000,26094,00000,0,A,Fillmore Consolidated township,Illinois,828,825,822,817,810
071,17,135,26077,26094,00000,1,A,Fillmore village,Illinois,303,302,302,300,298
071,17,135,99990,26094,00000,1,F,Balance of Fillmore Consolidated township,Illinois,525,523,520,517,512
061,17,135,00000,31836,00000,0,A,Grisham township,Illinois,623,621,620,616,610
071,17,135,20318,31836,00000,1,A,Donnellson village (pt.),Illinois,92,92,91,91,90
071,17,135,57498,31836,00000,1,A,Panama village (pt.),Illinois,213,212,211,210,208
071,17,135,99990,31836,00000,1,F,Balance of Grisham township,Illinois,318,317,318,315,312
061,17,135,00000,33370,00000,0,A,Harvel township,Illinois,192,192,190,189,187
071,17,135,33357,33370,00000,1,A,Harvel village (pt.),Illinois,116,116,115,114,113
071,17,135,99990,33370,00000,1,F,Balance of Harvel township,Illinois,76,76,75,75,74
061,17,135,00000,35060,00000,0,A,Hillsboro township,Illinois,6958,6943,6920,6886,6843
071,17,135,35047,35060,00000,1,A,Hillsboro city (pt.),Illinois,5530,5519,5499,5474,5440
071,17,135,74561,35060,00000,1,A,Taylor Springs village,Illinois,738,736,735,731,728
071,17,135,99990,35060,00000,1,F,Balance of Hillsboro township,Illinois,690,688,686,681,675
061,17,135,00000,37751,00000,0,A,Irving township,Illinois,882,879,875,870,860
071,17,135,35047,37751,00000,1,A,Hillsboro city (pt.),Illinois,26,26,26,26,25
071,17,135,37738,37751,00000,1,A,Irving village,Illinois,374,373,371,368,365
071,17,135,99990,37751,00000,1,F,Balance of Irving township,Illinois,482,480,478,476,470
061,17,135,00000,53182,00000,0,A,Nokomis township,Illinois,2786,2777,2762,2744,2716
071,17,135,15209,53182,00000,1,A,Coalton village,Illinois,315,314,312,312,307
071,17,135,53169,53182,00000,1,A,Nokomis city,Illinois,2145,2138,2127,2111,2091
071,17,135,79826,53182,00000,1,A,Wenonah village,Illinois,30,30,30,30,29
071,17,135,99990,53182,00000,1,F,Balance of Nokomis township,Illinois,296,295,293,291,289
061,17,135,00000,53949,00000,0,A,North Litchfield township,Illinois,4957,4942,4919,4881,4837
071,17,135,43965,53949,00000,1,A,Litchfield city (pt.),Illinois,4229,4216,4195,4163,4123
071,17,135,99990,53949,00000,1,F,Balance of North Litchfield township,Illinois,728,726,724,718,714
061,17,135,00000,60183,00000,0,A,Pitman township,Illinois,403,401,402,398,396
071,17,135,25440,60183,00000,1,A,Farmersville village (pt.),Illinois,0,0,0,0,0
071,17,135,78383,60183,00000,1,A,Waggoner village,Illinois,181,180,182,180,179
071,17,135,99990,60183,00000,1,F,Balance of Pitman township,Illinois,222,221,220,218,217
061,17,135,00000,62978,00000,0,A,Raymond township,Illinois,1134,1130,1126,1118,1108
071,17,135,62965,62978,00000,1,A,Raymond village (pt.),Illinois,919,916,911,904,896
071,17,135,99990,62978,00000,1,F,Balance of Raymond township,Illinois,215,214,215,214,212
061,17,135,00000,66092,00000,0,A,Rountree township,Illinois,229,228,227,225,223
071,17,135,35047,66092,00000,1,A,Hillsboro city (pt.),Illinois,0,0,0,0,0
071,17,135,99990,66092,00000,1,F,Balance of Rountree township,Illinois,229,228,227,225,223
061,17,135,00000,70928,00000,0,A,South Litchfield township,Illinois,3292,3282,3267,3244,3214
071,17,135,43965,70928,00000,1,A,Litchfield city (pt.),Illinois,2553,2545,2534,2514,2491
071,17,135,99990,70928,00000,1,F,Balance of South Litchfield township,Illinois,739,737,733,730,723
061,17,135,00000,78669,00000,0,A,Walshville township,Illinois,321,320,318,316,314
071,17,135,78656,78669,00000,1,A,Walshville village,Illinois,62,62,61,61,61
071,17,135,99990,78669,00000,1,F,Balance of Walshville township,Illinois,259,258,257,255,253
061,17,135,00000,82738,00000,0,A,Witt township,Illinois,1028,1024,1019,1011,1001
071,17,135,82725,82738,00000,1,A,Witt city,Illinois,785,782,778,772,764
071,17,135,99990,82738,00000,1,F,Balance of Witt township,Illinois,243,242,241,239,237
061,17,135,00000,84129,00000,0,A,Zanesville township,Illinois,424,423,421,418,413
071,17,135,62965,84129,00000,1,A,Raymond village (pt.),Illinois,26,26,26,26,25
071,17,135,99990,84129,00000,1,F,Balance of Zanesville township,Illinois,398,397,395,392,388
050,17,137,00000,00000,00000,0,A,Morgan County,Illinois,32920,32845,32646,32298,32140
157,17,137,12528,00000,00000,1,A,Chapin village,Illinois,476,475,472,466,462
157,17,137,16054,00000,00000,1,A,Concord village,Illinois,156,155,155,153,152
157,17,137,27663,00000,00000,1,A,Franklin village,Illinois,612,610,606,598,595
157,17,137,38115,00000,00000,1,A,Jacksonville city,Illinois,17624,17588,17497,17321,17237
157,17,137,45369,00000,00000,1,A,Lynnville village,Illinois,97,97,96,95,95
157,17,137,48424,00000,00000,1,A,Meredosia village,Illinois,824,822,817,808,802
157,17,137,51479,00000,00000,1,A,Murrayville village,Illinois,567,566,562,554,551
157,17,137,70889,00000,00000,1,A,South Jacksonville village,Illinois,3303,3293,3269,3229,3213
157,17,137,79358,00000,00000,1,A,Waverly city,Illinois,1191,1188,1176,1165,1158
157,17,137,83336,00000,00000,1,A,Woodson village,Illinois,499,498,494,489,487
157,17,137,99990,00000,00000,1,S,Balance of Morgan County,Illinois,7571,7553,7502,7420,7388
050,17,139,00000,00000,00000,0,A,Moultrie County,Illinois,14527,14481,14561,14375,14342
157,17,139,00867,00000,00000,0,A,Allenville village,Illinois,133,132,133,129,130
157,17,139,02414,00000,00000,0,A,Arthur village (pt.),Illinois,815,811,816,793,812
157,17,139,05612,00000,00000,0,A,Bethany village,Illinois,1257,1251,1253,1214,1205
157,17,139,18446,00000,00000,0,A,Dalton City village,Illinois,458,456,455,442,439
157,17,139,28807,00000,00000,0,A,Gays village,Illinois,224,223,224,217,214
157,17,139,45044,00000,00000,0,A,Lovington village,Illinois,1067,1062,1063,1030,1024
157,17,139,73495,00000,00000,0,A,Sullivan city,Illinois,4414,4403,4418,4293,4272
157,17,139,99990,00000,00000,0,S,Balance of Moultrie County,Illinois,6159,6143,6199,6257,6246
061,17,139,00000,20344,00000,0,A,Dora township,Illinois,699,696,698,686,682
071,17,139,18446,20344,00000,1,A,Dalton City village,Illinois,458,456,455,442,439
071,17,139,99990,20344,00000,1,S,Balance of Dora township,Illinois,241,240,243,244,243
061,17,139,00000,22099,00000,0,A,East Nelson township,Illinois,989,987,995,997,996
071,17,139,00867,22099,00000,1,A,Allenville village,Illinois,133,132,133,129,130
071,17,139,99990,22099,00000,1,F,Balance of East Nelson township,Illinois,856,855,862,868,866
061,17,139,00000,38609,00000,1,A,Jonathan Creek township,Illinois,1021,1019,1027,1039,1036
061,17,139,00000,45057,00000,0,A,Lovington township,Illinois,1564,1557,1564,1535,1528
071,17,139,45044,45057,00000,1,A,Lovington village,Illinois,1067,1062,1063,1030,1024
071,17,139,99990,45057,00000,1,F,Balance of Lovington township,Illinois,497,495,501,505,504
061,17,139,00000,45083,00000,0,A,Lowe township,Illinois,1745,1740,1751,1738,1755
071,17,139,02414,45083,00000,1,A,Arthur village (pt.),Illinois,815,811,816,793,812
071,17,139,99990,45083,00000,1,F,Balance of Lowe township,Illinois,930,929,935,945,943
061,17,139,00000,47124,00000,0,A,Marrowbone township,Illinois,1614,1606,1612,1575,1566
071,17,139,05612,47124,00000,1,A,Bethany village,Illinois,1257,1251,1253,1214,1205
071,17,139,99990,47124,00000,1,F,Balance of Marrowbone township,Illinois,357,355,359,361,361
061,17,139,00000,73508,00000,0,A,Sullivan township,Illinois,6298,6282,6315,6209,6186
071,17,139,73495,73508,00000,1,A,Sullivan city,Illinois,4414,4403,4418,4293,4272
071,17,139,99990,73508,00000,1,F,Balance of Sullivan township,Illinois,1884,1879,1897,1916,1914
061,17,139,00000,81451,00000,0,A,Whitley township,Illinois,597,594,599,596,593
071,17,139,28807,81451,00000,1,A,Gays village,Illinois,224,223,224,217,214
071,17,139,99990,81451,00000,1,F,Balance of Whitley township,Illinois,373,371,375,379,379
050,17,141,00000,00000,00000,0,A,Ogle County,Illinois,51780,51692,51464,51345,51265
157,17,141,00295,00000,00000,0,A,Adeline village,Illinois,76,76,75,75,75
157,17,141,10240,00000,00000,0,A,Byron city,Illinois,3788,3784,3774,3767,3772
157,17,141,17471,00000,00000,0,A,Creston village,Illinois,628,627,624,620,619
157,17,141,18719,00000,00000,0,A,Davis Junction village,Illinois,2510,2511,2521,2527,2537
157,17,141,27065,00000,00000,0,A,Forreston village,Illinois,1435,1432,1423,1415,1410
157,17,141,34982,00000,00000,0,A,Hillcrest village,Illinois,1223,1221,1215,1214,1213
157,17,141,42457,00000,00000,0,A,Leaf River village,Illinois,430,429,427,424,423
157,17,141,50062,00000,00000,0,A,Monroe Center village,Illinois,413,412,408,409,406
157,17,141,50998,00000,00000,0,A,Mount Morris village,Illinois,2853,2848,2828,2818,2809
157,17,141,56484,00000,00000,0,A,Oregon city,Illinois,3622,3616,3594,3579,3566
157,17,141,60937,00000,00000,0,A,Polo city,Illinois,2287,2281,2265,2257,2252
157,17,141,64746,00000,00000,0,A,Rochelle city (pt.),Illinois,9453,9432,9373,9342,9319
157,17,141,65000,00000,00000,0,A,Rockford city (pt.),Illinois,0,0,0,0,0
157,17,141,72702,00000,00000,0,A,Stillman Valley village,Illinois,1074,1072,1064,1062,1060
157,17,141,99990,00000,00000,0,S,Balance of Ogle County,Illinois,21988,21951,21873,21836,21804
061,17,141,00000,08784,00000,1,A,Brookville township,Illinois,239,238,237,237,236
061,17,141,00000,09421,00000,0,A,Buffalo township,Illinois,2678,2671,2653,2644,2639
071,17,141,60937,09421,00000,1,A,Polo city,Illinois,2287,2281,2265,2257,2252
071,17,141,99990,09421,00000,1,F,Balance of Buffalo township,Illinois,391,390,388,387,387
061,17,141,00000,10253,00000,0,A,Byron township,Illinois,6441,6432,6416,6405,6408
071,17,141,10240,10253,00000,1,A,Byron city (pt.),Illinois,3721,3717,3707,3701,3706
071,17,141,99990,10253,00000,1,F,Balance of Byron township,Illinois,2720,2715,2709,2704,2702
061,17,141,00000,19382,00000,0,A,Dement township,Illinois,956,955,950,945,943
071,17,141,17471,19382,00000,1,A,Creston village,Illinois,628,627,624,620,619
071,17,141,34982,19382,00000,1,A,Hillcrest village (pt.),Illinois,4,4,4,4,4
071,17,141,64746,19382,00000,1,A,Rochelle city (pt.),Illinois,96,96,96,95,95
071,17,141,99990,19382,00000,1,F,Balance of Dement township,Illinois,228,228,226,226,225
061,17,141,00000,21501,00000,1,A,Eagle Point township,Illinois,193,193,192,191,191
061,17,141,00000,26298,00000,0,A,Flagg township,Illinois,13328,13303,13229,13196,13168
071,17,141,34982,26298,00000,1,A,Hillcrest village (pt.),Illinois,1213,1211,1205,1204,1203
071,17,141,64746,26298,00000,1,A,Rochelle city (pt.),Illinois,9357,9336,9277,9247,9224
071,17,141,99990,26298,00000,1,F,Balance of Flagg township,Illinois,2758,2756,2747,2745,2741
061,17,141,00000,27078,00000,0,A,Forreston township,Illinois,1992,1988,1976,1967,1961
071,17,141,27065,27078,00000,1,A,Forreston village (pt.),Illinois,1433,1430,1421,1413,1408
071,17,141,99990,27078,00000,1,S,Balance of Forreston township,Illinois,559,558,555,554,553
061,17,141,00000,30718,00000,1,A,Grand Detour township,Illinois,657,656,652,653,651
061,17,141,00000,40650,00000,1,A,Lafayette township,Illinois,150,150,149,149,148
061,17,141,00000,42470,00000,0,A,Leaf River township,Illinois,1091,1089,1083,1079,1077
071,17,141,42457,42470,00000,1,A,Leaf River village,Illinois,430,429,427,424,423
071,17,141,99990,42470,00000,1,F,Balance of Leaf River township,Illinois,661,660,656,655,654
061,17,141,00000,43549,00000,1,A,Lincoln township,Illinois,395,394,392,391,391
061,17,141,00000,45382,00000,1,A,Lynnville township,Illinois,575,574,571,570,569
061,17,141,00000,46903,00000,0,A,Marion township,Illinois,3909,3902,3885,3878,3874
071,17,141,10240,46903,00000,1,A,Byron city (pt.),Illinois,14,14,14,14,14
071,17,141,72702,46903,00000,1,A,Stillman Valley village (pt.),Illinois,1068,1066,1058,1056,1054
071,17,141,99990,46903,00000,1,F,Balance of Marion township,Illinois,2827,2822,2813,2808,2806
061,17,141,00000,47358,00000,0,A,Maryland township,Illinois,510,509,506,505,504
071,17,141,00295,47358,00000,1,A,Adeline village,Illinois,76,76,75,75,75
071,17,141,27065,47358,00000,1,A,Forreston village (pt.),Illinois,2,2,2,2,2
071,17,141,99990,47358,00000,1,F,Balance of Maryland township,Illinois,432,431,429,428,427
061,17,141,00000,50049,00000,0,A,Monroe township,Illinois,1445,1442,1435,1434,1429
071,17,141,50062,50049,00000,1,A,Monroe Center village,Illinois,413,412,408,409,406
071,17,141,99990,50049,00000,1,F,Balance of Monroe township,Illinois,1032,1030,1027,1025,1023
061,17,141,00000,51011,00000,0,A,Mount Morris township,Illinois,3710,3703,3681,3669,3658
071,17,141,50998,51011,00000,1,A,Mount Morris village,Illinois,2853,2848,2828,2818,2809
071,17,141,99990,51011,00000,1,F,Balance of Mount Morris township,Illinois,857,855,853,851,849
061,17,141,00000,56504,00000,0,A,Oregon-Nashua township,Illinois,4812,4804,4778,4760,4745
071,17,141,56484,56504,00000,1,A,Oregon city,Illinois,3622,3616,3594,3579,3566
071,17,141,99990,56504,00000,1,F,Balance of Oregon-Nashua township,Illinois,1190,1188,1184,1181,1179
061,17,141,00000,59897,00000,1,A,Pine Creek township,Illinois,707,706,704,703,701
061,17,141,00000,59975,00000,1,A,Pine Rock township,Illinois,946,944,942,939,938
061,17,141,00000,65182,00000,0,A,Rockvale township,Illinois,1781,1778,1774,1770,1768
071,17,141,10240,65182,00000,1,A,Byron city (pt.),Illinois,53,53,53,52,52
071,17,141,99990,65182,00000,1,F,Balance of Rockvale township,Illinois,1728,1725,1721,1718,1716
061,17,141,00000,68302,00000,0,A,Scott township,Illinois,3295,3295,3301,3307,3316
071,17,141,18719,68302,00000,1,A,Davis Junction village,Illinois,2510,2511,2521,2527,2537
071,17,141,65000,68302,00000,1,A,Rockford city (pt.),Illinois,0,0,0,0,0
071,17,141,72702,68302,00000,1,A,Stillman Valley village (pt.),Illinois,6,6,6,6,6
071,17,141,99990,68302,00000,1,S,Balance of Scott township,Illinois,779,778,774,774,773
061,17,141,00000,74535,00000,1,A,Taylor township,Illinois,927,925,922,920,919
061,17,141,00000,81399,00000,0,A,White Rock township,Illinois,693,692,688,686,685
071,17,141,34982,81399,00000,1,A,Hillcrest village (pt.),Illinois,6,6,6,6,6
071,17,141,99990,81399,00000,1,S,Balance of White Rock township,Illinois,687,686,682,680,679
061,17,141,00000,83492,00000,1,A,Woosung township,Illinois,350,349,348,347,346
050,17,143,00000,00000,00000,0,A,Peoria County,Illinois,181836,181319,179638,178000,177513
157,17,143,04039,00000,00000,0,A,Bartonville village,Illinois,5947,5929,5866,5804,5779
157,17,143,04871,00000,00000,0,A,Bellevue village,Illinois,1883,1878,1861,1843,1839
157,17,143,08303,00000,00000,0,A,Brimfield village,Illinois,778,776,771,762,761
157,17,143,14117,00000,00000,0,A,Chillicothe city,Illinois,6127,6109,6049,5988,5977
157,17,143,21176,00000,00000,0,A,Dunlap village,Illinois,1615,1611,1596,1582,1576
157,17,143,23698,00000,00000,0,A,Elmwood city,Illinois,2061,2055,2035,2017,2008
157,17,143,25531,00000,00000,0,A,Farmington city (pt.),Illinois,0,0,0,0,0
157,17,143,29483,00000,00000,0,A,Glasford village,Illinois,862,860,850,843,839
157,17,143,32668,00000,00000,0,A,Hanna City village,Illinois,1266,1262,1251,1240,1236
157,17,143,40091,00000,00000,0,A,Kingston Mines village,Illinois,269,268,266,261,261
157,17,143,46643,00000,00000,0,A,Mapleton village,Illinois,258,257,255,251,250
157,17,143,54404,00000,00000,0,A,Norwood village,Illinois,440,439,435,431,430
157,17,143,58447,00000,00000,0,A,Pekin city (pt.),Illinois,0,0,0,0,0
157,17,143,59000,00000,00000,0,A,Peoria city,Illinois,113174,112845,111787,110777,110460
157,17,143,59026,00000,00000,0,A,Peoria Heights village (pt.),Illinois,5912,5893,5833,5771,5747
157,17,143,61925,00000,00000,0,A,Princeville village,Illinois,1634,1629,1618,1607,1609
157,17,143,80736,00000,00000,0,A,West Peoria city,Illinois,4265,4252,4210,4166,4152
157,17,143,99990,00000,00000,0,S,Balance of Peoria County,Illinois,35345,35256,34955,34657,34589
061,17,143,00000,00477,00000,0,A,Akron township,Illinois,1003,1000,994,987,987
071,17,143,61925,00477,00000,1,A,Princeville village (pt.),Illinois,669,667,664,660,661
071,17,143,99990,00477,00000,1,F,Balance of Akron township,Illinois,334,333,330,327,326
061,17,143,00000,08316,00000,0,A,Brimfield township,Illinois,1175,1172,1163,1151,1149
071,17,143,08303,08316,00000,1,A,Brimfield village (pt.),Illinois,776,774,769,760,759
071,17,143,99990,08316,00000,1,F,Balance of Brimfield township,Illinois,399,398,394,391,390
061,17,143,00000,14130,00000,0,A,Chillicothe township,Illinois,8263,8239,8161,8079,8061
071,17,143,14117,14130,00000,1,A,Chillicothe city (pt.),Illinois,6127,6109,6049,5988,5977
071,17,143,99990,14130,00000,1,S,Balance of Chillicothe township,Illinois,2136,2130,2112,2091,2084
061,17,143,00000,23711,00000,0,A,Elmwood township,Illinois,2506,2499,2475,2453,2443
071,17,143,23698,23711,00000,1,A,Elmwood city,Illinois,2061,2055,2035,2017,2008
071,17,143,99990,23711,00000,1,F,Balance of Elmwood township,Illinois,445,444,440,436,435
061,17,143,00000,32304,00000,0,A,Hallock township,Illinois,1577,1573,1559,1545,1542
071,17,143,14117,32304,00000,1,A,Chillicothe city (pt.),Illinois,0,0,0,0,0
071,17,143,99990,32304,00000,1,F,Balance of Hallock township,Illinois,1577,1573,1559,1545,1542
061,17,143,00000,35645,00000,0,A,Hollis township,Illinois,1818,1813,1797,1782,1778
071,17,143,04039,35645,00000,1,A,Bartonville village (pt.),Illinois,13,13,13,13,13
071,17,143,46643,35645,00000,1,A,Mapleton village,Illinois,258,257,255,251,250
071,17,143,58447,35645,00000,1,A,Pekin city (pt.),Illinois,0,0,0,0,0
071,17,143,99990,35645,00000,1,F,Balance of Hollis township,Illinois,1547,1543,1529,1518,1515
061,17,143,00000,38765,00000,0,A,Jubilee township,Illinois,1768,1763,1748,1733,1729
071,17,143,08303,38765,00000,1,A,Brimfield village (pt.),Illinois,2,2,2,2,2
071,17,143,99990,38765,00000,1,F,Balance of Jubilee township,Illinois,1766,1761,1746,1731,1727
061,17,143,00000,39818,00000,0,A,Kickapoo township,Illinois,8293,8273,8206,8140,8127
071,17,143,59000,39818,00000,1,A,Peoria city (pt.),Illinois,5202,5188,5146,5105,5096
071,17,143,99990,39818,00000,1,F,Balance of Kickapoo township,Illinois,3091,3085,3060,3035,3031
061,17,143,00000,43523,00000,0,A,Limestone township,Illinois,18345,18295,18124,17954,17901
071,17,143,04039,43523,00000,1,A,Bartonville village (pt.),Illinois,5934,5916,5853,5791,5766
071,17,143,04871,43523,00000,1,A,Bellevue village,Illinois,1883,1878,1861,1843,1839
071,17,143,54404,43523,00000,1,A,Norwood village,Illinois,440,439,435,431,430
071,17,143,80736,43523,00000,1,A,West Peoria city (pt.),Illinois,16,16,16,16,16
071,17,143,99990,43523,00000,1,S,Balance of Limestone township,Illinois,10072,10046,9959,9873,9850
061,17,143,00000,44342,00000,0,A,Logan township,Illinois,3251,3242,3216,3187,3181
071,17,143,32668,44342,00000,1,A,Hanna City village,Illinois,1266,1262,1251,1240,1236
071,17,143,99990,44342,00000,1,S,Balance of Logan township,Illinois,1985,1980,1965,1947,1945
061,17,143,00000,48099,00000,0,A,Medina township,Illinois,14071,14036,13917,13803,13778
071,17,143,59000,48099,00000,1,A,Peoria city (pt.),Illinois,7895,7874,7807,7745,7731
071,17,143,99990,48099,00000,1,S,Balance of Medina township,Illinois,6176,6162,6110,6058,6047
061,17,143,00000,49113,00000,1,A,Millbrook township,Illinois,408,407,403,400,397
061,17,143,00000,59013,00000,0,A,Peoria City township,Illinois,97900,97612,96685,95797,95511
071,17,143,59000,59013,00000,1,A,Peoria city (pt.),Illinois,97900,97612,96685,95797,95511
061,17,143,00000,61938,00000,0,A,Princeville township,Illinois,1540,1535,1522,1510,1510
071,17,143,61925,61938,00000,1,A,Princeville village (pt.),Illinois,965,962,954,947,948
071,17,143,99990,61938,00000,1,F,Balance of Princeville township,Illinois,575,573,568,563,562
061,17,143,00000,62510,00000,0,A,Radnor township,Illinois,5252,5238,5188,5142,5128
071,17,143,21176,62510,00000,1,A,Dunlap village,Illinois,1615,1611,1596,1582,1576
071,17,143,59000,62510,00000,1,A,Peoria city (pt.),Illinois,2177,2171,2149,2130,2122
071,17,143,99990,62510,00000,1,F,Balance of Radnor township,Illinois,1460,1456,1443,1430,1430
061,17,143,00000,63771,00000,0,A,Richwoods township,Illinois,5914,5895,5835,5773,5749
071,17,143,59000,63771,00000,1,A,Peoria city (pt.),Illinois,0,0,0,0,0
071,17,143,59026,63771,00000,1,A,Peoria Heights village (pt.),Illinois,5912,5893,5833,5771,5747
071,17,143,99990,63771,00000,1,F,Balance of Richwoods township,Illinois,2,2,2,2,2
061,17,143,00000,65715,00000,1,A,Rosefield township,Illinois,1224,1221,1210,1199,1197
061,17,143,00000,75289,00000,0,A,Timber township,Illinois,2275,2269,2247,2227,2221
071,17,143,29483,75289,00000,1,A,Glasford village,Illinois,862,860,850,843,839
071,17,143,40091,75289,00000,1,A,Kingston Mines village,Illinois,269,268,266,261,261
071,17,143,99990,75289,00000,1,F,Balance of Timber township,Illinois,1144,1141,1131,1123,1121
061,17,143,00000,76121,00000,0,A,Trivoli township,Illinois,1004,1001,992,984,981
071,17,143,25531,76121,00000,1,A,Farmington city (pt.),Illinois,0,0,0,0,0
071,17,143,99990,76121,00000,1,S,Balance of Trivoli township,Illinois,1004,1001,992,984,981
061,17,143,00000,80736,00000,0,F,West Peoria city,Illinois,4249,4236,4194,4150,4136
071,17,143,80736,80736,00000,1,A,West Peoria city (pt.),Illinois,4249,4236,4194,4150,4136
061,17,143,00000,80749,00000,0,I,West Peoria township,Illinois,0,0,2,4,7
071,17,143,04039,80749,00000,1,A,Bartonville village (pt.),Illinois,0,0,0,0,0
071,17,143,99990,80749,00000,1,F,Balance of West Peoria township,Illinois,0,0,2,4,7
050,17,145,00000,00000,00000,0,A,Perry County,Illinois,20941,20886,21014,20512,20503
157,17,145,18225,00000,00000,1,A,Cutler village,Illinois,361,360,363,353,353
157,17,145,21267,00000,00000,1,A,Du Quoin city,Illinois,5835,5819,5853,5701,5694
157,17,145,59884,00000,00000,1,A,Pinckneyville city,Illinois,5069,5059,5078,4995,4995
157,17,145,66924,00000,00000,1,A,St. Johns village,Illinois,161,160,163,158,158
157,17,145,74444,00000,00000,1,A,Tamaroa village,Illinois,543,541,546,532,533
157,17,145,81867,00000,00000,1,A,Willisville village,Illinois,580,578,583,567,568
157,17,145,99990,00000,00000,1,F,Balance of Perry County,Illinois,8392,8369,8428,8206,8202
050,17,147,00000,00000,00000,0,A,Piatt County,Illinois,16676,16681,16757,16675,16714
157,17,147,02882,00000,00000,0,A,Atwood village (pt.),Illinois,591,591,589,586,586
157,17,147,05144,00000,00000,0,A,Bement village,Illinois,1485,1484,1484,1471,1468
157,17,147,12268,00000,00000,0,A,Cerro Gordo village,Illinois,1316,1315,1319,1308,1306
157,17,147,14442,00000,00000,0,A,Cisco village,Illinois,255,255,255,254,253
157,17,147,19200,00000,00000,0,A,De Land village,Illinois,450,450,450,447,445
157,17,147,32499,00000,00000,0,A,Hammond village,Illinois,506,506,506,501,501
157,17,147,37998,00000,00000,0,A,Ivesdale village (pt.),Illinois,0,0,0,0,0
157,17,147,46487,00000,00000,0,A,Mansfield village,Illinois,936,936,934,929,928
157,17,147,50244,00000,00000,0,A,Monticello city,Illinois,5945,5950,6000,5982,6018
157,17,147,99990,00000,00000,0,S,Balance of Piatt County,Illinois,5192,5194,5220,5197,5209
061,17,147,00000,05157,00000,0,A,Bement township,Illinois,1641,1640,1640,1628,1625
071,17,147,05144,05157,00000,1,A,Bement village,Illinois,1485,1484,1484,1471,1468
071,17,147,37998,05157,00000,1,A,Ivesdale village (pt.),Illinois,0,0,0,0,0
071,17,147,99990,05157,00000,1,F,Balance of Bement township,Illinois,156,156,156,157,157
061,17,147,00000,06808,00000,0,A,Blue Ridge township,Illinois,1386,1386,1387,1379,1378
071,17,147,46487,06808,00000,1,A,Mansfield village,Illinois,936,936,934,929,928
071,17,147,99990,06808,00000,1,F,Balance of Blue Ridge township,Illinois,450,450,453,450,450
061,17,147,00000,12275,00000,0,A,Cerro Gordo township,Illinois,1898,1897,1904,1889,1889
071,17,147,12268,12275,00000,1,A,Cerro Gordo village,Illinois,1316,1315,1319,1308,1306
071,17,147,99990,12275,00000,1,S,Balance of Cerro Gordo township,Illinois,582,582,585,581,583
061,17,147,00000,30523,00000,0,A,Goose Creek township,Illinois,785,785,788,782,783
071,17,147,19200,30523,00000,1,A,De Land village,Illinois,450,450,450,447,445
071,17,147,99990,30523,00000,1,F,Balance of Goose Creek township,Illinois,335,335,338,335,338
061,17,147,00000,50257,00000,0,A,Monticello township,Illinois,6098,6103,6153,6134,6169
071,17,147,50244,50257,00000,1,A,Monticello city (pt.),Illinois,5595,5600,5647,5631,5664
071,17,147,99990,50257,00000,1,F,Balance of Monticello township,Illinois,503,503,506,503,505
061,17,147,00000,67587,00000,0,A,Sangamon township,Illinois,2507,2509,2521,2512,2520
071,17,147,50244,67587,00000,1,A,Monticello city (pt.),Illinois,350,350,353,351,354
071,17,147,99990,67587,00000,1,S,Balance of Sangamon township,Illinois,2157,2159,2168,2161,2166
061,17,147,00000,76888,00000,0,A,Unity township,Illinois,1402,1402,1402,1392,1392
071,17,147,02882,76888,00000,1,A,Atwood village (pt.),Illinois,591,591,589,586,586
071,17,147,32499,76888,00000,1,A,Hammond village,Illinois,506,506,506,501,501
071,17,147,99990,76888,00000,1,F,Balance of Unity township,Illinois,305,305,307,305,305
061,17,147,00000,81906,00000,0,A,Willow Branch township,Illinois,959,959,962,959,958
071,17,147,14442,81906,00000,1,A,Cisco village,Illinois,255,255,255,254,253
071,17,147,99990,81906,00000,1,F,Balance of Willow Branch township,Illinois,704,704,707,705,705
050,17,149,00000,00000,00000,0,A,Pike County,Illinois,14734,14640,14621,14499,14342
157,17,149,03948,00000,00000,0,A,Barry city,Illinois,1302,1293,1289,1279,1262
157,17,149,04247,00000,00000,0,A,Baylis village,Illinois,170,169,168,167,164
157,17,149,19681,00000,00000,0,A,Detroit village,Illinois,76,75,75,74,76
157,17,149,22957,00000,00000,0,A,El Dara village,Illinois,64,64,63,63,62
157,17,149,26480,00000,00000,0,A,Florence village,Illinois,18,18,18,18,17
157,17,149,31771,00000,00000,0,A,Griggsville city,Illinois,1099,1091,1086,1076,1060
157,17,149,36516,00000,00000,0,A,Hull village,Illinois,393,390,389,385,378
157,17,149,39922,00000,00000,0,A,Kinderhook village,Illinois,188,187,188,186,184
157,17,149,49477,00000,00000,0,A,Milton village,Illinois,213,211,213,211,210
157,17,149,51882,00000,00000,0,A,Nebo village,Illinois,281,279,280,277,276
157,17,149,52311,00000,00000,0,A,New Canton town,Illinois,333,331,332,328,324
157,17,149,52805,00000,00000,0,A,New Salem village,Illinois,120,119,119,118,118
157,17,149,58343,00000,00000,0,A,Pearl village,Illinois,106,105,105,104,103
157,17,149,59156,00000,00000,0,A,Perry village,Illinois,314,312,311,311,305
157,17,149,60222,00000,00000,0,A,Pittsfield city,Illinois,4194,4168,4157,4120,4072
157,17,149,60534,00000,00000,0,A,Pleasant Hill village,Illinois,928,924,923,916,908
157,17,149,77187,00000,00000,0,A,Valley City village,Illinois,13,13,13,13,13
157,17,149,99990,00000,00000,0,S,Balance of Pike County,Illinois,4922,4891,4892,4853,4810
061,17,149,00000,02791,00000,1,A,Atlas township,Illinois,451,448,448,444,440
061,17,149,00000,03974,00000,0,A,Barry township,Illinois,1611,1600,1595,1582,1563
071,17,149,03948,03974,00000,1,A,Barry city (pt.),Illinois,1302,1293,1289,1279,1262
071,17,149,39922,03974,00000,1,A,Kinderhook village (pt.),Illinois,1,1,1,1,1
071,17,149,99990,03974,00000,1,F,Balance of Barry township,Illinois,308,306,305,302,300
061,17,149,00000,12359,00000,1,A,Chambersburg township,Illinois,137,136,136,134,133
061,17,149,00000,14390,00000,1,A,Cincinnati township,Illinois,23,23,23,22,22
061,17,149,00000,19577,00000,0,A,Derry township,Illinois,215,214,212,211,210
071,17,149,22957,19577,00000,1,A,El Dara village,Illinois,64,64,63,63,62
071,17,149,99990,19577,00000,1,F,Balance of Derry township,Illinois,151,150,149,148,148
061,17,149,00000,19694,00000,0,A,Detroit township,Illinois,245,243,244,242,241
071,17,149,19681,19694,00000,1,A,Detroit village,Illinois,76,75,75,74,76
071,17,149,26480,19694,00000,1,A,Florence village,Illinois,18,18,18,18,17
071,17,149,99990,19694,00000,1,F,Balance of Detroit township,Illinois,151,150,151,150,148
061,17,149,00000,24972,00000,1,A,Fairmount township,Illinois,161,160,161,160,159
061,17,149,00000,26415,00000,0,A,Flint township,Illinois,95,94,97,96,95
071,17,149,77187,26415,00000,1,A,Valley City village,Illinois,13,13,13,13,13
071,17,149,99990,26415,00000,1,F,Balance of Flint township,Illinois,82,81,84,83,82
061,17,149,00000,31784,00000,0,A,Griggsville township,Illinois,1302,1293,1289,1275,1259
071,17,149,31771,31784,00000,1,A,Griggsville city,Illinois,1099,1091,1086,1076,1060
071,17,149,99990,31784,00000,1,F,Balance of Griggsville township,Illinois,203,202,203,199,199
061,17,149,00000,32070,00000,0,A,Hadley township,Illinois,252,250,249,247,246
071,17,149,03948,32070,00000,1,A,Barry city (pt.),Illinois,0,0,0,0,0
071,17,149,99990,32070,00000,1,F,Balance of Hadley township,Illinois,252,250,249,247,246
061,17,149,00000,32863,00000,1,A,Hardin township,Illinois,195,194,193,193,190
061,17,149,00000,39935,00000,0,A,Kinderhook township,Illinois,738,733,732,725,716
071,17,149,36516,39935,00000,1,A,Hull village,Illinois,393,390,389,385,378
071,17,149,39922,39935,00000,1,A,Kinderhook village (pt.),Illinois,187,186,187,185,183
071,17,149,99990,39935,00000,1,F,Balance of Kinderhook township,Illinois,158,157,156,155,155
061,17,149,00000,43003,00000,1,A,Levee township,Illinois,52,52,51,51,50
061,17,149,00000,47241,00000,1,A,Martinsburg township,Illinois,378,375,376,375,370
061,17,149,00000,50192,00000,0,A,Montezuma township,Illinois,450,446,448,445,441
071,17,149,49477,50192,00000,1,A,Milton village,Illinois,213,211,213,211,210
071,17,149,99990,50192,00000,1,F,Balance of Montezuma township,Illinois,237,235,235,234,231
061,17,149,00000,52259,00000,0,A,Newburg township,Illinois,959,955,951,943,934
071,17,149,60222,52259,00000,1,A,Pittsfield city (pt.),Illinois,487,484,482,478,473
071,17,149,99990,52259,00000,1,F,Balance of Newburg township,Illinois,472,471,469,465,461
061,17,149,00000,52818,00000,0,A,New Salem township,Illinois,498,494,495,491,485
071,17,149,04247,52818,00000,1,A,Baylis village,Illinois,170,169,168,167,164
071,17,149,52805,52818,00000,1,A,New Salem village,Illinois,120,119,119,118,118
071,17,149,99990,52818,00000,1,F,Balance of New Salem township,Illinois,208,206,208,206,203
061,17,149,00000,58356,00000,0,A,Pearl township,Illinois,197,195,196,194,192
071,17,149,58343,58356,00000,1,A,Pearl village,Illinois,106,105,105,104,103
071,17,149,99990,58356,00000,1,F,Balance of Pearl township,Illinois,91,90,91,90,89
061,17,149,00000,59169,00000,0,A,Perry township,Illinois,489,486,484,482,476
071,17,149,59156,59169,00000,1,A,Perry village,Illinois,314,312,311,311,305
071,17,149,99990,59169,00000,1,F,Balance of Perry township,Illinois,175,174,173,171,171
061,17,149,00000,60235,00000,0,A,Pittsfield township,Illinois,4036,4011,4001,3967,3920
071,17,149,60222,60235,00000,1,A,Pittsfield city (pt.),Illinois,3707,3684,3675,3642,3599
071,17,149,99990,60235,00000,1,F,Balance of Pittsfield township,Illinois,329,327,326,325,321
061,17,149,00000,60547,00000,0,A,Pleasant Hill township,Illinois,1215,1209,1209,1199,1188
071,17,149,60534,60547,00000,1,A,Pleasant Hill village,Illinois,928,924,923,916,908
071,17,149,99990,60547,00000,1,F,Balance of Pleasant Hill township,Illinois,287,285,286,283,280
061,17,149,00000,60651,00000,0,A,Pleasant Vale township,Illinois,506,503,503,499,493
071,17,149,52311,60651,00000,1,A,New Canton town,Illinois,333,331,332,328,324
071,17,149,99990,60651,00000,1,F,Balance of Pleasant Vale township,Illinois,173,172,171,171,169
061,17,149,00000,65936,00000,1,A,Ross township,Illinois,51,51,51,50,51
061,17,149,00000,71617,00000,0,A,Spring Creek township,Illinois,478,475,477,472,468
071,17,149,51882,71617,00000,1,A,Nebo village,Illinois,281,279,280,277,276
071,17,149,99990,71617,00000,1,F,Balance of Spring Creek township,Illinois,197,196,197,195,192
050,17,151,00000,00000,00000,0,A,Pope County,Illinois,3764,3754,3758,3746,3707
157,17,151,22398,00000,00000,1,A,Eddyville village,Illinois,98,98,98,98,96
157,17,151,30133,00000,00000,1,A,Golconda city,Illinois,635,633,632,628,622
157,17,151,99990,00000,00000,1,F,Balance of Pope County,Illinois,3031,3023,3028,3020,2989
050,17,153,00000,00000,00000,0,A,Pulaski County,Illinois,5190,5160,5075,4950,4911
157,17,153,39077,00000,00000,1,A,Karnak village,Illinois,426,423,417,407,404
157,17,153,50751,00000,00000,1,A,Mound City city,Illinois,524,520,508,493,489
157,17,153,50777,00000,00000,1,A,Mounds city,Illinois,659,655,642,622,616
157,17,153,52467,00000,00000,1,A,New Grand Chain village,Illinois,154,153,151,147,146
157,17,153,55899,00000,00000,1,A,Olmsted village,Illinois,286,284,280,273,271
157,17,153,62211,00000,00000,1,A,Pulaski village,Illinois,153,152,149,145,143
157,17,153,76615,00000,00000,1,A,Ullin village,Illinois,468,466,459,451,449
157,17,153,99990,00000,00000,1,F,Balance of Pulaski County,Illinois,2520,2507,2469,2412,2393
050,17,155,00000,00000,00000,0,A,Putnam County,Illinois,5636,5630,5588,5553,5561
157,17,155,31017,00000,00000,0,A,Granville village,Illinois,1359,1357,1338,1325,1319
157,17,155,34098,00000,00000,0,A,Hennepin village,Illinois,760,759,749,743,741
157,17,155,45850,00000,00000,0,A,McNabb village,Illinois,280,279,276,274,271
157,17,155,46110,00000,00000,0,A,Magnolia village,Illinois,253,253,250,247,247
157,17,155,46981,00000,00000,0,A,Mark village,Illinois,517,516,511,505,504
157,17,155,72221,00000,00000,0,A,Standard village,Illinois,226,226,223,219,218
157,17,155,99990,00000,00000,0,F,Balance of Putnam County,Illinois,2241,2240,2241,2240,2261
061,17,155,00000,31030,00000,0,A,Granville township,Illinois,2775,2771,2745,2721,2720
071,17,155,31017,31030,00000,1,A,Granville village,Illinois,1359,1357,1338,1325,1319
071,17,155,46981,31030,00000,1,A,Mark village,Illinois,517,516,511,505,504
071,17,155,72221,31030,00000,1,A,Standard village,Illinois,226,226,223,219,218
071,17,155,99990,31030,00000,1,F,Balance of Granville township,Illinois,673,672,673,672,679
061,17,155,00000,34124,00000,0,A,Hennepin township,Illinois,1238,1236,1228,1219,1223
071,17,155,34098,34124,00000,1,A,Hennepin village,Illinois,760,759,749,743,741
071,17,155,99990,34124,00000,1,F,Balance of Hennepin township,Illinois,478,477,479,476,482
061,17,155,00000,46123,00000,0,A,Magnolia township,Illinois,1011,1011,1003,1000,1001
071,17,155,45850,46123,00000,1,A,McNabb village,Illinois,280,279,276,274,271
071,17,155,46110,46123,00000,1,A,Magnolia village,Illinois,253,253,250,247,247
071,17,155,99990,46123,00000,1,F,Balance of Magnolia township,Illinois,478,479,477,479,483
061,17,155,00000,68627,00000,1,A,Senachwine township,Illinois,612,612,612,613,617
050,17,157,00000,00000,00000,0,A,Randolph County,Illinois,30164,30090,30204,30026,29815
157,17,157,03454,00000,00000,1,A,Baldwin village,Illinois,315,314,315,312,310
157,17,157,13139,00000,00000,1,A,Chester city,Illinois,6825,6810,6817,6772,6732
157,17,157,16613,00000,00000,1,A,Coulterville village,Illinois,834,832,837,832,827
157,17,157,23503,00000,00000,1,A,Ellis Grove village,Illinois,327,326,329,328,325
157,17,157,24608,00000,00000,1,A,Evansville village,Illinois,549,547,549,544,538
157,17,157,39129,00000,00000,1,A,Kaskaskia village,Illinois,23,23,23,23,23
157,17,157,59104,00000,00000,1,A,Percy village,Illinois,914,913,918,915,909
157,17,157,61639,00000,00000,1,A,Prairie du Rocher village,Illinois,501,500,501,515,509
157,17,157,63043,00000,00000,1,A,Red Bud city,Illinois,3803,3794,3806,3776,3750
157,17,157,65221,00000,00000,1,A,Rockwood village,Illinois,33,33,33,33,32
157,17,157,66287,00000,00000,1,A,Ruma village,Illinois,313,312,313,310,310
157,17,157,71448,00000,00000,1,A,Sparta city,Illinois,4093,4081,4089,4054,4024
157,17,157,72468,00000,00000,1,A,Steeleville village,Illinois,1924,1918,1921,1902,1890
157,17,157,75263,00000,00000,1,A,Tilden village,Illinois,749,747,753,751,745
157,17,157,99990,00000,00000,1,F,Balance of Randolph County,Illinois,8961,8940,9000,8959,8891
050,17,159,00000,00000,00000,0,A,Richland County,Illinois,15811,15790,15767,15555,15488
157,17,159,10448,00000,00000,0,A,Calhoun village,Illinois,161,161,161,159,158
157,17,159,14533,00000,00000,0,A,Claremont village,Illinois,163,163,163,160,160
157,17,159,53143,00000,00000,0,A,Noble village,Illinois,631,630,629,623,620
157,17,159,55912,00000,00000,0,A,Olney city,Illinois,8703,8691,8671,8550,8512
157,17,159,57693,00000,00000,0,A,Parkersburg village,Illinois,185,185,187,184,184
157,17,159,99990,00000,00000,0,S,Balance of Richland County,Illinois,5968,5960,5956,5879,5854
061,17,159,00000,07289,00000,1,A,Bonpas township,Illinois,419,418,418,412,411
061,17,159,00000,14546,00000,0,A,Claremont township,Illinois,843,842,846,837,836
071,17,159,14533,14546,00000,1,A,Claremont village,Illinois,163,163,163,160,160
071,17,159,99990,14546,00000,1,F,Balance of Claremont township,Illinois,680,679,683,677,676
061,17,159,00000,18862,00000,1,A,Decker township,Illinois,415,414,414,409,407
061,17,159,00000,19486,00000,1,A,Denver township,Illinois,407,407,406,398,396
061,17,159,00000,29028,00000,1,A,German township,Illinois,327,327,326,322,321
061,17,159,00000,46006,00000,0,A,Madison township,Illinois,782,781,783,772,769
071,17,159,10448,46006,00000,1,A,Calhoun village,Illinois,161,161,161,159,158
071,17,159,57693,46006,00000,1,A,Parkersburg village,Illinois,185,185,187,184,184
071,17,159,99990,46006,00000,1,F,Balance of Madison township,Illinois,436,435,435,429,427
061,17,159,00000,53156,00000,0,A,Noble township,Illinois,1433,1431,1429,1412,1406
071,17,159,53143,53156,00000,1,A,Noble village,Illinois,631,630,629,623,620
071,17,159,99990,53156,00000,1,F,Balance of Noble township,Illinois,802,801,800,789,786
061,17,159,00000,55925,00000,0,A,Olney township,Illinois,9987,9973,9950,9812,9766
071,17,159,55912,55925,00000,1,A,Olney city,Illinois,8703,8691,8671,8550,8512
071,17,159,99990,55925,00000,1,F,Balance of Olney township,Illinois,1284,1282,1279,1262,1254
061,17,159,00000,61847,00000,1,A,Preston township,Illinois,1198,1197,1195,1181,1176
050,17,161,00000,00000,00000,0,A,Rock Island County,Illinois,144667,144360,142923,141559,141236
157,17,161,01426,00000,00000,0,A,Andalusia village,Illinois,1184,1181,1169,1159,1159
157,17,161,11150,00000,00000,0,A,Carbon Cliff village,Illinois,1845,1841,1820,1797,1792
157,17,161,15235,00000,00000,0,A,Coal Valley village (pt.),Illinois,3695,3690,3668,3645,3645
157,17,161,16366,00000,00000,0,A,Cordova village,Illinois,675,674,666,657,656
157,17,161,22073,00000,00000,0,A,East Moline city,Illinois,21370,21322,21098,20873,20806
157,17,161,32564,00000,00000,0,A,Hampton village,Illinois,1776,1774,1758,1742,1738
157,17,161,35073,00000,00000,0,A,Hillsdale village,Illinois,414,413,411,406,407
157,17,161,49009,00000,00000,0,A,Milan village,Illinois,5099,5088,5044,4987,4968
157,17,161,49867,00000,00000,0,A,Moline city,Illinois,42991,42897,42465,42037,41965
157,17,161,54703,00000,00000,0,A,Oak Grove village,Illinois,470,469,466,465,464
157,17,161,61223,00000,00000,0,A,Port Byron village,Illinois,1668,1664,1645,1633,1627
157,17,161,62822,00000,00000,0,A,Rapids City village,Illinois,960,958,950,938,938
157,17,161,63420,00000,00000,0,A,Reynolds village (pt.),Illinois,466,467,460,455,452
157,17,161,65078,00000,00000,0,A,Rock Island city,Illinois,37110,37019,36589,36270,36132
157,17,161,69979,00000,00000,0,A,Silvis city,Illinois,7999,7991,7955,7894,7896
157,17,161,99990,00000,00000,0,S,Balance of Rock Island County,Illinois,16945,16912,16759,16601,16591
061,17,161,00000,01439,00000,0,A,Andalusia township,Illinois,2270,2265,2244,2222,2222
071,17,161,01426,01439,00000,1,A,Andalusia village,Illinois,1184,1181,1169,1159,1159
071,17,161,99990,01439,00000,1,F,Balance of Andalusia township,Illinois,1086,1084,1075,1063,1063
061,17,161,00000,06301,00000,0,A,Blackhawk township,Illinois,9550,9530,9441,9345,9319
071,17,161,49009,06301,00000,1,A,Milan village (pt.),Illinois,5099,5088,5044,4987,4968
071,17,161,49867,06301,00000,1,A,Moline city (pt.),Illinois,16,16,16,16,16
071,17,161,54703,06301,00000,1,A,Oak Grove village (pt.),Illinois,46,46,45,45,45
071,17,161,65078,06301,00000,1,A,Rock Island city (pt.),Illinois,2554,2549,2520,2498,2491
071,17,161,99990,06301,00000,1,F,Balance of Blackhawk township,Illinois,1835,1831,1816,1799,1799
061,17,161,00000,07549,00000,0,A,Bowling township,Illinois,3367,3362,3332,3303,3302
071,17,161,49009,07549,00000,1,A,Milan village (pt.),Illinois,0,0,0,0,0
071,17,161,54703,07549,00000,1,A,Oak Grove village (pt.),Illinois,424,423,421,420,419
071,17,161,63420,07549,00000,1,A,Reynolds village (pt.),Illinois,0,0,0,0,0
071,17,161,99990,07549,00000,1,S,Balance of Bowling township,Illinois,2943,2939,2911,2883,2883
061,17,161,00000,09512,00000,1,A,Buffalo Prairie township,Illinois,713,711,704,699,699
061,17,161,00000,10955,00000,0,A,Canoe Creek township,Illinois,590,589,585,578,579
071,17,161,35073,10955,00000,1,A,Hillsdale village,Illinois,414,413,411,406,407
071,17,161,99990,10955,00000,1,F,Balance of Canoe Creek township,Illinois,176,176,174,172,172
061,17,161,00000,15248,00000,0,A,Coal Valley township,Illinois,4453,4446,4417,4387,4385
071,17,161,15235,15248,00000,1,A,Coal Valley village (pt.),Illinois,3695,3690,3668,3645,3645
071,17,161,49867,15248,00000,1,A,Moline city (pt.),Illinois,22,22,22,21,21
071,17,161,99990,15248,00000,1,F,Balance of Coal Valley township,Illinois,736,734,727,721,719
061,17,161,00000,15326,00000,0,A,Coe township,Illinois,1783,1779,1763,1748,1746
071,17,161,61223,15326,00000,1,A,Port Byron village (pt.),Illinois,477,476,471,469,468
071,17,161,99990,15326,00000,1,F,Balance of Coe township,Illinois,1306,1303,1292,1279,1278
061,17,161,00000,16379,00000,0,A,Cordova township,Illinois,863,861,852,841,839
071,17,161,16366,16379,00000,1,A,Cordova village (pt.),Illinois,544,543,537,529,528
071,17,161,99990,16379,00000,1,F,Balance of Cordova township,Illinois,319,318,315,312,311
061,17,161,00000,20825,00000,1,A,Drury township,Illinois,757,755,748,742,740
061,17,161,00000,22632,00000,0,A,Edgington township,Illinois,1425,1424,1409,1394,1391
071,17,161,63420,22632,00000,1,A,Reynolds village (pt.),Illinois,466,467,460,455,452
071,17,161,99990,22632,00000,1,S,Balance of Edgington township,Illinois,959,957,949,939,939
061,17,161,00000,32577,00000,0,A,Hampton township,Illinois,21745,21710,21546,21348,21321
071,17,161,11150,32577,00000,1,A,Carbon Cliff village,Illinois,1845,1841,1820,1797,1792
071,17,161,22073,32577,00000,1,A,East Moline city (pt.),Illinois,6213,6200,6141,6082,6063
071,17,161,32564,32577,00000,1,A,Hampton village,Illinois,1776,1774,1758,1742,1738
071,17,161,62822,32577,00000,1,A,Rapids City village (pt.),Illinois,950,948,940,928,928
071,17,161,69979,32577,00000,1,A,Silvis city,Illinois,7999,7991,7955,7894,7896
071,17,161,99990,32577,00000,1,S,Balance of Hampton township,Illinois,2962,2956,2932,2905,2904
061,17,161,00000,49880,00000,0,A,Moline township,Illinois,22905,22851,22608,22370,22322
071,17,161,49867,49880,00000,1,A,Moline city (pt.),Illinois,22787,22733,22492,22255,22207
071,17,161,65078,49880,00000,1,A,Rock Island city (pt.),Illinois,53,53,52,52,52
071,17,161,99990,49880,00000,1,S,Balance of Moline township,Illinois,65,65,64,63,63
061,17,161,00000,61236,00000,0,A,Port Byron township,Illinois,1391,1388,1371,1360,1355
071,17,161,16366,61236,00000,1,A,Cordova village (pt.),Illinois,131,131,129,128,128
071,17,161,61223,61236,00000,1,A,Port Byron village (pt.),Illinois,1191,1188,1174,1164,1159
071,17,161,62822,61236,00000,1,A,Rapids City village (pt.),Illinois,10,10,10,10,10
071,17,161,99990,61236,00000,1,F,Balance of Port Byron township,Illinois,59,59,58,58,58
061,17,161,00000,65091,00000,0,A,Rock Island township,Illinois,16070,16032,15848,15723,15664
071,17,161,49867,65091,00000,1,A,Moline city (pt.),Illinois,0,0,0,0,0
071,17,161,65078,65091,00000,1,A,Rock Island city (pt.),Illinois,15953,15915,15732,15609,15550
071,17,161,99990,65091,00000,1,S,Balance of Rock Island township,Illinois,117,117,116,114,114
061,17,161,00000,66300,00000,1,A,Rural township,Illinois,1006,1004,993,985,985
061,17,161,00000,70993,00000,0,A,South Moline township,Illinois,36650,36573,36203,35835,35759
071,17,161,22073,70993,00000,1,A,East Moline city (pt.),Illinois,15151,15116,14951,14785,14737
071,17,161,49867,70993,00000,1,A,Moline city (pt.),Illinois,20166,20126,19935,19745,19721
071,17,161,65078,70993,00000,1,A,Rock Island city (pt.),Illinois,193,193,191,189,188
071,17,161,99990,70993,00000,1,F,Balance of South Moline township,Illinois,1140,1138,1126,1116,1113
061,17,161,00000,71201,00000,0,A,South Rock Island township,Illinois,18456,18408,18192,18019,17948
071,17,161,65078,71201,00000,1,A,Rock Island city (pt.),Illinois,18357,18309,18094,17922,17851
071,17,161,99990,71201,00000,1,F,Balance of South Rock Island township,Illinois,99,99,98,97,97
061,17,161,00000,84246,00000,0,A,Zuma township,Illinois,673,672,667,660,660
071,17,161,22073,84246,00000,1,A,East Moline city (pt.),Illinois,6,6,6,6,6
071,17,161,99990,84246,00000,1,S,Balance of Zuma township,Illinois,667,666,661,654,654
050,17,163,00000,00000,00000,0,A,St. Clair County,Illinois,257412,256844,254958,252265,251018
157,17,163,04845,00000,00000,0,A,Belleville city,Illinois,42375,42266,41828,41228,40726
157,17,163,08667,00000,00000,0,A,Brooklyn village,Illinois,651,649,642,633,626
157,17,163,10373,00000,00000,0,A,Cahokia Heights city,Illinois,17904,17848,17622,17336,17114
157,17,163,11644,00000,00000,0,A,Caseyville village,Illinois,4394,4391,4392,4381,4359
157,17,163,15599,00000,00000,0,A,Collinsville city (pt.),Illinois,2706,2698,2666,2624,2590
157,17,163,15833,00000,00000,0,A,Columbia city (pt.),Illinois,199,198,196,197,194
157,17,163,21254,00000,00000,0,A,Dupo village (pt.),Illinois,3987,3976,3928,3868,3821
157,17,163,21618,00000,00000,0,A,East Carondelet village,Illinois,391,390,385,380,375
157,17,163,22255,00000,00000,0,A,East St. Louis city,Illinois,18462,18400,18185,17884,17642
157,17,163,24933,00000,00000,0,A,Fairmont City village (pt.),Illinois,2240,2234,2211,2178,2153
157,17,163,25141,00000,00000,0,A,Fairview Heights city,Illinois,16714,16667,16471,16297,16125
157,17,163,25713,00000,00000,0,A,Fayetteville village,Illinois,294,293,294,290,286
157,17,163,27806,00000,00000,0,A,Freeburg village,Illinois,4590,4582,4546,4519,4501
157,17,163,33877,00000,00000,0,A,Hecker village (pt.),Illinois,0,0,0,0,0
157,17,163,42496,00000,00000,0,A,Lebanon city,Illinois,4690,4679,4644,4605,4571
157,17,163,42860,00000,00000,0,A,Lenzburg village,Illinois,468,467,463,457,451
157,17,163,45993,00000,00000,0,A,Madison city (pt.),Illinois,1,1,1,1,1
157,17,163,46955,00000,00000,0,A,Marissa village,Illinois,1833,1828,1805,1776,1752
157,17,163,47423,00000,00000,0,A,Mascoutah city,Illinois,8753,8739,8688,8620,8916
157,17,163,49386,00000,00000,0,A,Millstadt village,Illinois,4074,4065,4025,3974,3943
157,17,163,52116,00000,00000,0,A,New Athens village,Illinois,1952,1947,1925,1897,1873
157,17,163,52142,00000,00000,0,A,New Baden village (pt.),Illinois,219,218,216,213,210
157,17,163,55249,00000,00000,0,A,O'Fallon city,Illinois,32327,32307,32280,32081,31968
157,17,163,66989,00000,00000,0,A,St. Libory village,Illinois,631,629,622,617,610
157,17,163,67756,00000,00000,0,A,Sauget village,Illinois,138,138,136,134,132
157,17,163,69524,00000,00000,0,A,Shiloh village,Illinois,14116,14112,14326,14505,14736
157,17,163,70252,00000,00000,0,A,Smithton village,Illinois,4007,4003,3988,3940,3900
157,17,163,73547,00000,00000,0,A,Summerfield village,Illinois,344,343,341,336,332
157,17,163,74119,00000,00000,0,A,Swansea village,Illinois,14380,14351,14218,14082,14472
157,17,163,79085,00000,00000,0,A,Washington Park village,Illinois,2579,2573,2549,2517,2493
157,17,163,99990,00000,00000,0,S,Balance of St. Clair County,Illinois,51993,51852,51365,50695,50146
061,17,163,00000,04845,00000,0,F,Belleville city,Illinois,42375,42266,41828,41228,40726
071,17,163,04845,04845,00000,1,A,Belleville city,Illinois,42375,42266,41828,41228,40726
061,17,163,00000,10968,00000,0,A,Canteen township,Illinois,8020,8001,7933,7841,7764
071,17,163,11644,10968,00000,1,A,Caseyville village (pt.),Illinois,833,833,835,835,833
071,17,163,15599,10968,00000,1,A,Collinsville city (pt.),Illinois,14,14,14,14,13
071,17,163,24933,10968,00000,1,A,Fairmont City village (pt.),Illinois,2240,2234,2211,2178,2153
071,17,163,25141,10968,00000,1,A,Fairview Heights city (pt.),Illinois,695,693,683,675,667
071,17,163,45993,10968,00000,1,A,Madison city (pt.),Illinois,0,0,0,0,0
071,17,163,79085,10968,00000,1,A,Washington Park village,Illinois,2579,2573,2549,2517,2493
071,17,163,99990,10968,00000,1,F,Balance of Canteen township,Illinois,1659,1654,1641,1622,1605
061,17,163,00000,11657,00000,0,A,Caseyville township,Illinois,35547,35477,35235,34926,34678
071,17,163,11644,11657,00000,1,A,Caseyville village (pt.),Illinois,3561,3558,3557,3546,3526
071,17,163,15599,11657,00000,1,A,Collinsville city (pt.),Illinois,2692,2684,2652,2610,2577
071,17,163,25141,11657,00000,1,A,Fairview Heights city (pt.),Illinois,15529,15485,15305,15144,14985
071,17,163,55249,11657,00000,1,A,O'Fallon city (pt.),Illinois,8716,8711,8709,8661,8634
071,17,163,69524,11657,00000,1,A,Shiloh village (pt.),Illinois,680,680,691,697,708
071,17,163,74119,11657,00000,1,A,Swansea village (pt.),Illinois,668,666,661,653,670
071,17,163,99990,11657,00000,1,F,Balance of Caseyville township,Illinois,3701,3693,3660,3615,3578
061,17,163,00000,12210,00000,0,A,Centreville township,Illinois,20192,20132,19892,19585,19345
071,17,163,10373,12210,00000,1,A,Cahokia Heights city (pt.),Illinois,17904,17848,17622,17336,17114
071,17,163,67756,12210,00000,1,A,Sauget village,Illinois,138,138,136,134,132
071,17,163,99990,12210,00000,1,F,Balance of Centreville township,Illinois,2150,2146,2134,2115,2099
061,17,163,00000,22268,00000,0,B,East St. Louis township,Illinois,18462,18400,18185,17884,17642
071,17,163,22255,22268,00000,1,A,East St. Louis city,Illinois,18462,18400,18185,17884,17642
061,17,163,00000,24205,00000,1,A,Engelmann township,Illinois,758,756,750,739,731
061,17,163,00000,25726,00000,0,A,Fayetteville township,Illinois,1530,1525,1512,1497,1479
071,17,163,25713,25726,00000,1,A,Fayetteville village,Illinois,294,293,294,290,286
071,17,163,66989,25726,00000,1,A,St. Libory village,Illinois,631,629,622,617,610
071,17,163,99990,25726,00000,1,S,Balance of Fayetteville township,Illinois,605,603,596,590,583
061,17,163,00000,27819,00000,0,A,Freeburg township,Illinois,5081,5072,5028,4988,4956
071,17,163,27806,27819,00000,1,A,Freeburg village (pt.),Illinois,3871,3865,3835,3813,3795
071,17,163,47423,27819,00000,1,A,Mascoutah city (pt.),Illinois,0,0,0,0,0
071,17,163,99990,27819,00000,1,F,Balance of Freeburg township,Illinois,1210,1207,1193,1175,1161
061,17,163,00000,42509,00000,0,A,Lebanon township,Illinois,4845,4833,4793,4750,4711
071,17,163,42496,42509,00000,1,A,Lebanon city (pt.),Illinois,3903,3894,3863,3833,3805
071,17,163,73547,42509,00000,1,A,Summerfield village,Illinois,344,343,341,336,332
071,17,163,99990,42509,00000,1,F,Balance of Lebanon township,Illinois,598,596,589,581,574
061,17,163,00000,42873,00000,0,A,Lenzburg township,Illinois,951,949,941,928,919
071,17,163,42860,42873,00000,1,A,Lenzburg village,Illinois,468,467,463,457,451
071,17,163,52116,42873,00000,1,A,New Athens village (pt.),Illinois,2,2,2,2,2
071,17,163,99990,42873,00000,1,F,Balance of Lenzburg township,Illinois,481,480,476,469,466
061,17,163,00000,46968,00000,0,A,Marissa township,Illinois,2270,2264,2236,2200,2173
071,17,163,46955,46968,00000,1,A,Marissa village,Illinois,1833,1828,1805,1776,1752
071,17,163,99990,46968,00000,1,F,Balance of Marissa township,Illinois,437,436,431,424,421
061,17,163,00000,47436,00000,0,A,Mascoutah township,Illinois,9423,9407,9349,9271,9559
071,17,163,42496,47436,00000,1,A,Lebanon city (pt.),Illinois,0,0,0,0,0
071,17,163,47423,47436,00000,1,A,Mascoutah city (pt.),Illinois,8753,8739,8688,8620,8916
071,17,163,52142,47436,00000,1,A,New Baden village (pt.),Illinois,219,218,216,213,210
071,17,163,99990,47436,00000,1,S,Balance of Mascoutah township,Illinois,451,450,445,438,433
061,17,163,00000,49399,00000,0,A,Millstadt township,Illinois,6756,6739,6671,6586,6524
071,17,163,49386,49399,00000,1,A,Millstadt village,Illinois,4074,4065,4025,3974,3943
071,17,163,99990,49399,00000,1,S,Balance of Millstadt township,Illinois,2682,2674,2646,2612,2581
061,17,163,00000,52129,00000,0,A,New Athens township,Illinois,2533,2526,2498,2463,2433
071,17,163,52116,52129,00000,1,A,New Athens village (pt.),Illinois,1950,1945,1923,1895,1871
071,17,163,99990,52129,00000,1,F,Balance of New Athens township,Illinois,583,581,575,568,562
061,17,163,00000,55262,00000,0,A,O'Fallon township,Illinois,26393,26370,26324,26141,26029
071,17,163,42496,55262,00000,1,A,Lebanon city (pt.),Illinois,787,785,781,772,766
071,17,163,55249,55262,00000,1,A,O'Fallon city (pt.),Illinois,23611,23596,23571,23420,23334
071,17,163,69524,55262,00000,1,A,Shiloh village (pt.),Illinois,25,25,25,26,26
071,17,163,99990,55262,00000,1,F,Balance of O'Fallon township,Illinois,1970,1964,1947,1923,1903
061,17,163,00000,61600,00000,0,A,Prairie Du Long township,Illinois,2651,2646,2630,2596,2569
071,17,163,33877,61600,00000,1,A,Hecker village (pt.),Illinois,0,0,0,0,0
071,17,163,70252,61600,00000,1,A,Smithton village (pt.),Illinois,1586,1584,1578,1557,1542
071,17,163,99990,61600,00000,1,F,Balance of Prairie Du Long township,Illinois,1065,1062,1052,1039,1027
061,17,163,00000,66729,00000,0,A,St. Clair township,Illinois,35774,35704,35567,35316,35646
071,17,163,25141,66729,00000,1,A,Fairview Heights city (pt.),Illinois,490,489,483,478,473
071,17,163,69524,66729,00000,1,A,Shiloh village (pt.),Illinois,6963,6960,7092,7163,7279
071,17,163,74119,66729,00000,1,A,Swansea village (pt.),Illinois,13712,13685,13557,13429,13802
071,17,163,99990,66729,00000,1,F,Balance of St. Clair township,Illinois,14609,14570,14435,14246,14092
061,17,163,00000,69550,00000,0,A,Shiloh Valley township,Illinois,12841,12822,12832,12849,12886
071,17,163,47423,69550,00000,1,A,Mascoutah city (pt.),Illinois,0,0,0,0,0
071,17,163,55249,69550,00000,1,A,O'Fallon city (pt.),Illinois,0,0,0,0,0
071,17,163,69524,69550,00000,1,A,Shiloh village (pt.),Illinois,6448,6447,6518,6619,6723
071,17,163,99990,69550,00000,1,S,Balance of Shiloh Valley township,Illinois,6393,6375,6314,6230,6163
061,17,163,00000,70265,00000,0,A,Smithton township,Illinois,4167,4160,4136,4089,4052
071,17,163,27806,70265,00000,1,A,Freeburg village (pt.),Illinois,719,717,711,706,706
071,17,163,70252,70265,00000,1,A,Smithton village (pt.),Illinois,2421,2419,2410,2383,2358
071,17,163,99990,70265,00000,1,F,Balance of Smithton township,Illinois,1027,1024,1015,1000,988
061,17,163,00000,72741,00000,0,A,Stites township,Illinois,652,650,643,634,627
071,17,163,08667,72741,00000,1,A,Brooklyn village,Illinois,651,649,642,633,626
071,17,163,24933,72741,00000,1,A,Fairmont City village (pt.),Illinois,0,0,0,0,0
071,17,163,45993,72741,00000,1,A,Madison city (pt.),Illinois,1,1,1,1,1
071,17,163,99990,72741,00000,1,F,Balance of Stites township,Illinois,0,0,0,0,0
061,17,163,00000,72988,00000,1,A,Stookey township,Illinois,9238,9212,9117,8991,8886
061,17,163,00000,73456,00000,0,A,Sugar Loaf township,Illinois,6953,6933,6858,6763,6683
071,17,163,10373,73456,00000,1,A,Cahokia Heights city (pt.),Illinois,0,0,0,0,0
071,17,163,15833,73456,00000,1,A,Columbia city (pt.),Illinois,199,198,196,197,194
071,17,163,21254,73456,00000,1,A,Dupo village (pt.),Illinois,3987,3976,3928,3868,3821
071,17,163,21618,73456,00000,1,A,East Carondelet village,Illinois,391,390,385,380,375
071,17,163,99990,73456,00000,1,F,Balance of Sugar Loaf township,Illinois,2376,2369,2349,2318,2293
050,17,165,00000,00000,00000,0,A,Saline County,Illinois,23772,23690,23316,23052,22873
157,17,165,11397,00000,00000,0,A,Carrier Mills village,Illinois,1670,1665,1638,1618,1605
157,17,165,23009,00000,00000,0,A,Eldorado city,Illinois,3747,3735,3676,3635,3607
157,17,165,28261,00000,00000,0,A,Galatia village,Illinois,826,823,810,801,793
157,17,165,33136,00000,00000,0,A,Harrisburg city,Illinois,8225,8197,8066,7972,7907
157,17,165,51271,00000,00000,0,A,Muddy village,Illinois,58,58,57,56,56
157,17,165,62588,00000,00000,0,A,Raleigh village,Illinois,289,288,283,280,278
157,17,165,72884,00000,00000,0,A,Stonefort village (pt.),Illinois,105,104,103,102,103
157,17,165,99990,00000,00000,0,F,Balance of Saline County,Illinois,8852,8820,8683,8588,8524
061,17,165,00000,09122,00000,1,A,Brushy township,Illinois,992,989,973,962,955
061,17,165,00000,11404,00000,0,A,Carrier Mills township,Illinois,2323,2316,2279,2251,2236
071,17,165,11397,11404,00000,1,A,Carrier Mills village,Illinois,1670,1665,1638,1618,1605
071,17,165,99990,11404,00000,1,F,Balance of Carrier Mills township,Illinois,653,651,641,633,631
061,17,165,00000,16535,00000,1,A,Cottage township,Illinois,231,230,227,224,221
061,17,165,00000,21709,00000,0,A,East Eldorado township,Illinois,5434,5416,5331,5273,5233
071,17,165,23009,21709,00000,1,A,Eldorado city,Illinois,3747,3735,3676,3635,3607
071,17,165,99990,21709,00000,1,F,Balance of East Eldorado township,Illinois,1687,1681,1655,1638,1626
061,17,165,00000,28274,00000,0,A,Galatia township,Illinois,1104,1100,1083,1071,1063
071,17,165,28261,28274,00000,1,A,Galatia village,Illinois,826,823,810,801,793
071,17,165,99990,28274,00000,1,F,Balance of Galatia township,Illinois,278,277,273,270,270
061,17,165,00000,33149,00000,0,A,Harrisburg township,Illinois,10043,10007,9847,9733,9653
071,17,165,33136,33149,00000,1,A,Harrisburg city,Illinois,8225,8197,8066,7972,7907
071,17,165,51271,33149,00000,1,A,Muddy village,Illinois,58,58,57,56,56
071,17,165,99990,33149,00000,1,F,Balance of Harrisburg township,Illinois,1760,1752,1724,1705,1690
061,17,165,00000,37205,00000,1,A,Independence township,Illinois,1187,1183,1164,1154,1145
061,17,165,00000,44485,00000,1,A,Long Branch township,Illinois,250,249,245,243,241
061,17,165,00000,50803,00000,1,A,Mountain township,Illinois,366,365,359,353,350
061,17,165,00000,62601,00000,0,A,Raleigh township,Illinois,1109,1105,1087,1077,1069
071,17,165,62588,62601,00000,1,A,Raleigh village,Illinois,289,288,283,280,278
071,17,165,99990,62601,00000,1,F,Balance of Raleigh township,Illinois,820,817,804,797,791
061,17,165,00000,63030,00000,1,A,Rector township,Illinois,67,67,66,65,64
061,17,165,00000,72897,00000,0,A,Stonefort township,Illinois,375,373,370,366,365
071,17,165,72884,72897,00000,1,A,Stonefort village (pt.),Illinois,105,104,103,102,103
071,17,165,99990,72897,00000,1,F,Balance of Stonefort township,Illinois,270,269,267,264,262
061,17,165,00000,74509,00000,1,A,Tate township,Illinois,291,290,285,280,278
050,17,167,00000,00000,00000,0,A,Sangamon County,Illinois,196341,196144,195371,194151,193491
157,17,167,02921,00000,00000,0,A,Auburn city,Illinois,4552,4545,4513,4472,4444
157,17,167,05443,00000,00000,0,A,Berlin village,Illinois,144,144,145,143,143
157,17,167,09434,00000,00000,0,A,Buffalo village,Illinois,447,446,443,437,435
157,17,167,11033,00000,00000,0,A,Cantrall village,Illinois,141,141,140,139,138
157,17,167,12684,00000,00000,0,A,Chatham village,Illinois,14382,14416,14467,14441,14525
157,17,167,18147,00000,00000,0,A,Curran village,Illinois,212,212,210,211,210
157,17,167,18745,00000,00000,0,A,Dawson village,Illinois,518,517,514,509,507
157,17,167,20045,00000,00000,0,A,Divernon village,Illinois,1143,1141,1132,1122,1114
157,17,167,30835,00000,00000,0,A,Grandview village,Illinois,1406,1404,1397,1383,1374
157,17,167,37127,00000,00000,0,A,Illiopolis village,Illinois,845,844,836,838,831
157,17,167,38375,00000,00000,0,A,Jerome village,Illinois,1691,1686,1674,1657,1644
157,17,167,42769,00000,00000,0,A,Leland Grove city,Illinois,1452,1450,1436,1422,1413
157,17,167,44173,00000,00000,0,A,Loami village,Illinois,810,809,806,799,797
157,17,167,48021,00000,00000,0,A,Mechanicsburg village,Illinois,662,661,659,658,658
157,17,167,52168,00000,00000,0,A,New Berlin village,Illinois,1381,1379,1375,1360,1352
157,17,167,58174,00000,00000,0,A,Pawnee village,Illinois,2688,2684,2730,2704,2696
157,17,167,60599,00000,00000,0,A,Pleasant Plains village,Illinois,810,809,808,806,804
157,17,167,64486,00000,00000,0,A,Riverton village,Illinois,3537,3531,3513,3485,3475
157,17,167,64759,00000,00000,0,A,Rochester village,Illinois,3859,3858,3856,3847,3899
157,17,167,69342,00000,00000,0,A,Sherman village,Illinois,4673,4668,4649,4615,4599
157,17,167,70759,00000,00000,0,A,Southern View village,Illinois,1592,1590,1576,1561,1552
157,17,167,71474,00000,00000,0,A,Spaulding village,Illinois,799,798,790,786,784
157,17,167,72000,00000,00000,0,A,Springfield city,Illinois,114436,114298,113733,113071,112544
157,17,167,74860,00000,00000,0,A,Thayer village,Illinois,632,631,625,619,615
157,17,167,78149,00000,00000,0,A,Virden city (pt.),Illinois,146,146,145,144,143
157,17,167,81854,00000,00000,0,A,Williamsville village,Illinois,1435,1437,1438,1432,1430
157,17,167,99990,00000,00000,0,F,Balance of Sangamon County,Illinois,31948,31899,31761,31490,31365
061,17,167,00000,02928,00000,0,A,Auburn township,Illinois,5945,5936,5895,5840,5806
071,17,167,02921,02928,00000,1,A,Auburn city,Illinois,4552,4545,4513,4472,4444
071,17,167,74860,02928,00000,1,A,Thayer village,Illinois,632,631,625,619,615
071,17,167,78149,02928,00000,1,A,Virden city (pt.),Illinois,146,146,145,144,143
071,17,167,99990,02928,00000,1,F,Balance of Auburn township,Illinois,615,614,612,605,604
061,17,167,00000,03506,00000,0,A,Ball township,Illinois,7520,7534,7549,7528,7559
071,17,167,12684,03506,00000,1,A,Chatham village (pt.),Illinois,6227,6243,6264,6254,6291
071,17,167,99990,03506,00000,1,F,Balance of Ball township,Illinois,1293,1291,1285,1274,1268
061,17,167,00000,09486,00000,1,A,Buffalo Hart township,Illinois,174,174,173,171,170
061,17,167,00000,11046,00000,0,A,Capital township,Illinois,112585,112451,111895,111243,110724
071,17,167,72000,11046,00000,1,A,Springfield city (pt.),Illinois,112585,112451,111895,111243,110724
061,17,167,00000,11579,00000,0,A,Cartwright township,Illinois,1509,1507,1501,1493,1490
071,17,167,60599,11579,00000,1,A,Pleasant Plains village,Illinois,810,809,808,806,804
071,17,167,99990,11579,00000,1,F,Balance of Cartwright township,Illinois,699,698,693,687,686
061,17,167,00000,12697,00000,0,A,Chatham township,Illinois,8395,8412,8440,8423,8466
071,17,167,12684,12697,00000,1,A,Chatham village (pt.),Illinois,7994,8012,8040,8026,8071
071,17,167,99990,12697,00000,1,F,Balance of Chatham township,Illinois,401,400,400,397,395
061,17,167,00000,14858,00000,0,A,Clear Lake township,Illinois,8384,8373,8335,8276,8253
071,17,167,64486,14858,00000,1,A,Riverton village,Illinois,3537,3531,3513,3485,3475
071,17,167,71474,14858,00000,1,A,Spaulding village,Illinois,799,798,790,786,784
071,17,167,99990,14858,00000,1,F,Balance of Clear Lake township,Illinois,4048,4044,4032,4005,3994
061,17,167,00000,16223,00000,1,A,Cooper township,Illinois,881,880,876,869,867
061,17,167,00000,16574,00000,1,A,Cotton Hill township,Illinois,992,990,986,978,973
061,17,167,00000,18160,00000,0,A,Curran township,Illinois,1556,1554,1548,1537,1532
071,17,167,12684,18160,00000,1,A,Chatham village (pt.),Illinois,0,0,0,0,0
071,17,167,18147,18160,00000,1,A,Curran village,Illinois,212,212,210,211,210
071,17,167,99990,18160,00000,1,F,Balance of Curran township,Illinois,1344,1342,1338,1326,1322
061,17,167,00000,20058,00000,0,A,Divernon township,Illinois,1440,1437,1427,1414,1405
071,17,167,20045,20058,00000,1,A,Divernon village,Illinois,1143,1141,1132,1122,1114
071,17,167,99990,20058,00000,1,F,Balance of Divernon township,Illinois,297,296,295,292,291
061,17,167,00000,25323,00000,0,A,Fancy Creek township,Illinois,5873,5866,5844,5799,5779
071,17,167,11033,25323,00000,1,A,Cantrall village,Illinois,141,141,140,139,138
071,17,167,69342,25323,00000,1,A,Sherman village (pt.),Illinois,3969,3965,3948,3920,3907
071,17,167,99990,25323,00000,1,F,Balance of Fancy Creek township,Illinois,1763,1760,1756,1740,1734
061,17,167,00000,28651,00000,0,A,Gardner township,Illinois,4654,4646,4628,4590,4571
071,17,167,72000,28651,00000,1,A,Springfield city (pt.),Illinois,402,401,399,398,396
071,17,167,99990,28651,00000,1,F,Balance of Gardner township,Illinois,4252,4245,4229,4192,4175
061,17,167,00000,37140,00000,0,A,Illiopolis township,Illinois,1217,1215,1207,1206,1197
071,17,167,37127,37140,00000,1,A,Illiopolis village,Illinois,845,844,836,838,831
071,17,167,99990,37140,00000,1,F,Balance of Illiopolis township,Illinois,372,371,371,368,366
061,17,167,00000,37881,00000,0,A,Island Grove township,Illinois,574,573,572,566,564
071,17,167,05443,37881,00000,1,A,Berlin village,Illinois,144,144,145,143,143
071,17,167,99990,37881,00000,1,F,Balance of Island Grove township,Illinois,430,429,427,423,421
061,17,167,00000,41976,00000,1,A,Lanesville township,Illinois,212,212,210,208,208
061,17,167,00000,44186,00000,0,A,Loami township,Illinois,1125,1123,1118,1109,1105
071,17,167,44173,44186,00000,1,A,Loami village,Illinois,810,809,806,799,797
071,17,167,99990,44186,00000,1,F,Balance of Loami township,Illinois,315,314,312,310,308
061,17,167,00000,47618,00000,1,A,Maxwell township,Illinois,213,213,211,209,208
061,17,167,00000,48034,00000,0,A,Mechanicsburg township,Illinois,2258,2254,2242,2227,2220
071,17,167,09434,48034,00000,1,A,Buffalo village,Illinois,447,446,443,437,435
071,17,167,18745,48034,00000,1,A,Dawson village,Illinois,518,517,514,509,507
071,17,167,48021,48034,00000,1,A,Mechanicsburg village,Illinois,662,661,659,658,658
071,17,167,99990,48034,00000,1,F,Balance of Mechanicsburg township,Illinois,631,630,626,623,620
061,17,167,00000,52181,00000,0,A,New Berlin township,Illinois,1582,1580,1574,1558,1549
071,17,167,52168,52181,00000,1,A,New Berlin village,Illinois,1381,1379,1375,1360,1352
071,17,167,99990,52181,00000,1,F,Balance of New Berlin township,Illinois,201,201,199,198,197
061,17,167,00000,58187,00000,0,A,Pawnee township,Illinois,2973,2969,3013,2984,2975
071,17,167,58174,58187,00000,1,A,Pawnee village,Illinois,2688,2684,2730,2704,2696
071,17,167,99990,58187,00000,1,F,Balance of Pawnee township,Illinois,285,285,283,280,279
061,17,167,00000,64772,00000,0,A,Rochester township,Illinois,5511,5507,5497,5476,5521
071,17,167,64759,64772,00000,1,A,Rochester village,Illinois,3859,3858,3856,3847,3899
071,17,167,99990,64772,00000,1,F,Balance of Rochester township,Illinois,1652,1649,1641,1629,1622
061,17,167,00000,72013,00000,0,A,Springfield township,Illinois,5588,5579,5549,5499,5469
071,17,167,30835,72013,00000,1,A,Grandview village,Illinois,1406,1404,1397,1383,1374
071,17,167,69342,72013,00000,1,A,Sherman village (pt.),Illinois,8,8,8,8,8
071,17,167,72000,72013,00000,1,A,Springfield city (pt.),Illinois,523,522,519,516,514
071,17,167,99990,72013,00000,1,F,Balance of Springfield township,Illinois,3651,3645,3625,3592,3573
061,17,167,00000,74340,00000,1,A,Talkington township,Illinois,163,163,162,160,160
061,17,167,00000,81776,00000,0,A,Williams township,Illinois,3448,3447,3440,3416,3408
071,17,167,69342,81776,00000,1,A,Sherman village (pt.),Illinois,696,695,693,687,684
071,17,167,81854,81776,00000,1,A,Williamsville village,Illinois,1435,1437,1438,1432,1430
071,17,167,99990,81776,00000,1,F,Balance of Williams township,Illinois,1317,1315,1309,1297,1294
061,17,167,00000,83310,00000,0,A,Woodside township,Illinois,11569,11549,11479,11372,11312
071,17,167,12684,83310,00000,1,A,Chatham village (pt.),Illinois,161,161,163,161,163
071,17,167,38375,83310,00000,1,A,Jerome village,Illinois,1691,1686,1674,1657,1644
071,17,167,42769,83310,00000,1,A,Leland Grove city,Illinois,1452,1450,1436,1422,1413
071,17,167,70759,83310,00000,1,A,Southern View village,Illinois,1592,1590,1576,1561,1552
071,17,167,72000,83310,00000,1,A,Springfield city (pt.),Illinois,926,924,920,914,910
071,17,167,99990,83310,00000,1,F,Balance of Woodside township,Illinois,5747,5738,5710,5657,5630
050,17,169,00000,00000,00000,0,A,Schuyler County,Illinois,6899,6868,6831,6753,6733
157,17,169,08953,00000,00000,0,A,Browning village,Illinois,118,118,117,115,115
157,17,169,10695,00000,00000,0,A,Camden village,Illinois,62,62,61,61,60
157,17,169,44056,00000,00000,0,A,Littleton village,Illinois,138,137,137,135,135
157,17,169,66339,00000,00000,0,A,Rushville city,Illinois,3003,2987,2969,2933,2923
157,17,169,99990,00000,00000,0,F,Balance of Schuyler County,Illinois,3578,3564,3547,3509,3500
061,17,169,00000,03350,00000,1,A,Bainbridge township,Illinois,576,573,570,564,562
061,17,169,00000,06132,00000,1,A,Birmingham township,Illinois,131,131,130,128,128
061,17,169,00000,08693,00000,1,A,Brooklyn township,Illinois,148,147,146,145,144
061,17,169,00000,08966,00000,0,A,Browning township,Illinois,358,357,353,350,348
071,17,169,08953,08966,00000,1,A,Browning village,Illinois,118,118,117,115,115
071,17,169,99990,08966,00000,1,F,Balance of Browning township,Illinois,240,239,236,235,233
061,17,169,00000,09395,00000,0,A,Buena Vista township,Illinois,1907,1900,1891,1874,1869
071,17,169,66339,09395,00000,1,A,Rushville city (pt.),Illinois,1002,997,990,979,975
071,17,169,99990,09395,00000,1,F,Balance of Buena Vista township,Illinois,905,903,901,895,894
061,17,169,00000,10708,00000,0,A,Camden township,Illinois,177,177,175,173,172
071,17,169,10695,10708,00000,1,A,Camden village,Illinois,62,62,61,61,60
071,17,169,99990,10708,00000,1,F,Balance of Camden township,Illinois,115,115,114,112,112
061,17,169,00000,27793,00000,1,A,Frederick township,Illinois,155,154,153,152,151
061,17,169,00000,34462,00000,1,A,Hickory township,Illinois,103,103,102,101,100
061,17,169,00000,36776,00000,1,A,Huntsville township,Illinois,134,133,133,131,131
061,17,169,00000,44069,00000,0,A,Littleton township,Illinois,282,280,280,276,276
071,17,169,44056,44069,00000,1,A,Littleton village,Illinois,138,137,137,135,135
071,17,169,99990,44069,00000,1,F,Balance of Littleton township,Illinois,144,143,143,141,141
061,17,169,00000,54794,00000,1,A,Oakland township,Illinois,130,130,129,127,127
061,17,169,00000,66352,00000,0,A,Rushville township,Illinois,2444,2431,2418,2386,2379
071,17,169,66339,66352,00000,1,A,Rushville city (pt.),Illinois,2001,1990,1979,1954,1948
071,17,169,99990,66352,00000,1,F,Balance of Rushville township,Illinois,443,441,439,432,431
061,17,169,00000,83362,00000,1,A,Woodstock township,Illinois,354,352,351,346,346
050,17,171,00000,00000,00000,0,A,Scott County,Illinois,4947,4941,4849,4771,4710
157,17,171,00997,00000,00000,1,A,Alsey village,Illinois,192,192,188,185,181
157,17,171,06899,00000,00000,1,A,Bluffs village,Illinois,622,621,610,599,592
157,17,171,24699,00000,00000,1,A,Exeter village,Illinois,87,87,85,84,83
157,17,171,29496,00000,00000,1,A,Glasgow village,Illinois,113,113,111,109,108
157,17,171,46331,00000,00000,1,A,Manchester village,Illinois,269,269,264,260,257
157,17,171,51661,00000,00000,1,A,Naples town,Illinois,101,101,99,98,96
157,17,171,82270,00000,00000,1,A,Winchester city,Illinois,1572,1569,1540,1514,1494
157,17,171,99990,00000,00000,1,S,Balance of Scott County,Illinois,1991,1989,1952,1922,1899
050,17,173,00000,00000,00000,0,A,Shelby County,Illinois,20990,20919,20862,20710,20568
157,17,173,17055,00000,00000,0,A,Cowden village,Illinois,515,513,510,505,501
157,17,173,26116,00000,00000,0,A,Findlay village,Illinois,670,668,663,657,652
157,17,173,34332,00000,00000,0,A,Herrick village,Illinois,360,361,358,357,356
157,17,173,51232,00000,00000,0,A,Moweaqua village (pt.),Illinois,1752,1745,1738,1727,1717
157,17,173,55132,00000,00000,0,A,Oconee village,Illinois,142,141,140,139,138
157,17,173,57472,00000,00000,0,A,Pana city (pt.),Illinois,106,106,105,104,104
157,17,173,69186,00000,00000,0,A,Shelbyville city,Illinois,4667,4653,4642,4600,4560
157,17,173,69914,00000,00000,0,A,Sigel town,Illinois,323,322,322,319,316
157,17,173,72650,00000,00000,0,A,Stewardson village,Illinois,719,718,720,722,719
157,17,173,73040,00000,00000,0,A,Strasburg village,Illinois,532,532,527,522,517
157,17,173,75848,00000,00000,0,A,Tower Hill village,Illinois,484,482,479,474,475
157,17,173,82322,00000,00000,0,A,Windsor city,Illinois,1072,1068,1061,1051,1044
157,17,173,99990,00000,00000,0,S,Balance of Shelby County,Illinois,9648,9610,9597,9533,9469
061,17,173,00000,02466,00000,1,A,Ash Grove township,Illinois,415,413,413,409,408
061,17,173,00000,06002,00000,1,A,Big Spring township,Illinois,615,615,613,609,606
061,17,173,00000,14637,00000,1,A,Clarksburg township,Illinois,361,360,359,358,355
061,17,173,00000,15417,00000,1,A,Cold Spring township,Illinois,324,323,322,321,319
061,17,173,00000,20851,00000,0,A,Dry Point township,Illinois,960,956,953,946,940
071,17,173,17055,20851,00000,1,A,Cowden village,Illinois,515,513,510,505,501
071,17,173,99990,20851,00000,1,F,Balance of Dry Point township,Illinois,445,443,443,441,439
061,17,173,00000,26337,00000,1,A,Flat Branch township,Illinois,417,415,415,411,407
061,17,173,00000,34345,00000,0,A,Herrick township,Illinois,543,543,541,539,534
071,17,173,34332,34345,00000,1,A,Herrick village,Illinois,360,361,358,357,356
071,17,173,99990,34345,00000,1,F,Balance of Herrick township,Illinois,183,182,183,182,178
061,17,173,00000,35567,00000,1,A,Holland township,Illinois,394,392,392,388,385
061,17,173,00000,41690,00000,1,A,Lakewood township,Illinois,393,391,391,390,386
061,17,173,00000,51245,00000,0,A,Moweaqua township,Illinois,1925,1917,1909,1899,1888
071,17,173,51232,51245,00000,1,A,Moweaqua village (pt.),Illinois,1752,1745,1738,1727,1717
071,17,173,99990,51245,00000,1,F,Balance of Moweaqua township,Illinois,173,172,171,172,171
061,17,173,00000,55145,00000,0,A,Oconee township,Illinois,790,786,785,778,774
071,17,173,55132,55145,00000,1,A,Oconee village,Illinois,142,141,140,139,138
071,17,173,99990,55145,00000,1,F,Balance of Oconee township,Illinois,648,645,645,639,636
061,17,173,00000,55457,00000,0,A,Okaw township,Illinois,897,894,891,883,878
071,17,173,26116,55457,00000,1,A,Findlay village (pt.),Illinois,296,295,293,290,288
071,17,173,99990,55457,00000,1,F,Balance of Okaw township,Illinois,601,599,598,593,590
061,17,173,00000,58590,00000,1,A,Penn township,Illinois,87,87,86,85,85
061,17,173,00000,59663,00000,1,A,Pickaway township,Illinois,155,154,153,154,151
061,17,173,00000,61522,00000,0,A,Prairie township,Illinois,1211,1208,1209,1209,1201
071,17,173,72650,61522,00000,1,A,Stewardson village,Illinois,719,718,720,722,719
071,17,173,73040,61522,00000,1,A,Strasburg village (pt.),Illinois,18,18,18,18,17
071,17,173,99990,61522,00000,1,F,Balance of Prairie township,Illinois,474,472,471,469,465
061,17,173,00000,63615,00000,0,A,Richland township,Illinois,808,807,800,795,788
071,17,173,73040,63615,00000,1,A,Strasburg village (pt.),Illinois,514,514,509,504,500
071,17,173,99990,63615,00000,1,F,Balance of Richland township,Illinois,294,293,291,291,288
061,17,173,00000,63836,00000,1,A,Ridge township,Illinois,414,412,412,408,407
061,17,173,00000,65637,00000,0,A,Rose township,Illinois,1918,1912,1909,1893,1878
071,17,173,69186,65637,00000,1,A,Shelbyville city (pt.),Illinois,1006,1004,1002,993,985
071,17,173,99990,65637,00000,1,F,Balance of Rose township,Illinois,912,908,907,900,893
061,17,173,00000,66313,00000,1,A,Rural township,Illinois,313,312,312,309,309
061,17,173,00000,69199,00000,0,A,Shelbyville township,Illinois,4499,4484,4474,4433,4396
071,17,173,69186,69199,00000,1,A,Shelbyville city (pt.),Illinois,3661,3649,3640,3607,3575
071,17,173,99990,69199,00000,1,F,Balance of Shelbyville township,Illinois,838,835,834,826,821
061,17,173,00000,69927,00000,0,A,Sigel township,Illinois,724,721,721,715,711
071,17,173,69914,69927,00000,1,A,Sigel town,Illinois,323,322,322,319,316
071,17,173,99990,69927,00000,1,F,Balance of Sigel township,Illinois,401,399,399,396,395
061,17,173,00000,75588,00000,0,A,Todds Point township,Illinois,471,470,466,462,458
071,17,173,26116,75588,00000,1,A,Findlay village (pt.),Illinois,374,373,370,367,364
071,17,173,99990,75588,00000,1,F,Balance of Todds Point township,Illinois,97,97,96,95,94
061,17,173,00000,75861,00000,0,A,Tower Hill township,Illinois,972,968,964,957,955
071,17,173,57472,75861,00000,1,A,Pana city (pt.),Illinois,106,106,105,104,104
071,17,173,75848,75861,00000,1,A,Tower Hill village,Illinois,484,482,479,474,475
071,17,173,99990,75861,00000,1,F,Balance of Tower Hill township,Illinois,382,380,380,379,376
061,17,173,00000,82335,00000,0,A,Windsor township,Illinois,1384,1379,1372,1359,1349
071,17,173,82322,82335,00000,1,A,Windsor city,Illinois,1072,1068,1061,1051,1044
071,17,173,99990,82335,00000,1,F,Balance of Windsor township,Illinois,312,311,311,308,305
050,17,175,00000,00000,00000,0,A,Stark County,Illinois,5395,5382,5284,5313,5218
157,17,175,07692,00000,00000,0,A,Bradford village,Illinois,678,677,663,667,656
157,17,175,40676,00000,00000,0,A,La Fayette village,Illinois,162,162,159,160,157
157,17,175,75783,00000,00000,0,A,Toulon city,Illinois,1188,1184,1164,1171,1152
157,17,175,83687,00000,00000,0,A,Wyoming city,Illinois,1301,1298,1275,1282,1258
157,17,175,99990,00000,00000,0,F,Balance of Stark County,Illinois,2066,2061,2023,2033,1995
061,17,175,00000,23646,00000,1,A,Elmira township,Illinois,319,318,313,315,309
061,17,175,00000,24478,00000,0,A,Essex township,Illinois,580,579,568,573,562
071,17,175,83687,24478,00000,1,A,Wyoming city (pt.),Illinois,392,391,384,387,378
071,17,175,99990,24478,00000,1,F,Balance of Essex township,Illinois,188,188,184,186,184
061,17,175,00000,30627,00000,0,A,Goshen township,Illinois,585,585,571,575,565
071,17,175,40676,30627,00000,1,A,La Fayette village,Illinois,162,162,159,160,157
071,17,175,75783,30627,00000,1,A,Toulon city (pt.),Illinois,190,190,186,187,184
071,17,175,99990,30627,00000,1,F,Balance of Goshen township,Illinois,233,233,226,228,224
061,17,175,00000,56783,00000,0,A,Osceola township,Illinois,893,892,874,879,863
071,17,175,07692,56783,00000,1,A,Bradford village,Illinois,678,677,663,667,656
071,17,175,99990,56783,00000,1,F,Balance of Osceola township,Illinois,215,215,211,212,207
061,17,175,00000,58603,00000,1,A,Penn township,Illinois,316,315,310,310,304
061,17,175,00000,75796,00000,0,A,Toulon township,Illinois,2194,2187,2150,2160,2124
071,17,175,75783,75796,00000,1,A,Toulon city (pt.),Illinois,998,994,978,984,968
071,17,175,83687,75796,00000,1,A,Wyoming city (pt.),Illinois,909,907,891,895,880
071,17,175,99990,75796,00000,1,F,Balance of Toulon township,Illinois,287,286,281,281,276
061,17,175,00000,77174,00000,1,A,Valley township,Illinois,267,266,262,263,257
061,17,175,00000,80489,00000,1,A,West Jersey township,Illinois,241,240,236,238,234
050,17,177,00000,00000,00000,0,A,Stephenson County,Illinois,44631,44503,44062,43556,43105
157,17,177,12008,00000,00000,0,A,Cedarville village,Illinois,671,669,660,654,646
157,17,177,18342,00000,00000,0,A,Dakota village,Illinois,500,499,494,486,482
157,17,177,18706,00000,00000,0,A,Davis village,Illinois,592,590,583,576,571
157,17,177,27884,00000,00000,0,A,Freeport city,Illinois,23967,23896,23655,23376,23136
157,17,177,29093,00000,00000,0,A,German Valley village,Illinois,433,432,426,421,417
157,17,177,42834,00000,00000,0,A,Lena village,Illinois,2763,2756,2729,2694,2665
157,17,177,56341,00000,00000,0,A,Orangeville village,Illinois,771,767,760,751,742
157,17,177,58369,00000,00000,0,A,Pearl City village,Illinois,785,783,776,769,760
157,17,177,64044,00000,00000,0,A,Ridott village,Illinois,127,127,125,124,123
157,17,177,64837,00000,00000,0,A,Rock City village,Illinois,296,295,292,287,284
157,17,177,82543,00000,00000,0,A,Winslow village,Illinois,284,283,281,276,273
157,17,177,99990,00000,00000,0,S,Balance of Stephenson County,Illinois,13442,13406,13281,13142,13006
061,17,177,00000,09226,00000,0,A,Buckeye township,Illinois,1201,1198,1184,1172,1158
071,17,177,12008,09226,00000,1,A,Cedarville village (pt.),Illinois,387,386,380,376,372
071,17,177,56341,09226,00000,1,A,Orangeville village (pt.),Illinois,4,4,4,4,4
071,17,177,99990,09226,00000,1,F,Balance of Buckeye township,Illinois,810,808,800,792,782
061,17,177,00000,18355,00000,0,A,Dakota township,Illinois,815,813,805,794,787
071,17,177,18342,18355,00000,1,A,Dakota village,Illinois,500,499,494,486,482
071,17,177,99990,18355,00000,1,F,Balance of Dakota township,Illinois,315,314,311,308,305
061,17,177,00000,24413,00000,0,A,Erin township,Illinois,381,380,376,372,369
071,17,177,42834,24413,00000,1,A,Lena village (pt.),Illinois,0,0,0,0,0
071,17,177,99990,24413,00000,1,F,Balance of Erin township,Illinois,381,380,376,372,369
061,17,177,00000,26506,00000,1,A,Florence township,Illinois,1172,1169,1158,1145,1134
061,17,177,00000,27897,00000,0,B,Freeport township,Illinois,23967,23896,23655,23376,23136
071,17,177,27884,27897,00000,1,A,Freeport city,Illinois,23967,23896,23655,23376,23136
061,17,177,00000,32902,00000,0,A,Harlem township,Illinois,2011,2005,1987,1967,1948
071,17,177,12008,32902,00000,1,A,Cedarville village (pt.),Illinois,231,230,228,226,223
071,17,177,99990,32902,00000,1,S,Balance of Harlem township,Illinois,1780,1775,1759,1741,1725
061,17,177,00000,38284,00000,1,A,Jefferson township,Illinois,249,248,246,243,241
061,17,177,00000,39610,00000,0,A,Kent township,Illinois,636,635,629,622,615
071,17,177,42834,39610,00000,1,A,Lena village (pt.),Illinois,86,86,86,85,85
071,17,177,99990,39610,00000,1,F,Balance of Kent township,Illinois,550,549,543,537,530
061,17,177,00000,41885,00000,0,A,Lancaster township,Illinois,1391,1387,1374,1359,1344
071,17,177,12008,41885,00000,1,A,Cedarville village (pt.),Illinois,53,53,52,52,51
071,17,177,99990,41885,00000,1,S,Balance of Lancaster township,Illinois,1338,1334,1322,1307,1293
061,17,177,00000,44758,00000,0,A,Loran township,Illinois,1354,1350,1338,1325,1311
071,17,177,58369,44758,00000,1,A,Pearl City village,Illinois,785,783,776,769,760
071,17,177,99990,44758,00000,1,F,Balance of Loran township,Illinois,569,567,562,556,551
061,17,177,00000,56120,00000,0,A,Oneco township,Illinois,1288,1283,1271,1256,1242
071,17,177,56341,56120,00000,1,A,Orangeville village (pt.),Illinois,767,763,756,747,738
071,17,177,99990,56120,00000,1,F,Balance of Oneco township,Illinois,521,520,515,509,504
061,17,177,00000,64057,00000,0,A,Ridott township,Illinois,1350,1347,1332,1317,1302
071,17,177,29093,64057,00000,1,A,German Valley village,Illinois,433,432,426,421,417
071,17,177,64044,64057,00000,1,A,Ridott village,Illinois,127,127,125,124,123
071,17,177,99990,64057,00000,1,F,Balance of Ridott township,Illinois,790,788,781,772,762
061,17,177,00000,65065,00000,1,A,Rock Grove township,Illinois,1497,1493,1479,1465,1450
061,17,177,00000,65143,00000,0,A,Rock Run township,Illinois,2188,2182,2159,2135,2115
071,17,177,18706,65143,00000,1,A,Davis village,Illinois,592,590,583,576,571
071,17,177,64837,65143,00000,1,A,Rock City village,Illinois,296,295,292,287,284
071,17,177,99990,65143,00000,1,S,Balance of Rock Run township,Illinois,1300,1297,1284,1272,1260
061,17,177,00000,69953,00000,1,A,Silver Creek township,Illinois,625,623,618,613,607
061,17,177,00000,78318,00000,1,A,Waddams township,Illinois,732,730,723,715,706
061,17,177,00000,80788,00000,0,A,West Point township,Illinois,3203,3195,3163,3123,3089
071,17,177,42834,80788,00000,1,A,Lena village (pt.),Illinois,2677,2670,2643,2609,2580
071,17,177,99990,80788,00000,1,F,Balance of West Point township,Illinois,526,525,520,514,509
061,17,177,00000,82556,00000,0,A,Winslow township,Illinois,571,569,565,557,551
071,17,177,82543,82556,00000,1,A,Winslow village,Illinois,284,283,281,276,273
071,17,177,99990,82556,00000,1,F,Balance of Winslow township,Illinois,287,286,284,281,278
050,17,179,00000,00000,00000,0,A,Tazewell County,Illinois,131341,131086,130412,129610,129541
157,17,179,02206,00000,00000,0,A,Armington village,Illinois,311,310,308,306,303
157,17,179,17549,00000,00000,0,A,Creve Coeur village,Illinois,4937,4924,4892,4846,4828
157,17,179,18940,00000,00000,0,A,Deer Creek village (pt.),Illinois,640,639,635,629,626
157,17,179,19226,00000,00000,0,A,Delavan city,Illinois,1575,1572,1560,1546,1541
157,17,179,22164,00000,00000,0,A,East Peoria city,Illinois,22482,22433,22274,22084,22012
157,17,179,30445,00000,00000,0,A,Goodfield village (pt.),Illinois,255,254,256,256,256
157,17,179,31563,00000,00000,0,A,Green Valley village,Illinois,628,627,621,615,612
157,17,179,36126,00000,00000,0,A,Hopedale village,Illinois,823,821,817,809,805
157,17,179,45785,00000,00000,0,A,Mackinaw village,Illinois,1885,1881,1865,1848,1845
157,17,179,47111,00000,00000,0,A,Marquette Heights city,Illinois,2545,2539,2524,2497,2490
157,17,179,49555,00000,00000,0,A,Minier village,Illinois,1157,1155,1145,1135,1135
157,17,179,50621,00000,00000,0,A,Morton village,Illinois,17124,17106,17131,17296,17469
157,17,179,54092,00000,00000,0,A,North Pekin village,Illinois,1476,1473,1459,1447,1439
157,17,179,58447,00000,00000,0,A,Pekin city (pt.),Illinois,31748,31681,31471,31191,31126
157,17,179,59026,00000,00000,0,A,Peoria Heights village (pt.),Illinois,0,0,0,0,0
157,17,179,71175,00000,00000,0,A,South Pekin village,Illinois,989,987,979,970,966
157,17,179,75965,00000,00000,0,A,Tremont village,Illinois,2277,2272,2258,2245,2243
157,17,179,79033,00000,00000,0,A,Washington city,Illinois,16082,16055,15980,15848,15833
157,17,179,99990,00000,00000,0,S,Balance of Tazewell County,Illinois,24407,24357,24237,24042,24012
061,17,179,00000,07627,00000,1,A,Boynton township,Illinois,229,228,227,225,225
061,17,179,00000,14403,00000,0,A,Cincinnati township,Illinois,8885,8869,8823,8760,8746
071,17,179,58447,14403,00000,1,A,Pekin city (pt.),Illinois,5472,5463,5438,5404,5399
071,17,179,71175,14403,00000,1,A,South Pekin village,Illinois,989,987,979,970,966
071,17,179,99990,14403,00000,1,F,Balance of Cincinnati township,Illinois,2424,2419,2406,2386,2381
061,17,179,00000,18953,00000,0,A,Deer Creek township,Illinois,1410,1407,1402,1391,1390
071,17,179,18940,18953,00000,1,A,Deer Creek village (pt.),Illinois,640,639,635,629,626
071,17,179,30445,18953,00000,1,A,Goodfield village (pt.),Illinois,255,254,256,256,256
071,17,179,99990,18953,00000,1,F,Balance of Deer Creek township,Illinois,515,514,511,506,508
061,17,179,00000,19239,00000,0,A,Delavan township,Illinois,1947,1943,1929,1912,1906
071,17,179,19226,19239,00000,1,A,Delavan city,Illinois,1575,1572,1560,1546,1541
071,17,179,99990,19239,00000,1,F,Balance of Delavan township,Illinois,372,371,369,366,365
061,17,179,00000,19941,00000,1,A,Dillon township,Illinois,949,947,941,935,933
061,17,179,00000,23607,00000,0,A,Elm Grove township,Illinois,2963,2956,2941,2918,2915
071,17,179,58447,23607,00000,1,A,Pekin city (pt.),Illinois,510,509,506,502,501
071,17,179,75965,23607,00000,1,A,Tremont village (pt.),Illinois,761,759,755,750,749
071,17,179,99990,23607,00000,1,F,Balance of Elm Grove township,Illinois,1692,1688,1680,1666,1665
061,17,179,00000,26636,00000,0,A,Fondulac township,Illinois,12349,12321,12239,12137,12102
071,17,179,22164,26636,00000,1,A,East Peoria city (pt.),Illinois,11346,11320,11240,11144,11109
071,17,179,59026,26636,00000,1,A,Peoria Heights village (pt.),Illinois,0,0,0,0,0
071,17,179,99990,26636,00000,1,F,Balance of Fondulac township,Illinois,1003,1001,999,993,993
061,17,179,00000,31940,00000,0,A,Groveland township,Illinois,18748,18708,18592,18439,18393
071,17,179,17549,31940,00000,1,A,Creve Coeur village (pt.),Illinois,4441,4429,4400,4358,4344
071,17,179,22164,31940,00000,1,A,East Peoria city (pt.),Illinois,7231,7216,7165,7105,7081
071,17,179,47111,31940,00000,1,A,Marquette Heights city (pt.),Illinois,1800,1796,1785,1767,1761
071,17,179,50621,31940,00000,1,A,Morton village (pt.),Illinois,448,447,449,453,458
071,17,179,58447,31940,00000,1,A,Pekin city (pt.),Illinois,973,971,965,957,956
071,17,179,99990,31940,00000,1,F,Balance of Groveland township,Illinois,3855,3849,3828,3799,3793
061,17,179,00000,35359,00000,0,A,Hittle township,Illinois,557,555,552,548,544
071,17,179,02206,35359,00000,1,A,Armington village,Illinois,311,310,308,306,303
071,17,179,99990,35359,00000,1,F,Balance of Hittle township,Illinois,246,245,244,242,241
061,17,179,00000,36139,00000,0,A,Hopedale township,Illinois,1840,1836,1826,1809,1805
071,17,179,36126,36139,00000,1,A,Hopedale village,Illinois,823,821,817,809,805
071,17,179,99990,36139,00000,1,F,Balance of Hopedale township,Illinois,1017,1015,1009,1000,1000
061,17,179,00000,44017,00000,0,A,Little Mackinaw township,Illinois,1456,1453,1442,1429,1428
071,17,179,49555,44017,00000,1,A,Minier village,Illinois,1157,1155,1145,1135,1135
071,17,179,99990,44017,00000,1,F,Balance of Little Mackinaw township,Illinois,299,298,297,294,293
061,17,179,00000,45792,00000,0,A,Mackinaw township,Illinois,4288,4279,4254,4218,4213
071,17,179,45785,45792,00000,1,A,Mackinaw village,Illinois,1885,1881,1865,1848,1845
071,17,179,99990,45792,00000,1,S,Balance of Mackinaw township,Illinois,2403,2398,2389,2370,2368
061,17,179,00000,46266,00000,1,A,Malone township,Illinois,209,209,207,205,205
061,17,179,00000,50634,00000,0,A,Morton township,Illinois,17774,17755,17771,17922,18088
071,17,179,50621,50634,00000,1,A,Morton village (pt.),Illinois,16671,16654,16677,16838,17006
071,17,179,99990,50634,00000,1,F,Balance of Morton township,Illinois,1103,1101,1094,1084,1082
061,17,179,00000,58460,00000,0,A,Pekin township,Illinois,27552,27491,27294,27034,26963
071,17,179,17549,58460,00000,1,A,Creve Coeur village (pt.),Illinois,496,495,492,488,484
071,17,179,47111,58460,00000,1,A,Marquette Heights city (pt.),Illinois,745,743,739,730,729
071,17,179,54092,58460,00000,1,A,North Pekin village,Illinois,1476,1473,1459,1447,1439
071,17,179,58447,58460,00000,1,A,Pekin city (pt.),Illinois,24793,24738,24562,24328,24270
071,17,179,99990,58460,00000,1,F,Balance of Pekin township,Illinois,42,42,42,41,41
061,17,179,00000,67483,00000,0,A,Sand Prairie township,Illinois,1283,1281,1273,1259,1257
071,17,179,31563,67483,00000,1,A,Green Valley village,Illinois,628,627,621,615,612
071,17,179,99990,67483,00000,1,F,Balance of Sand Prairie township,Illinois,655,654,652,644,645
061,17,179,00000,72130,00000,1,A,Spring Lake township,Illinois,1675,1671,1663,1651,1649
061,17,179,00000,75978,00000,0,A,Tremont township,Illinois,2678,2673,2658,2640,2637
071,17,179,50621,75978,00000,1,A,Morton village (pt.),Illinois,5,5,5,5,5
071,17,179,75965,75978,00000,1,A,Tremont village (pt.),Illinois,1516,1513,1503,1495,1494
071,17,179,99990,75978,00000,1,F,Balance of Tremont township,Illinois,1157,1155,1150,1140,1138
061,17,179,00000,79046,00000,0,A,Washington township,Illinois,24549,24504,24378,24178,24142
071,17,179,22164,79046,00000,1,A,East Peoria city (pt.),Illinois,3905,3897,3869,3835,3822
071,17,179,50621,79046,00000,1,A,Morton village (pt.),Illinois,0,0,0,0,0
071,17,179,79033,79046,00000,1,A,Washington city,Illinois,16082,16055,15980,15848,15833
071,17,179,99990,79046,00000,1,F,Balance of Washington township,Illinois,4562,4552,4529,4495,4487
050,17,181,00000,00000,00000,0,A,Union County,Illinois,17239,17184,16921,16772,16667
157,17,181,01205,00000,00000,1,A,Alto Pass village,Illinois,314,313,307,306,304
157,17,181,01543,00000,00000,1,A,Anna city,Illinois,4298,4282,4207,4164,4136
157,17,181,15300,00000,00000,1,A,Cobden village,Illinois,1073,1069,1051,1044,1035
157,17,181,20305,00000,00000,1,A,Dongola village,Illinois,662,660,650,644,639
157,17,181,38635,00000,00000,1,A,Jonesboro city,Illinois,1708,1702,1674,1656,1643
157,17,181,49178,00000,00000,1,A,Mill Creek village,Illinois,57,57,56,55,55
157,17,181,99990,00000,00000,1,F,Balance of Union County,Illinois,9127,9101,8976,8903,8855
050,17,183,00000,00000,00000,0,A,Vermilion County,Illinois,74204,74009,73164,72103,71652
157,17,183,00880,00000,00000,0,A,Allerton village (pt.),Illinois,266,265,263,257,255
157,17,183,01242,00000,00000,0,A,Alvan (Alvin) village,Illinois,236,235,233,230,226
157,17,183,04689,00000,00000,0,A,Belgium village,Illinois,358,358,353,352,348
157,17,183,06184,00000,00000,0,A,Bismarck village,Illinois,584,583,576,571,565
157,17,183,11774,00000,00000,0,A,Catlin village,Illinois,1988,1981,1962,1937,1924
157,17,183,18563,00000,00000,0,A,Danville city,Illinois,29207,29130,28801,28383,28206
157,17,183,24985,00000,00000,0,A,Fairmount village,Illinois,617,616,607,598,595
157,17,183,26233,00000,00000,0,A,Fithian village,Illinois,492,491,486,477,474
157,17,183,28963,00000,00000,0,A,Georgetown city,Illinois,3143,3133,3095,3048,3026
157,17,183,34137,00000,00000,0,A,Henning village,Illinois,210,210,207,204,203
157,17,183,36061,00000,00000,0,A,Hoopeston city,Illinois,4916,4900,4841,4764,4731
157,17,183,37348,00000,00000,0,A,Indianola village,Illinois,227,226,224,221,220
157,17,183,51336,00000,00000,0,A,Muncie village,Illinois,156,156,154,152,149
157,17,183,55002,00000,00000,0,A,Oakwood village,Illinois,1326,1323,1309,1290,1284
157,17,183,61366,00000,00000,0,A,Potomac village,Illinois,690,688,679,669,666
157,17,183,62744,00000,00000,0,A,Rankin village,Illinois,495,494,486,480,477
157,17,183,63862,00000,00000,0,A,Ridge Farm village,Illinois,787,785,775,762,756
157,17,183,65962,00000,00000,0,A,Rossville village,Illinois,1223,1220,1203,1184,1176
157,17,183,69836,00000,00000,0,A,Sidell village,Illinois,493,492,484,477,475
157,17,183,75276,00000,00000,0,A,Tilton village,Illinois,2658,2652,2620,2583,2566
157,17,183,80931,00000,00000,0,A,Westville village,Illinois,3170,3162,3125,3076,3054
157,17,183,99990,00000,00000,0,S,Balance of Vermilion County,Illinois,20962,20909,20681,20388,20276
061,17,183,00000,06678,00000,0,A,Blount township,Illinois,3273,3265,3228,3180,3162
071,17,183,18563,06678,00000,1,A,Danville city (pt.),Illinois,1250,1247,1232,1214,1206
071,17,183,99990,06678,00000,1,F,Balance of Blount township,Illinois,2023,2018,1996,1966,1956
061,17,183,00000,10162,00000,0,A,Butler township,Illinois,882,880,868,857,852
071,17,183,62744,10162,00000,1,A,Rankin village,Illinois,495,494,486,480,477
071,17,183,99990,10162,00000,1,S,Balance of Butler township,Illinois,387,386,382,377,375
061,17,183,00000,11449,00000,0,A,Carroll township,Illinois,509,507,502,495,493
071,17,183,37348,11449,00000,1,A,Indianola village,Illinois,227,226,224,221,220
071,17,183,99990,11449,00000,1,F,Balance of Carroll township,Illinois,282,281,278,274,273
061,17,183,00000,11787,00000,0,A,Catlin township,Illinois,3119,3110,3077,3037,3019
071,17,183,11774,11787,00000,1,A,Catlin village,Illinois,1988,1981,1962,1937,1924
071,17,183,75276,11787,00000,1,A,Tilton village (pt.),Illinois,82,82,82,82,82
071,17,183,99990,11787,00000,1,F,Balance of Catlin township,Illinois,1049,1047,1033,1018,1013
061,17,183,00000,18576,00000,0,A,Danville township,Illinois,27438,27367,27063,26683,26521
071,17,183,04689,18576,00000,1,A,Belgium village (pt.),Illinois,202,202,199,198,197
071,17,183,18563,18576,00000,1,A,Danville city (pt.),Illinois,17772,17724,17528,17279,17174
071,17,183,75276,18576,00000,1,A,Tilton village (pt.),Illinois,2576,2570,2538,2501,2484
071,17,183,80931,18576,00000,1,A,Westville village (pt.),Illinois,262,261,259,255,251
071,17,183,99990,18576,00000,1,F,Balance of Danville township,Illinois,6626,6610,6539,6450,6415
061,17,183,00000,23932,00000,0,A,Elwood township,Illinois,1448,1444,1427,1405,1396
071,17,183,63862,23932,00000,1,A,Ridge Farm village,Illinois,787,785,775,762,756
071,17,183,99990,23932,00000,1,S,Balance of Elwood township,Illinois,661,659,652,643,640
061,17,183,00000,28976,00000,0,A,Georgetown township,Illinois,7415,7395,7309,7201,7154
071,17,183,04689,28976,00000,1,A,Belgium village (pt.),Illinois,156,156,154,154,151
071,17,183,28963,28976,00000,1,A,Georgetown city,Illinois,3143,3133,3095,3048,3026
071,17,183,80931,28976,00000,1,A,Westville village (pt.),Illinois,2908,2901,2866,2821,2803
071,17,183,99990,28976,00000,1,F,Balance of Georgetown township,Illinois,1208,1205,1194,1178,1174
061,17,183,00000,30965,00000,0,A,Grant township,Illinois,5629,5611,5543,5458,5419
071,17,183,36061,30965,00000,1,A,Hoopeston city,Illinois,4916,4900,4841,4764,4731
071,17,183,65962,30965,00000,1,A,Rossville village (pt.),Illinois,10,10,10,10,10
071,17,183,99990,30965,00000,1,F,Balance of Grant township,Illinois,703,701,692,684,678
061,17,183,00000,38180,00000,1,A,Jamaica township,Illinois,185,185,183,180,177
061,17,183,00000,44953,00000,1,A,Love township,Illinois,236,235,233,230,228
061,17,183,00000,45772,00000,1,A,McKendree township,Illinois,748,746,738,726,722
061,17,183,00000,48775,00000,0,A,Middlefork township,Illinois,1350,1346,1330,1309,1303
071,17,183,61366,48775,00000,1,A,Potomac village,Illinois,690,688,679,669,666
071,17,183,99990,48775,00000,1,F,Balance of Middlefork township,Illinois,660,658,651,640,637
061,17,183,00000,52454,00000,0,A,Newell township,Illinois,13882,13848,13686,13487,13400
071,17,183,06184,52454,00000,1,A,Bismarck village,Illinois,584,583,576,571,565
071,17,183,18563,52454,00000,1,A,Danville city (pt.),Illinois,10185,10159,10041,9890,9826
071,17,183,99990,52454,00000,1,F,Balance of Newell township,Illinois,3113,3106,3069,3026,3009
061,17,183,00000,55015,00000,0,A,Oakwood township,Illinois,3177,3168,3134,3087,3067
071,17,183,26233,55015,00000,1,A,Fithian village,Illinois,492,491,486,477,474
071,17,183,51336,55015,00000,1,A,Muncie village,Illinois,156,156,154,152,149
071,17,183,55002,55015,00000,1,A,Oakwood village,Illinois,1326,1323,1309,1290,1284
071,17,183,99990,55015,00000,1,F,Balance of Oakwood township,Illinois,1203,1198,1185,1168,1160
061,17,183,00000,59832,00000,1,A,Pilot township,Illinois,534,533,527,517,515
061,17,183,00000,65949,00000,0,A,Ross township,Illinois,1482,1478,1461,1441,1434
071,17,183,65962,65949,00000,1,A,Rossville village (pt.),Illinois,1213,1210,1193,1174,1166
071,17,183,99990,65949,00000,1,F,Balance of Ross township,Illinois,269,268,268,267,268
061,17,183,00000,69849,00000,0,A,Sidell township,Illinois,914,912,900,885,880
071,17,183,00880,69849,00000,1,A,Allerton village (pt.),Illinois,266,265,263,257,255
071,17,183,69836,69849,00000,1,A,Sidell village,Illinois,493,492,484,477,475
071,17,183,99990,69849,00000,1,F,Balance of Sidell township,Illinois,155,155,153,151,150
061,17,183,00000,71227,00000,0,A,South Ross township,Illinois,967,965,954,939,931
071,17,183,01242,71227,00000,1,A,Alvan (Alvin) village,Illinois,236,235,233,230,226
071,17,183,34137,71227,00000,1,A,Henning village,Illinois,210,210,207,204,203
071,17,183,99990,71227,00000,1,F,Balance of South Ross township,Illinois,521,520,514,505,502
061,17,183,00000,77304,00000,0,A,Vance township,Illinois,1016,1014,1001,986,979
071,17,183,24985,77304,00000,1,A,Fairmount village,Illinois,617,616,607,598,595
071,17,183,99990,77304,00000,1,F,Balance of Vance township,Illinois,399,398,394,388,384
050,17,185,00000,00000,00000,0,A,Wabash County,Illinois,11362,11318,11208,11040,10942
157,17,185,00815,00000,00000,1,A,Allendale village,Illinois,457,457,453,445,442
157,17,185,04936,00000,00000,1,A,Bellmont village,Illinois,249,248,245,243,241
157,17,185,39259,00000,00000,1,A,Keensburg village,Illinois,176,175,173,171,169
157,17,185,50868,00000,00000,1,A,Mount Carmel city,Illinois,7005,6981,6913,6809,6751
157,17,185,99990,00000,00000,1,F,Balance of Wabash County,Illinois,3475,3457,3424,3372,3339
050,17,187,00000,00000,00000,0,A,Warren County,Illinois,16833,16821,16585,16360,16185
157,17,187,00672,00000,00000,0,A,Alexis village (pt.),Illinois,449,449,441,435,431
157,17,187,03207,00000,00000,0,A,Avon village (pt.),Illinois,4,4,4,4,4
157,17,187,40182,00000,00000,0,A,Kirkwood village,Illinois,677,676,666,657,648
157,17,187,44082,00000,00000,0,A,Little York village,Illinois,284,284,278,275,272
157,17,187,50010,00000,00000,0,A,Monmouth city,Illinois,8905,8896,8771,8657,8567
157,17,187,65845,00000,00000,0,A,Roseville village,Illinois,891,890,878,865,855
157,17,187,99990,00000,00000,0,S,Balance of Warren County,Illinois,5623,5622,5547,5467,5408
061,17,187,00000,05560,00000,1,A,Berwick township,Illinois,307,307,303,299,296
061,17,187,00000,15404,00000,1,A,Coldbrook township,Illinois,436,436,430,424,420
061,17,187,00000,23516,00000,1,A,Ellison township,Illinois,313,313,309,305,299
061,17,187,00000,26610,00000,1,A,Floyd township,Illinois,414,414,408,403,399
061,17,187,00000,31277,00000,0,A,Greenbush township,Illinois,536,536,529,522,517
071,17,187,03207,31277,00000,1,A,Avon village (pt.),Illinois,4,4,4,4,4
071,17,187,99990,31277,00000,1,F,Balance of Greenbush township,Illinois,532,532,525,518,513
061,17,187,00000,32226,00000,1,A,Hale township,Illinois,330,330,326,321,316
061,17,187,00000,39396,00000,0,A,Kelly township,Illinois,370,370,365,358,355
071,17,187,00672,39396,00000,1,A,Alexis village (pt.),Illinois,11,11,11,11,11
071,17,187,99990,39396,00000,1,F,Balance of Kelly township,Illinois,359,359,354,347,344
061,17,187,00000,42847,00000,1,A,Lenox township,Illinois,270,270,266,263,260
061,17,187,00000,50023,00000,0,A,Monmouth township,Illinois,9947,9937,9799,9671,9569
071,17,187,50010,50023,00000,1,A,Monmouth city,Illinois,8905,8896,8771,8657,8567
071,17,187,99990,50023,00000,1,F,Balance of Monmouth township,Illinois,1042,1041,1028,1014,1002
061,17,187,00000,60898,00000,1,A,Point Pleasant township,Illinois,136,136,134,132,131
061,17,187,00000,65858,00000,0,A,Roseville township,Illinois,1168,1167,1151,1133,1122
071,17,187,65845,65858,00000,1,A,Roseville village,Illinois,891,890,878,865,855
071,17,187,99990,65858,00000,1,F,Balance of Roseville township,Illinois,277,277,273,268,267
061,17,187,00000,72065,00000,0,A,Spring Grove township,Illinois,972,972,957,944,935
071,17,187,00672,72065,00000,1,A,Alexis village (pt.),Illinois,438,438,430,424,420
071,17,187,99990,72065,00000,1,F,Balance of Spring Grove township,Illinois,534,534,527,520,515
061,17,187,00000,73716,00000,0,A,Sumner township,Illinois,500,500,491,485,480
071,17,187,44082,73716,00000,1,A,Little York village,Illinois,284,284,278,275,272
071,17,187,99990,73716,00000,1,F,Balance of Sumner township,Illinois,216,216,213,210,208
061,17,187,00000,74093,00000,1,A,Swan township,Illinois,241,241,238,235,232
061,17,187,00000,75692,00000,0,A,Tompkins township,Illinois,893,892,879,865,854
071,17,187,40182,75692,00000,1,A,Kirkwood village,Illinois,677,676,666,657,648
071,17,187,99990,75692,00000,1,F,Balance of Tompkins township,Illinois,216,216,213,208,206
050,17,189,00000,00000,00000,0,A,Washington County,Illinois,13758,13723,13640,13623,13536
157,17,189,00230,00000,00000,0,A,Addieville village,Illinois,254,253,251,252,251
157,17,189,02531,00000,00000,0,A,Ashley city,Illinois,462,461,457,455,451
157,17,189,12164,00000,00000,0,A,Centralia city (pt.),Illinois,5,5,5,5,5
157,17,189,20890,00000,00000,0,A,Du Bois village,Illinois,179,178,177,182,180
157,17,189,36347,00000,00000,0,A,Hoyleton village,Illinois,519,518,511,509,505
157,17,189,37777,00000,00000,0,A,Irvington village,Illinois,584,582,577,575,570
157,17,189,51700,00000,00000,0,A,Nashville city,Illinois,3098,3090,3060,3041,3013
157,17,189,52714,00000,00000,0,A,New Minden village,Illinois,167,167,165,164,166
157,17,189,54586,00000,00000,0,A,Oakdale village,Illinois,198,197,196,197,195
157,17,189,55470,00000,00000,0,A,Okawville village,Illinois,1368,1366,1359,1355,1351
157,17,189,62523,00000,00000,0,A,Radom village,Illinois,183,182,181,182,181
157,17,189,63719,00000,00000,0,A,Richview village,Illinois,237,236,234,233,231
157,17,189,77408,00000,00000,0,A,Venedy village,Illinois,126,126,125,124,125
157,17,189,78721,00000,00000,0,A,Wamac city (pt.),Illinois,118,118,117,116,115
157,17,189,99990,00000,00000,0,F,Balance of Washington County,Illinois,6260,6244,6225,6233,6197
061,17,189,00000,02544,00000,0,A,Ashley township,Illinois,758,756,752,751,744
071,17,189,02531,02544,00000,1,A,Ashley city,Illinois,462,461,457,455,451
071,17,189,99990,02544,00000,1,F,Balance of Ashley township,Illinois,296,295,295,296,293
061,17,189,00000,04442,00000,0,A,Beaucoup township,Illinois,571,570,567,567,564
071,17,189,51700,04442,00000,1,A,Nashville city (pt.),Illinois,52,52,51,51,51
071,17,189,99990,04442,00000,1,F,Balance of Beaucoup township,Illinois,519,518,516,516,513
061,17,189,00000,07172,00000,1,A,Bolo township,Illinois,397,396,397,397,398
061,17,189,00000,17042,00000,0,A,Covington township,Illinois,380,379,377,377,376
071,17,189,51700,17042,00000,1,A,Nashville city (pt.),Illinois,0,0,0,0,0
071,17,189,52714,17042,00000,1,A,New Minden village (pt.),Illinois,67,67,66,66,67
071,17,189,99990,17042,00000,1,F,Balance of Covington township,Illinois,313,312,311,311,309
061,17,189,00000,20877,00000,0,A,Du Bois township,Illinois,649,646,644,650,647
071,17,189,20890,20877,00000,1,A,Du Bois village,Illinois,179,178,177,182,180
071,17,189,62523,20877,00000,1,A,Radom village,Illinois,183,182,181,182,181
071,17,189,99990,20877,00000,1,F,Balance of Du Bois township,Illinois,287,286,286,286,286
061,17,189,00000,36360,00000,0,A,Hoyleton township,Illinois,1044,1042,1033,1030,1023
071,17,189,36347,36360,00000,1,A,Hoyleton village,Illinois,519,518,511,509,505
071,17,189,51700,36360,00000,1,A,Nashville city (pt.),Illinois,0,0,0,0,0
071,17,189,52714,36360,00000,1,A,New Minden village (pt.),Illinois,100,100,99,98,99
071,17,189,99990,36360,00000,1,F,Balance of Hoyleton township,Illinois,425,424,423,423,419
061,17,189,00000,37790,00000,0,A,Irvington township,Illinois,1172,1169,1161,1158,1150
071,17,189,12164,37790,00000,1,A,Centralia city (pt.),Illinois,5,5,5,5,5
071,17,189,37777,37790,00000,1,A,Irvington village,Illinois,584,582,577,575,570
071,17,189,63719,37790,00000,1,A,Richview village (pt.),Illinois,3,3,3,3,3
071,17,189,78721,37790,00000,1,A,Wamac city (pt.),Illinois,118,118,117,116,115
071,17,189,99990,37790,00000,1,F,Balance of Irvington township,Illinois,462,461,459,459,457
061,17,189,00000,38453,00000,0,A,Johannisburg township,Illinois,509,508,506,505,501
071,17,189,77408,38453,00000,1,A,Venedy village (pt.),Illinois,2,2,2,2,2
071,17,189,99990,38453,00000,1,F,Balance of Johannisburg township,Illinois,507,506,504,503,499
061,17,189,00000,44108,00000,1,A,Lively Grove township,Illinois,572,570,568,569,567
061,17,189,00000,51713,00000,0,A,Nashville township,Illinois,3483,3474,3443,3425,3393
071,17,189,51700,51713,00000,1,A,Nashville city (pt.),Illinois,3046,3038,3009,2990,2962
071,17,189,99990,51713,00000,1,F,Balance of Nashville township,Illinois,437,436,434,435,431
061,17,189,00000,54599,00000,0,A,Oakdale township,Illinois,548,546,544,546,543
071,17,189,54586,54599,00000,1,A,Oakdale village,Illinois,198,197,196,197,195
071,17,189,99990,54599,00000,1,F,Balance of Oakdale township,Illinois,350,349,348,349,348
061,17,189,00000,55483,00000,0,A,Okawville township,Illinois,1955,1951,1941,1940,1933
071,17,189,00230,55483,00000,1,A,Addieville village (pt.),Illinois,158,157,156,158,157
071,17,189,55470,55483,00000,1,A,Okawville village,Illinois,1368,1366,1359,1355,1351
071,17,189,99990,55483,00000,1,F,Balance of Okawville township,Illinois,429,428,426,427,425
061,17,189,00000,59858,00000,1,A,Pilot Knob township,Illinois,516,515,512,515,510
061,17,189,00000,60807,00000,0,A,Plum Hill township,Illinois,492,491,489,488,487
071,17,189,00230,60807,00000,1,A,Addieville village (pt.),Illinois,96,96,95,94,94
071,17,189,99990,60807,00000,1,F,Balance of Plum Hill township,Illinois,396,395,394,394,393
061,17,189,00000,63732,00000,0,A,Richview township,Illinois,317,316,313,312,309
071,17,189,63719,63732,00000,1,A,Richview village (pt.),Illinois,234,233,231,230,228
071,17,189,99990,63732,00000,1,F,Balance of Richview township,Illinois,83,83,82,82,81
061,17,189,00000,77434,00000,0,A,Venedy township,Illinois,395,394,393,393,391
071,17,189,77408,77434,00000,1,A,Venedy village (pt.),Illinois,124,124,123,122,123
071,17,189,99990,77434,00000,1,F,Balance of Venedy township,Illinois,271,270,270,271,268
050,17,191,00000,00000,00000,0,A,Wayne County,Illinois,16173,16126,15956,15843,15761
157,17,191,14455,00000,00000,0,A,Cisne village,Illinois,629,627,623,618,617
157,17,191,24816,00000,00000,0,A,Fairfield city,Illinois,4880,4866,4807,4768,4738
157,17,191,30250,00000,00000,0,A,Golden Gate village,Illinois,62,62,61,61,60
157,17,191,38323,00000,00000,0,A,Jeffersonville village,Illinois,353,352,348,345,344
157,17,191,38531,00000,00000,0,A,Johnsonville village,Illinois,72,72,71,70,70
157,17,191,39233,00000,00000,0,A,Keenes village,Illinois,48,48,47,48,48
157,17,191,49347,00000,00000,0,A,Mill Shoals village (pt.),Illinois,0,0,0,0,0
157,17,191,50933,00000,00000,0,A,Mount Erie village,Illinois,97,97,96,97,96
157,17,191,70031,00000,00000,0,A,Sims village,Illinois,169,168,167,165,165
157,17,191,79436,00000,00000,0,A,Wayne City village,Illinois,1006,1003,992,985,979
157,17,191,99990,00000,00000,0,F,Balance of Wayne County,Illinois,8857,8831,8744,8686,8644
061,17,191,00000,02297,00000,0,A,Arrington township,Illinois,313,312,309,306,305
071,17,191,70031,02297,00000,1,A,Sims village,Illinois,169,168,167,165,165
071,17,191,99990,02297,00000,1,F,Balance of Arrington township,Illinois,144,144,142,141,140
061,17,191,00000,03753,00000,0,A,Barnhill township,Illinois,630,628,623,621,620
071,17,191,49347,03753,00000,1,A,Mill Shoals village (pt.),Illinois,0,0,0,0,0
071,17,191,99990,03753,00000,1,F,Balance of Barnhill township,Illinois,630,628,623,621,620
061,17,191,00000,04559,00000,0,A,Bedford township,Illinois,1004,1001,993,985,982
071,17,191,14455,04559,00000,1,A,Cisne village,Illinois,629,627,623,618,617
071,17,191,99990,04559,00000,1,F,Balance of Bedford township,Illinois,375,374,370,367,365
061,17,191,00000,05521,00000,1,A,Berry township,Illinois,346,345,341,339,337
061,17,191,00000,05950,00000,0,A,Big Mound township,Illinois,1751,1746,1728,1715,1705
071,17,191,24816,05950,00000,1,A,Fairfield city (pt.),Illinois,1157,1154,1140,1132,1125
071,17,191,99990,05950,00000,1,F,Balance of Big Mound township,Illinois,594,592,588,583,580
061,17,191,00000,23685,00000,1,A,Elm River township,Illinois,244,243,241,239,238
061,17,191,00000,27364,00000,0,A,Four Mile township,Illinois,561,560,553,550,548
071,17,191,39233,27364,00000,1,A,Keenes village,Illinois,48,48,47,48,48
071,17,191,79436,27364,00000,1,A,Wayne City village (pt.),Illinois,8,8,8,8,8
071,17,191,99990,27364,00000,1,F,Balance of Four Mile township,Illinois,505,504,498,494,492
061,17,191,00000,28534,00000,1,A,Garden Hill township,Illinois,165,164,163,162,161
061,17,191,00000,31953,00000,0,A,Grover township,Illinois,3583,3572,3529,3501,3478
071,17,191,24816,31953,00000,1,A,Fairfield city (pt.),Illinois,2687,2679,2646,2622,2604
071,17,191,99990,31953,00000,1,F,Balance of Grover township,Illinois,896,893,883,879,874
061,17,191,00000,34501,00000,1,A,Hickory Hill township,Illinois,378,377,373,372,370
061,17,191,00000,37387,00000,0,A,Indian Prairie township,Illinois,685,683,675,668,664
071,17,191,38531,37387,00000,1,A,Johnsonville village,Illinois,72,72,71,70,70
071,17,191,99990,37387,00000,1,F,Balance of Indian Prairie township,Illinois,613,611,604,598,594
061,17,191,00000,38258,00000,0,A,Jasper township,Illinois,1747,1742,1723,1712,1704
071,17,191,24816,38258,00000,1,A,Fairfield city (pt.),Illinois,653,651,642,637,634
071,17,191,99990,38258,00000,1,F,Balance of Jasper township,Illinois,1094,1091,1081,1075,1070
061,17,191,00000,39285,00000,1,A,Keith township,Illinois,383,382,378,375,375
061,17,191,00000,41755,00000,0,A,Lamard township,Illinois,1342,1338,1327,1320,1315
071,17,191,24816,41755,00000,1,A,Fairfield city (pt.),Illinois,383,382,379,377,375
071,17,191,38323,41755,00000,1,A,Jeffersonville village,Illinois,353,352,348,345,344
071,17,191,99990,41755,00000,1,F,Balance of Lamard township,Illinois,606,604,600,598,596
061,17,191,00000,42626,00000,0,A,Leech township,Illinois,453,452,446,444,438
071,17,191,30250,42626,00000,1,A,Golden Gate village,Illinois,62,62,61,61,60
071,17,191,99990,42626,00000,1,F,Balance of Leech township,Illinois,391,390,385,383,378
061,17,191,00000,47501,00000,1,A,Massilon township,Illinois,142,142,140,139,138
061,17,191,00000,50946,00000,0,A,Mount Erie township,Illinois,335,334,331,330,328
071,17,191,50933,50946,00000,1,A,Mount Erie village,Illinois,97,97,96,97,96
071,17,191,99990,50946,00000,1,F,Balance of Mount Erie township,Illinois,238,237,235,233,232
061,17,191,00000,56367,00000,1,A,Orchard township,Illinois,632,630,623,616,612
061,17,191,00000,56510,00000,0,A,Orel township,Illinois,1358,1354,1341,1331,1325
071,17,191,79436,56510,00000,1,A,Wayne City village (pt.),Illinois,998,995,984,977,971
071,17,191,99990,56510,00000,1,F,Balance of Orel township,Illinois,360,359,357,354,354
061,17,191,00000,84194,00000,1,A,Zif township,Illinois,121,121,119,118,118
050,17,193,00000,00000,00000,0,A,White County,Illinois,13872,13808,13758,13595,13401
157,17,193,09889,00000,00000,0,A,Burnt Prairie village,Illinois,35,35,35,34,34
157,17,193,11293,00000,00000,0,A,Carmi city,Illinois,4863,4839,4819,4758,4688
157,17,193,17783,00000,00000,0,A,Crossville village,Illinois,624,621,619,610,602
157,17,193,24179,00000,00000,0,A,Enfield village,Illinois,794,792,790,785,778
157,17,193,31165,00000,00000,0,A,Grayville city (pt.),Illinois,872,868,866,858,844
157,17,193,47592,00000,00000,0,A,Maunie village,Illinois,94,94,93,92,91
157,17,193,49347,00000,00000,0,A,Mill Shoals village (pt.),Illinois,177,176,176,174,171
157,17,193,52506,00000,00000,0,A,New Haven village (pt.),Illinois,2,2,2,2,2
157,17,193,53403,00000,00000,0,A,Norris City village,Illinois,1144,1139,1133,1120,1105
157,17,193,59520,00000,00000,0,A,Phillipstown village,Illinois,35,35,35,34,34
157,17,193,71643,00000,00000,0,A,Springerton village,Illinois,115,114,114,113,111
157,17,193,99990,00000,00000,0,F,Balance of White County,Illinois,5117,5093,5076,5015,4941
061,17,193,00000,09902,00000,0,A,Burnt Prairie township,Illinois,319,318,317,313,309
071,17,193,09889,09902,00000,1,A,Burnt Prairie village,Illinois,35,35,35,34,34
071,17,193,99990,09902,00000,1,F,Balance of Burnt Prairie township,Illinois,284,283,282,279,275
061,17,193,00000,11306,00000,0,A,Carmi township,Illinois,6294,6263,6237,6159,6068
071,17,193,11293,11306,00000,1,A,Carmi city (pt.),Illinois,4840,4816,4796,4735,4666
071,17,193,99990,11306,00000,1,F,Balance of Carmi township,Illinois,1454,1447,1441,1424,1402
061,17,193,00000,24088,00000,0,A,Emma township,Illinois,293,292,290,287,283
071,17,193,47592,24088,00000,1,A,Maunie village (pt.),Illinois,88,88,87,86,85
071,17,193,52506,24088,00000,1,A,New Haven village (pt.),Illinois,2,2,2,2,2
071,17,193,99990,24088,00000,1,F,Balance of Emma township,Illinois,203,202,201,199,196
061,17,193,00000,24192,00000,0,A,Enfield township,Illinois,1151,1147,1144,1135,1123
071,17,193,24179,24192,00000,1,A,Enfield village,Illinois,794,792,790,785,778
071,17,193,99990,24192,00000,1,F,Balance of Enfield township,Illinois,357,355,354,350,345
061,17,193,00000,31069,00000,0,A,Gray township,Illinois,1061,1056,1054,1043,1027
071,17,193,31165,31069,00000,1,A,Grayville city (pt.),Illinois,872,868,866,858,844
071,17,193,99990,31069,00000,1,F,Balance of Gray township,Illinois,189,188,188,185,183
061,17,193,00000,33591,00000,0,A,Hawthorne township,Illinois,254,253,252,248,244
071,17,193,11293,33591,00000,1,A,Carmi city (pt.),Illinois,23,23,23,23,22
071,17,193,47592,33591,00000,1,A,Maunie village (pt.),Illinois,6,6,6,6,6
071,17,193,99990,33591,00000,1,F,Balance of Hawthorne township,Illinois,225,224,223,219,216
061,17,193,00000,34228,00000,1,A,Heralds Prairie township,Illinois,621,618,616,609,599
061,17,193,00000,37231,00000,0,A,Indian Creek township,Illinois,2168,2158,2149,2124,2095
071,17,193,53403,37231,00000,1,A,Norris City village,Illinois,1144,1139,1133,1120,1105
071,17,193,99990,37231,00000,1,F,Balance of Indian Creek township,Illinois,1024,1019,1016,1004,990
061,17,193,00000,49360,00000,0,A,Mill Shoals township,Illinois,614,611,610,603,593
071,17,193,49347,49360,00000,1,A,Mill Shoals village (pt.),Illinois,177,176,176,174,171
071,17,193,71643,49360,00000,1,A,Springerton village,Illinois,115,114,114,113,111
071,17,193,99990,49360,00000,1,F,Balance of Mill Shoals township,Illinois,322,321,320,316,311
061,17,193,00000,59507,00000,0,A,Phillips township,Illinois,1097,1092,1089,1074,1060
071,17,193,17783,59507,00000,1,A,Crossville village,Illinois,624,621,619,610,602
071,17,193,59520,59507,00000,1,A,Phillipstown village,Illinois,35,35,35,34,34
071,17,193,99990,59507,00000,1,F,Balance of Phillips township,Illinois,438,436,435,430,424
050,17,195,00000,00000,00000,0,A,Whiteside County,Illinois,55694,55565,55302,54555,54498
157,17,195,00516,00000,00000,0,A,Albany village,Illinois,859,857,854,845,846
157,17,195,15469,00000,00000,0,A,Coleta village,Illinois,163,163,162,160,160
157,17,195,19031,00000,00000,0,A,Deer Grove village,Illinois,36,36,36,35,37
157,17,195,24374,00000,00000,0,A,Erie village,Illinois,1520,1515,1510,1486,1485
157,17,195,28144,00000,00000,0,A,Fulton city,Illinois,3653,3646,3628,3575,3567
157,17,195,45278,00000,00000,0,A,Lyndon village,Illinois,536,535,533,526,525
157,17,195,50530,00000,00000,0,A,Morrison city,Illinois,4077,4067,4046,3989,3981
157,17,195,61977,00000,00000,0,A,Prophetstown city,Illinois,1948,1942,1933,1905,1904
157,17,195,64928,00000,00000,0,A,Rock Falls city,Illinois,8791,8769,8723,8602,8600
157,17,195,72546,00000,00000,0,A,Sterling city,Illinois,14875,14839,14752,14541,14508
157,17,195,74470,00000,00000,0,A,Tampico village,Illinois,694,693,687,678,676
157,17,195,99990,00000,00000,0,S,Balance of Whiteside County,Illinois,18542,18503,18438,18213,18209
061,17,195,00000,00529,00000,0,A,Albany township,Illinois,1017,1015,1011,1000,1000
071,17,195,00516,00529,00000,1,A,Albany village (pt.),Illinois,842,840,837,828,829
071,17,195,99990,00529,00000,1,F,Balance of Albany township,Illinois,175,175,174,172,171
061,17,195,00000,15144,00000,1,A,Clyde township,Illinois,412,411,409,404,404
061,17,195,00000,15651,00000,0,A,Coloma township,Illinois,10584,10558,10507,10364,10361
071,17,195,64928,15651,00000,1,A,Rock Falls city (pt.),Illinois,8791,8769,8723,8602,8600
071,17,195,99990,15651,00000,1,F,Balance of Coloma township,Illinois,1793,1789,1784,1762,1761
061,17,195,00000,24387,00000,0,A,Erie township,Illinois,1890,1884,1878,1849,1848
071,17,195,24374,24387,00000,1,A,Erie village,Illinois,1520,1515,1510,1486,1485
071,17,195,99990,24387,00000,1,F,Balance of Erie township,Illinois,370,369,368,363,363
061,17,195,00000,25817,00000,1,A,Fenton township,Illinois,564,563,560,553,553
061,17,195,00000,28157,00000,0,A,Fulton township,Illinois,4359,4351,4332,4271,4263
071,17,195,28144,28157,00000,1,A,Fulton city (pt.),Illinois,3653,3646,3628,3575,3567
071,17,195,99990,28157,00000,1,F,Balance of Fulton township,Illinois,706,705,704,696,696
061,17,195,00000,28586,00000,0,A,Garden Plain township,Illinois,987,985,981,968,968
071,17,195,00516,28586,00000,1,A,Albany village (pt.),Illinois,17,17,17,17,17
071,17,195,28144,28586,00000,1,A,Fulton city (pt.),Illinois,0,0,0,0,0
071,17,195,99990,28586,00000,1,F,Balance of Garden Plain township,Illinois,970,968,964,951,951
061,17,195,00000,28833,00000,0,A,Genesee township,Illinois,703,702,699,690,689
071,17,195,15469,28833,00000,1,A,Coleta village,Illinois,163,163,162,160,160
071,17,195,99990,28833,00000,1,F,Balance of Genesee township,Illinois,540,539,537,530,529
061,17,195,00000,32174,00000,0,A,Hahnaman township,Illinois,351,350,349,344,346
071,17,195,19031,32174,00000,1,A,Deer Grove village,Illinois,36,36,36,35,37
071,17,195,99990,32174,00000,1,F,Balance of Hahnaman township,Illinois,315,314,313,309,309
061,17,195,00000,36178,00000,0,A,Hopkins township,Illinois,2011,2007,1998,1974,1973
071,17,195,72546,36178,00000,1,A,Sterling city (pt.),Illinois,0,0,0,0,0
071,17,195,99990,36178,00000,1,S,Balance of Hopkins township,Illinois,2011,2007,1998,1974,1973
061,17,195,00000,36581,00000,1,A,Hume township,Illinois,361,360,359,354,354
061,17,195,00000,38700,00000,1,A,Jordan township,Illinois,855,853,850,838,838
061,17,195,00000,45291,00000,0,A,Lyndon township,Illinois,916,914,913,903,903
071,17,195,45278,45291,00000,1,A,Lyndon village (pt.),Illinois,536,535,533,526,525
071,17,195,99990,45291,00000,1,F,Balance of Lyndon township,Illinois,380,379,380,377,378
061,17,195,00000,50270,00000,0,A,Montmorency township,Illinois,2445,2440,2432,2403,2403
071,17,195,64928,50270,00000,1,A,Rock Falls city (pt.),Illinois,0,0,0,0,0
071,17,195,99990,50270,00000,1,F,Balance of Montmorency township,Illinois,2445,2440,2432,2403,2403
061,17,195,00000,51076,00000,0,A,Mount Pleasant township,Illinois,4791,4779,4755,4691,4683
071,17,195,50530,51076,00000,1,A,Morrison city (pt.),Illinois,4012,4002,3981,3925,3917
071,17,195,99990,51076,00000,1,F,Balance of Mount Pleasant township,Illinois,779,777,774,766,766
061,17,195,00000,52857,00000,1,A,Newton township,Illinois,428,427,425,422,422
061,17,195,00000,61262,00000,1,A,Portland township,Illinois,425,424,422,417,417
061,17,195,00000,61990,00000,0,A,Prophetstown township,Illinois,2499,2492,2481,2445,2444
071,17,195,45278,61990,00000,1,A,Lyndon village (pt.),Illinois,0,0,0,0,0
071,17,195,61977,61990,00000,1,A,Prophetstown city,Illinois,1948,1942,1933,1905,1904
071,17,195,99990,61990,00000,1,F,Balance of Prophetstown township,Illinois,551,550,548,540,540
061,17,195,00000,72553,00000,0,A,Sterling township,Illinois,17360,17319,17224,16981,16949
071,17,195,72546,72553,00000,1,A,Sterling city (pt.),Illinois,14875,14839,14752,14541,14508
071,17,195,99990,72553,00000,1,S,Balance of Sterling township,Illinois,2485,2480,2472,2440,2441
061,17,195,00000,74483,00000,0,A,Tampico township,Illinois,1000,998,991,978,976
071,17,195,74470,74483,00000,1,A,Tampico village,Illinois,694,693,687,678,676
071,17,195,99990,74483,00000,1,F,Balance of Tampico township,Illinois,306,305,304,300,300
061,17,195,00000,76758,00000,0,A,Union Grove township,Illinois,1193,1191,1186,1173,1172
071,17,195,50530,76758,00000,1,A,Morrison city (pt.),Illinois,65,65,65,64,64
071,17,195,99990,76758,00000,1,F,Balance of Union Grove township,Illinois,1128,1126,1121,1109,1108
061,17,195,00000,77070,00000,1,A,Ustick township,Illinois,543,542,540,533,532
050,17,197,00000,00000,00000,0,A,Will County,Illinois,697298,696826,699176,698046,700728
157,17,197,03012,00000,00000,0,A,Aurora city (pt.),Illinois,11697,11675,11658,11562,11562
157,17,197,04585,00000,00000,0,A,Beecher village,Illinois,4715,4705,4697,4677,4687
157,17,197,07133,00000,00000,0,A,Bolingbrook village (pt.),Illinois,72478,72356,72239,72597,72620
157,17,197,07640,00000,00000,0,A,Braceville village (pt.),Illinois,0,0,0,0,0
157,17,197,07770,00000,00000,0,A,Braidwood city (pt.),Illinois,6188,6181,6183,6153,6167
157,17,197,12476,00000,00000,0,A,Channahon village (pt.),Illinois,9280,9307,9500,9587,9696
157,17,197,15170,00000,00000,0,A,Coal City village (pt.),Illinois,1,1,1,1,1
157,17,197,17458,00000,00000,0,A,Crest Hill city,Illinois,20456,20415,20348,20169,20118
157,17,197,17523,00000,00000,0,A,Crete village (pt.),Illinois,8454,8434,8411,8336,8316
157,17,197,19837,00000,00000,0,A,Diamond village (pt.),Illinois,3,3,3,3,3
157,17,197,23945,00000,00000,0,A,Elwood village,Illinois,2228,2223,2218,2197,2199
157,17,197,27624,00000,00000,0,A,Frankfort village (pt.),Illinois,20303,20315,20518,20687,20907
157,17,197,30120,00000,00000,0,A,Godley village (pt.),Illinois,521,525,541,562,577
157,17,197,35835,00000,00000,0,A,Homer Glen village (pt.),Illinois,24549,24505,24551,24458,24546
157,17,197,38570,00000,00000,0,A,Joliet city (pt.),Illinois,136353,136176,136386,135802,136043
157,17,197,42795,00000,00000,0,A,Lemont village (pt.),Illinois,3,3,3,3,3
157,17,197,44225,00000,00000,0,A,Lockport city,Illinois,26094,26149,26149,26105,26537
157,17,197,46357,00000,00000,0,A,Manhattan village,Illinois,9385,9527,10041,10339,10547
157,17,197,49607,00000,00000,0,A,Minooka village (pt.),Illinois,2002,2004,2003,1990,1986
157,17,197,49854,00000,00000,0,A,Mokena village,Illinois,19880,19859,19870,19765,19759
157,17,197,49945,00000,00000,0,A,Monee village,Illinois,5126,5115,5110,5087,5097
157,17,197,51622,00000,00000,0,A,Naperville city (pt.),Illinois,51437,51391,51554,51638,51713
157,17,197,52584,00000,00000,0,A,New Lenox village,Illinois,27222,27258,27518,27615,28047
157,17,197,56640,00000,00000,0,A,Orland Park village (pt.),Illinois,361,361,362,362,362
157,17,197,56887,00000,00000,0,A,Oswego village (pt.),Illinois,0,0,0,0,0
157,17,197,57732,00000,00000,0,A,Park Forest village (pt.),Illinois,3206,3199,3184,3150,3141
157,17,197,59052,00000,00000,0,A,Peotone village,Illinois,4157,4153,4184,4178,4187
157,17,197,60287,00000,00000,0,A,Plainfield village (pt.),Illinois,41619,41680,42297,42946,44089
157,17,197,64902,00000,00000,0,A,Rockdale village,Illinois,2009,2005,1993,1977,1972
157,17,197,65442,00000,00000,0,A,Romeoville village,Illinois,40800,40805,41440,41067,40955
157,17,197,69758,00000,00000,0,A,Shorewood village,Illinois,18181,18179,18277,18276,18369
157,17,197,72520,00000,00000,0,A,Steger village (pt.),Illinois,5481,5467,5441,5380,5362
157,17,197,74275,00000,00000,0,A,Symerton village,Illinois,126,126,125,124,124
157,17,197,75484,00000,00000,0,A,Tinley Park village (pt.),Illinois,7703,7689,7667,7606,7598
157,17,197,76935,00000,00000,0,A,University Park village (pt.),Illinois,6826,6812,6783,6718,6700
157,17,197,82101,00000,00000,0,A,Wilmington city,Illinois,5660,5648,5635,5583,5568
157,17,197,83245,00000,00000,0,A,Woodridge village (pt.),Illinois,25,25,25,25,25
157,17,197,99990,00000,00000,0,S,Balance of Will County,Illinois,102769,102550,102261,101321,101145
061,17,197,00000,12483,00000,0,A,Channahon township,Illinois,10517,10540,10694,10745,10830
071,17,197,12476,12483,00000,1,A,Channahon village (pt.),Illinois,7690,7713,7871,7942,8033
071,17,197,23945,12483,00000,1,A,Elwood village (pt.),Illinois,0,0,0,0,0
071,17,197,38570,12483,00000,1,A,Joliet city (pt.),Illinois,6,6,6,6,6
071,17,197,49607,12483,00000,1,A,Minooka village (pt.),Illinois,2002,2004,2003,1990,1986
071,17,197,99990,12483,00000,1,F,Balance of Channahon township,Illinois,819,817,814,807,805
061,17,197,00000,17536,00000,0,A,Crete township,Illinois,23767,23714,23640,23416,23364
071,17,197,17523,17536,00000,1,A,Crete village (pt.),Illinois,8454,8434,8411,8336,8316
071,17,197,57732,17536,00000,1,A,Park Forest village (pt.),Illinois,974,972,969,959,957
071,17,197,72520,17536,00000,1,A,Steger village (pt.),Illinois,5481,5467,5441,5380,5362
071,17,197,76935,17536,00000,1,A,University Park village (pt.),Illinois,371,370,369,365,365
071,17,197,99990,17536,00000,1,S,Balance of Crete township,Illinois,8487,8471,8450,8376,8364
061,17,197,00000,18199,00000,0,A,Custer township,Illinois,1363,1360,1358,1345,1342
071,17,197,82101,18199,00000,1,A,Wilmington city (pt.),Illinois,57,57,57,56,56
071,17,197,99990,18199,00000,1,S,Balance of Custer township,Illinois,1306,1303,1301,1289,1286
061,17,197,00000,21241,00000,0,A,Du Page township,Illinois,87384,87259,87333,87434,87396
071,17,197,07133,21241,00000,1,A,Bolingbrook village (pt.),Illinois,64561,64452,64344,64659,64676
071,17,197,42795,21241,00000,1,A,Lemont village (pt.),Illinois,3,3,3,3,3
071,17,197,51622,21241,00000,1,A,Naperville city (pt.),Illinois,8087,8073,8051,7980,7971
071,17,197,65442,21241,00000,1,A,Romeoville village (pt.),Illinois,13132,13133,13341,13211,13167
071,17,197,83245,21241,00000,1,A,Woodridge village (pt.),Illinois,25,25,25,25,25
071,17,197,99990,21241,00000,1,F,Balance of Du Page township,Illinois,1576,1573,1569,1556,1554
061,17,197,00000,26519,00000,0,A,Florence township,Illinois,932,930,927,918,916
071,17,197,74275,26519,00000,1,A,Symerton village,Illinois,126,126,125,124,124
071,17,197,82101,26519,00000,1,A,Wilmington city (pt.),Illinois,367,366,365,362,361
071,17,197,99990,26519,00000,1,F,Balance of Florence township,Illinois,439,438,437,432,431
061,17,197,00000,27631,00000,0,A,Frankfort township,Illinois,59801,59753,59906,59793,59977
071,17,197,27624,27631,00000,1,A,Frankfort village (pt.),Illinois,20153,20165,20366,20534,20753
071,17,197,49854,27631,00000,1,A,Mokena village (pt.),Illinois,17547,17528,17538,17443,17436
071,17,197,56640,27631,00000,1,A,Orland Park village (pt.),Illinois,361,361,362,362,362
071,17,197,75484,27631,00000,1,A,Tinley Park village (pt.),Illinois,7703,7689,7667,7606,7598
071,17,197,99990,27631,00000,1,S,Balance of Frankfort township,Illinois,14037,14010,13973,13848,13828
061,17,197,00000,31394,00000,0,A,Green Garden township,Illinois,3889,3881,3873,3841,3839
071,17,197,27624,31394,00000,1,A,Frankfort village (pt.),Illinois,131,131,133,134,135
071,17,197,99990,31394,00000,1,F,Balance of Green Garden township,Illinois,3758,3750,3740,3707,3704
061,17,197,00000,35827,00000,0,A,Homer township,Illinois,40768,40746,40794,40660,40961
071,17,197,35835,35827,00000,1,A,Homer Glen village (pt.),Illinois,24424,24380,24427,24335,24419
071,17,197,42795,35827,00000,1,A,Lemont village (pt.),Illinois,0,0,0,0,0
071,17,197,44225,35827,00000,1,A,Lockport city (pt.),Illinois,12912,12942,12948,12933,13153
071,17,197,52584,35827,00000,1,A,New Lenox village (pt.),Illinois,271,270,273,276,279
071,17,197,99990,35827,00000,1,S,Balance of Homer township,Illinois,3161,3154,3146,3116,3110
061,17,197,00000,38076,00000,0,A,Jackson township,Illinois,3895,3887,3879,3842,3840
071,17,197,23945,38076,00000,1,A,Elwood village (pt.),Illinois,2228,2223,2218,2197,2199
071,17,197,38570,38076,00000,1,A,Joliet city (pt.),Illinois,211,211,213,211,210
071,17,197,99990,38076,00000,1,F,Balance of Jackson township,Illinois,1456,1453,1448,1434,1431
061,17,197,00000,38583,00000,0,A,Joliet township,Illinois,85402,85260,85255,84762,84794
071,17,197,17458,38583,00000,1,A,Crest Hill city (pt.),Illinois,1489,1486,1481,1467,1462
071,17,197,38570,38583,00000,1,A,Joliet city (pt.),Illinois,69056,68951,69008,68670,68742
071,17,197,52584,38583,00000,1,A,New Lenox village (pt.),Illinois,1,1,1,1,1
071,17,197,64902,38583,00000,1,A,Rockdale village (pt.),Illinois,2009,2005,1993,1977,1972
071,17,197,99990,38583,00000,1,S,Balance of Joliet township,Illinois,12847,12817,12772,12647,12617
061,17,197,00000,44238,00000,0,A,Lockport township,Illinois,59784,59755,59950,59516,59624
071,17,197,17458,44238,00000,1,A,Crest Hill city (pt.),Illinois,16811,16778,16723,16581,16542
071,17,197,38570,44238,00000,1,A,Joliet city (pt.),Illinois,0,0,0,0,0
071,17,197,44225,44238,00000,1,A,Lockport city (pt.),Illinois,13182,13207,13201,13172,13384
071,17,197,65442,44238,00000,1,A,Romeoville village (pt.),Illinois,19080,19082,19369,19206,19160
071,17,197,99990,44238,00000,1,S,Balance of Lockport township,Illinois,10711,10688,10657,10557,10538
061,17,197,00000,46370,00000,0,A,Manhattan township,Illinois,11571,11708,12215,12495,12699
071,17,197,46357,46370,00000,1,A,Manhattan village,Illinois,9385,9527,10041,10339,10547
071,17,197,52584,46370,00000,1,A,New Lenox village (pt.),Illinois,6,6,6,6,6
071,17,197,99990,46370,00000,1,F,Balance of Manhattan township,Illinois,2180,2175,2168,2150,2146
061,17,197,00000,49958,00000,0,A,Monee township,Illinois,15540,15507,15459,15337,15321
071,17,197,27624,49958,00000,1,A,Frankfort village (pt.),Illinois,19,19,19,19,19
071,17,197,49945,49958,00000,1,A,Monee village,Illinois,5126,5115,5110,5087,5097
071,17,197,57732,49958,00000,1,A,Park Forest village (pt.),Illinois,2232,2227,2215,2191,2184
071,17,197,76935,49958,00000,1,A,University Park village (pt.),Illinois,6455,6442,6414,6353,6335
071,17,197,99990,49958,00000,1,F,Balance of Monee township,Illinois,1708,1704,1701,1687,1686
061,17,197,00000,52597,00000,0,A,New Lenox township,Illinois,43707,43718,43951,43924,44347
071,17,197,27624,52597,00000,1,A,Frankfort village (pt.),Illinois,0,0,0,0,0
071,17,197,35835,52597,00000,1,A,Homer Glen village (pt.),Illinois,125,125,124,123,127
071,17,197,38570,52597,00000,1,A,Joliet city (pt.),Illinois,3862,3860,3868,3855,3864
071,17,197,49854,52597,00000,1,A,Mokena village (pt.),Illinois,2333,2331,2332,2322,2323
071,17,197,52584,52597,00000,1,A,New Lenox village (pt.),Illinois,26944,26981,27238,27332,27761
071,17,197,99990,52597,00000,1,S,Balance of New Lenox township,Illinois,10443,10421,10389,10292,10272
061,17,197,00000,59065,00000,0,A,Peotone township,Illinois,4370,4365,4393,4380,4389
071,17,197,59052,59065,00000,1,A,Peotone village (pt.),Illinois,3525,3522,3548,3543,3551
071,17,197,99990,59065,00000,1,S,Balance of Peotone township,Illinois,845,843,845,837,838
061,17,197,00000,60300,00000,0,A,Plainfield township,Illinois,82219,82177,82678,82658,83289
071,17,197,07133,60300,00000,1,A,Bolingbrook village (pt.),Illinois,0,0,0,0,0
071,17,197,17458,60300,00000,1,A,Crest Hill city (pt.),Illinois,1238,1235,1231,1219,1214
071,17,197,38570,60300,00000,1,A,Joliet city (pt.),Illinois,38005,37963,38054,37917,38019
071,17,197,60287,60300,00000,1,A,Plainfield village (pt.),Illinois,21351,21380,21692,22019,22596
071,17,197,65442,60300,00000,1,A,Romeoville village (pt.),Illinois,8588,8590,8730,8650,8628
071,17,197,99990,60300,00000,1,S,Balance of Plainfield township,Illinois,13037,13009,12971,12853,12832
061,17,197,00000,63108,00000,0,A,Reed township,Illinois,6864,6861,6878,6868,6896
071,17,197,07640,63108,00000,1,A,Braceville village (pt.),Illinois,0,0,0,0,0
071,17,197,07770,63108,00000,1,A,Braidwood city (pt.),Illinois,6188,6181,6183,6153,6167
071,17,197,19837,63108,00000,1,A,Diamond village (pt.),Illinois,0,0,0,0,0
071,17,197,30120,63108,00000,1,A,Godley village (pt.),Illinois,521,525,541,562,577
071,17,197,99990,63108,00000,1,F,Balance of Reed township,Illinois,155,155,154,153,152
061,17,197,00000,76212,00000,0,A,Troy township,Illinois,49485,49449,49619,49495,49658
071,17,197,12476,76212,00000,1,A,Channahon village (pt.),Illinois,1590,1594,1629,1645,1663
071,17,197,17458,76212,00000,1,A,Crest Hill city (pt.),Illinois,918,916,913,902,900
071,17,197,38570,76212,00000,1,A,Joliet city (pt.),Illinois,25213,25185,25237,25143,25202
071,17,197,64902,76212,00000,1,A,Rockdale village (pt.),Illinois,0,0,0,0,0
071,17,197,69758,76212,00000,1,A,Shorewood village,Illinois,18181,18179,18277,18276,18369
071,17,197,99990,76212,00000,1,F,Balance of Troy township,Illinois,3583,3575,3563,3529,3524
061,17,197,00000,79059,00000,0,A,Washington township,Illinois,6495,6481,6470,6435,6441
071,17,197,04585,79059,00000,1,A,Beecher village,Illinois,4715,4705,4697,4677,4687
071,17,197,99990,79059,00000,1,S,Balance of Washington township,Illinois,1780,1776,1773,1758,1754
061,17,197,00000,79865,00000,0,A,Wesley township,Illinois,2120,2115,2109,2089,2083
071,17,197,82101,79865,00000,1,A,Wilmington city (pt.),Illinois,27,27,27,27,26
071,17,197,99990,79865,00000,1,S,Balance of Wesley township,Illinois,2093,2088,2082,2062,2057
061,17,197,00000,81035,00000,0,A,Wheatland township,Illinois,88883,88836,89284,89657,90303
071,17,197,03012,81035,00000,1,A,Aurora city (pt.),Illinois,11697,11675,11658,11562,11562
071,17,197,07133,81035,00000,1,A,Bolingbrook village (pt.),Illinois,7917,7904,7895,7938,7944
071,17,197,51622,81035,00000,1,A,Naperville city (pt.),Illinois,43350,43318,43503,43658,43742
071,17,197,56887,81035,00000,1,A,Oswego village (pt.),Illinois,0,0,0,0,0
071,17,197,60287,81035,00000,1,A,Plainfield village (pt.),Illinois,20268,20300,20605,20927,21493
071,17,197,65442,81035,00000,1,A,Romeoville village (pt.),Illinois,0,0,0,0,0
071,17,197,99990,81035,00000,1,F,Balance of Wheatland township,Illinois,5651,5639,5623,5572,5562
061,17,197,00000,81711,00000,0,A,Will township,Illinois,1794,1791,1794,1782,1780
071,17,197,59052,81711,00000,1,A,Peotone village (pt.),Illinois,632,631,636,635,636
071,17,197,99990,81711,00000,1,F,Balance of Will township,Illinois,1162,1160,1158,1147,1144
061,17,197,00000,82114,00000,0,A,Wilmington township,Illinois,5954,5941,5927,5872,5859
071,17,197,07770,82114,00000,1,A,Braidwood city (pt.),Illinois,0,0,0,0,0
071,17,197,15170,82114,00000,1,A,Coal City village (pt.),Illinois,1,1,1,1,1
071,17,197,19837,82114,00000,1,A,Diamond village (pt.),Illinois,3,3,3,3,3
071,17,197,23945,82114,00000,1,A,Elwood village (pt.),Illinois,0,0,0,0,0
071,17,197,82101,82114,00000,1,A,Wilmington city (pt.),Illinois,5209,5198,5186,5138,5125
071,17,197,99990,82114,00000,1,S,Balance of Wilmington township,Illinois,741,739,737,730,730
061,17,197,00000,82244,00000,1,A,Wilton township,Illinois,794,792,790,782,780
050,17,199,00000,00000,00000,0,A,Williamson County,Illinois,67152,67114,66883,66544,66706
157,17,199,10084,00000,00000,1,A,Bush village,Illinois,242,241,240,238,238
157,17,199,10630,00000,00000,1,A,Cambria village,Illinois,1505,1552,1750,1755,1769
157,17,199,11163,00000,00000,1,A,Carbondale city (pt.),Illinois,0,0,0,0,0
157,17,199,11514,00000,00000,1,A,Carterville city,Illinois,5855,5852,5821,5798,5808
157,17,199,15807,00000,00000,1,A,Colp village,Illinois,178,178,176,175,175
157,17,199,17185,00000,00000,1,A,Crainville village,Illinois,1440,1442,1456,1464,1473
157,17,199,17289,00000,00000,1,A,Creal Springs city,Illinois,506,505,501,497,497
157,17,199,24166,00000,00000,1,A,Energy village,Illinois,972,970,962,954,953
157,17,199,27858,00000,00000,1,A,Freeman Spur village (pt.),Illinois,149,149,148,147,146
157,17,199,34358,00000,00000,1,A,Herrin city,Illinois,12358,12339,12258,12174,12178
157,17,199,36815,00000,00000,1,A,Hurst city,Illinois,759,758,753,750,749
157,17,199,38544,00000,00000,1,A,Johnston City city,Illinois,3387,3379,3346,3317,3308
157,17,199,46916,00000,00000,1,A,Marion city,Illinois,16856,16840,16738,16695,16852
157,17,199,60209,00000,00000,1,A,Pittsburg village,Illinois,567,566,561,557,559
157,17,199,71526,00000,00000,1,A,Spillertown village,Illinois,180,180,178,177,177
157,17,199,72884,00000,00000,1,A,Stonefort village (pt.),Illinois,119,119,118,117,117
157,17,199,99990,00000,00000,1,S,Balance of Williamson County,Illinois,22079,22044,21877,21729,21707
050,17,201,00000,00000,00000,0,A,Winnebago County,Illinois,285337,284916,283333,281542,280922
157,17,201,13074,00000,00000,0,A,Cherry Valley village (pt.),Illinois,2561,2557,2543,2530,2528
157,17,201,21280,00000,00000,0,A,Durand village,Illinois,1392,1390,1382,1372,1371
157,17,201,45031,00000,00000,0,A,Loves Park city (pt.),Illinois,21774,21774,21720,21698,21720
157,17,201,45726,00000,00000,0,A,Machesney Park village,Illinois,22941,22932,22790,22699,22630
157,17,201,52701,00000,00000,0,A,New Milford village,Illinois,794,793,790,787,790
157,17,201,58408,00000,00000,0,A,Pecatonica village,Illinois,2086,2080,2067,2049,2042
157,17,201,65000,00000,00000,0,A,Rockford city (pt.),Illinois,148924,148670,147745,146646,146120
157,17,201,65156,00000,00000,0,A,Rockton village,Illinois,7866,7851,7815,7767,7768
157,17,201,65611,00000,00000,0,A,Roscoe village,Illinois,10974,10957,10906,10842,10843
157,17,201,70590,00000,00000,0,A,South Beloit city,Illinois,7987,7975,7938,7891,7893
157,17,201,82491,00000,00000,0,A,Winnebago village,Illinois,2929,2922,2906,2885,2875
157,17,201,99990,00000,00000,0,S,Balance of Winnebago County,Illinois,55109,55015,54731,54376,54342
061,17,201,00000,09915,00000,0,A,Burritt township,Illinois,1102,1100,1094,1087,1084
071,17,201,65000,09915,00000,1,A,Rockford city (pt.),Illinois,0,0,0,0,0
071,17,201,99990,09915,00000,1,S,Balance of Burritt township,Illinois,1102,1100,1094,1087,1084
061,17,201,00000,13087,00000,0,A,Cherry Valley township,Illinois,19362,19331,19226,19099,19067
071,17,201,13074,13087,00000,1,A,Cherry Valley village (pt.),Illinois,1387,1385,1377,1368,1367
071,17,201,52701,13087,00000,1,A,New Milford village (pt.),Illinois,0,0,0,0,0
071,17,201,65000,13087,00000,1,A,Rockford city (pt.),Illinois,10082,10066,10010,9941,9913
071,17,201,99990,13087,00000,1,F,Balance of Cherry Valley township,Illinois,7893,7880,7839,7790,7787
061,17,201,00000,21293,00000,0,A,Durand township,Illinois,2310,2306,2293,2277,2276
071,17,201,21280,21293,00000,1,A,Durand village,Illinois,1392,1390,1382,1372,1371
071,17,201,99990,21293,00000,1,S,Balance of Durand township,Illinois,918,916,911,905,905
061,17,201,00000,32928,00000,0,A,Harlem township,Illinois,39225,39209,39020,38891,38840
071,17,201,45031,32928,00000,1,A,Loves Park city (pt.),Illinois,11194,11195,11172,11166,11182
071,17,201,45726,32928,00000,1,A,Machesney Park village (pt.),Illinois,22581,22573,22433,22342,22276
071,17,201,65611,32928,00000,1,A,Roscoe village (pt.),Illinois,3207,3202,3186,3168,3170
071,17,201,99990,32928,00000,1,S,Balance of Harlem township,Illinois,2243,2239,2229,2215,2212
061,17,201,00000,33188,00000,1,A,Harrison township,Illinois,610,609,606,602,600
061,17,201,00000,42054,00000,1,A,Laona township,Illinois,1267,1265,1258,1250,1250
061,17,201,00000,57069,00000,0,A,Owen township,Illinois,3603,3597,3578,3556,3552
071,17,201,45726,57069,00000,1,A,Machesney Park village (pt.),Illinois,360,359,357,357,354
071,17,201,65000,57069,00000,1,A,Rockford city (pt.),Illinois,586,585,583,580,579
071,17,201,65611,57069,00000,1,A,Roscoe village (pt.),Illinois,64,64,64,63,63
071,17,201,99990,57069,00000,1,F,Balance of Owen township,Illinois,2593,2589,2574,2556,2556
061,17,201,00000,58421,00000,0,A,Pecatonica township,Illinois,4154,4145,4123,4091,4085
071,17,201,58408,58421,00000,1,A,Pecatonica village,Illinois,2086,2080,2067,2049,2042
071,17,201,99990,58421,00000,1,S,Balance of Pecatonica township,Illinois,2068,2065,2056,2042,2043
061,17,201,00000,65013,00000,0,A,Rockford township,Illinois,170491,170214,169204,168025,167522
071,17,201,13074,65013,00000,1,A,Cherry Valley village (pt.),Illinois,1174,1172,1166,1162,1161
071,17,201,45031,65013,00000,1,A,Loves Park city (pt.),Illinois,10580,10579,10548,10532,10538
071,17,201,52701,65013,00000,1,A,New Milford village (pt.),Illinois,794,793,790,787,790
071,17,201,65000,65013,00000,1,A,Rockford city (pt.),Illinois,138252,138015,137148,136121,135624
071,17,201,99990,65013,00000,1,F,Balance of Rockford township,Illinois,19691,19655,19552,19423,19409
061,17,201,00000,65169,00000,0,A,Rockton township,Illinois,16159,16131,16056,15959,15958
071,17,201,65156,65169,00000,1,A,Rockton village (pt.),Illinois,5870,5858,5830,5795,5792
071,17,201,65611,65169,00000,1,A,Roscoe village (pt.),Illinois,1391,1389,1384,1375,1375
071,17,201,70590,65169,00000,1,A,South Beloit city (pt.),Illinois,5202,5194,5170,5141,5142
071,17,201,99990,65169,00000,1,F,Balance of Rockton township,Illinois,3696,3690,3672,3648,3649
061,17,201,00000,65624,00000,0,A,Roscoe township,Illinois,20252,20220,20124,20000,20000
071,17,201,65156,65624,00000,1,A,Rockton village (pt.),Illinois,1996,1993,1985,1972,1976
071,17,201,65611,65624,00000,1,A,Roscoe village (pt.),Illinois,6312,6302,6272,6236,6235
071,17,201,70590,65624,00000,1,A,South Beloit city (pt.),Illinois,2785,2781,2768,2750,2751
071,17,201,99990,65624,00000,1,F,Balance of Roscoe township,Illinois,9159,9144,9099,9042,9038
061,17,201,00000,68783,00000,1,A,Seward township,Illinois,844,843,838,832,830
061,17,201,00000,69615,00000,1,A,Shirland township,Illinois,969,967,962,956,953
061,17,201,00000,82504,00000,0,A,Winnebago township,Illinois,4989,4979,4951,4917,4905
071,17,201,65000,82504,00000,1,A,Rockford city (pt.),Illinois,4,4,4,4,4
071,17,201,82491,82504,00000,1,A,Winnebago village,Illinois,2929,2922,2906,2885,2875
071,17,201,99990,82504,00000,1,F,Balance of Winnebago township,Illinois,2056,2053,2041,2028,2026
050,17,203,00000,00000,00000,0,A,Woodford County,Illinois,38465,38413,38220,38177,38285
157,17,203,04273,00000,00000,0,A,Bay View Gardens village,Illinois,356,355,353,352,351
157,17,203,05261,00000,00000,0,A,Benson village,Illinois,412,411,409,405,406
157,17,203,16119,00000,00000,0,A,Congerville village,Illinois,495,494,496,500,506
157,17,203,18940,00000,00000,0,A,Deer Creek village (pt.),Illinois,23,23,23,23,23
157,17,203,23737,00000,00000,0,A,El Paso city (pt.),Illinois,2758,2752,2736,2731,2735
157,17,203,24543,00000,00000,0,A,Eureka city,Illinois,5224,5216,5180,5172,5186
157,17,203,29080,00000,00000,0,A,Germantown Hills village,Illinois,3427,3421,3420,3429,3440
157,17,203,30445,00000,00000,0,A,Goodfield village (pt.),Illinois,693,694,695,701,705
157,17,203,39038,00000,00000,0,A,Kappa village,Illinois,229,231,229,229,229
157,17,203,48606,00000,00000,0,A,Metamora village,Illinois,3902,3896,3873,3865,3871
157,17,203,49568,00000,00000,0,A,Minonk city,Illinois,1927,1924,1909,1900,1902
157,17,203,57524,00000,00000,0,A,Panola village,Illinois,44,44,44,43,44
157,17,203,64590,00000,00000,0,A,Roanoke village,Illinois,1958,1955,1937,1930,1934
157,17,203,68510,00000,00000,0,A,Secor village,Illinois,340,340,337,336,335
157,17,203,71604,00000,00000,0,A,Spring Bay village,Illinois,468,467,468,471,478
157,17,203,79007,00000,00000,0,A,Washburn village (pt.),Illinois,980,978,969,965,965
157,17,203,99990,00000,00000,0,S,Balance of Woodford County,Illinois,15229,15212,15142,15125,15175
061,17,203,00000,11878,00000,0,A,Cazenovia township,Illinois,1645,1642,1629,1625,1626
071,17,203,79007,11878,00000,1,A,Washburn village (pt.),Illinois,980,978,969,965,965
071,17,203,99990,11878,00000,1,S,Balance of Cazenovia township,Illinois,665,664,660,660,661
061,17,203,00000,14793,00000,0,A,Clayton township,Illinois,638,637,633,628,630
071,17,203,05261,14793,00000,1,A,Benson village,Illinois,412,411,409,405,406
071,17,203,49568,14793,00000,1,A,Minonk city (pt.),Illinois,0,0,0,0,0
071,17,203,99990,14793,00000,1,F,Balance of Clayton township,Illinois,226,226,224,223,224
061,17,203,00000,17861,00000,0,A,Cruger township,Illinois,1857,1854,1844,1839,1846
071,17,203,24543,17861,00000,1,A,Eureka city (pt.),Illinois,1259,1257,1248,1245,1251
071,17,203,99990,17861,00000,1,F,Balance of Cruger township,Illinois,598,597,596,594,595
061,17,203,00000,23750,00000,0,A,El Paso township,Illinois,3418,3413,3392,3386,3393
071,17,203,23737,23750,00000,1,A,El Paso city (pt.),Illinois,2726,2720,2704,2699,2703
071,17,203,39038,23750,00000,1,A,Kappa village,Illinois,229,231,229,229,229
071,17,203,99990,23750,00000,1,F,Balance of El Paso township,Illinois,463,462,459,458,461
061,17,203,00000,31355,00000,1,A,Greene township,Illinois,451,450,447,449,447
061,17,203,00000,39012,00000,1,A,Kansas township,Illinois,445,444,444,442,443
061,17,203,00000,43835,00000,1,A,Linn township,Illinois,278,278,276,275,276
061,17,203,00000,48619,00000,0,A,Metamora township,Illinois,4539,4532,4507,4497,4507
071,17,203,48606,48619,00000,1,A,Metamora village (pt.),Illinois,3866,3860,3837,3829,3835
071,17,203,99990,48619,00000,1,F,Balance of Metamora township,Illinois,673,672,670,668,672
061,17,203,00000,49581,00000,0,A,Minonk township,Illinois,2123,2120,2103,2094,2096
071,17,203,49568,49581,00000,1,A,Minonk city (pt.),Illinois,1927,1924,1909,1900,1902
071,17,203,99990,49581,00000,1,F,Balance of Minonk township,Illinois,196,196,194,194,194
061,17,203,00000,50231,00000,0,A,Montgomery township,Illinois,2447,2445,2445,2452,2467
071,17,203,16119,50231,00000,1,A,Congerville village,Illinois,495,494,496,500,506
071,17,203,18940,50231,00000,1,A,Deer Creek village (pt.),Illinois,23,23,23,23,23
071,17,203,30445,50231,00000,1,A,Goodfield village (pt.),Illinois,693,694,695,701,705
071,17,203,99990,50231,00000,1,F,Balance of Montgomery township,Illinois,1236,1234,1231,1228,1233
061,17,203,00000,55821,00000,0,A,Olio township,Illinois,4707,4700,4671,4664,4673
071,17,203,24543,55821,00000,1,A,Eureka city (pt.),Illinois,3965,3959,3932,3927,3935
071,17,203,99990,55821,00000,1,F,Balance of Olio township,Illinois,742,741,739,737,738
061,17,203,00000,57290,00000,0,A,Palestine township,Illinois,1135,1134,1125,1125,1126
071,17,203,68510,57290,00000,1,A,Secor village,Illinois,340,340,337,336,335
071,17,203,99990,57290,00000,1,F,Balance of Palestine township,Illinois,795,794,788,789,791
061,17,203,00000,57537,00000,0,A,Panola township,Illinois,379,379,376,377,379
071,17,203,23737,57537,00000,1,A,El Paso city (pt.),Illinois,32,32,32,32,32
071,17,203,57524,57537,00000,1,A,Panola village,Illinois,44,44,44,43,44
071,17,203,99990,57537,00000,1,F,Balance of Panola township,Illinois,303,303,300,302,303
061,17,203,00000,58018,00000,1,A,Partridge township,Illinois,582,581,579,578,579
061,17,203,00000,64603,00000,0,A,Roanoke township,Illinois,2425,2421,2403,2394,2400
071,17,203,64590,64603,00000,1,A,Roanoke village,Illinois,1958,1955,1937,1930,1934
071,17,203,99990,64603,00000,1,F,Balance of Roanoke township,Illinois,467,466,466,464,466
061,17,203,00000,71611,00000,0,A,Spring Bay township,Illinois,2522,2519,2509,2511,2525
071,17,203,04273,71611,00000,1,A,Bay View Gardens village,Illinois,356,355,353,352,351
071,17,203,71604,71611,00000,1,A,Spring Bay village,Illinois,468,467,468,471,478
071,17,203,99990,71611,00000,1,F,Balance of Spring Bay township,Illinois,1698,1697,1688,1688,1696
061,17,203,00000,83544,00000,0,A,Worth township,Illinois,8874,8864,8837,8841,8872
071,17,203,29080,83544,00000,1,A,Germantown Hills village,Illinois,3427,3421,3420,3429,3440
071,17,203,48606,83544,00000,1,A,Metamora village (pt.),Illinois,36,36,36,36,36
071,17,203,99990,83544,00000,1,F,Balance of Worth township,Illinois,5411,5407,5381,5376,5396
