SUMLEV,STATE,COUNTY,PLACE,COUSUB,CONCIT,PRIMGEO_FLAG,FUNCSTAT,NAME,STNAME,CENSUS2010POP,ESTIMATESBASE2010,POPESTIMATE2010,POPESTIMATE2011,POPESTIMATE2012,POPESTIMATE2013,POPESTIMATE2014,POPESTIMATE2015,POPESTIMATE2016,POPESTIMATE2017,POPESTIMATE2018,POPESTIMATE2019
040,17,000,00000,00000,00000,0,A,Illinois,Illinois,12830632,12831572,12840503,12867454,12882510,12895129,12884493,12858913,12820527,12778828,12723071,12671821
162,17,000,00113,00000,00000,0,A,Abingdon city,Illinois,3319,3286,3285,3273,3242,3226,3212,3171,3141,3117,3073,3051
162,17,000,00230,00000,00000,0,A,Addieville village,Illinois,252,252,252,248,253,249,247,245,245,240,241,238
162,17,000,00243,00000,00000,0,A,Addison village,Illinois,36942,37084,37134,37319,37409,37493,37432,37339,37104,36946,36696,36482
162,17,000,00295,00000,00000,0,A,Adeline village,Illinois,85,85,85,84,84,83,82,82,81,81,80,80
162,17,000,00516,00000,00000,0,A,Albany village,Illinois,891,903,905,901,891,891,887,888,883,874,871,863
162,17,000,00555,00000,00000,0,A,Albers village,Illinois,1190,1182,1182,1184,1174,1165,1163,1161,1154,1150,1143,1135
162,17,000,00568,00000,00000,0,A,Albion city,Illinois,1988,2003,2006,1986,2002,1992,1973,1938,1943,1915,1895,1899
162,17,000,00646,00000,00000,0,A,Aledo city,Illinois,3640,3648,3640,3617,3578,3615,3572,3533,3482,3476,3459,3432
162,17,000,00672,00000,00000,0,A,Alexis village,Illinois,831,831,830,828,825,818,816,803,797,793,788,777
162,17,000,00685,00000,00000,0,A,Algonquin village,Illinois,30046,30065,30082,30031,29954,30390,30321,30471,30888,30895,30861,30897
162,17,000,00737,00000,00000,0,A,Alhambra village,Illinois,681,681,681,680,677,674,670,667,663,661,657,650
162,17,000,00815,00000,00000,0,A,Allendale village,Illinois,475,475,474,472,470,467,467,468,465,464,464,477
162,17,000,00867,00000,00000,0,A,Allenville village,Illinois,148,150,150,149,149,147,148,148,145,145,144,141
162,17,000,00880,00000,00000,0,A,Allerton village,Illinois,291,288,288,287,283,282,282,280,278,276,269,266
162,17,000,00919,00000,00000,0,A,Alma village,Illinois,320,321,321,319,317,315,314,312,311,309,304,303
162,17,000,00958,00000,00000,0,A,Alorton village,Illinois,2002,2034,2033,2017,1998,1978,1963,1947,1937,1932,1920,1901
162,17,000,00971,00000,00000,0,A,Alpha village,Illinois,671,669,669,664,664,657,653,649,647,641,639,635
162,17,000,00997,00000,00000,0,A,Alsey village,Illinois,227,227,226,222,224,221,219,217,214,212,209,210
162,17,000,01010,00000,00000,0,A,Alsip village,Illinois,19277,19271,19286,19355,19424,19459,19435,19341,19209,19040,18848,18709
162,17,000,01049,00000,00000,0,A,Altamont city,Illinois,2319,2322,2323,2315,2314,2307,2297,2303,2295,2290,2291,2339
162,17,000,01114,00000,00000,0,A,Alton city,Illinois,27865,27932,27898,27702,27505,27380,27194,27001,26865,26707,26467,26208
162,17,000,01140,00000,00000,0,A,Altona village,Illinois,531,529,529,525,523,520,518,512,508,505,499,497
162,17,000,01205,00000,00000,0,A,Alto Pass village,Illinois,391,387,385,386,383,381,377,377,372,369,366,362
162,17,000,01242,00000,00000,0,A,Alvan village,Illinois,270,270,270,270,268,267,265,263,261,256,252,249
162,17,000,01270,00000,00000,0,A,Amboy city,Illinois,2500,2511,2507,2473,2438,2416,2404,2375,2361,2359,2339,2321
162,17,000,01361,00000,00000,0,A,Anchor village,Illinois,146,146,146,146,147,148,146,145,144,144,141,140
162,17,000,01426,00000,00000,0,A,Andalusia village,Illinois,1178,1170,1173,1179,1190,1190,1184,1180,1169,1162,1154,1148
162,17,000,01491,00000,00000,0,A,Andover village,Illinois,578,578,578,578,578,576,575,575,573,573,571,572
162,17,000,01543,00000,00000,0,A,Anna city,Illinois,4442,4439,4415,4398,4370,4341,4298,4273,4224,4187,4147,4100
162,17,000,01569,00000,00000,0,A,Annawan town,Illinois,878,887,886,886,883,875,873,869,867,862,858,853
162,17,000,01595,00000,00000,0,A,Antioch village,Illinois,14430,14475,14485,14457,14423,14435,14413,14333,14295,14219,14219,14175
162,17,000,01673,00000,00000,0,A,Apple River village,Illinois,366,365,364,366,364,361,360,357,352,346,345,343
162,17,000,01881,00000,00000,0,A,Arcola city,Illinois,2916,2914,2914,2893,2895,2892,2896,2887,2879,2860,2834,2831
162,17,000,01946,00000,00000,0,A,Arenzville village,Illinois,409,409,409,409,403,399,393,386,383,377,372,367
162,17,000,01972,00000,00000,0,A,Argenta village,Illinois,947,939,941,940,932,926,917,905,900,890,881,877
162,17,000,02102,00000,00000,0,A,Arlington village,Illinois,193,193,193,191,190,188,187,185,185,183,182,181
162,17,000,02154,00000,00000,0,A,Arlington Heights village,Illinois,75101,75185,75252,75528,75918,76116,76145,75987,75795,75473,75116,74760
162,17,000,02206,00000,00000,0,A,Armington village,Illinois,343,347,347,347,345,344,341,333,331,330,325,323
162,17,000,02258,00000,00000,0,A,Aroma Park village,Illinois,743,735,735,732,728,721,714,706,701,694,686,682
162,17,000,02342,00000,00000,0,A,Arrowsmith village,Illinois,294,289,289,289,288,291,287,284,283,279,278,276
162,17,000,02414,00000,00000,0,A,Arthur village,Illinois,2288,2282,2282,2274,2274,2268,2265,2265,2250,2238,2216,2200
162,17,000,02479,00000,00000,0,A,Ashkum village,Illinois,761,764,763,766,757,746,742,737,725,713,705,693
162,17,000,02505,00000,00000,0,A,Ashland village,Illinois,1333,1336,1335,1336,1315,1308,1286,1262,1243,1225,1209,1191
162,17,000,02531,00000,00000,0,A,Ashley city,Illinois,536,536,535,528,527,517,515,510,506,495,495,490
162,17,000,02557,00000,00000,0,A,Ashmore village,Illinois,785,785,785,779,779,779,772,771,768,762,752,749
162,17,000,02583,00000,00000,0,A,Ashton village,Illinois,972,972,970,956,941,932,926,914,908,907,898,891
162,17,000,02609,00000,00000,0,A,Assumption city,Illinois,1168,1174,1173,1168,1157,1143,1132,1118,1107,1096,1082,1066
162,17,000,02635,00000,00000,0,A,Astoria town,Illinois,1141,1141,1141,1136,1125,1111,1101,1090,1081,1067,1055,1036
162,17,000,02674,00000,00000,0,A,Athens city,Illinois,1988,1993,1990,1990,1984,1966,1957,1932,1939,1926,1928,1908
162,17,000,02726,00000,00000,0,A,Atkinson town,Illinois,972,989,988,983,982,978,973,967,964,965,965,964
162,17,000,02752,00000,00000,0,A,Atlanta city,Illinois,1692,1694,1692,1692,1681,1673,1662,1646,1639,1631,1620,1600
162,17,000,02882,00000,00000,0,A,Atwood village,Illinois,1224,1221,1220,1213,1206,1196,1197,1189,1190,1177,1165,1158
162,17,000,02921,00000,00000,0,A,Auburn city,Illinois,4771,4813,4817,4832,4824,4814,4812,4784,4751,4707,4667,4623
162,17,000,02986,00000,00000,0,A,Augusta village,Illinois,587,587,586,584,579,569,562,559,559,551,546,543
162,17,000,03012,00000,00000,0,A,Aurora city,Illinois,197899,197975,198207,199150,199648,199803,200189,200315,200799,200391,199199,197757
162,17,000,03103,00000,00000,0,A,Ava city,Illinois,654,654,655,655,651,647,643,639,635,625,618,612
162,17,000,03181,00000,00000,0,A,Aviston village,Illinois,1945,1968,1987,2030,2048,2070,2075,2082,2094,2113,2129,2136
162,17,000,03207,00000,00000,0,A,Avon village,Illinois,799,799,799,793,783,773,764,755,749,737,728,714
162,17,000,03454,00000,00000,0,A,Baldwin village,Illinois,373,373,373,370,365,361,358,354,351,349,345,340
162,17,000,03571,00000,00000,0,A,Banner village,Illinois,189,189,189,190,188,186,187,185,185,183,183,182
162,17,000,03610,00000,00000,0,A,Bannockburn village,Illinois,1583,1490,1491,1512,1547,1487,1508,1533,1510,1512,1511,1506
162,17,000,03675,00000,00000,0,A,Bardolph village,Illinois,251,251,251,250,251,249,246,245,242,238,235,232
162,17,000,03844,00000,00000,0,A,Barrington village,Illinois,10327,10320,10327,10337,10347,10365,10377,10358,10333,10283,10254,10217
162,17,000,03883,00000,00000,0,A,Barrington Hills village,Illinois,4209,4231,4234,4240,4245,4253,4270,4263,4241,4225,4208,4190
162,17,000,03948,00000,00000,0,A,Barry city,Illinois,1318,1318,1315,1313,1303,1289,1275,1269,1264,1260,1250,1247
162,17,000,04000,00000,00000,0,A,Bartelso village,Illinois,595,602,602,607,607,604,605,608,606,609,610,610
162,17,000,04013,00000,00000,0,A,Bartlett village,Illinois,41208,41236,41284,41479,41632,41740,41700,41612,41369,41163,40906,40647
162,17,000,04039,00000,00000,0,A,Bartonville village,Illinois,6471,6481,6467,6453,6461,6487,6437,6394,6334,6246,6178,6113
162,17,000,04052,00000,00000,0,A,Basco village,Illinois,98,98,98,97,97,95,94,94,94,92,92,89
162,17,000,04078,00000,00000,0,A,Batavia city,Illinois,26045,26238,26262,26361,26392,26383,26399,26447,26392,26501,26303,26420
162,17,000,04117,00000,00000,0,A,Batchtown village,Illinois,214,214,214,212,210,211,207,203,203,203,202,198
162,17,000,04156,00000,00000,0,A,Bath village,Illinois,333,333,332,329,325,321,321,314,309,313,310,308
162,17,000,04247,00000,00000,0,A,Baylis village,Illinois,205,205,204,204,202,200,198,198,197,198,197,196
162,17,000,04273,00000,00000,0,A,Bay View Gardens village,Illinois,378,380,380,380,378,381,387,392,394,400,407,412
162,17,000,04303,00000,00000,0,A,Beach Park village,Illinois,13638,13630,13663,13702,13743,13829,13903,13914,13928,13915,13788,13701
162,17,000,04351,00000,00000,0,A,Beardstown city,Illinois,6123,6165,6161,6155,6061,5992,5890,5777,5696,5606,5522,5446
162,17,000,04507,00000,00000,0,A,Beaverville village,Illinois,362,357,357,356,353,349,346,344,339,334,331,326
162,17,000,04533,00000,00000,0,A,Beckemeyer village,Illinois,1040,1036,1039,1035,1027,1017,1010,1011,1004,1005,1013,1008
162,17,000,04572,00000,00000,0,A,Bedford Park village,Illinois,580,589,590,589,592,591,591,594,591,589,597,604
162,17,000,04585,00000,00000,0,A,Beecher village,Illinois,4359,4341,4357,4392,4420,4443,4444,4434,4435,4443,4434,4427
162,17,000,04598,00000,00000,0,A,Beecher City village,Illinois,463,461,460,457,456,455,453,453,454,455,457,453
162,17,000,04689,00000,00000,0,A,Belgium village,Illinois,404,396,396,396,390,390,387,381,378,374,369,367
162,17,000,04715,00000,00000,0,A,Belknap village,Illinois,104,104,104,104,107,104,106,105,107,106,106,106
162,17,000,04793,00000,00000,0,A,Belle Prairie City town,Illinois,54,52,52,52,52,51,51,51,50,50,50,50
162,17,000,04806,00000,00000,0,A,Belle Rive village,Illinois,361,360,359,359,358,358,355,356,356,354,350,350
162,17,000,04845,00000,00000,0,A,Belleville city,Illinois,44478,44301,44288,43922,43503,43036,42679,42235,41873,41683,41341,40897
162,17,000,04871,00000,00000,0,A,Bellevue village,Illinois,1978,2002,1999,2001,2008,2016,2011,1997,1981,1955,1938,2049
162,17,000,04897,00000,00000,0,A,Bellflower village,Illinois,357,359,359,360,359,362,357,352,351,349,347,344
162,17,000,04936,00000,00000,0,A,Bellmont village,Illinois,276,276,275,273,270,270,269,269,267,267,267,267
162,17,000,04975,00000,00000,0,A,Bellwood village,Illinois,19071,19055,19066,19119,19162,19179,19159,19299,19168,18990,18818,18672
162,17,000,05092,00000,00000,0,A,Belvidere city,Illinois,25585,25652,25609,25584,25370,25360,25317,25247,25222,25191,25156,25143
162,17,000,05144,00000,00000,0,A,Bement village,Illinois,1730,1728,1726,1737,1719,1697,1688,1677,1692,1680,1676,1667
162,17,000,05209,00000,00000,0,A,Benld city,Illinois,1556,1556,1557,1550,1526,1513,1492,1477,1463,1452,1441,1422
162,17,000,05248,00000,00000,0,A,Bensenville village,Illinois,18352,18348,18367,18450,18492,18529,18492,18443,18398,18328,18196,18044
162,17,000,05261,00000,00000,0,A,Benson village,Illinois,423,434,434,432,430,430,428,423,421,415,413,409
162,17,000,05274,00000,00000,0,A,Bentley town,Illinois,35,35,35,35,35,34,34,33,33,33,33,33
162,17,000,05300,00000,00000,0,A,Benton city,Illinois,7087,7079,7085,7084,7056,7003,6990,6984,6935,6932,6891,6851
162,17,000,05404,00000,00000,0,A,Berkeley village,Illinois,5209,5207,5210,5225,5237,5244,5238,5211,5171,5122,5067,5048
162,17,000,05443,00000,00000,0,A,Berlin village,Illinois,180,176,176,179,178,178,177,177,177,176,174,174
162,17,000,05573,00000,00000,0,A,Berwyn city,Illinois,56657,56653,56671,56791,56886,56914,56777,56436,55986,55435,54821,54391
162,17,000,05599,00000,00000,0,A,Bethalto village,Illinois,9521,9516,9516,9494,9458,9419,9372,9330,9307,9314,9277,9210
162,17,000,05612,00000,00000,0,A,Bethany village,Illinois,1352,1356,1355,1348,1340,1324,1312,1302,1282,1280,1262,1239
162,17,000,05898,00000,00000,0,A,Biggsville village,Illinois,304,315,316,307,300,296,298,297,290,287,282,278
162,17,000,05976,00000,00000,0,A,Big Rock village,Illinois,1126,1132,1133,1138,1140,1143,1149,1153,1152,1148,1139,1129
162,17,000,06028,00000,00000,0,A,Bingham village,Illinois,83,83,83,83,83,83,82,82,81,81,80,80
162,17,000,06171,00000,00000,0,A,Bishop Hill village,Illinois,128,128,128,128,127,127,126,126,123,123,122,122
162,17,000,06184,00000,00000,0,A,Bismarck village,Illinois,579,579,579,576,572,570,563,559,552,547,539,530
162,17,000,06470,00000,00000,0,A,Blandinsville village,Illinois,651,649,650,646,646,642,633,629,622,611,601,595
162,17,000,06587,00000,00000,0,A,Bloomingdale village,Illinois,22018,22059,22083,22194,22258,22320,22289,22233,22116,22031,21871,21779
162,17,000,06613,00000,00000,0,A,Bloomington city,Illinois,76610,76724,76848,77308,78020,79269,78901,78414,78343,78134,77804,77330
162,17,000,06704,00000,00000,0,A,Blue Island city,Illinois,23706,23701,23719,23807,23863,23884,23841,23707,23537,23317,23074,22899
162,17,000,06756,00000,00000,0,A,Blue Mound village,Illinois,1158,1156,1156,1158,1147,1140,1126,1112,1102,1087,1077,1072
162,17,000,06899,00000,00000,0,A,Bluffs village,Illinois,715,715,711,698,706,694,689,680,673,664,654,659
162,17,000,06964,00000,00000,0,A,Bluford village,Illinois,688,691,690,689,688,684,682,679,679,676,667,669
162,17,000,07133,00000,00000,0,A,Bolingbrook village,Illinois,73366,73365,73475,73789,73949,73909,74032,74142,74383,75003,75043,74545
162,17,000,07211,00000,00000,0,A,Bondville village,Illinois,443,440,441,445,448,452,453,449,446,442,438,431
162,17,000,07224,00000,00000,0,A,Bone Gap village,Illinois,246,246,246,244,246,244,242,238,239,236,233,234
162,17,000,07237,00000,00000,0,A,Bonfield village,Illinois,382,382,382,382,380,374,371,368,363,361,357,356
162,17,000,07263,00000,00000,0,A,Bonnie village,Illinois,397,397,396,396,395,394,390,388,388,386,381,381
162,17,000,07471,00000,00000,0,A,Bourbonnais village,Illinois,18631,18690,18691,18743,18677,19130,19085,19601,19589,19571,19472,19462
162,17,000,07510,00000,00000,0,A,Bowen village,Illinois,494,494,494,491,487,480,473,472,472,463,460,457
162,17,000,07640,00000,00000,0,A,Braceville village,Illinois,793,793,796,790,785,781,778,771,764,762,760,759
162,17,000,07692,00000,00000,0,A,Bradford village,Illinois,768,768,765,748,735,730,718,704,705,698,692,682
162,17,000,07744,00000,00000,0,A,Bradley village,Illinois,15895,15895,15889,15912,15840,15740,15625,15540,15430,15344,15294,15314
162,17,000,07770,00000,00000,0,A,Braidwood city,Illinois,6191,6220,6236,6242,6248,6233,6229,6229,6230,6217,6203,6186
162,17,000,07913,00000,00000,0,A,Breese city,Illinois,4442,4442,4450,4494,4493,4472,4464,4476,4478,4487,4496,4483
162,17,000,08186,00000,00000,0,A,Bridgeport city,Illinois,1886,1909,1916,1911,1895,1873,1844,1829,1799,1769,1731,1705
162,17,000,08225,00000,00000,0,A,Bridgeview village,Illinois,16446,16439,16461,16530,16580,16615,16604,16537,16446,16316,16186,16096
162,17,000,08264,00000,00000,0,A,Brighton village,Illinois,2254,2253,2257,2256,2223,2215,2199,2177,2163,2153,2149,2131
162,17,000,08303,00000,00000,0,A,Brimfield village,Illinois,868,868,869,868,870,875,866,861,852,840,835,828
162,17,000,08420,00000,00000,0,A,Broadlands village,Illinois,349,349,350,353,354,356,354,354,351,348,342,337
162,17,000,08446,00000,00000,0,A,Broadview village,Illinois,7932,7919,7923,7946,7963,7968,7952,7905,7843,7768,7681,7618
162,17,000,08472,00000,00000,0,A,Broadwell village,Illinois,145,145,145,145,143,143,142,141,140,140,139,136
162,17,000,08524,00000,00000,0,A,Brocton village,Illinois,322,322,321,319,315,309,307,302,300,298,296,293
162,17,000,08576,00000,00000,0,A,Brookfield village,Illinois,18978,18974,18982,19031,19068,19082,19050,18964,18829,18656,18462,18310
162,17,000,08667,00000,00000,0,A,Brooklyn village,Illinois,749,749,748,742,734,728,722,717,711,710,704,698
162,17,000,08706,00000,00000,0,A,Brookport city,Illinois,984,980,976,970,954,938,881,870,868,859,840,826
162,17,000,08875,00000,00000,0,A,Broughton village,Illinois,194,192,192,191,190,190,189,189,188,188,187,186
162,17,000,08953,00000,00000,0,A,Browning village,Illinois,137,137,137,135,135,134,132,129,127,126,124,123
162,17,000,08979,00000,00000,0,A,Browns village,Illinois,134,134,134,133,134,133,132,131,132,130,129,129
162,17,000,08992,00000,00000,0,A,Brownstown village,Illinois,759,757,756,758,754,752,750,746,738,736,731,727
162,17,000,09148,00000,00000,0,A,Brussels village,Illinois,141,141,141,140,138,138,136,134,135,133,134,131
162,17,000,09161,00000,00000,0,A,Bryant village,Illinois,220,222,222,221,221,220,218,218,216,215,215,213
162,17,000,09304,00000,00000,0,A,Buckingham village,Illinois,300,300,300,300,298,293,291,288,286,284,279,278
162,17,000,09317,00000,00000,0,A,Buckley village,Illinois,600,608,607,600,595,586,579,575,568,558,549,542
162,17,000,09330,00000,00000,0,A,Buckner village,Illinois,462,460,460,460,458,455,452,452,449,448,442,440
162,17,000,09356,00000,00000,0,A,Buda village,Illinois,538,538,537,532,528,525,522,516,514,511,506,501
162,17,000,09434,00000,00000,0,A,Buffalo village,Illinois,503,499,499,501,500,499,498,495,491,489,485,480
162,17,000,09447,00000,00000,0,A,Buffalo Grove village,Illinois,41496,41503,41536,41655,41662,41745,41700,41499,41381,41147,40775,40494
162,17,000,09531,00000,00000,0,A,Bull Valley village,Illinois,1077,1111,1111,1108,1104,1094,1088,1090,1083,1085,1082,1084
162,17,000,09538,00000,00000,0,A,Bulpitt village,Illinois,222,222,222,221,220,215,213,210,209,207,203,201
162,17,000,09551,00000,00000,0,A,Buncombe village,Illinois,203,203,203,204,204,204,203,203,205,203,204,203
162,17,000,09577,00000,00000,0,A,Bunker Hill city,Illinois,1774,1787,1788,1785,1762,1748,1731,1721,1712,1708,1700,1687
162,17,000,09642,00000,00000,0,A,Burbank city,Illinois,28925,28925,28946,29062,29167,29249,29246,29137,28972,28738,28486,28289
162,17,000,09681,00000,00000,0,A,Bureau Junction village,Illinois,322,321,321,318,315,313,311,308,307,305,303,300
162,17,000,09759,00000,00000,0,A,Burlington village,Illinois,618,624,625,627,628,628,631,634,633,630,626,620
162,17,000,09798,00000,00000,0,A,Burnham village,Illinois,4206,4206,4213,4227,4238,4241,4236,4217,4190,4156,4115,4088
162,17,000,09889,00000,00000,0,A,Burnt Prairie village,Illinois,52,52,52,52,51,51,51,50,50,49,48,48
162,17,000,09980,00000,00000,0,A,Burr Ridge village,Illinois,10559,10535,10548,10624,10674,10720,10735,10766,10762,10773,10742,10758
162,17,000,10084,00000,00000,0,A,Bush village,Illinois,275,275,275,275,274,274,273,273,272,271,268,267
162,17,000,10110,00000,00000,0,A,Bushnell city,Illinois,3117,3111,3113,3103,3105,3085,3050,3030,2996,2939,2899,2866
162,17,000,10149,00000,00000,0,A,Butler village,Illinois,180,175,175,173,174,172,170,171,170,168,167,165
162,17,000,10240,00000,00000,0,A,Byron city,Illinois,3753,3834,3831,3795,3785,3747,3723,3708,3679,3680,3670,3668
162,17,000,10292,00000,00000,0,A,Cabery village,Illinois,266,266,266,263,263,259,255,254,254,250,250,246
162,17,000,10370,00000,00000,0,A,Cahokia village,Illinois,15241,15238,15227,15073,14902,14720,14574,14407,14279,14189,14052,13880
162,17,000,10383,00000,00000,0,A,Cairo city,Illinois,2831,2831,2819,2742,2657,2619,2564,2446,2335,2270,2184,2082
162,17,000,10422,00000,00000,0,A,Caledonia village,Illinois,197,199,199,198,197,197,194,193,193,193,193,193
162,17,000,10448,00000,00000,0,A,Calhoun village,Illinois,172,172,172,171,171,169,170,169,167,168,168,166
162,17,000,10487,00000,00000,0,A,Calumet City city,Illinois,37042,37116,37150,37268,37365,37415,37358,37164,36903,36568,36190,35913
162,17,000,10513,00000,00000,0,A,Calumet Park village,Illinois,7835,7831,7851,7884,7910,7928,7915,7871,7816,7743,7664,7602
162,17,000,10591,00000,00000,0,A,Camargo village,Illinois,445,445,445,448,448,452,453,455,452,451,448,447
162,17,000,10630,00000,00000,0,A,Cambria village,Illinois,1228,1229,1229,1255,1265,1265,1265,1271,1276,1270,1273,1463
162,17,000,10643,00000,00000,0,A,Cambridge village,Illinois,2160,2163,2162,2156,2154,2136,2130,2120,2109,2096,2086,2078
162,17,000,10695,00000,00000,0,A,Camden village,Illinois,86,86,86,85,85,84,83,81,80,81,80,78
162,17,000,10773,00000,00000,0,A,Campbell Hill village,Illinois,336,336,337,336,334,330,328,326,324,317,314,310
162,17,000,10877,00000,00000,0,A,Camp Point village,Illinois,1132,1136,1137,1135,1134,1129,1129,1125,1117,1109,1098,1093
162,17,000,10906,00000,00000,0,A,Campton Hills village,Illinois,11131,11065,11081,11140,11172,11200,11209,11227,11221,11193,11130,11091
162,17,000,10916,00000,00000,0,A,Campus village,Illinois,166,166,166,166,165,162,160,158,158,158,156,157
162,17,000,11007,00000,00000,0,A,Canton city,Illinois,14704,14715,14714,14635,14489,14453,14286,14144,14024,13849,13710,13506
162,17,000,11033,00000,00000,0,A,Cantrall village,Illinois,139,139,139,140,139,139,139,138,137,138,137,133
162,17,000,11124,00000,00000,0,A,Capron village,Illinois,1376,1376,1374,1370,1359,1358,1352,1349,1349,1356,1360,1362
162,17,000,11150,00000,00000,0,A,Carbon Cliff village,Illinois,2134,2079,2080,2070,2069,2060,2048,2029,2008,1990,1970,1957
162,17,000,11163,00000,00000,0,A,Carbondale city,Illinois,25902,26414,26522,26541,25406,26309,26148,26165,25895,25567,25308,25083
162,17,000,11176,00000,00000,0,A,Carbon Hill village,Illinois,345,345,345,346,350,346,344,342,337,338,335,335
162,17,000,11202,00000,00000,0,A,Carlinville city,Illinois,5917,5917,5920,5904,5813,5747,5693,5652,5612,5581,5543,5481
162,17,000,11215,00000,00000,0,A,Carlock village,Illinois,552,552,554,555,557,573,562,561,563,565,561,557
162,17,000,11228,00000,00000,0,A,Carlyle city,Illinois,3281,3299,3300,3302,3282,3250,3235,3230,3212,3209,3203,3186
162,17,000,11293,00000,00000,0,A,Carmi city,Illinois,5240,5244,5219,5214,5189,5157,5091,5063,5019,4951,4843,4811
162,17,000,11332,00000,00000,0,A,Carol Stream village,Illinois,39711,39541,39587,39818,40018,40148,40171,40152,39945,39813,39507,39203
162,17,000,11358,00000,00000,0,A,Carpentersville village,Illinois,37691,37669,37737,37977,38035,38117,38238,38310,38168,37975,37634,37254
162,17,000,11397,00000,00000,0,A,Carrier Mills village,Illinois,1653,1653,1653,1651,1651,1644,1623,1621,1603,1585,1573,1552
162,17,000,11462,00000,00000,0,A,Carrollton city,Illinois,2484,2484,2485,2477,2439,2434,2394,2419,2419,2428,2412,2398
162,17,000,11514,00000,00000,0,A,Carterville city,Illinois,5496,5555,5563,5599,5649,5732,5824,5870,5889,5871,5885,5847
162,17,000,11527,00000,00000,0,A,Carthage city,Illinois,2605,2609,2607,2594,2573,2538,2511,2502,2507,2480,2469,2457
162,17,000,11592,00000,00000,0,A,Cary village,Illinois,18271,18341,18348,18274,18197,18071,18023,17993,17903,17877,17836,18067
162,17,000,11618,00000,00000,0,A,Casey city,Illinois,2769,2786,2780,2762,2771,2745,2733,2702,2696,2684,2644,2620
162,17,000,11644,00000,00000,0,A,Caseyville village,Illinois,4245,4211,4262,4224,4184,4132,4102,4065,4038,4058,4099,4110
162,17,000,11774,00000,00000,0,A,Catlin village,Illinois,2040,2044,2045,2045,2037,2039,2022,2004,1990,1967,1954,1926
162,17,000,11826,00000,00000,0,A,Cave-In-Rock village,Illinois,318,318,318,316,315,306,304,298,292,287,285,280
162,17,000,11982,00000,00000,0,A,Cedar Point village,Illinois,277,275,275,274,270,267,265,263,260,259,257,256
162,17,000,12008,00000,00000,0,A,Cedarville village,Illinois,741,742,741,736,728,725,719,705,706,698,694,689
162,17,000,12151,00000,00000,0,A,Central City village,Illinois,1172,1172,1171,1167,1163,1155,1150,1146,1139,1129,1120,1115
162,17,000,12164,00000,00000,0,A,Centralia city,Illinois,13032,13029,13021,12941,12854,12750,12676,12587,12476,12372,12272,12210
162,17,000,12203,00000,00000,0,A,Centreville city,Illinois,5309,5327,5326,5280,5227,5171,5136,5089,5042,5009,4959,4897
162,17,000,12268,00000,00000,0,A,Cerro Gordo village,Illinois,1403,1430,1428,1418,1398,1381,1377,1368,1378,1364,1350,1347
162,17,000,12294,00000,00000,0,A,Chadwick village,Illinois,551,551,551,547,543,537,532,527,525,521,517,516
162,17,000,12385,00000,00000,0,A,Champaign city,Illinois,81055,81246,81405,82330,83202,84112,84953,86218,87244,87839,87994,88909
162,17,000,12450,00000,00000,0,A,Chandlerville village,Illinois,553,557,557,557,548,543,535,527,520,511,502,494
162,17,000,12476,00000,00000,0,A,Channahon village,Illinois,12560,12578,12603,12599,12604,12634,12624,12603,12618,12788,13045,13239
162,17,000,12528,00000,00000,0,A,Chapin village,Illinois,512,512,511,512,507,504,502,500,495,489,486,478
162,17,000,12567,00000,00000,0,A,Charleston city,Illinois,21838,21844,21852,21837,21633,21370,21059,20792,20539,20382,20192,20117
162,17,000,12684,00000,00000,0,A,Chatham village,Illinois,11500,11732,11781,11956,12076,12188,12340,12465,12587,12775,12812,13008
162,17,000,12710,00000,00000,0,A,Chatsworth town,Illinois,1205,1212,1209,1205,1193,1178,1161,1146,1137,1136,1119,1115
162,17,000,12801,00000,00000,0,A,Chebanse village,Illinois,1062,1065,1064,1059,1046,1035,1027,1019,1006,995,984,971
162,17,000,12931,00000,00000,0,A,Chenoa city,Illinois,1785,1785,1785,1788,1791,1806,1779,1765,1758,1746,1737,1723
162,17,000,12970,00000,00000,0,A,Cherry village,Illinois,482,486,485,481,477,474,471,466,462,459,457,453
162,17,000,13074,00000,00000,0,A,Cherry Valley village,Illinois,3162,2970,2967,2963,2949,2942,2918,2908,2901,2892,2888,2877
162,17,000,13139,00000,00000,0,A,Chester city,Illinois,8586,8586,8580,8622,8529,8659,8643,8562,8336,8309,8283,8213
162,17,000,13165,00000,00000,0,A,Chesterfield village,Illinois,188,188,188,188,185,184,181,180,179,178,179,177
162,17,000,14000,00000,00000,0,A,Chicago city,Illinois,2695598,2695652,2697477,2708114,2719141,2725731,2727066,2724344,2716723,2711069,2701423,2693976
162,17,000,14026,00000,00000,0,A,Chicago Heights city,Illinois,30276,30367,30385,30468,30538,30582,30528,30364,30144,29866,29553,29322
162,17,000,14065,00000,00000,0,A,Chicago Ridge village,Illinois,14305,14304,14319,14392,14433,14458,14442,14371,14276,14158,14027,13928
162,17,000,14117,00000,00000,0,A,Chillicothe city,Illinois,6097,6095,6089,6117,6128,6180,6143,6236,6209,6132,6074,6012
162,17,000,14273,00000,00000,0,A,Chrisman city,Illinois,1343,1383,1378,1369,1353,1336,1326,1303,1291,1281,1279,1265
162,17,000,14286,00000,00000,0,A,Christopher city,Illinois,2382,2847,2850,2849,2834,2806,2799,2793,2768,2759,2734,2717
162,17,000,14351,00000,00000,0,A,Cicero town,Illinois,83891,84241,84267,84438,84569,84601,84397,83884,83219,82399,81477,80796
162,17,000,14442,00000,00000,0,A,Cisco village,Illinois,261,256,256,254,251,248,248,247,249,247,243,242
162,17,000,14455,00000,00000,0,A,Cisne village,Illinois,672,681,682,678,678,678,676,674,675,669,665,660
162,17,000,14468,00000,00000,0,A,Cissna Park village,Illinois,846,864,863,854,845,836,827,823,811,800,790,779
162,17,000,14533,00000,00000,0,A,Claremont village,Illinois,176,174,173,173,174,171,171,173,171,171,170,170
162,17,000,14572,00000,00000,0,A,Clarendon Hills village,Illinois,8427,8431,8442,8522,8584,8649,8676,8696,8691,8716,8771,8752
162,17,000,14715,00000,00000,0,A,Clay City village,Illinois,959,964,965,957,957,945,935,931,922,917,917,911
162,17,000,14767,00000,00000,0,A,Clayton village,Illinois,709,707,707,704,703,747,746,694,687,680,675,673
162,17,000,14845,00000,00000,0,A,Clear Lake village,Illinois,229,223,223,224,226,225,225,226,224,222,222,220
162,17,000,14923,00000,00000,0,A,Cleveland village,Illinois,188,190,190,189,189,188,187,187,184,183,182,182
162,17,000,14936,00000,00000,0,A,Clifton village,Illinois,1468,1469,1468,1453,1438,1421,1410,1400,1382,1360,1342,1321
162,17,000,15001,00000,00000,0,A,Clinton city,Illinois,7225,7397,7407,7370,7332,7273,7191,7154,7111,6999,6940,6857
162,17,000,15170,00000,00000,0,A,Coal City village,Illinois,5587,5695,5698,5667,5646,5625,5598,5555,5500,5477,5459,5409
162,17,000,15209,00000,00000,0,A,Coalton village,Illinois,304,304,304,303,299,301,298,295,293,290,291,286
162,17,000,15235,00000,00000,0,A,Coal Valley village,Illinois,3743,3733,3739,3746,3772,3787,3799,3792,3772,3758,3735,3723
162,17,000,15261,00000,00000,0,A,Coatsburg village,Illinois,147,147,147,147,146,146,146,145,145,144,142,142
162,17,000,15300,00000,00000,0,A,Cobden village,Illinois,1157,1145,1139,1131,1123,1116,1122,1111,1099,1091,1079,1064
162,17,000,15352,00000,00000,0,A,Coffeen city,Illinois,685,685,684,678,675,675,668,662,660,652,650,644
162,17,000,15378,00000,00000,0,A,Colchester city,Illinois,1401,1390,1391,1388,1390,1381,1367,1358,1344,1319,1301,1288
162,17,000,15469,00000,00000,0,A,Coleta village,Illinois,164,162,162,161,160,159,157,157,156,155,156,152
162,17,000,15495,00000,00000,0,A,Colfax village,Illinois,1061,1059,1059,1058,1059,1067,1053,1043,1036,1028,1022,1013
162,17,000,15599,00000,00000,0,A,Collinsville city,Illinois,25579,25654,25634,25455,25328,25165,24986,24841,24732,24770,24573,24395
162,17,000,15664,00000,00000,0,A,Colona city,Illinois,5099,5153,5153,5144,5147,5120,5156,5157,5151,5137,5123,5120
162,17,000,15807,00000,00000,0,A,Colp village,Illinois,225,210,210,212,211,211,212,212,213,211,213,210
162,17,000,15833,00000,00000,0,A,Columbia city,Illinois,9707,9698,9725,9825,9880,9987,10070,10152,10232,10313,10428,10513
162,17,000,15846,00000,00000,0,A,Columbus village,Illinois,99,99,99,99,99,98,98,98,97,97,96,96
162,17,000,15989,00000,00000,0,A,Compton village,Illinois,303,303,302,299,295,292,291,288,287,287,285,283
162,17,000,16054,00000,00000,0,A,Concord village,Illinois,167,167,167,167,166,164,164,163,161,157,156,154
162,17,000,16119,00000,00000,0,A,Congerville village,Illinois,474,477,477,480,480,483,486,489,492,490,492,492
162,17,000,16210,00000,00000,0,A,Cooksville village,Illinois,182,189,189,189,188,190,187,186,185,184,183,179
162,17,000,16366,00000,00000,0,A,Cordova village,Illinois,672,676,676,674,675,675,677,669,662,655,649,645
162,17,000,16405,00000,00000,0,A,Cornell village,Illinois,467,486,485,486,484,481,475,469,466,464,458,455
162,17,000,16470,00000,00000,0,A,Cortland town,Illinois,4270,4271,4296,4285,4319,4321,4339,4336,4328,4333,4371,4408
162,17,000,16613,00000,00000,0,A,Coulterville village,Illinois,945,945,944,943,930,927,923,916,911,909,906,895
162,17,000,16691,00000,00000,0,A,Country Club Hills city,Illinois,16541,16783,16795,16853,17099,17132,17112,17028,16916,16770,16599,16482
162,17,000,16873,00000,00000,0,A,Countryside city,Illinois,5895,5878,5923,5949,5970,5985,6028,6011,5990,5950,5944,5933
162,17,000,17055,00000,00000,0,A,Cowden village,Illinois,629,615,614,607,604,599,597,588,584,584,582,579
162,17,000,17185,00000,00000,0,A,Crainville village,Illinois,1254,1264,1270,1291,1304,1347,1360,1374,1391,1392,1400,1400
162,17,000,17289,00000,00000,0,A,Creal Springs city,Illinois,543,545,545,546,543,543,540,542,538,536,533,527
162,17,000,17406,00000,00000,0,A,Crescent City village,Illinois,615,615,615,614,608,601,597,590,583,574,566,556
162,17,000,17458,00000,00000,0,A,Crest Hill city,Illinois,20837,20800,20824,21028,21013,21201,21231,20710,20643,20584,20498,20376
162,17,000,17471,00000,00000,0,A,Creston village,Illinois,662,667,666,667,668,664,663,658,649,649,650,647
162,17,000,17497,00000,00000,0,A,Crestwood village,Illinois,10950,10948,10956,10993,11021,11041,11031,10982,10915,10829,10757,10706
162,17,000,17523,00000,00000,0,A,Crete village,Illinois,8259,8230,8269,8267,8263,8233,8209,8178,8164,8124,8081,8023
162,17,000,17549,00000,00000,0,A,Creve Coeur village,Illinois,5451,5481,5481,5478,5473,5458,5407,5310,5274,5247,5203,5169
162,17,000,17783,00000,00000,0,A,Crossville village,Illinois,745,750,746,746,742,736,726,722,716,707,692,689
162,17,000,17887,00000,00000,0,A,Crystal Lake city,Illinois,40743,40752,40766,40618,40469,40375,40439,40332,40118,40069,39993,39829
162,17,000,17991,00000,00000,0,A,Cuba city,Illinois,1294,1300,1301,1292,1277,1259,1246,1234,1221,1204,1190,1170
162,17,000,18030,00000,00000,0,A,Cullom village,Illinois,555,566,565,564,557,551,542,537,532,532,523,522
162,17,000,18147,00000,00000,0,A,Curran village,Illinois,212,212,212,213,213,214,214,212,213,211,209,207
162,17,000,18225,00000,00000,0,A,Cutler village,Illinois,441,441,440,437,434,430,424,424,421,419,417,413
162,17,000,18251,00000,00000,0,A,Cypress village,Illinois,234,234,235,235,236,235,235,234,236,235,235,235
162,17,000,18303,00000,00000,0,A,Dahlgren village,Illinois,525,525,524,523,521,518,515,512,508,508,503,502
162,17,000,18342,00000,00000,0,A,Dakota village,Illinois,506,507,506,503,497,495,488,483,479,474,470,468
162,17,000,18420,00000,00000,0,A,Dallas City city,Illinois,945,945,944,939,925,912,905,902,899,885,877,872
162,17,000,18446,00000,00000,0,A,Dalton City village,Illinois,544,546,546,543,542,537,530,527,519,517,512,501
162,17,000,18459,00000,00000,0,A,Dalzell village,Illinois,717,716,715,706,701,697,690,683,678,671,668,659
162,17,000,18472,00000,00000,0,A,Damiansville village,Illinois,491,486,489,488,485,480,480,481,482,486,490,489
162,17,000,18485,00000,00000,0,A,Dana village,Illinois,159,159,159,158,157,156,155,153,153,152,151,150
162,17,000,18498,00000,00000,0,A,Danforth village,Illinois,604,605,604,598,594,586,582,580,572,565,559,552
162,17,000,18537,00000,00000,0,A,Danvers village,Illinois,1154,1154,1154,1153,1154,1165,1147,1136,1128,1119,1110,1100
162,17,000,18563,00000,00000,0,A,Danville city,Illinois,33027,33033,33033,32924,32708,32614,32225,31966,31689,31363,30890,30479
162,17,000,18628,00000,00000,0,A,Darien city,Illinois,22086,21951,21976,22086,22149,22200,22173,22111,21987,21931,21790,21628
162,17,000,18706,00000,00000,0,A,Davis village,Illinois,677,677,676,669,664,661,653,646,642,635,630,627
162,17,000,18719,00000,00000,0,A,Davis Junction village,Illinois,2373,2362,2361,2354,2341,2318,2307,2292,2277,2283,2312,2344
162,17,000,18745,00000,00000,0,A,Dawson village,Illinois,509,505,505,507,506,505,501,499,495,491,486,482
162,17,000,18823,00000,00000,0,A,Decatur city,Illinois,76122,76131,76105,75922,75449,74955,74155,73265,72510,71790,71136,70746
162,17,000,18940,00000,00000,0,A,Deer Creek village,Illinois,704,704,704,704,707,703,697,684,680,674,668,663
162,17,000,18992,00000,00000,0,A,Deerfield village,Illinois,18225,18227,18245,18269,18260,18300,18353,18971,18965,18908,18741,18646
162,17,000,19031,00000,00000,0,A,Deer Grove village,Illinois,48,48,48,48,47,47,47,47,46,46,45,45
162,17,000,19083,00000,00000,0,A,Deer Park village,Illinois,3200,3130,3133,3140,3140,3148,3157,3664,3656,3645,4250,4225
162,17,000,19161,00000,00000,0,A,DeKalb city,Illinois,43862,44123,44101,43708,43503,43251,43240,42967,42764,42783,42699,42847
162,17,000,19200,00000,00000,0,A,De Land village,Illinois,446,446,446,445,440,433,432,430,433,430,427,425
162,17,000,19226,00000,00000,0,A,Delavan city,Illinois,1689,1710,1710,1708,1707,1699,1682,1652,1653,1645,1629,1616
162,17,000,19499,00000,00000,0,A,De Pue village,Illinois,1838,1834,1832,1810,1793,1780,1762,1740,1733,1718,1705,1683
162,17,000,19616,00000,00000,0,A,De Soto village,Illinois,1590,1585,1587,1595,1589,1590,1577,1567,1561,1537,1518,1502
162,17,000,19642,00000,00000,0,A,Des Plaines city,Illinois,58364,58383,58454,58725,58978,59112,59104,58811,58430,58078,58854,58899
162,17,000,19681,00000,00000,0,A,Detroit village,Illinois,83,83,83,82,82,81,80,80,80,79,81,81
162,17,000,19798,00000,00000,0,A,De Witt village,Illinois,184,184,184,184,183,182,182,181,182,179,178,176
162,17,000,19837,00000,00000,0,A,Diamond village,Illinois,2527,2535,2537,2533,2529,2525,2518,2505,2496,2505,2513,2506
162,17,000,19915,00000,00000,0,A,Dieterich village,Illinois,617,617,616,611,610,609,606,607,605,600,600,595
162,17,000,20045,00000,00000,0,A,Divernon village,Illinois,1172,1173,1174,1175,1172,1166,1161,1153,1142,1130,1117,1105
162,17,000,20123,00000,00000,0,A,Dix village,Illinois,461,456,455,455,455,453,450,448,448,446,440,440
162,17,000,20149,00000,00000,0,A,Dixmoor village,Illinois,3644,3584,3591,3612,3629,3640,3640,3632,3620,3599,3579,3563
162,17,000,20162,00000,00000,0,A,Dixon city,Illinois,15733,15766,15742,15613,15511,15564,15437,15242,15293,15315,15209,15115
162,17,000,20292,00000,00000,0,A,Dolton village,Illinois,23153,23074,23090,23168,23224,23284,23249,23125,22963,22755,22519,22348
162,17,000,20305,00000,00000,0,A,Dongola village,Illinois,726,724,722,721,717,715,708,703,696,690,685,678
162,17,000,20318,00000,00000,0,A,Donnellson village,Illinois,210,210,210,208,207,207,205,203,200,198,199,195
162,17,000,20331,00000,00000,0,A,Donovan village,Illinois,304,304,304,303,303,297,295,293,287,283,280,274
162,17,000,20370,00000,00000,0,A,Dorchester village,Illinois,151,151,151,151,149,147,146,144,142,140,140,138
162,17,000,20526,00000,00000,0,A,Dover village,Illinois,168,164,164,162,161,160,159,158,157,156,155,153
162,17,000,20565,00000,00000,0,A,Dowell village,Illinois,408,408,409,408,406,404,401,399,398,394,390,386
162,17,000,20591,00000,00000,0,A,Downers Grove village,Illinois,47833,48882,48944,49226,49441,49698,49768,49785,49624,49558,49323,49057
162,17,000,20643,00000,00000,0,A,Downs village,Illinois,1005,994,994,993,996,1005,989,981,975,969,958,951
162,17,000,20890,00000,00000,0,A,Du Bois village,Illinois,205,205,205,204,203,200,200,198,196,191,191,189
162,17,000,21098,00000,00000,0,A,Dunfermline village,Illinois,300,313,313,311,308,304,300,297,294,291,288,283
162,17,000,21176,00000,00000,0,A,Dunlap village,Illinois,1386,1500,1497,1502,1505,1518,1510,1501,1493,1475,1458,1448
162,17,000,21254,00000,00000,0,A,Dupo village,Illinois,4138,4179,4176,4145,4109,4063,4030,3995,3970,3952,3921,3877
162,17,000,21267,00000,00000,0,A,Du Quoin city,Illinois,6109,6108,6099,6064,6014,5994,5894,5844,5820,5783,5739,5670
162,17,000,21280,00000,00000,0,A,Durand village,Illinois,1443,1455,1454,1451,1441,1434,1423,1413,1409,1402,1399,1394
162,17,000,21358,00000,00000,0,A,Dwight village,Illinois,4260,4262,4251,4246,4211,4164,4107,4069,4045,4044,3993,3984
162,17,000,21410,00000,00000,0,A,Eagarville village,Illinois,127,127,127,127,125,124,123,122,121,120,119,120
162,17,000,21540,00000,00000,0,A,Earlville city,Illinois,1701,1702,1701,1690,1677,1659,1644,1630,1621,1608,1598,1587
162,17,000,21553,00000,00000,0,A,East Alton village,Illinois,6301,6274,6267,6230,6190,6142,6186,6141,6105,6068,6015,5954
162,17,000,21579,00000,00000,0,A,East Brooklyn village,Illinois,106,110,110,110,109,109,106,108,104,104,104,105
162,17,000,21605,00000,00000,0,A,East Cape Girardeau village,Illinois,385,387,385,375,364,359,352,336,321,312,300,286
162,17,000,21618,00000,00000,0,A,East Carondelet village,Illinois,499,504,504,499,494,493,489,484,480,478,476,473
162,17,000,21683,00000,00000,0,A,East Dubuque city,Illinois,1704,1705,1702,1697,1688,1675,1667,1645,1623,1594,1580,1569
162,17,000,21696,00000,00000,0,A,East Dundee village,Illinois,2860,2860,2863,2871,2872,3181,3180,3178,3166,3171,3174,3216
162,17,000,21826,00000,00000,0,A,East Galesburg village,Illinois,812,816,816,816,807,805,805,796,794,789,778,774
162,17,000,21852,00000,00000,0,A,East Gillespie village,Illinois,270,270,270,270,271,270,269,267,267,266,264,262
162,17,000,21904,00000,00000,0,A,East Hazel Crest village,Illinois,1543,1545,1547,1551,1555,1557,1557,1549,1538,1524,1508,1497
162,17,000,22073,00000,00000,0,A,East Moline city,Illinois,21302,21311,21313,21405,21558,21649,21555,21335,21140,20963,20771,20645
162,17,000,22151,00000,00000,0,A,Easton village,Illinois,321,321,321,317,312,308,305,300,295,295,292,287
162,17,000,22164,00000,00000,0,A,East Peoria city,Illinois,23402,23454,23464,23497,23520,23506,23364,23044,22915,22806,22627,22546
162,17,000,22255,00000,00000,0,A,East St. Louis city,Illinois,27006,26935,26906,26719,26621,26562,26639,26754,26829,26650,26382,26047
162,17,000,22398,00000,00000,0,A,Eddyville village,Illinois,101,103,103,102,101,102,101,100,98,98,98,98
162,17,000,22567,00000,00000,0,A,Edgewood village,Illinois,440,444,443,440,439,438,436,437,435,434,434,430
162,17,000,22645,00000,00000,0,A,Edinburg village,Illinois,1078,1078,1077,1074,1069,1059,1049,1039,1034,1029,1019,1012
162,17,000,22697,00000,00000,0,A,Edwardsville city,Illinois,24293,24410,24408,24410,24615,24749,24882,25098,25164,25102,24984,25233
162,17,000,22736,00000,00000,0,A,Effingham city,Illinois,12328,12340,12337,12514,12526,12511,12492,12524,12567,12569,12605,12511
162,17,000,22931,00000,00000,0,A,Elburn village,Illinois,5602,5596,5602,5629,5639,5640,5666,5724,5747,5829,5905,5997
162,17,000,22957,00000,00000,0,A,El Dara village,Illinois,78,78,78,78,77,76,75,75,75,77,76,76
162,17,000,23009,00000,00000,0,A,Eldorado city,Illinois,4122,4148,4147,4146,4147,4128,4076,4077,4032,3987,3959,3910
162,17,000,23022,00000,00000,0,A,Eldred village,Illinois,201,201,201,201,198,197,194,192,188,189,188,186
162,17,000,23074,00000,00000,0,A,Elgin city,Illinois,108188,108219,108388,109225,109710,110149,111059,111992,112265,112103,111490,110849
162,17,000,23165,00000,00000,0,A,Elizabeth village,Illinois,761,766,765,766,761,758,758,747,740,730,725,722
162,17,000,23191,00000,00000,0,A,Elizabethtown village,Illinois,299,311,311,309,306,299,298,291,286,281,278,273
162,17,000,23256,00000,00000,0,A,Elk Grove Village village,Illinois,33127,33383,33409,33525,33621,33681,33643,33480,33257,32966,32637,32400
162,17,000,23269,00000,00000,0,A,Elkhart village,Illinois,405,407,407,407,406,404,402,399,397,393,395,390
162,17,000,23373,00000,00000,0,A,Elkville village,Illinois,928,928,930,929,922,914,908,902,896,881,871,863
162,17,000,23425,00000,00000,0,A,Elliott village,Illinois,295,296,296,292,291,286,281,281,278,277,274,269
162,17,000,23503,00000,00000,0,A,Ellis Grove village,Illinois,363,370,370,370,364,362,360,358,355,355,353,348
162,17,000,23529,00000,00000,0,A,Ellisville village,Illinois,96,96,96,96,95,96,95,94,93,92,93,92
162,17,000,23555,00000,00000,0,A,Ellsworth village,Illinois,195,192,192,192,191,193,190,189,192,193,196,198
162,17,000,23620,00000,00000,0,A,Elmhurst city,Illinois,44121,44136,44199,44983,45256,45621,45809,46007,46523,46626,46489,46746
162,17,000,23698,00000,00000,0,A,Elmwood city,Illinois,2097,2097,2093,2096,2103,2119,2106,2094,2080,2054,2030,2011
162,17,000,23724,00000,00000,0,A,Elmwood Park village,Illinois,24883,24883,24894,24960,25011,25032,24982,24854,24709,24488,24222,24098
162,17,000,23737,00000,00000,0,A,El Paso city,Illinois,2810,2813,2810,2815,2803,2814,2802,2790,2775,2758,2740,2730
162,17,000,23776,00000,00000,0,A,Elsah village,Illinois,673,673,673,680,649,633,637,638,606,607,607,606
162,17,000,23841,00000,00000,0,A,Elvaston village,Illinois,165,165,165,164,163,160,159,158,158,156,155,154
162,17,000,23945,00000,00000,0,A,Elwood village,Illinois,2279,2278,2281,2280,2280,2273,2266,2260,2257,2251,2242,2226
162,17,000,23971,00000,00000,0,A,Emden village,Illinois,485,485,484,481,479,481,479,477,473,471,468,460
162,17,000,24062,00000,00000,0,A,Emington village,Illinois,117,117,117,117,115,115,113,112,111,111,110,108
162,17,000,24166,00000,00000,0,A,Energy village,Illinois,1146,1142,1146,1149,1141,1148,1140,1140,1137,1126,1121,1109
162,17,000,24179,00000,00000,0,A,Enfield village,Illinois,596,596,593,593,590,587,581,578,574,567,556,552
162,17,000,24348,00000,00000,0,A,Equality village,Illinois,595,595,595,587,576,576,565,558,551,544,541,518
162,17,000,24374,00000,00000,0,A,Erie village,Illinois,1602,1603,1602,1594,1582,1569,1554,1552,1541,1523,1508,1499
162,17,000,24452,00000,00000,0,A,Essex village,Illinois,802,802,802,801,797,789,782,775,774,767,761,758
162,17,000,24543,00000,00000,0,A,Eureka city,Illinois,5295,5342,5343,5383,5374,5375,5361,5331,5360,5326,5301,5283
162,17,000,24582,00000,00000,0,A,Evanston city,Illinois,74486,74483,74585,75142,75723,75984,75994,75619,75243,74617,73990,73473
162,17,000,24608,00000,00000,0,A,Evansville village,Illinois,701,701,703,703,693,687,682,673,667,662,658,647
162,17,000,24634,00000,00000,0,A,Evergreen Park village,Illinois,19852,19848,19858,19920,19966,19988,19949,19842,19692,19503,19290,19147
162,17,000,24673,00000,00000,0,A,Ewing village,Illinois,307,307,307,307,306,304,303,303,301,300,298,296
162,17,000,24699,00000,00000,0,A,Exeter village,Illinois,65,65,65,63,64,63,63,62,61,61,60,60
162,17,000,24764,00000,00000,0,A,Fairbury city,Illinois,3757,3813,3803,3805,3778,3741,3695,3658,3638,3639,3631,3622
162,17,000,24816,00000,00000,0,A,Fairfield city,Illinois,5154,5150,5141,5110,5100,5099,5076,5038,5046,4998,4975,4936
162,17,000,24933,00000,00000,0,A,Fairmont City village,Illinois,2635,2629,2627,2607,2579,2554,2536,2516,2502,2492,2477,2453
162,17,000,24985,00000,00000,0,A,Fairmount village,Illinois,642,642,642,641,637,635,627,625,618,612,603,596
162,17,000,25063,00000,00000,0,A,Fairview village,Illinois,522,522,522,519,512,505,501,494,492,484,479,471
162,17,000,25141,00000,00000,0,A,Fairview Heights city,Illinois,17078,17078,17100,17054,16969,16887,16877,16821,16696,16620,16488,16303
162,17,000,25375,00000,00000,0,A,Farina village,Illinois,518,518,518,519,516,516,513,512,506,503,501,499
162,17,000,25414,00000,00000,0,A,Farmer City city,Illinois,2037,2017,2022,2020,2017,2005,1988,1989,1989,1963,1950,1936
162,17,000,25440,00000,00000,0,A,Farmersville village,Illinois,724,717,716,710,706,706,699,693,688,681,678,671
162,17,000,25531,00000,00000,0,A,Farmington city,Illinois,2448,2442,2443,2425,2408,2375,2350,2329,2306,2279,2257,2223
162,17,000,25713,00000,00000,0,A,Fayetteville village,Illinois,366,366,366,362,359,355,352,348,345,344,341,339
162,17,000,25895,00000,00000,0,A,Ferris village,Illinois,156,156,156,155,154,152,150,149,149,147,146,143
162,17,000,25960,00000,00000,0,A,Fidelity village,Illinois,114,114,114,115,113,112,113,112,112,111,113,112
162,17,000,26012,00000,00000,0,A,Fieldon village,Illinois,239,239,239,236,233,230,229,226,222,221,220,218
162,17,000,26077,00000,00000,0,A,Fillmore village,Illinois,330,330,330,327,327,326,323,320,318,314,313,310
162,17,000,26116,00000,00000,0,A,Findlay village,Illinois,683,684,684,675,672,666,663,653,649,649,644,638
162,17,000,26194,00000,00000,0,A,Fisher village,Illinois,1881,1870,1872,1891,1916,1956,1956,1956,1950,1958,1946,1937
162,17,000,26233,00000,00000,0,A,Fithian village,Illinois,485,485,485,482,479,482,476,474,469,464,457,449
162,17,000,26311,00000,00000,0,A,Flanagan village,Illinois,1110,1114,1111,1110,1100,1087,1082,1080,1075,1075,1064,1064
162,17,000,26350,00000,00000,0,A,Flat Rock village,Illinois,331,331,331,330,326,321,319,317,317,315,312,307
162,17,000,26454,00000,00000,0,A,Flora city,Illinois,5070,5065,5068,5030,5024,4969,4929,4911,4883,4880,4881,4852
162,17,000,26480,00000,00000,0,A,Florence village,Illinois,38,38,38,38,37,37,37,37,38,38,38,37
162,17,000,26571,00000,00000,0,A,Flossmoor village,Illinois,9464,9440,9447,9476,9501,9518,9507,9459,9391,9312,9218,9155
162,17,000,26662,00000,00000,0,A,Foosland village,Illinois,101,101,101,102,102,102,102,102,101,100,99,98
162,17,000,26710,00000,00000,0,A,Ford Heights village,Illinois,2763,2772,2775,2781,2789,2793,2787,2773,2755,2728,2701,2682
162,17,000,26753,00000,00000,0,A,Forest City village,Illinois,246,246,246,243,240,240,239,233,230,230,228,225
162,17,000,26935,00000,00000,0,A,Forest Park village,Illinois,14167,14167,14175,14212,14242,14255,14230,14151,14051,13919,13780,13704
162,17,000,26987,00000,00000,0,A,Forest View village,Illinois,698,698,699,699,702,699,697,692,686,681,672,666
162,17,000,27026,00000,00000,0,A,Forrest village,Illinois,1220,1219,1216,1212,1199,1191,1180,1167,1158,1157,1139,1135
162,17,000,27065,00000,00000,0,A,Forreston village,Illinois,1446,1438,1436,1420,1412,1396,1385,1373,1362,1355,1345,1341
162,17,000,27091,00000,00000,0,A,Forsyth village,Illinois,3490,3487,3500,3547,3570,3574,3587,3577,3551,3521,3491,3479
162,17,000,27442,00000,00000,0,A,Fox Lake village,Illinois,10579,10667,10677,10650,10628,10630,10609,10555,10523,10519,10463,10451
162,17,000,27533,00000,00000,0,A,Fox River Grove village,Illinois,4854,4771,4770,4750,4729,4691,4675,4656,4631,4619,4604,4573
162,17,000,27624,00000,00000,0,A,Frankfort village,Illinois,17782,17808,17846,17945,18054,18187,18414,18635,18842,18976,19144,19373
162,17,000,27663,00000,00000,0,A,Franklin village,Illinois,610,638,637,637,632,628,625,623,617,609,605,598
162,17,000,27689,00000,00000,0,A,Franklin Grove village,Illinois,1021,1015,1014,999,985,976,970,959,955,954,945,938
162,17,000,27702,00000,00000,0,A,Franklin Park village,Illinois,18333,18311,18322,18370,18411,18427,18390,18286,18149,17976,17778,17627
162,17,000,27806,00000,00000,0,A,Freeburg village,Illinois,4354,4400,4402,4421,4403,4355,4333,4302,4283,4292,4268,4242
162,17,000,27858,00000,00000,0,A,Freeman Spur village,Illinois,287,289,289,289,288,287,286,286,284,283,281,279
162,17,000,27884,00000,00000,0,A,Freeport city,Illinois,25638,25634,25573,25390,25145,25004,24771,24446,24346,24066,23946,23775
162,17,000,28144,00000,00000,0,A,Fulton city,Illinois,3481,3482,3481,3463,3428,3406,3367,3358,3328,3297,3339,3315
162,17,000,28170,00000,00000,0,A,Fults village,Illinois,26,26,26,26,26,26,26,26,26,28,25,28
162,17,000,28261,00000,00000,0,A,Galatia village,Illinois,933,933,932,932,932,928,917,918,906,897,890,880
162,17,000,28300,00000,00000,0,A,Galena city,Illinois,3429,3418,3412,3405,3385,3353,3334,3288,3252,3207,3177,3158
162,17,000,28326,00000,00000,0,A,Galesburg city,Illinois,32195,32195,32180,32046,31784,31700,31590,31228,30930,30729,30368,30197
162,17,000,28430,00000,00000,0,A,Galva city,Illinois,2589,2587,2583,2572,2565,2546,2537,2525,2514,2498,2489,2478
162,17,000,28638,00000,00000,0,A,Gardner village,Illinois,1463,1463,1464,1458,1451,1442,1433,1422,1408,1401,1394,1381
162,17,000,28742,00000,00000,0,A,Garrett village,Illinois,162,162,162,161,161,160,163,160,161,160,158,158
162,17,000,28807,00000,00000,0,A,Gays village,Illinois,281,281,281,280,276,274,272,270,263,264,261,254
162,17,000,28846,00000,00000,0,A,Geneseo city,Illinois,6586,6623,6619,6598,6602,6572,6559,6555,6550,6521,6511,6495
162,17,000,28872,00000,00000,0,A,Geneva city,Illinois,21495,21592,21614,21698,21726,21721,21751,21795,21910,22012,21899,21809
162,17,000,28898,00000,00000,0,A,Genoa city,Illinois,5193,5178,5176,5163,5177,5182,5207,5193,5193,5205,5211,5237
162,17,000,28963,00000,00000,0,A,Georgetown city,Illinois,3474,3475,3474,3465,3438,3420,3385,3357,3325,3287,3233,3185
162,17,000,29041,00000,00000,0,A,Germantown village,Illinois,1269,1285,1288,1294,1292,1289,1281,1278,1276,1282,1282,1274
162,17,000,29080,00000,00000,0,A,Germantown Hills village,Illinois,3438,3389,3389,3413,3434,3484,3499,3485,3472,3442,3422,3423
162,17,000,29093,00000,00000,0,A,German Valley village,Illinois,463,457,456,451,447,448,442,437,436,429,427,425
162,17,000,29125,00000,00000,0,A,Gibson City city,Illinois,3407,3411,3413,3369,3368,3315,3353,3353,3317,3311,3289,3233
162,17,000,29145,00000,00000,0,A,Gifford village,Illinois,975,978,979,984,984,989,979,1074,1067,1066,1063,1048
162,17,000,29171,00000,00000,0,A,Gilberts village,Illinois,6879,6875,6910,7122,7308,7418,7538,7616,7721,8022,8063,8076
162,17,000,29236,00000,00000,0,A,Gillespie city,Illinois,3319,3322,3324,3311,3260,3233,3195,3160,3168,3147,3122,3088
162,17,000,29275,00000,00000,0,A,Gilman city,Illinois,1814,1816,1814,1802,1787,1770,1756,1745,1720,1697,1676,1652
162,17,000,29392,00000,00000,0,A,Girard city,Illinois,2103,2103,2104,2104,2076,2061,2043,2030,2023,2020,2014,2000
162,17,000,29431,00000,00000,0,A,Gladstone village,Illinois,281,281,281,278,273,270,273,274,272,270,265,264
162,17,000,29483,00000,00000,0,A,Glasford village,Illinois,1022,1019,1017,1014,1014,1020,1008,1002,992,976,965,957
162,17,000,29496,00000,00000,0,A,Glasgow village,Illinois,141,141,140,138,139,137,136,136,133,133,132,132
162,17,000,29639,00000,00000,0,A,Glen Carbon village,Illinois,12934,12917,12920,12937,12897,12904,12912,12916,12925,12948,12892,12850
162,17,000,29652,00000,00000,0,A,Glencoe village,Illinois,8723,8721,8730,8785,8834,8878,8942,8961,8939,8881,8854,8826
162,17,000,29730,00000,00000,0,A,Glendale Heights village,Illinois,34208,34296,34334,34503,34596,34678,34619,34521,34302,34154,33887,33617
162,17,000,29756,00000,00000,0,A,Glen Ellyn village,Illinois,27450,27773,27806,27964,28078,28190,28204,28239,28145,28052,27878,27714
162,17,000,29938,00000,00000,0,A,Glenview village,Illinois,44692,44726,44772,44956,45137,45552,46867,47519,47670,47539,47151,47308
162,17,000,30029,00000,00000,0,A,Glenwood village,Illinois,8969,8985,8992,9018,9042,9054,9042,9000,8938,8862,8777,8715
162,17,000,30094,00000,00000,0,A,Godfrey village,Illinois,17982,17989,17988,17958,17898,17825,17741,17695,17668,17611,17510,17400
162,17,000,30120,00000,00000,0,A,Godley village,Illinois,601,601,602,628,643,666,677,693,710,726,738,756
162,17,000,30133,00000,00000,0,A,Golconda city,Illinois,668,670,670,666,658,661,652,648,634,634,632,631
162,17,000,30159,00000,00000,0,A,Golden village,Illinois,644,642,642,640,640,637,635,634,631,626,619,617
162,17,000,30250,00000,00000,0,A,Golden Gate village,Illinois,68,68,68,68,68,68,67,67,67,66,66,65
162,17,000,30328,00000,00000,0,A,Golf village,Illinois,500,493,493,496,497,496,496,494,489,497,495,493
162,17,000,30445,00000,00000,0,A,Goodfield village,Illinois,860,866,865,874,882,903,929,958,972,978,979,986
162,17,000,30458,00000,00000,0,A,Good Hope village,Illinois,396,396,396,395,395,393,386,383,380,375,367,364
162,17,000,30575,00000,00000,0,A,Goreville village,Illinois,1049,1050,1054,1062,1072,1067,1063,1060,1068,1062,1063,1060
162,17,000,30588,00000,00000,0,A,Gorham village,Illinois,236,236,236,236,235,233,232,231,229,223,221,219
162,17,000,30653,00000,00000,0,A,Grafton city,Illinois,674,681,682,676,671,665,668,658,648,646,643,640
162,17,000,30757,00000,00000,0,A,Grand Ridge village,Illinois,560,563,562,557,554,546,543,536,536,533,528,525
162,17,000,30770,00000,00000,0,A,Grand Tower city,Illinois,605,605,606,605,602,596,592,589,585,576,570,564
162,17,000,30835,00000,00000,0,A,Grandview village,Illinois,1441,1444,1445,1450,1450,1446,1442,1434,1424,1412,1398,1383
162,17,000,30926,00000,00000,0,A,Granite City city,Illinois,29849,29798,29789,29693,29519,29334,29137,28979,28837,28671,28428,28158
162,17,000,30978,00000,00000,0,A,Grantfork village,Illinois,337,351,351,349,347,345,343,344,342,344,344,343
162,17,000,30991,00000,00000,0,A,Grant Park village,Illinois,1331,1342,1341,1339,1329,1317,1303,1290,1278,1268,1255,1249
162,17,000,31017,00000,00000,0,A,Granville village,Illinois,1427,1427,1427,1414,1394,1378,1362,1331,1322,1312,1316,1308
162,17,000,31121,00000,00000,0,A,Grayslake village,Illinois,20957,21053,21066,21027,21150,21170,21144,21029,20969,20934,20862,20725
162,17,000,31165,00000,00000,0,A,Grayville city,Illinois,1666,1668,1665,1655,1654,1646,1628,1611,1607,1588,1572,1565
162,17,000,31368,00000,00000,0,A,Greenfield city,Illinois,1071,1071,1072,1069,1051,1048,1031,1023,1003,1004,996,988
162,17,000,31446,00000,00000,0,A,Green Oaks village,Illinois,3866,3868,3871,3863,3854,3863,3860,3843,3835,3858,3864,3897
162,17,000,31524,00000,00000,0,A,Greenup village,Illinois,1513,1531,1532,1535,1517,1512,1513,1505,1507,1506,1496,1490
162,17,000,31563,00000,00000,0,A,Green Valley village,Illinois,709,686,686,683,684,680,674,663,657,654,646,643
162,17,000,31576,00000,00000,0,A,Greenview village,Illinois,778,778,777,775,773,763,758,745,745,735,731,724
162,17,000,31589,00000,00000,0,A,Greenville city,Illinois,7000,7067,7070,7012,6917,6812,6684,6433,6482,6503,6495,6417
162,17,000,31667,00000,00000,0,A,Greenwood village,Illinois,255,235,235,234,233,232,231,228,229,227,227,226
162,17,000,31732,00000,00000,0,A,Gridley village,Illinois,1432,1432,1432,1444,1460,1471,1449,1438,1432,1422,1410,1398
162,17,000,31771,00000,00000,0,A,Griggsville city,Illinois,1226,1226,1223,1217,1208,1193,1182,1176,1171,1163,1154,1150
162,17,000,31992,00000,00000,0,A,Gulf Port village,Illinois,54,54,54,53,51,51,51,51,49,49,48,47
162,17,000,32018,00000,00000,0,A,Gurnee village,Illinois,31295,31238,31262,31199,31138,31169,31131,30975,30887,30724,30531,30378
162,17,000,32200,00000,00000,0,A,Hainesville village,Illinois,3597,3658,3661,3653,3648,3651,3648,3634,3637,3617,3581,3557
162,17,000,32395,00000,00000,0,A,Hamburg village,Illinois,128,128,128,127,125,127,124,122,122,121,120,119
162,17,000,32408,00000,00000,0,A,Hamel village,Illinois,816,816,815,818,819,816,814,814,814,815,812,810
162,17,000,32434,00000,00000,0,A,Hamilton city,Illinois,2951,2951,2949,2934,2905,2860,2823,2802,2798,2758,2734,2715
162,17,000,32499,00000,00000,0,A,Hammond village,Illinois,509,509,508,503,498,490,489,484,488,484,479,479
162,17,000,32525,00000,00000,0,A,Hampshire village,Illinois,5563,5563,5572,5601,5606,5723,5953,6104,6234,6310,6305,6251
162,17,000,32564,00000,00000,0,A,Hampton village,Illinois,1863,1832,1833,1831,1832,1829,1820,1803,1784,1770,1752,1742
162,17,000,32616,00000,00000,0,A,Hanaford village,Illinois,327,327,327,329,328,326,325,327,324,324,323,322
162,17,000,32668,00000,00000,0,A,Hanna City village,Illinois,1225,1238,1236,1239,1242,1253,1246,1240,1231,1216,1202,1192
162,17,000,32707,00000,00000,0,A,Hanover village,Illinois,844,845,843,840,834,826,821,809,797,782,773,768
162,17,000,32746,00000,00000,0,A,Hanover Park village,Illinois,37973,38092,38126,38359,38521,38656,38658,38515,38273,38022,37692,37426
162,17,000,32850,00000,00000,0,A,Hardin village,Illinois,967,962,964,955,943,948,933,923,923,921,916,900
162,17,000,32967,00000,00000,0,A,Harmon village,Illinois,120,119,119,117,116,115,114,113,113,113,112,111
162,17,000,33136,00000,00000,0,A,Harrisburg city,Illinois,9017,9025,9020,9022,9023,8983,8874,8874,8778,8682,8619,8513
162,17,000,33227,00000,00000,0,A,Harristown village,Illinois,1367,1371,1371,1366,1358,1350,1341,1331,1321,1309,1299,1292
162,17,000,33279,00000,00000,0,A,Hartford village,Illinois,1429,1431,1430,1417,1406,1398,1390,1383,1378,1369,1355,1341
162,17,000,33318,00000,00000,0,A,Hartsburg village,Illinois,314,314,314,315,312,309,307,303,302,300,297,307
162,17,000,33331,00000,00000,0,A,Harvard city,Illinois,9447,9435,9436,9397,9354,9279,9237,9204,9150,9132,9112,9060
162,17,000,33357,00000,00000,0,A,Harvel village,Illinois,223,223,223,221,221,221,218,216,215,214,214,211
162,17,000,33383,00000,00000,0,A,Harvey city,Illinois,25282,25265,25279,25353,25410,25437,25398,25260,25081,24853,24597,24408
162,17,000,33435,00000,00000,0,A,Harwood Heights village,Illinois,8612,8611,8615,8642,8667,8685,8675,8629,8568,8489,8398,8333
162,17,000,33513,00000,00000,0,A,Havana city,Illinois,3301,3301,3298,3253,3219,3176,3165,3111,3066,3062,3027,2987
162,17,000,33630,00000,00000,0,A,Hawthorn Woods village,Illinois,7663,7770,7788,7787,7792,7841,7885,7967,8178,8384,8522,8666
162,17,000,33695,00000,00000,0,A,Hazel Crest village,Illinois,14100,14009,14021,14068,14103,14121,14103,14030,13935,13810,13668,13565
162,17,000,33851,00000,00000,0,A,Hebron village,Illinois,1216,1202,1202,1198,1192,1187,1190,1186,1181,1181,1181,1183
162,17,000,33877,00000,00000,0,A,Hecker village,Illinois,481,486,486,485,483,480,482,482,482,480,476,478
162,17,000,34007,00000,00000,0,A,Henderson village,Illinois,255,259,259,258,256,255,253,252,250,248,245,244
162,17,000,34098,00000,00000,0,A,Hennepin village,Illinois,757,759,759,752,742,731,727,712,708,703,706,705
162,17,000,34137,00000,00000,0,A,Henning village,Illinois,251,251,251,251,247,246,244,242,240,238,235,234
162,17,000,34163,00000,00000,0,A,Henry city,Illinois,2464,2464,2462,2427,2383,2355,2325,2317,2304,2259,2220,2209
162,17,000,34332,00000,00000,0,A,Herrick village,Illinois,436,436,438,435,433,435,433,429,429,431,431,431
162,17,000,34358,00000,00000,0,A,Herrin city,Illinois,12501,12522,12534,12612,12702,12851,12844,12892,12912,12838,12824,12687
162,17,000,34384,00000,00000,0,A,Herscher village,Illinois,1591,1596,1595,1600,1592,1577,1563,1548,1534,1522,1514,1504
162,17,000,34423,00000,00000,0,A,Hettick village,Illinois,181,182,182,182,179,177,175,174,175,174,173,171
162,17,000,34449,00000,00000,0,A,Heyworth village,Illinois,2841,2837,2840,2860,2886,2932,2912,2894,2897,2884,2885,2867
162,17,000,34514,00000,00000,0,A,Hickory Hills city,Illinois,14049,14049,14061,14110,14153,14193,14188,14126,14036,13922,13809,13710
162,17,000,34553,00000,00000,0,A,Hidalgo village,Illinois,106,106,106,107,106,105,105,105,105,104,105,105
162,17,000,34670,00000,00000,0,A,Highland city,Illinois,9919,9928,9967,9934,9908,9869,9903,9848,9830,9821,9829,9834
162,17,000,34722,00000,00000,0,A,Highland Park city,Illinois,29763,29745,29785,29802,29850,29890,29862,29744,29675,29710,29565,29515
162,17,000,34865,00000,00000,0,A,Highwood city,Illinois,5405,5449,5451,5438,5419,5419,5404,5371,5349,5316,5259,5224
162,17,000,34982,00000,00000,0,A,Hillcrest village,Illinois,1326,1318,1316,1304,1293,1281,1273,1261,1249,1242,1234,1225
162,17,000,35047,00000,00000,0,A,Hillsboro city,Illinois,6207,6216,6214,6180,6045,5825,6160,6073,6073,6031,6015,5970
162,17,000,35073,00000,00000,0,A,Hillsdale village,Illinois,523,517,517,518,520,519,517,515,510,508,506,505
162,17,000,35086,00000,00000,0,A,Hillside village,Illinois,8157,8214,8217,8240,8261,8271,8256,8212,8153,8079,7996,7933
162,17,000,35203,00000,00000,0,A,Hillview village,Illinois,193,193,193,193,190,190,187,185,181,181,180,177
162,17,000,35268,00000,00000,0,A,Hinckley village,Illinois,2070,2071,2070,2053,2053,2053,2060,2054,2045,2046,2042,2050
162,17,000,35281,00000,00000,0,A,Hindsboro village,Illinois,313,311,311,309,309,306,307,303,301,299,298,296
162,17,000,35307,00000,00000,0,A,Hinsdale village,Illinois,16816,16845,16872,17036,17177,17317,17503,17696,17729,17722,17650,17637
162,17,000,35385,00000,00000,0,A,Hodgkins village,Illinois,1897,1897,1899,1912,1920,1925,1925,1921,1915,1903,1896,1971
162,17,000,35398,00000,00000,0,A,Hoffman village,Illinois,508,508,508,508,503,498,495,491,488,486,484,483
162,17,000,35411,00000,00000,0,A,Hoffman Estates village,Illinois,51895,51891,51942,52147,52301,52396,52342,52098,51828,51463,51111,50932
162,17,000,35515,00000,00000,0,A,Holiday Hills village,Illinois,610,604,604,602,598,594,589,588,585,582,582,579
162,17,000,35671,00000,00000,0,A,Hollowayville village,Illinois,84,92,92,91,90,90,89,88,88,87,87,86
162,17,000,35814,00000,00000,0,A,Homer village,Illinois,1193,1207,1209,1214,1217,1221,1221,1210,1196,1188,1179,1159
162,17,000,35835,00000,00000,0,A,Homer Glen village,Illinois,24220,24210,24250,24297,24326,24295,24306,24330,24412,24514,24533,24472
162,17,000,35866,00000,00000,0,A,Hometown city,Illinois,4349,4349,4351,4364,4372,4378,4369,4341,4308,4265,4215,4177
162,17,000,35879,00000,00000,0,A,Homewood village,Illinois,19323,19307,19322,19376,19427,19453,19460,19356,19219,19050,18853,18703
162,17,000,36061,00000,00000,0,A,Hoopeston city,Illinois,5351,5358,5358,5341,5299,5274,5257,5213,5163,5107,5083,5009
162,17,000,36074,00000,00000,0,A,Hooppole village,Illinois,204,202,202,201,201,197,197,196,195,194,191,191
162,17,000,36126,00000,00000,0,A,Hopedale village,Illinois,865,869,869,869,873,870,861,846,841,835,829,825
162,17,000,36150,00000,00000,0,A,Hopewell village,Illinois,410,410,412,412,409,405,402,403,409,402,395,398
162,17,000,36190,00000,00000,0,A,Hopkins Park village,Illinois,603,605,605,604,602,599,591,611,608,605,599,598
162,17,000,36347,00000,00000,0,A,Hoyleton village,Illinois,531,531,537,531,527,520,517,512,508,499,499,494
162,17,000,36438,00000,00000,0,A,Hudson village,Illinois,1838,1840,1840,1840,1852,1875,1858,1847,1844,1837,1826,1813
162,17,000,36477,00000,00000,0,A,Huey village,Illinois,169,169,169,169,167,166,165,164,165,165,164,163
162,17,000,36516,00000,00000,0,A,Hull village,Illinois,461,461,460,458,455,448,444,442,441,439,434,433
162,17,000,36542,00000,00000,0,A,Humboldt village,Illinois,437,437,437,434,432,433,430,429,428,424,420,418
162,17,000,36568,00000,00000,0,A,Hume village,Illinois,380,381,380,377,371,367,365,358,355,353,352,347
162,17,000,36750,00000,00000,0,A,Huntley village,Illinois,24291,24312,24373,24609,24918,25451,25871,26318,26607,27063,27377,27228
162,17,000,36815,00000,00000,0,A,Hurst city,Illinois,795,799,799,800,798,798,798,802,802,796,795,786
162,17,000,36841,00000,00000,0,A,Hutsonville village,Illinois,554,540,539,539,532,530,529,528,526,524,524,522
162,17,000,37127,00000,00000,0,A,Illiopolis village,Illinois,891,891,892,895,894,891,886,879,870,861,850,842
162,17,000,37179,00000,00000,0,A,Ina village,Illinois,2338,2334,2333,2359,2341,2360,2327,2326,2268,2270,2270,2279
162,17,000,37218,00000,00000,0,A,Indian Creek village,Illinois,462,545,545,545,544,545,544,539,538,535,533,535
162,17,000,37257,00000,00000,0,A,Indian Head Park village,Illinois,3809,3816,3820,3832,3843,3849,3847,3828,3808,3780,3745,3719
162,17,000,37348,00000,00000,0,A,Indianola village,Illinois,276,276,276,275,274,273,271,269,267,264,260,257
162,17,000,37439,00000,00000,0,A,Industry village,Illinois,478,478,478,477,477,472,467,463,459,450,442,438
162,17,000,37608,00000,00000,0,A,Inverness village,Illinois,7399,7400,7408,7435,7496,7553,7597,7583,7556,7494,7426,7376
162,17,000,37621,00000,00000,0,A,Iola village,Illinois,141,141,141,140,140,138,137,136,137,134,134,136
162,17,000,37647,00000,00000,0,A,Ipava village,Illinois,470,470,470,470,463,455,451,445,442,434,429,421
162,17,000,37712,00000,00000,0,A,Iroquois village,Illinois,154,154,154,153,150,148,147,146,144,142,140,137
162,17,000,37738,00000,00000,0,A,Irving village,Illinois,495,495,495,490,488,486,481,477,474,469,467,462
162,17,000,37777,00000,00000,0,A,Irvington village,Illinois,659,665,664,655,658,648,644,637,632,619,619,613
162,17,000,37803,00000,00000,0,A,Irwin village,Illinois,74,78,78,78,78,77,76,76,75,72,72,74
162,17,000,37894,00000,00000,0,A,Island Lake village,Illinois,8080,8071,8076,8049,8022,7995,8004,8052,8064,8079,8050,8020
162,17,000,37907,00000,00000,0,A,Itasca village,Illinois,8649,8647,8663,8728,8771,8803,8801,8796,8745,9409,9845,9805
162,17,000,37933,00000,00000,0,A,Iuka village,Illinois,489,486,486,482,483,479,477,477,473,469,467,464
162,17,000,37998,00000,00000,0,A,Ivesdale village,Illinois,267,267,267,269,269,268,269,266,262,260,258,252
162,17,000,38115,00000,00000,0,A,Jacksonville city,Illinois,19446,19444,19419,19392,19361,19175,18916,18964,19087,18886,18771,18603
162,17,000,38323,00000,00000,0,A,Jeffersonville village,Illinois,367,367,368,367,366,366,365,365,365,362,362,359
162,17,000,38349,00000,00000,0,A,Jeisyville village,Illinois,107,107,107,107,106,105,103,104,104,103,102,101
162,17,000,38375,00000,00000,0,A,Jerome village,Illinois,1656,1694,1695,1697,1691,1682,1676,1661,1645,1628,1608,1588
162,17,000,38414,00000,00000,0,A,Jerseyville city,Illinois,8465,8464,8461,8455,8462,8522,8479,8384,8274,8257,8211,8200
162,17,000,38427,00000,00000,0,A,Jewett village,Illinois,223,223,223,224,221,222,221,221,222,222,220,220
162,17,000,38479,00000,00000,0,A,Johnsburg village,Illinois,6337,6431,6439,6439,6431,6397,6389,6402,6371,6378,6382,6368
162,17,000,38531,00000,00000,0,A,Johnsonville village,Illinois,77,77,77,77,76,77,76,76,78,78,75,77
162,17,000,38544,00000,00000,0,A,Johnston City city,Illinois,3543,3557,3565,3561,3536,3531,3507,3500,3484,3447,3430,3389
162,17,000,38570,00000,00000,0,A,Joliet city,Illinois,147433,147308,147524,147771,148084,147749,147592,147432,147802,147821,147730,147344
162,17,000,38635,00000,00000,0,A,Jonesboro city,Illinois,1821,1831,1822,1813,1803,1790,1773,1762,1745,1731,1717,1700
162,17,000,38674,00000,00000,0,A,Joppa village,Illinois,360,338,337,335,331,323,325,320,317,316,309,303
162,17,000,38739,00000,00000,0,A,Joy village,Illinois,417,417,416,414,408,404,399,396,390,388,387,382
162,17,000,38778,00000,00000,0,A,Junction village,Illinois,129,129,129,127,125,125,122,120,119,117,116,111
162,17,000,38791,00000,00000,0,A,Junction City village,Illinois,482,482,484,481,479,475,476,476,472,470,468,466
162,17,000,38830,00000,00000,0,A,Justice village,Illinois,12926,12925,12936,13006,13045,13069,13054,12999,12912,12812,12687,12608
162,17,000,38856,00000,00000,0,A,Kampsville village,Illinois,328,328,328,324,321,322,316,312,314,312,311,304
162,17,000,38869,00000,00000,0,A,Kane village,Illinois,438,438,438,437,431,430,423,419,411,410,407,404
162,17,000,38895,00000,00000,0,A,Kaneville village,Illinois,484,482,483,485,485,485,488,491,490,488,484,480
162,17,000,38921,00000,00000,0,A,Kangley village,Illinois,251,251,251,250,248,244,242,240,239,235,234,233
162,17,000,38934,00000,00000,0,A,Kankakee city,Illinois,27537,27540,27521,27507,27324,27082,26803,26548,26325,26132,26023,26024
162,17,000,38986,00000,00000,0,A,Kansas village,Illinois,787,787,784,779,770,759,754,742,734,729,729,719
162,17,000,39038,00000,00000,0,A,Kappa village,Illinois,227,227,229,231,233,233,234,233,231,229,234,240
162,17,000,39077,00000,00000,0,A,Karnak village,Illinois,499,497,494,485,483,478,468,457,455,447,441,434
162,17,000,39129,00000,00000,0,A,Kaskaskia village,Illinois,14,14,14,14,14,13,13,13,13,13,13,13
162,17,000,39233,00000,00000,0,A,Keenes village,Illinois,83,83,83,82,82,82,82,82,83,83,80,80
162,17,000,39259,00000,00000,0,A,Keensburg village,Illinois,210,210,209,207,206,206,204,205,203,203,203,201
162,17,000,39298,00000,00000,0,A,Keithsburg city,Illinois,609,609,608,607,603,596,592,586,578,582,582,580
162,17,000,39324,00000,00000,0,A,Kell village,Illinois,219,217,217,215,215,213,212,213,209,208,206,207
162,17,000,39441,00000,00000,0,A,Kempton village,Illinois,231,227,227,223,223,219,216,215,213,212,210,206
162,17,000,39519,00000,00000,0,A,Kenilworth village,Illinois,2513,2508,2508,2513,2523,2557,2566,2559,2539,2515,2490,2475
162,17,000,39532,00000,00000,0,A,Kenney village,Illinois,326,327,328,328,327,325,321,322,322,317,317,313
162,17,000,39727,00000,00000,0,A,Kewanee city,Illinois,12916,12919,12908,12853,12822,12720,12660,12591,12537,12449,12395,12339
162,17,000,39753,00000,00000,0,A,Keyesport village,Illinois,421,425,425,424,420,415,412,406,407,407,410,405
162,17,000,39857,00000,00000,0,A,Kilbourne village,Illinois,302,302,302,298,295,294,291,286,282,283,280,276
162,17,000,39883,00000,00000,0,A,Kildeer village,Illinois,3968,3907,3910,3902,3905,3920,3941,4023,4038,4034,4012,4012
162,17,000,39909,00000,00000,0,A,Kincaid village,Illinois,1505,1506,1504,1498,1487,1468,1449,1431,1417,1407,1389,1372
162,17,000,39922,00000,00000,0,A,Kinderhook village,Illinois,216,216,215,215,213,213,211,210,210,208,209,208
162,17,000,40065,00000,00000,0,A,Kingston village,Illinois,1164,1164,1163,1162,1161,1162,1168,1165,1161,1166,1162,1169
162,17,000,40091,00000,00000,0,A,Kingston Mines village,Illinois,302,302,302,301,302,301,299,295,293,289,286,282
162,17,000,40117,00000,00000,0,A,Kinmundy city,Illinois,796,795,794,791,788,781,780,777,771,764,759,755
162,17,000,40143,00000,00000,0,A,Kinsman village,Illinois,99,99,99,99,98,98,97,97,94,94,98,97
162,17,000,40156,00000,00000,0,A,Kirkland village,Illinois,1744,1747,1746,1733,1736,1735,1740,1734,1728,1729,1725,1729
162,17,000,40182,00000,00000,0,A,Kirkwood village,Illinois,714,714,715,713,713,711,713,700,697,689,680,675
162,17,000,40416,00000,00000,0,A,Knoxville city,Illinois,2911,2907,2906,2901,2879,2869,2858,2825,2801,2780,2743,2726
162,17,000,40559,00000,00000,0,A,Lacon city,Illinois,1937,1945,1943,1916,1878,1856,1829,1822,1813,1779,1748,1739
162,17,000,40598,00000,00000,0,A,Ladd village,Illinois,1295,1295,1294,1279,1267,1258,1249,1234,1227,1214,1209,1195
162,17,000,40676,00000,00000,0,A,La Fayette village,Illinois,223,223,222,218,214,213,209,203,206,204,202,200
162,17,000,40767,00000,00000,0,A,La Grange village,Illinois,15550,15554,15570,15643,15712,15774,15792,15750,15681,15551,15415,15322
162,17,000,40793,00000,00000,0,A,La Grange Park village,Illinois,13579,13580,13590,13631,13664,13682,13680,13617,13525,13407,13275,13178
162,17,000,40832,00000,00000,0,A,La Harpe city,Illinois,1235,1232,1231,1226,1216,1197,1183,1176,1176,1159,1151,1143
162,17,000,40884,00000,00000,0,A,Lake Barrington village,Illinois,4973,4955,4959,4953,4941,4949,4945,4926,4915,4902,4869,4868
162,17,000,40910,00000,00000,0,A,Lake Bluff village,Illinois,5722,5688,5693,5682,5668,5675,5681,5657,5653,5632,5590,5562
162,17,000,41105,00000,00000,0,A,Lake Forest city,Illinois,19375,19379,19391,19378,19399,19467,19477,19424,19403,19598,19516,19446
162,17,000,41183,00000,00000,0,A,Lake in the Hills village,Illinois,28965,28948,28962,28857,29041,28850,28792,28871,28742,28756,28743,28634
162,17,000,41214,00000,00000,0,A,Lake Ka-Ho village,Illinois,237,236,236,236,232,230,228,226,224,223,222,221
162,17,000,41326,00000,00000,0,A,Lakemoor village,Illinois,6017,6064,6070,6057,6102,6096,6085,6064,6044,6028,5997,5967
162,17,000,41586,00000,00000,0,A,Lake Villa village,Illinois,8741,8631,8643,8654,8664,8717,8767,8771,8744,8707,8620,8573
162,17,000,41651,00000,00000,0,A,Lakewood village,Illinois,3811,3811,3812,3795,3784,3770,3759,3790,3864,3905,3970,4001
162,17,000,41742,00000,00000,0,A,Lake Zurich village,Illinois,19631,19693,19718,19697,19936,19998,20030,19971,19972,19873,19990,19877
162,17,000,41794,00000,00000,0,A,La Moille village,Illinois,726,726,725,719,715,711,706,697,694,689,686,679
162,17,000,41859,00000,00000,0,A,Lanark city,Illinois,1457,1461,1461,1443,1427,1411,1389,1375,1369,1353,1336,1333
162,17,000,42028,00000,00000,0,A,Lansing village,Illinois,28331,28353,28370,28457,28526,28563,28518,28369,28166,27908,27615,27402
162,17,000,42080,00000,00000,0,A,La Prairie village,Illinois,47,47,47,47,47,47,47,46,46,46,46,45
162,17,000,42171,00000,00000,0,A,La Rose village,Illinois,144,144,144,142,139,138,136,136,135,133,131,130
162,17,000,42184,00000,00000,0,A,LaSalle city,Illinois,9609,9630,9616,9558,9480,9376,9300,9227,9162,9100,9046,8986
162,17,000,42249,00000,00000,0,A,Latham village,Illinois,380,388,388,387,381,380,375,372,373,370,369,364
162,17,000,42405,00000,00000,0,A,Lawrenceville city,Illinois,4348,4420,4429,4410,4361,4381,4378,4406,4408,4407,4391,4399
162,17,000,42457,00000,00000,0,A,Leaf River village,Illinois,443,443,442,438,434,430,425,422,416,413,410,406
162,17,000,42496,00000,00000,0,A,Lebanon city,Illinois,4418,4452,4462,4482,4449,4426,4688,4924,4324,4308,4274,4238
162,17,000,42587,00000,00000,0,A,Lee village,Illinois,337,345,345,341,338,335,337,335,334,334,330,327
162,17,000,42756,00000,00000,0,A,Leland village,Illinois,977,977,976,969,963,956,948,938,933,926,919,914
162,17,000,42769,00000,00000,0,A,Leland Grove city,Illinois,1503,1495,1507,1555,1552,1547,1539,1528,1515,1498,1480,1464
162,17,000,42795,00000,00000,0,A,Lemont village,Illinois,16000,16051,16073,16217,16335,16499,16644,16764,16952,17040,17136,17291
162,17,000,42834,00000,00000,0,A,Lena village,Illinois,2912,2914,2908,2890,2866,2850,2825,2788,2782,2751,2740,2719
162,17,000,42860,00000,00000,0,A,Lenzburg village,Illinois,521,518,518,513,510,504,500,497,495,493,491,487
162,17,000,42912,00000,00000,0,A,Leonore village,Illinois,130,130,130,129,128,127,126,125,125,124,123,123
162,17,000,42938,00000,00000,0,A,Lerna village,Illinois,286,283,283,281,280,280,278,280,279,277,274,273
162,17,000,42971,00000,00000,0,A,Le Roy city,Illinois,3560,3550,3552,3567,3578,3614,3587,3564,3546,3539,3522,3493
162,17,000,43055,00000,00000,0,A,Lewistown city,Illinois,2384,2383,2384,2367,2340,2307,2285,2260,2240,2209,2182,2146
162,17,000,43094,00000,00000,0,A,Lexington city,Illinois,2060,2053,2053,2059,2065,2082,2061,2052,2050,2044,2031,2026
162,17,000,43133,00000,00000,0,A,Liberty village,Illinois,516,523,523,521,521,519,519,518,515,509,505,503
162,17,000,43250,00000,00000,0,A,Libertyville village,Illinois,20315,20405,20420,20409,20423,20519,20556,20486,20461,20445,20315,20205
162,17,000,43406,00000,00000,0,A,Lily Lake village,Illinois,993,990,991,995,997,1000,1019,1026,1029,1034,1026,1023
162,17,000,43445,00000,00000,0,A,Lima village,Illinois,163,153,153,153,152,152,152,151,151,149,148,148
162,17,000,43510,00000,00000,0,A,Limestone village,Illinois,1598,1599,1598,1600,1592,1583,1566,1554,1542,1535,1524,1522
162,17,000,43536,00000,00000,0,A,Lincoln city,Illinois,14504,14549,14533,14490,14734,14201,14087,13949,13822,13753,13685,13524
162,17,000,43666,00000,00000,0,A,Lincolnshire village,Illinois,7275,7308,7314,7311,7298,7313,7317,7310,7301,7349,7935,7893
162,17,000,43744,00000,00000,0,A,Lincolnwood village,Illinois,12590,12590,12598,12637,12679,12709,12698,12649,12564,12457,12330,12245
162,17,000,43770,00000,00000,0,A,Lindenhurst village,Illinois,14462,14577,14598,14569,14561,14611,14636,14574,14533,14451,14313,14216
162,17,000,43900,00000,00000,0,A,Lisbon village,Illinois,285,292,294,296,298,298,299,304,307,314,313,308
162,17,000,43939,00000,00000,0,A,Lisle village,Illinois,22390,22552,22577,23518,23618,23388,23468,23604,23573,23502,23405,23270
162,17,000,43965,00000,00000,0,A,Litchfield city,Illinois,6939,7159,7157,7094,7061,7052,6976,6924,6883,6808,6786,6715
162,17,000,44056,00000,00000,0,A,Littleton village,Illinois,181,181,181,179,179,177,174,171,168,166,162,160
162,17,000,44082,00000,00000,0,A,Little York village,Illinois,331,331,331,332,329,329,330,324,321,318,315,311
162,17,000,44121,00000,00000,0,A,Liverpool village,Illinois,129,129,129,128,129,127,126,125,126,124,125,123
162,17,000,44160,00000,00000,0,A,Livingston village,Illinois,858,858,857,851,844,839,833,828,823,818,812,804
162,17,000,44173,00000,00000,0,A,Loami village,Illinois,745,743,744,753,757,759,762,762,761,762,754,750
162,17,000,44225,00000,00000,0,A,Lockport city,Illinois,24839,24819,24865,24955,25020,25020,25024,25076,25140,25317,25436,25615
162,17,000,44264,00000,00000,0,A,Loda village,Illinois,407,407,406,405,404,402,403,404,403,400,399,398
162,17,000,44381,00000,00000,0,A,Lomax village,Illinois,454,451,452,442,430,424,427,424,417,412,404,401
162,17,000,44407,00000,00000,0,A,Lombard village,Illinois,43165,43466,43517,43725,43857,43983,43985,43879,44035,43872,44612,44303
162,17,000,44446,00000,00000,0,A,London Mills village,Illinois,392,392,392,392,389,386,385,383,382,380,380,376
162,17,000,44498,00000,00000,0,A,Long Creek village,Illinois,1328,1331,1331,1336,1333,1330,1326,1310,1305,1293,1280,1273
162,17,000,44524,00000,00000,0,A,Long Grove village,Illinois,8043,7921,7928,7917,7914,7959,8039,8027,8027,8013,7944,7905
162,17,000,44576,00000,00000,0,A,Long Point village,Illinois,226,226,225,225,223,221,218,218,217,217,214,214
162,17,000,44602,00000,00000,0,A,Longview village,Illinois,153,153,153,154,154,155,155,154,153,152,150,148
162,17,000,44719,00000,00000,0,A,Loraine village,Illinois,313,315,315,314,314,312,312,312,308,306,303,302
162,17,000,44823,00000,00000,0,A,Lostant village,Illinois,498,506,506,503,498,493,490,486,486,483,483,480
162,17,000,44927,00000,00000,0,A,Louisville village,Illinois,1139,1148,1151,1142,1140,1127,1118,1115,1109,1104,1104,1095
162,17,000,45031,00000,00000,0,A,Loves Park city,Illinois,23996,23994,23991,23904,23798,23735,23579,23489,23463,23377,23330,23371
162,17,000,45044,00000,00000,0,A,Lovington village,Illinois,1130,1120,1119,1113,1110,1099,1087,1078,1060,1058,1045,1026
162,17,000,45174,00000,00000,0,A,Ludlow village,Illinois,371,371,372,373,374,373,374,371,368,365,362,356
162,17,000,45278,00000,00000,0,A,Lyndon village,Illinois,648,648,648,648,642,638,631,628,626,621,613,610
162,17,000,45369,00000,00000,0,A,Lynnville village,Illinois,117,119,119,119,118,117,117,116,115,114,113,111
162,17,000,45421,00000,00000,0,A,Lynwood village,Illinois,9007,9026,9043,9279,9339,9379,9397,9376,9335,9273,9213,9194
162,17,000,45434,00000,00000,0,A,Lyons village,Illinois,10729,10733,10739,10770,10795,10805,10788,10732,10656,10563,10452,10372
162,17,000,45525,00000,00000,0,A,McClure village,Illinois,402,402,400,390,378,373,365,349,335,326,313,301
162,17,000,45564,00000,00000,0,A,McCook village,Illinois,228,228,228,229,228,229,229,228,227,223,221,220
162,17,000,45616,00000,00000,0,A,McCullom Lake village,Illinois,1049,1053,1053,1047,1041,1035,1029,1024,1017,1016,1012,1008
162,17,000,45642,00000,00000,0,A,Macedonia village,Illinois,63,63,63,63,63,63,62,64,64,64,64,63
162,17,000,45694,00000,00000,0,A,McHenry city,Illinois,26992,27039,27059,26960,26865,26701,26634,26631,26634,26810,27005,27061
162,17,000,45726,00000,00000,0,A,Machesney Park village,Illinois,23499,23508,23502,23439,23292,23225,23058,22973,22899,22765,22681,22677
162,17,000,45785,00000,00000,0,A,Mackinaw village,Illinois,1950,1939,1942,1949,1953,1954,1944,1914,1919,1913,1896,1884
162,17,000,45811,00000,00000,0,A,McLean village,Illinois,830,832,832,831,833,839,828,819,815,808,801,795
162,17,000,45824,00000,00000,0,A,McLeansboro city,Illinois,2883,2884,2880,2869,2852,2836,2821,2798,2774,2771,2757,2746
162,17,000,45850,00000,00000,0,A,McNabb village,Illinois,285,285,285,282,279,273,270,265,263,262,261,260
162,17,000,45889,00000,00000,0,A,Macomb city,Illinois,19288,19298,19309,19237,19263,19043,18739,18479,18080,17790,17576,17413
162,17,000,45941,00000,00000,0,A,Macon city,Illinois,1138,1151,1151,1158,1162,1162,1152,1140,1136,1127,1118,1112
162,17,000,45993,00000,00000,0,A,Madison city,Illinois,3891,3898,3895,3874,3956,3929,3900,3872,3852,3829,3796,3758
162,17,000,46058,00000,00000,0,A,Maeystown village,Illinois,157,159,159,159,160,160,159,161,161,163,162,162
162,17,000,46110,00000,00000,0,A,Magnolia village,Illinois,260,260,260,258,254,249,258,253,249,247,248,248
162,17,000,46136,00000,00000,0,A,Mahomet village,Illinois,7258,7290,7330,7451,7589,7798,7999,8083,8245,8464,8571,8605
162,17,000,46214,00000,00000,0,A,Makanda village,Illinois,561,560,561,560,560,556,552,551,548,539,535,530
162,17,000,46240,00000,00000,0,A,Malden village,Illinois,362,362,362,361,358,356,353,350,348,346,344,341
162,17,000,46279,00000,00000,0,A,Malta village,Illinois,1164,1169,1168,1159,1158,1159,1162,1160,1155,1160,1156,1158
162,17,000,46331,00000,00000,0,A,Manchester village,Illinois,292,292,290,285,288,284,282,279,276,272,269,269
162,17,000,46357,00000,00000,0,A,Manhattan village,Illinois,7051,7051,7090,7118,7140,7197,7305,7403,7553,7751,7983,8240
162,17,000,46383,00000,00000,0,A,Manito village,Illinois,1642,1647,1645,1623,1607,1582,1579,1549,1527,1525,1508,1486
162,17,000,46422,00000,00000,0,A,Manlius village,Illinois,359,359,359,355,353,350,348,345,341,339,337,334
162,17,000,46487,00000,00000,0,A,Mansfield village,Illinois,906,1006,1005,997,984,970,965,962,969,959,952,948
162,17,000,46500,00000,00000,0,A,Manteno village,Illinois,9204,9208,9205,9210,9166,9122,9071,9042,9032,9024,9001,9002
162,17,000,46604,00000,00000,0,A,Maple Park village,Illinois,1310,1308,1309,1308,1307,1306,1310,1306,1303,1320,1335,1365
162,17,000,46643,00000,00000,0,A,Mapleton village,Illinois,270,271,271,270,271,270,275,279,277,273,271,269
162,17,000,46695,00000,00000,0,A,Maquon village,Illinois,284,282,282,279,279,276,276,271,268,267,262,260
162,17,000,46786,00000,00000,0,A,Marengo city,Illinois,7648,7665,7673,7643,7618,7571,7540,7514,7478,7466,7468,7437
162,17,000,46825,00000,00000,0,A,Marietta village,Illinois,112,113,113,112,111,112,111,110,109,110,108,109
162,17,000,46864,00000,00000,0,A,Marine village,Illinois,960,973,972,965,960,957,951,946,940,934,927,922
162,17,000,46916,00000,00000,0,A,Marion city,Illinois,17193,17227,17248,17345,17359,17757,17747,17613,17657,17588,17602,17520
162,17,000,46955,00000,00000,0,A,Marissa village,Illinois,1979,1978,1977,1957,1934,1909,1890,1869,1854,1843,1828,1806
162,17,000,46981,00000,00000,0,A,Mark village,Illinois,555,557,560,559,558,552,549,540,537,536,539,539
162,17,000,47007,00000,00000,0,A,Markham city,Illinois,12508,12533,12546,12616,12671,12716,12728,12690,12608,12512,12395,12314
162,17,000,47072,00000,00000,0,A,Maroa city,Illinois,1801,1801,1801,1800,1792,1779,1763,1747,1736,1725,1711,1711
162,17,000,47111,00000,00000,0,A,Marquette Heights city,Illinois,2824,2820,2820,2820,2817,2806,2779,2730,2709,2691,2663,2645
162,17,000,47150,00000,00000,0,A,Marseilles city,Illinois,5094,5114,5109,5082,5057,5016,4989,4954,4920,4887,4865,4834
162,17,000,47163,00000,00000,0,A,Marshall city,Illinois,3933,3950,3941,3920,3932,3898,3898,3858,3867,3877,3850,3811
162,17,000,47254,00000,00000,0,A,Martinsville city,Illinois,1167,1166,1163,1156,1159,1146,1141,1127,1125,1119,1101,1088
162,17,000,47280,00000,00000,0,A,Martinton village,Illinois,381,381,380,377,374,372,369,367,360,355,348,343
162,17,000,47397,00000,00000,0,A,Maryville village,Illinois,7487,7558,7602,7732,7865,7839,7890,7954,7956,7960,7971,7952
162,17,000,47423,00000,00000,0,A,Mascoutah city,Illinois,7483,7509,7551,7669,7874,7882,7876,7993,7992,8013,8036,7994
162,17,000,47449,00000,00000,0,A,Mason town,Illinois,345,345,344,342,341,341,339,341,340,339,339,336
162,17,000,47475,00000,00000,0,A,Mason City city,Illinois,2343,2343,2340,2309,2283,2251,2242,2204,2175,2173,2148,2119
162,17,000,47527,00000,00000,0,A,Matherville village,Illinois,723,720,719,713,706,698,688,680,668,671,666,662
162,17,000,47540,00000,00000,0,A,Matteson village,Illinois,19009,19026,19043,19138,19205,19245,19251,19278,19247,19402,19460,19448
162,17,000,47553,00000,00000,0,A,Mattoon city,Illinois,18555,18563,18551,18412,18338,18325,18192,18132,18043,17885,17689,17615
162,17,000,47592,00000,00000,0,A,Maunie village,Illinois,139,139,138,138,138,137,135,137,135,133,130,130
162,17,000,47774,00000,00000,0,A,Maywood village,Illinois,24090,24100,24111,24165,24205,24230,24161,24013,23824,23591,23328,23158
162,17,000,47787,00000,00000,0,A,Mazon village,Illinois,1015,1015,1016,1009,1006,999,994,986,977,972,974,967
162,17,000,48021,00000,00000,0,A,Mechanicsburg village,Illinois,590,595,598,605,609,609,615,639,653,664,668,661
162,17,000,48073,00000,00000,0,A,Media village,Illinois,107,107,107,105,102,101,102,100,98,97,95,94
162,17,000,48138,00000,00000,0,A,Medora village,Illinois,419,419,419,419,412,409,407,404,401,398,398,392
162,17,000,48242,00000,00000,0,A,Melrose Park village,Illinois,25411,25414,25432,25517,25592,25636,25592,25455,25382,25149,24889,24703
162,17,000,48268,00000,00000,0,A,Melvin village,Illinois,452,452,452,445,445,437,432,431,424,422,419,410
162,17,000,48307,00000,00000,0,A,Mendon village,Illinois,953,973,973,970,972,965,970,966,968,966,957,961
162,17,000,48333,00000,00000,0,A,Mendota city,Illinois,7372,7374,7366,7325,7382,7303,7244,7183,7137,7089,7040,6994
162,17,000,48359,00000,00000,0,A,Menominee village,Illinois,248,253,253,252,254,252,251,247,247,243,241,240
162,17,000,48424,00000,00000,0,A,Meredosia village,Illinois,1044,1046,1045,1045,1035,1024,1020,1017,1004,992,986,972
162,17,000,48554,00000,00000,0,A,Merrionette Park village,Illinois,1900,1900,1902,1910,1916,1921,1919,1912,1902,1886,1871,1858
162,17,000,48606,00000,00000,0,A,Metamora village,Illinois,3636,3673,3684,3706,3706,3737,3745,3730,3745,3720,3712,3699
162,17,000,48632,00000,00000,0,A,Metcalf village,Illinois,189,188,187,186,184,182,181,178,174,173,173,171
162,17,000,48645,00000,00000,0,A,Metropolis city,Illinois,6537,6580,6557,6509,6413,6354,6364,6280,6221,6153,6056,5945
162,17,000,48671,00000,00000,0,A,Mettawa village,Illinois,547,539,539,539,545,543,547,552,550,548,550,543
162,17,000,48853,00000,00000,0,A,Middletown village,Illinois,324,322,322,323,318,317,315,312,312,310,307,304
162,17,000,48892,00000,00000,0,A,Midlothian village,Illinois,14819,14817,14827,14874,14913,14936,14917,14844,14736,14604,14451,14346
162,17,000,49009,00000,00000,0,A,Milan village,Illinois,5099,5193,5197,5188,5191,5183,5171,5139,5089,5063,5017,4991
162,17,000,49048,00000,00000,0,A,Milford village,Illinois,1306,1314,1313,1298,1285,1268,1256,1245,1225,1206,1191,1171
162,17,000,49100,00000,00000,0,A,Millbrook village,Illinois,335,310,311,314,316,318,321,323,326,328,330,328
162,17,000,49178,00000,00000,0,A,Mill Creek village,Illinois,65,67,67,66,66,68,68,67,66,66,65,64
162,17,000,49191,00000,00000,0,A,Milledgeville village,Illinois,1032,1036,1036,1022,1016,1004,991,981,976,966,955,952
162,17,000,49308,00000,00000,0,A,Millington village,Illinois,665,666,667,667,666,667,666,664,664,660,664,659
162,17,000,49347,00000,00000,0,A,Mill Shoals village,Illinois,215,212,211,211,210,209,208,207,205,203,198,197
162,17,000,49386,00000,00000,0,A,Millstadt village,Illinois,4011,4011,4016,4000,3967,3951,3948,3925,3907,3897,3884,3857
162,17,000,49477,00000,00000,0,A,Milton village,Illinois,271,271,270,272,270,267,267,266,265,266,266,266
162,17,000,49516,00000,00000,0,A,Mineral village,Illinois,237,237,237,235,233,231,230,227,227,225,224,222
162,17,000,49555,00000,00000,0,A,Minier village,Illinois,1252,1252,1252,1254,1257,1255,1244,1221,1214,1208,1198,1190
162,17,000,49568,00000,00000,0,A,Minonk city,Illinois,2078,2078,2076,2077,2064,2063,2049,2034,2020,2002,1989,1974
162,17,000,49607,00000,00000,0,A,Minooka village,Illinois,10924,10953,10985,11022,11106,11146,11199,11239,11267,11348,11357,11397
162,17,000,49802,00000,00000,0,A,Modesto village,Illinois,189,189,189,189,186,185,184,181,180,181,180,178
162,17,000,49854,00000,00000,0,A,Mokena village,Illinois,18740,18646,18688,18812,18932,19066,19315,19762,19929,20074,20172,20159
162,17,000,49867,00000,00000,0,A,Moline city,Illinois,43483,43440,43469,43253,43214,43088,42825,42622,42238,41917,41566,41356
162,17,000,49893,00000,00000,0,A,Momence city,Illinois,3310,3309,3307,3301,3283,3254,3228,3200,3166,3143,3110,3094
162,17,000,49945,00000,00000,0,A,Monee village,Illinois,5148,5113,5121,5126,5130,5116,5108,5093,5100,5084,5093,5061
162,17,000,50010,00000,00000,0,A,Monmouth city,Illinois,9444,9424,9427,9518,9431,9359,9386,9261,9131,9046,8963,8886
162,17,000,50062,00000,00000,0,A,Monroe Center village,Illinois,471,471,470,466,461,456,454,450,444,442,437,435
162,17,000,50218,00000,00000,0,A,Montgomery village,Illinois,18438,18307,18384,18681,18910,19114,19275,19437,19605,19676,19725,19638
162,17,000,50244,00000,00000,0,A,Monticello city,Illinois,5548,5554,5550,5526,5469,5517,5517,5500,5573,5547,5547,5534
162,17,000,50283,00000,00000,0,A,Montrose village,Illinois,201,201,201,199,199,199,198,198,197,196,196,195
162,17,000,50491,00000,00000,0,A,Morris city,Illinois,13636,13639,13666,13697,13777,13880,14059,14265,14400,14656,14912,15053
162,17,000,50530,00000,00000,0,A,Morrison city,Illinois,4188,4191,4190,4175,4138,4117,4147,4135,4098,4058,4019,3988
162,17,000,50543,00000,00000,0,A,Morrisonville village,Illinois,1056,1061,1060,1062,1057,1047,1035,1028,1023,1018,1009,998
162,17,000,50621,00000,00000,0,A,Morton village,Illinois,16267,16355,16374,16447,16537,16649,16606,16407,16406,16425,16339,16277
162,17,000,50647,00000,00000,0,A,Morton Grove village,Illinois,23270,23222,23249,23351,23457,23507,23481,23416,23283,23083,22905,22796
162,17,000,50751,00000,00000,0,A,Mound City city,Illinois,588,595,591,575,571,565,554,540,535,526,514,504
162,17,000,50777,00000,00000,0,A,Mounds city,Illinois,810,810,805,784,781,771,757,737,727,715,700,684
162,17,000,50790,00000,00000,0,A,Mound Station village,Illinois,122,122,121,121,121,120,120,119,116,115,114,116
162,17,000,50829,00000,00000,0,A,Mount Auburn village,Illinois,480,482,483,482,482,478,473,467,466,461,456,450
162,17,000,50868,00000,00000,0,A,Mount Carmel city,Illinois,7284,7299,7278,7202,7129,7117,7070,7078,7026,7011,7008,7001
162,17,000,50881,00000,00000,0,A,Mount Carroll city,Illinois,1717,1717,1717,1695,1678,1662,1639,1622,1613,1597,1576,1571
162,17,000,50920,00000,00000,0,A,Mount Clare village,Illinois,278,281,281,281,277,274,271,269,269,268,266,263
162,17,000,50933,00000,00000,0,A,Mount Erie village,Illinois,88,85,85,84,84,84,84,84,84,83,84,83
162,17,000,50998,00000,00000,0,A,Mount Morris village,Illinois,2998,3009,3003,2979,2958,2926,2903,2876,2849,2833,2812,2794
162,17,000,51024,00000,00000,0,A,Mount Olive city,Illinois,2099,2106,2107,2103,2069,2048,2020,2003,1990,1977,1963,1939
162,17,000,51089,00000,00000,0,A,Mount Prospect village,Illinois,54167,55037,55082,55264,55417,55602,55770,55528,55156,54675,54116,53719
162,17,000,51128,00000,00000,0,A,Mount Pulaski city,Illinois,1566,1563,1562,1553,1538,1533,1520,1505,1499,1489,1481,1464
162,17,000,51154,00000,00000,0,A,Mount Sterling city,Illinois,2025,2025,2018,1999,2006,1989,1973,1959,1938,1925,1904,1909
162,17,000,51180,00000,00000,0,A,Mount Vernon city,Illinois,15277,15241,15206,15173,15124,15109,15009,14948,14941,14861,14751,14723
162,17,000,51206,00000,00000,0,A,Mount Zion village,Illinois,5833,5842,5857,5884,5874,5918,5888,5859,5849,5817,5797,5795
162,17,000,51232,00000,00000,0,A,Moweaqua village,Illinois,1831,1829,1826,1804,1794,1783,1776,1747,1734,1732,1725,1714
162,17,000,51271,00000,00000,0,A,Muddy village,Illinois,68,69,69,69,69,69,68,68,67,64,64,63
162,17,000,51284,00000,00000,0,A,Mulberry Grove village,Illinois,634,632,632,628,621,614,603,595,583,585,584,575
162,17,000,51336,00000,00000,0,A,Muncie village,Illinois,146,146,146,146,145,144,141,142,141,138,140,138
162,17,000,51349,00000,00000,0,A,Mundelein village,Illinois,31064,30986,31037,31097,31118,31287,31459,31476,31424,31339,31183,31051
162,17,000,51453,00000,00000,0,A,Murphysboro city,Illinois,7970,7968,7980,7963,7913,7858,7798,7745,7690,7570,7482,7406
162,17,000,51479,00000,00000,0,A,Murrayville village,Illinois,587,587,586,587,582,577,573,573,565,558,555,548
162,17,000,51622,00000,00000,0,A,Naperville city,Illinois,141853,142170,142402,143205,144017,144892,146193,146975,147192,147619,148090,148449
162,17,000,51648,00000,00000,0,A,Naplate village,Illinois,496,496,496,493,490,485,482,481,478,475,473,470
162,17,000,51661,00000,00000,0,A,Naples town,Illinois,130,130,129,127,128,127,126,124,123,119,118,119
162,17,000,51700,00000,00000,0,A,Nashville city,Illinois,3258,3260,3254,3218,3209,3158,3150,3115,3095,3041,3041,3011
162,17,000,51726,00000,00000,0,A,Nason city,Illinois,236,236,235,235,237,236,235,234,235,234,233,233
162,17,000,51791,00000,00000,0,A,Nauvoo city,Illinois,1149,1149,1148,1142,1130,1113,1100,1093,1092,1078,1070,1063
162,17,000,51882,00000,00000,0,A,Nebo village,Illinois,340,340,339,338,336,332,329,330,331,329,327,328
162,17,000,51947,00000,00000,0,A,Nelson village,Illinois,170,170,170,168,165,164,163,161,161,161,160,159
162,17,000,51986,00000,00000,0,A,Neoga city,Illinois,1636,1636,1637,1645,1626,1620,1622,1611,1615,1619,1606,1602
162,17,000,51999,00000,00000,0,A,Neponset village,Illinois,473,473,472,468,462,459,454,450,448,443,440,436
162,17,000,52103,00000,00000,0,A,Newark village,Illinois,992,979,982,994,999,1005,1011,1017,1024,1031,1034,1028
162,17,000,52116,00000,00000,0,A,New Athens village,Illinois,2054,2060,2061,2040,2020,1996,1977,1954,1937,1926,1908,1884
162,17,000,52142,00000,00000,0,A,New Baden village,Illinois,3349,3350,3361,3371,3353,3322,3310,3303,3281,3278,3261,3241
162,17,000,52155,00000,00000,0,A,New Bedford village,Illinois,75,75,75,74,74,73,73,72,72,71,71,70
162,17,000,52168,00000,00000,0,A,New Berlin village,Illinois,1346,1348,1354,1356,1364,1360,1356,1351,1349,1337,1331,1333
162,17,000,52220,00000,00000,0,A,New Boston city,Illinois,683,687,686,684,678,673,667,661,652,654,654,650
162,17,000,52285,00000,00000,0,A,New Burnside village,Illinois,211,211,212,212,213,212,211,211,213,212,212,214
162,17,000,52311,00000,00000,0,A,New Canton town,Illinois,359,359,358,357,354,353,349,348,349,347,345,346
162,17,000,52415,00000,00000,0,A,New Douglas village,Illinois,319,319,319,321,321,318,316,314,313,312,309,307
162,17,000,52467,00000,00000,0,A,New Grand Chain village,Illinois,210,210,209,204,203,201,198,193,191,188,186,182
162,17,000,52506,00000,00000,0,A,New Haven village,Illinois,433,436,435,431,423,423,414,411,406,399,397,382
162,17,000,52545,00000,00000,0,A,New Holland village,Illinois,269,282,282,281,278,277,276,276,273,272,271,268
162,17,000,52584,00000,00000,0,A,New Lenox village,Illinois,24394,24288,24337,24405,24586,24849,25288,25661,26082,26456,26727,26926
162,17,000,52623,00000,00000,0,A,Newman city,Illinois,865,863,863,855,856,852,852,850,846,844,834,833
162,17,000,52701,00000,00000,0,A,New Milford village,Illinois,697,711,711,711,707,707,702,701,699,698,700,699
162,17,000,52714,00000,00000,0,A,New Minden village,Illinois,215,215,215,212,216,212,212,209,207,208,208,206
162,17,000,52805,00000,00000,0,A,New Salem village,Illinois,137,137,137,138,137,136,135,134,134,133,135,134
162,17,000,52844,00000,00000,0,A,Newton city,Illinois,2849,2894,2902,2910,2886,2865,2877,2872,2858,2838,2867,2863
162,17,000,52961,00000,00000,0,A,Niantic village,Illinois,707,707,707,706,699,695,685,678,671,665,657,655
162,17,000,53000,00000,00000,0,A,Niles village,Illinois,29803,29825,29846,29943,30023,30068,30036,29891,29704,29447,29152,28938
162,17,000,53039,00000,00000,0,A,Nilwood town,Illinois,239,239,239,241,238,236,233,231,232,231,231,229
162,17,000,53143,00000,00000,0,A,Noble village,Illinois,677,674,672,676,673,666,666,661,658,656,650,641
162,17,000,53169,00000,00000,0,A,Nokomis city,Illinois,2256,2256,2255,2235,2225,2219,2195,2178,2166,2142,2133,2110
162,17,000,53195,00000,00000,0,A,Nora village,Illinois,121,121,121,121,120,121,120,119,117,117,114,116
162,17,000,53234,00000,00000,0,A,Normal town,Illinois,52497,52549,52643,53119,54025,54667,54517,54294,54391,54452,54629,54469
162,17,000,53377,00000,00000,0,A,Norridge village,Illinois,14572,14574,14584,14630,14677,14700,14681,14616,14530,14413,14262,14152
162,17,000,53390,00000,00000,0,A,Norris village,Illinois,213,209,209,208,206,205,206,203,201,203,201,200
162,17,000,53403,00000,00000,0,A,Norris City village,Illinois,1275,1249,1243,1243,1236,1229,1216,1210,1199,1183,1158,1151
162,17,000,53442,00000,00000,0,A,North Aurora village,Illinois,16760,16621,16650,16753,16821,16953,17187,17292,17319,18063,18070,18057
162,17,000,53455,00000,00000,0,A,North Barrington village,Illinois,3047,3017,3020,3018,3019,3021,3018,3010,3006,2991,2964,2952
162,17,000,53481,00000,00000,0,A,Northbrook village,Illinois,33170,33200,33237,33400,33541,33657,33711,33653,33517,33334,33110,32958
162,17,000,53559,00000,00000,0,A,North Chicago city,Illinois,32574,32594,32635,29822,30126,30452,29659,30060,29939,29953,29763,29615
162,17,000,53585,00000,00000,0,A,North City village,Illinois,608,588,589,589,586,582,581,580,578,577,572,569
162,17,000,53663,00000,00000,0,A,Northfield village,Illinois,5420,5452,5458,5480,5508,5521,5523,5517,5498,5464,5409,5386
162,17,000,53793,00000,00000,0,A,North Henderson village,Illinois,187,187,187,186,184,182,180,178,176,176,175,174
162,17,000,53871,00000,00000,0,A,Northlake city,Illinois,12323,12325,12332,12368,12396,12411,12386,12321,12428,12340,12214,12161
162,17,000,54092,00000,00000,0,A,North Pekin village,Illinois,1573,1592,1592,1604,1617,1626,1614,1585,1573,1566,1550,1545
162,17,000,54144,00000,00000,0,A,North Riverside village,Illinois,6672,6672,6677,6693,6710,6718,6704,6669,6616,6554,6482,6429
162,17,000,54222,00000,00000,0,A,North Utica village,Illinois,1352,1346,1349,1363,1375,1364,1355,1345,1337,1332,1334,1336
162,17,000,54404,00000,00000,0,A,Norwood village,Illinois,478,479,478,480,481,484,480,480,476,470,463,459
162,17,000,54534,00000,00000,0,A,Oak Brook village,Illinois,7883,7888,7903,7962,7995,8038,8070,8092,8087,8081,8065,8016
162,17,000,54560,00000,00000,0,A,Oakbrook Terrace city,Illinois,2134,2104,2107,2116,2122,2127,2141,2134,2133,2131,2115,2098
162,17,000,54586,00000,00000,0,A,Oakdale village,Illinois,221,210,210,209,209,208,207,205,204,202,202,200
162,17,000,54625,00000,00000,0,A,Oakford village,Illinois,286,286,286,286,287,284,282,278,280,277,277,276
162,17,000,54638,00000,00000,0,A,Oak Forest city,Illinois,27962,27966,27987,28091,28173,28223,28192,28057,27874,27634,27361,27173
162,17,000,54703,00000,00000,0,A,Oak Grove village,Illinois,396,595,595,595,598,597,596,595,594,593,592,591
162,17,000,54781,00000,00000,0,A,Oakland city,Illinois,880,876,876,870,875,890,883,879,876,866,857,854
162,17,000,54820,00000,00000,0,A,Oak Lawn village,Illinois,56690,56690,56732,56924,57078,57170,57106,56825,56456,55983,55430,55022
162,17,000,54885,00000,00000,0,A,Oak Park village,Illinois,51878,51878,51896,52013,52099,52254,52138,52405,52060,52149,52173,52381
162,17,000,55002,00000,00000,0,A,Oakwood village,Illinois,1595,1595,1596,1592,1582,1575,1562,1548,1539,1526,1504,1485
162,17,000,55041,00000,00000,0,A,Oakwood Hills village,Illinois,2083,2076,2077,2080,2076,2069,2060,2052,2043,2042,2036,2028
162,17,000,55106,00000,00000,0,A,Oblong village,Illinois,1466,1468,1467,1464,1445,1433,1420,1419,1407,1395,1384,1371
162,17,000,55132,00000,00000,0,A,Oconee village,Illinois,180,180,180,178,177,176,178,175,174,174,173,172
162,17,000,55171,00000,00000,0,A,Odell village,Illinois,1046,1039,1036,1035,1024,1011,1000,988,981,981,966,964
162,17,000,55210,00000,00000,0,A,Odin village,Illinois,1076,1076,1075,1066,1063,1052,1048,1042,1035,1025,1015,1009
162,17,000,55249,00000,00000,0,A,O'Fallon city,Illinois,28281,28759,28797,29407,29311,29199,29128,29098,29153,29320,29557,29583
162,17,000,55275,00000,00000,0,A,Ogden village,Illinois,810,821,822,823,826,828,830,824,817,813,810,800
162,17,000,55353,00000,00000,0,A,Oglesby city,Illinois,3791,3791,3788,3772,3740,3698,3669,3637,3607,3588,3574,3559
162,17,000,55379,00000,00000,0,A,Ohio village,Illinois,513,513,512,508,506,503,497,492,490,487,485,480
162,17,000,55418,00000,00000,0,A,Ohlman village,Illinois,135,135,135,134,133,133,131,130,129,128,127,126
162,17,000,55470,00000,00000,0,A,Okawville village,Illinois,1434,1434,1434,1424,1420,1409,1409,1400,1394,1369,1371,1360
162,17,000,55639,00000,00000,0,A,Old Mill Creek village,Illinois,178,173,173,173,173,173,173,172,172,171,169,167
162,17,000,55717,00000,00000,0,A,Old Ripley village,Illinois,108,108,108,108,107,105,104,102,100,101,101,99
162,17,000,55756,00000,00000,0,A,Old Shawneetown village,Illinois,193,192,191,187,184,184,180,178,175,173,172,164
162,17,000,55899,00000,00000,0,A,Olmsted village,Illinois,333,333,331,325,324,320,317,309,306,302,298,294
162,17,000,55912,00000,00000,0,A,Olney city,Illinois,9115,9094,9072,9065,9034,8965,8970,8929,8859,8859,8778,8674
162,17,000,55938,00000,00000,0,A,Olympia Fields village,Illinois,4988,4921,4927,4946,4968,4977,4974,4951,4915,4875,4825,4790
162,17,000,56003,00000,00000,0,A,Omaha village,Illinois,266,266,265,262,257,257,252,248,246,240,238,228
162,17,000,56081,00000,00000,0,A,Onarga village,Illinois,1368,1377,1376,1362,1347,1337,1334,1325,1306,1289,1281,1264
162,17,000,56159,00000,00000,0,A,Oneida city,Illinois,700,702,702,698,694,693,689,683,678,674,666,662
162,17,000,56237,00000,00000,0,A,Oquawka village,Illinois,1371,1371,1375,1353,1325,1315,1322,1321,1296,1283,1260,1252
162,17,000,56341,00000,00000,0,A,Orangeville village,Illinois,793,807,805,798,792,789,780,771,767,759,759,752
162,17,000,56471,00000,00000,0,A,Oreana village,Illinois,875,878,878,876,869,862,850,841,835,825,816,811
162,17,000,56484,00000,00000,0,A,Oregon city,Illinois,3721,3713,3706,3668,3645,3605,3580,3557,3520,3504,3486,3470
162,17,000,56536,00000,00000,0,A,Orient city,Illinois,358,358,358,358,357,354,354,351,349,348,345,343
162,17,000,56601,00000,00000,0,A,Orion village,Illinois,1861,1866,1865,1855,1865,1853,1845,1837,1830,1815,1808,1798
162,17,000,56627,00000,00000,0,A,Orland Hills village,Illinois,7149,7210,7215,7244,7267,7281,7278,7246,7200,7141,7073,7023
162,17,000,56640,00000,00000,0,A,Orland Park village,Illinois,56767,56607,56664,56968,57232,58470,58592,58531,58912,58579,58179,57857
162,17,000,56887,00000,00000,0,A,Oswego village,Illinois,30355,30452,30659,31232,31806,32339,33238,33956,34463,34837,35183,36252
162,17,000,56926,00000,00000,0,A,Ottawa city,Illinois,18768,18818,18801,18699,18582,18535,18441,18338,18243,18171,18119,18063
162,17,000,56978,00000,00000,0,A,Otterville town,Illinois,126,126,126,124,123,121,120,119,120,119,118,118
162,17,000,57043,00000,00000,0,A,Owaneco village,Illinois,239,239,239,238,237,234,233,231,229,228,225,223
162,17,000,57225,00000,00000,0,A,Palatine village,Illinois,68557,68551,68611,68886,69170,69378,69427,69302,68953,68506,67942,67482
162,17,000,57277,00000,00000,0,A,Palestine village,Illinois,1369,1368,1367,1364,1345,1334,1321,1318,1308,1298,1284,1273
162,17,000,57303,00000,00000,0,A,Palmer village,Illinois,229,227,227,226,222,220,217,215,213,210,207,205
162,17,000,57329,00000,00000,0,A,Palmyra village,Illinois,698,698,698,696,687,682,676,673,667,667,666,659
162,17,000,57381,00000,00000,0,A,Palos Heights city,Illinois,12515,12515,12523,12569,12604,12623,12611,12554,12475,12375,12604,12520
162,17,000,57394,00000,00000,0,A,Palos Hills city,Illinois,17484,17480,17494,17562,17612,17648,17634,17563,17463,17323,17166,17060
162,17,000,57407,00000,00000,0,A,Palos Park village,Illinois,4847,4849,4856,4880,4903,4912,4910,4888,4859,4817,4770,4736
162,17,000,57472,00000,00000,0,A,Pana city,Illinois,5847,5842,5836,5818,5777,5709,5646,5584,5543,5499,5436,5376
162,17,000,57498,00000,00000,0,A,Panama village,Illinois,343,343,343,341,340,338,334,331,326,323,322,319
162,17,000,57524,00000,00000,0,A,Panola village,Illinois,45,51,51,51,51,51,53,50,53,50,52,52
162,17,000,57576,00000,00000,0,A,Papineau village,Illinois,171,167,167,165,164,162,158,157,155,153,151,149
162,17,000,57628,00000,00000,0,A,Paris city,Illinois,8837,8882,8849,8794,8679,8580,8515,8454,8457,8397,8382,8285
162,17,000,57654,00000,00000,0,A,Park City city,Illinois,7570,7569,7581,7579,7565,7577,7577,7550,7551,7524,7473,7438
162,17,000,57693,00000,00000,0,A,Parkersburg village,Illinois,199,208,207,207,208,207,207,206,205,205,203,200
162,17,000,57732,00000,00000,0,A,Park Forest village,Illinois,21975,21981,21997,22074,22109,22128,22084,21954,21796,21604,21387,21210
162,17,000,57875,00000,00000,0,A,Park Ridge city,Illinois,37480,37479,37518,37643,37783,37908,37900,37779,37625,37418,37177,36950
162,17,000,58057,00000,00000,0,A,Patoka village,Illinois,584,578,577,576,574,567,565,564,558,553,549,547
162,17,000,58174,00000,00000,0,A,Pawnee village,Illinois,2739,2749,2751,2762,2759,2751,2741,2731,2713,2693,2664,2640
162,17,000,58226,00000,00000,0,A,Paw Paw village,Illinois,870,924,923,908,896,887,883,872,866,865,856,848
162,17,000,58239,00000,00000,0,A,Paxton city,Illinois,4473,4506,4506,4440,4444,4390,4315,4309,4248,4233,4212,4125
162,17,000,58265,00000,00000,0,A,Payson village,Illinois,1026,1025,1026,1022,1024,1016,1016,1014,1009,1001,993,990
162,17,000,58343,00000,00000,0,A,Pearl village,Illinois,138,138,138,137,136,135,134,133,133,132,131,132
162,17,000,58369,00000,00000,0,A,Pearl City village,Illinois,838,838,836,829,822,819,815,805,803,792,790,783
162,17,000,58408,00000,00000,0,A,Pecatonica village,Illinois,2195,2203,2202,2184,2170,2158,2139,2126,2114,2101,2088,2078
162,17,000,58447,00000,00000,0,A,Pekin city,Illinois,34094,34018,34017,34026,34044,33880,33614,32964,32748,32564,32251,32045
162,17,000,59000,00000,00000,0,A,Peoria city,Illinois,115007,115150,114980,115426,115798,116646,115955,115183,114227,112618,111449,110417
162,17,000,59026,00000,00000,0,A,Peoria Heights village,Illinois,6156,6079,6067,6050,6052,6073,6017,5976,5924,5836,5770,5779
162,17,000,59052,00000,00000,0,A,Peotone village,Illinois,4142,4146,4152,4163,4161,4141,4141,4123,4140,4146,4133,4105
162,17,000,59104,00000,00000,0,A,Percy village,Illinois,970,978,977,973,961,958,953,942,937,934,931,919
162,17,000,59156,00000,00000,0,A,Perry village,Illinois,397,397,396,397,394,388,384,388,389,387,383,382
162,17,000,59234,00000,00000,0,A,Peru city,Illinois,10295,10329,10321,10270,10198,10093,10024,9950,9890,9832,9796,9730
162,17,000,59273,00000,00000,0,A,Pesotum village,Illinois,551,551,552,552,554,555,554,550,544,537,534,524
162,17,000,59312,00000,00000,0,A,Petersburg city,Illinois,2260,2331,2328,2332,2321,2294,2277,2247,2250,2228,2229,2214
162,17,000,59520,00000,00000,0,A,Phillipstown village,Illinois,44,44,44,44,44,43,43,43,42,42,41,41
162,17,000,59533,00000,00000,0,A,Philo village,Illinois,1466,1468,1470,1474,1478,1480,1480,1467,1455,1441,1424,1400
162,17,000,59572,00000,00000,0,A,Phoenix village,Illinois,1964,1974,1976,1982,1988,1991,1986,1976,1963,1944,1924,1908
162,17,000,59709,00000,00000,0,A,Pierron village,Illinois,600,590,590,588,582,576,566,558,550,553,551,544
162,17,000,59884,00000,00000,0,A,Pinckneyville city,Illinois,5648,5650,5644,5679,5398,5407,5437,5528,5456,5438,5412,5372
162,17,000,59988,00000,00000,0,A,Pingree Grove village,Illinois,4532,4518,4587,4713,4910,5471,5885,6648,7408,8097,8936,9874
162,17,000,60079,00000,00000,0,A,Piper City village,Illinois,826,839,838,825,824,810,794,791,779,775,767,750
162,17,000,60209,00000,00000,0,A,Pittsburg village,Illinois,572,572,572,573,569,570,567,567,565,560,558,551
162,17,000,60222,00000,00000,0,A,Pittsfield city,Illinois,4576,4596,4587,4571,4541,4495,4486,4352,4318,4291,4268,4254
162,17,000,60287,00000,00000,0,A,Plainfield village,Illinois,39581,39884,39994,40208,40515,41800,42137,42518,42941,43832,44084,44308
162,17,000,60339,00000,00000,0,A,Plainville village,Illinois,264,262,262,264,261,262,260,262,260,258,256,255
162,17,000,60352,00000,00000,0,A,Plano city,Illinois,10856,10850,10890,10989,11072,11136,11210,11270,11374,11586,11652,11665
162,17,000,60391,00000,00000,0,A,Plattville village,Illinois,242,242,243,245,247,249,250,249,251,256,258,256
162,17,000,60534,00000,00000,0,A,Pleasant Hill village,Illinois,966,964,962,960,953,943,936,933,933,930,926,925
162,17,000,60599,00000,00000,0,A,Pleasant Plains village,Illinois,802,801,802,807,806,806,806,804,803,801,796,791
162,17,000,60833,00000,00000,0,A,Plymouth village,Illinois,505,505,504,502,498,491,484,481,481,472,469,466
162,17,000,60872,00000,00000,0,A,Pocahontas village,Illinois,784,790,793,790,784,774,764,753,736,745,744,731
162,17,000,60937,00000,00000,0,A,Polo city,Illinois,2355,2347,2341,2315,2301,2279,2261,2240,2216,2203,2185,2171
162,17,000,61015,00000,00000,0,A,Pontiac city,Illinois,11931,11930,11904,11944,11966,12014,11968,11767,11405,11409,11275,11253
162,17,000,61067,00000,00000,0,A,Pontoon Beach village,Illinois,5836,5861,5859,5832,5806,5776,5747,5726,5713,5700,5679,5641
162,17,000,61080,00000,00000,0,A,Pontoosuc village,Illinois,146,146,146,145,144,142,140,139,139,138,137,136
162,17,000,61145,00000,00000,0,A,Poplar Grove village,Illinois,5023,4922,4939,4982,4988,5036,5092,5078,5076,5070,5064,5104
162,17,000,61216,00000,00000,0,A,Port Barrington village,Illinois,1517,1513,1513,1510,1505,1497,1496,1491,1486,1492,1484,1488
162,17,000,61223,00000,00000,0,A,Port Byron village,Illinois,1647,1642,1645,1651,1658,1655,1649,1642,1629,1623,1613,1607
162,17,000,61314,00000,00000,0,A,Posen village,Illinois,5987,6047,6054,6074,6089,6099,6093,6061,6021,5970,5909,5865
162,17,000,61366,00000,00000,0,A,Potomac village,Illinois,750,749,750,748,740,736,730,722,717,712,702,690
162,17,000,61548,00000,00000,0,A,Prairie City village,Illinois,379,380,380,379,379,377,371,369,365,359,354,351
162,17,000,61639,00000,00000,0,A,Prairie du Rocher village,Illinois,604,604,603,600,593,590,583,577,572,569,566,558
162,17,000,61678,00000,00000,0,A,Prairie Grove village,Illinois,1904,1987,1988,1978,1974,1958,1955,1946,1938,1939,1937,1931
162,17,000,61899,00000,00000,0,A,Princeton city,Illinois,7660,7915,7915,7840,7779,7723,7670,7588,7627,7573,7538,7468
162,17,000,61925,00000,00000,0,A,Princeville village,Illinois,1738,1743,1740,1741,1742,1754,1745,1729,1718,1692,1679,1672
162,17,000,61977,00000,00000,0,A,Prophetstown city,Illinois,2080,2078,2077,2066,2044,2032,2007,2001,1986,1968,1950,1939
162,17,000,62016,00000,00000,0,A,Prospect Heights city,Illinois,16256,16258,16270,16329,16378,16412,16432,16392,16288,16150,15992,15887
162,17,000,62211,00000,00000,0,A,Pulaski village,Illinois,206,206,205,198,197,195,192,187,185,182,179,175
162,17,000,62367,00000,00000,0,A,Quincy city,Illinois,40633,40709,40761,40894,40828,40771,40739,40691,40491,40270,40048,39949
162,17,000,62523,00000,00000,0,A,Radom village,Illinois,220,220,220,219,218,217,217,214,212,211,211,211
162,17,000,62588,00000,00000,0,A,Raleigh village,Illinois,350,350,350,349,350,348,344,343,340,336,333,329
162,17,000,62627,00000,00000,0,A,Ramsey village,Illinois,1037,1042,1041,1046,1040,1041,1034,1032,1023,1021,1013,1011
162,17,000,62744,00000,00000,0,A,Rankin village,Illinois,561,561,561,558,554,553,546,540,536,531,521,513
162,17,000,62757,00000,00000,0,A,Ransom village,Illinois,384,384,384,382,377,374,371,366,364,360,358,356
162,17,000,62783,00000,00000,0,A,Rantoul village,Illinois,12941,12956,12971,13020,13046,13162,13171,13063,12951,12834,12695,12493
162,17,000,62822,00000,00000,0,A,Rapids City village,Illinois,959,961,964,958,961,964,962,968,962,961,960,967
162,17,000,62848,00000,00000,0,A,Raritan village,Illinois,138,138,138,135,132,131,131,131,127,125,123,122
162,17,000,62965,00000,00000,0,A,Raymond village,Illinois,1006,1004,1003,995,989,986,977,970,964,952,949,942
162,17,000,63043,00000,00000,0,A,Red Bud city,Illinois,3698,3697,3696,3684,3637,3621,3604,3571,3547,3536,3528,3480
162,17,000,63056,00000,00000,0,A,Reddick village,Illinois,163,166,166,166,165,164,162,161,160,159,158,157
162,17,000,63069,00000,00000,0,A,Redmon village,Illinois,173,173,172,171,169,167,164,164,160,159,159,158
162,17,000,63420,00000,00000,0,A,Reynolds village,Illinois,539,543,543,539,539,537,532,528,520,517,510,507
162,17,000,63641,00000,00000,0,A,Richmond village,Illinois,1874,1865,1871,1887,1893,1885,1888,1892,1892,1900,1903,1904
162,17,000,63706,00000,00000,0,A,Richton Park village,Illinois,13646,13670,13682,13729,13770,13796,13781,13718,13629,13515,13384,13292
162,17,000,63719,00000,00000,0,A,Richview village,Illinois,253,262,261,258,258,254,251,250,248,246,246,243
162,17,000,63862,00000,00000,0,A,Ridge Farm village,Illinois,882,887,888,883,875,871,861,855,847,836,822,812
162,17,000,64018,00000,00000,0,A,Ridgway village,Illinois,869,869,866,856,838,836,820,810,800,785,781,747
162,17,000,64044,00000,00000,0,A,Ridott village,Illinois,164,161,161,160,158,158,156,155,154,153,152,151
162,17,000,64135,00000,00000,0,A,Ringwood village,Illinois,836,838,838,835,833,827,822,819,818,815,817,813
162,17,000,64148,00000,00000,0,A,Rio village,Illinois,220,220,220,219,218,217,217,214,212,211,208,207
162,17,000,64174,00000,00000,0,A,Ripley village,Illinois,86,86,86,85,86,85,84,84,83,83,82,82
162,17,000,64278,00000,00000,0,A,Riverdale village,Illinois,13549,13549,13560,13600,13629,13647,13625,13550,13451,13328,13183,13077
162,17,000,64304,00000,00000,0,A,River Forest village,Illinois,11172,11176,11182,11211,11252,11300,11239,11133,11018,10997,10892,10816
162,17,000,64343,00000,00000,0,A,River Grove village,Illinois,10227,10246,10252,10284,10306,10318,10302,10243,10169,10073,9962,9883
162,17,000,64421,00000,00000,0,A,Riverside village,Illinois,8875,8875,8879,8900,8915,8925,8906,8859,8803,8723,8630,8563
162,17,000,64486,00000,00000,0,A,Riverton village,Illinois,3455,3466,3471,3494,3498,3494,3507,3500,3483,3482,3460,3434
162,17,000,64538,00000,00000,0,A,Riverwoods village,Illinois,3660,3671,3674,3666,3655,3664,3661,3647,3640,3621,3585,3562
162,17,000,64590,00000,00000,0,A,Roanoke village,Illinois,2065,2077,2075,2081,2076,2080,2070,2056,2042,2021,2003,1990
162,17,000,64616,00000,00000,0,A,Robbins village,Illinois,5337,5337,5346,5388,5429,5463,5489,5490,5483,5469,5443,5438
162,17,000,64655,00000,00000,0,A,Roberts village,Illinois,362,362,362,357,356,350,344,346,339,336,335,329
162,17,000,64707,00000,00000,0,A,Robinson city,Illinois,7713,7721,7714,7705,7679,7626,7569,7553,7516,7456,7400,7341
162,17,000,64746,00000,00000,0,A,Rochelle city,Illinois,9574,9574,9555,9577,9516,9416,9348,9274,9184,9147,9080,9052
162,17,000,64759,00000,00000,0,A,Rochester village,Illinois,3689,3695,3709,3752,3769,3768,3768,3772,3759,3743,3722,3709
162,17,000,64811,00000,00000,0,A,Rockbridge village,Illinois,169,169,169,169,166,166,163,162,158,159,158,157
162,17,000,64837,00000,00000,0,A,Rock City village,Illinois,315,304,303,302,299,298,296,292,291,288,285,283
162,17,000,64902,00000,00000,0,A,Rockdale village,Illinois,1976,1987,1990,1987,1983,1976,1967,1957,1950,1940,1927,1910
162,17,000,64928,00000,00000,0,A,Rock Falls city,Illinois,9266,9406,9398,9358,9260,9200,9085,9061,8978,8888,8807,8740
162,17,000,65000,00000,00000,0,A,Rockford city,Illinois,152871,153285,153147,152129,151258,150608,149378,148465,147796,147008,146307,145609
162,17,000,65078,00000,00000,0,A,Rock Island city,Illinois,39018,38985,38978,38979,38932,38896,38778,38530,38160,37812,37431,37176
162,17,000,65156,00000,00000,0,A,Rockton village,Illinois,7685,7699,7697,7679,7647,7619,7566,7534,7511,7484,7468,7441
162,17,000,65221,00000,00000,0,A,Rockwood village,Illinois,42,42,42,42,41,41,41,40,40,40,42,41
162,17,000,65338,00000,00000,0,A,Rolling Meadows city,Illinois,24099,24091,24109,24191,24263,24298,24285,24171,24063,23936,23708,23532
162,17,000,65442,00000,00000,0,A,Romeoville village,Illinois,39680,39652,39704,39800,39851,39798,39793,39731,39724,39616,39576,39746
162,17,000,65481,00000,00000,0,A,Roodhouse city,Illinois,1814,1814,1815,1810,1784,1782,1752,1737,1700,1703,1690,1677
162,17,000,65611,00000,00000,0,A,Roscoe village,Illinois,10785,10847,10846,10824,10778,10747,10673,10628,10601,10562,10548,10510
162,17,000,65754,00000,00000,0,A,Rose Hill village,Illinois,80,80,80,80,80,79,79,79,79,80,81,81
162,17,000,65806,00000,00000,0,A,Roselle village,Illinois,22763,22724,22759,22869,22940,23015,23011,22969,22863,22796,22618,22463
162,17,000,65819,00000,00000,0,A,Rosemont village,Illinois,4202,4206,4210,4223,4234,4239,4231,4211,4181,4140,4100,4066
162,17,000,65845,00000,00000,0,A,Roseville village,Illinois,989,949,950,949,948,945,945,929,924,916,907,898
162,17,000,65897,00000,00000,0,A,Rosiclare city,Illinois,1160,1160,1159,1148,1145,1117,1106,1084,1061,1042,1033,1014
162,17,000,65962,00000,00000,0,A,Rossville village,Illinois,1331,1331,1332,1327,1314,1307,1294,1283,1269,1255,1235,1217
162,17,000,66027,00000,00000,0,A,Round Lake village,Illinois,18289,18342,18379,18401,18452,18522,18590,18528,18486,18386,18214,18100
162,17,000,66040,00000,00000,0,A,Round Lake Beach village,Illinois,28175,28093,28111,28049,27984,28001,27953,27803,27715,27560,27284,27100
162,17,000,66053,00000,00000,0,A,Round Lake Heights village,Illinois,2676,2741,2743,2736,2733,2730,2724,2709,2707,2691,2666,2645
162,17,000,66066,00000,00000,0,A,Round Lake Park village,Illinois,7505,7458,7466,7452,7439,7445,7439,7490,7638,7699,7706,7747
162,17,000,66131,00000,00000,0,A,Roxana village,Illinois,1542,1543,1540,1529,1519,1507,1495,1484,1473,1464,1450,1434
162,17,000,66157,00000,00000,0,A,Royal village,Illinois,293,285,285,287,288,286,289,289,289,284,282,277
162,17,000,66196,00000,00000,0,A,Royal Lakes village,Illinois,197,197,197,198,194,194,192,190,189,188,187,185
162,17,000,66209,00000,00000,0,A,Royalton village,Illinois,1151,1151,1152,1154,1147,1141,1141,1140,1129,1127,1124,1117
162,17,000,66287,00000,00000,0,A,Ruma village,Illinois,317,316,316,316,319,317,317,314,312,310,308,304
162,17,000,66339,00000,00000,0,A,Rushville city,Illinois,3192,3199,3196,3163,3159,3130,3072,3021,2964,2928,2892,2847
162,17,000,66404,00000,00000,0,A,Russellville village,Illinois,94,94,94,94,93,92,92,91,90,88,86,86
162,17,000,66443,00000,00000,0,A,Rutland village,Illinois,318,318,318,316,314,313,311,311,309,308,306,304
162,17,000,66534,00000,00000,0,A,Sadorus village,Illinois,416,411,412,411,412,414,414,409,406,402,396,390
162,17,000,66599,00000,00000,0,A,Sailor Springs village,Illinois,95,95,95,94,94,93,92,94,93,93,92,93
162,17,000,66638,00000,00000,0,A,St. Anne village,Illinois,1257,1280,1284,1279,1270,1258,1245,1233,1221,1212,1199,1193
162,17,000,66677,00000,00000,0,A,St. Augustine village,Illinois,120,121,121,121,120,119,119,118,117,114,113,112
162,17,000,66703,00000,00000,0,A,St. Charles city,Illinois,32974,32301,32335,32464,32517,32518,32604,32651,32612,32547,32917,32887
162,17,000,66768,00000,00000,0,A,St. David village,Illinois,589,590,590,585,579,569,565,557,553,544,538,527
162,17,000,66794,00000,00000,0,A,St. Elmo city,Illinois,1426,1461,1460,1463,1452,1452,1438,1434,1419,1415,1403,1403
162,17,000,66800,00000,00000,0,A,Ste. Marie village,Illinois,244,244,245,245,243,240,240,240,239,236,238,238
162,17,000,66833,00000,00000,0,A,St. Francisville city,Illinois,697,697,699,697,691,683,673,665,656,646,631,622
162,17,000,66859,00000,00000,0,A,St. Jacob village,Illinois,1098,1137,1141,1150,1166,1175,1185,1208,1255,1264,1294,1319
162,17,000,66924,00000,00000,0,A,St. Johns village,Illinois,219,219,219,219,217,215,213,212,213,211,211,208
162,17,000,66950,00000,00000,0,A,St. Joseph village,Illinois,3967,3985,3994,4011,4019,4061,4071,4037,4005,3967,3923,3860
162,17,000,66989,00000,00000,0,A,St. Libory village,Illinois,615,614,614,612,608,606,605,605,611,608,609,603
162,17,000,67132,00000,00000,0,A,St. Peter village,Illinois,359,355,355,355,353,354,349,351,345,344,341,341
162,17,000,67158,00000,00000,0,A,St. Rose village,Illinois,A,403,403,405,404,403,405,406,405,407,408,407
162,17,000,67236,00000,00000,0,A,Salem city,Illinois,7485,7446,7439,7382,7351,7291,7266,7218,7153,7091,7011,6971
162,17,000,67372,00000,00000,0,A,Sammons Point village,Illinois,279,274,274,276,275,273,268,268,264,262,260,259
162,17,000,67444,00000,00000,0,A,Sandoval village,Illinois,1274,1276,1275,1268,1264,1251,1248,1243,1235,1225,1217,1214
162,17,000,67548,00000,00000,0,A,Sandwich city,Illinois,7421,7420,7419,7379,7383,7381,7408,7385,7373,7381,7381,7418
162,17,000,67613,00000,00000,0,A,San Jose village,Illinois,642,642,641,636,632,626,624,619,611,607,602,594
162,17,000,67756,00000,00000,0,A,Sauget village,Illinois,159,181,181,179,177,175,174,172,171,170,168,168
162,17,000,67769,00000,00000,0,A,Sauk Village village,Illinois,10506,10553,10561,10599,10630,10645,10634,10584,10514,10425,10323,10246
162,17,000,67795,00000,00000,0,A,Saunemin village,Illinois,420,429,428,430,426,422,416,412,410,410,405,404
162,17,000,67821,00000,00000,0,A,Savanna city,Illinois,3062,3062,3060,3021,2994,2959,2917,2883,2868,2840,2804,2797
162,17,000,67860,00000,00000,0,A,Savoy village,Illinois,7280,7292,7344,7454,7543,7679,7856,8095,8227,8323,8409,8401
162,17,000,67873,00000,00000,0,A,Sawyerville village,Illinois,279,279,279,279,275,272,271,269,267,268,266,266
162,17,000,67912,00000,00000,0,A,Saybrook village,Illinois,693,693,693,692,694,701,691,688,683,679,673,668
162,17,000,67925,00000,00000,0,A,Scales Mound village,Illinois,376,386,387,385,383,378,376,371,365,359,356,356
162,17,000,68003,00000,00000,0,A,Schaumburg village,Illinois,74227,74233,74294,74551,74775,74911,74903,74651,74592,74039,73388,72887
162,17,000,68081,00000,00000,0,A,Schiller Park village,Illinois,11793,11793,11800,11838,11867,11883,11862,11804,11719,11614,11493,11403
162,17,000,68120,00000,00000,0,A,Schram City village,Illinois,586,588,588,582,579,578,572,567,563,557,555,550
162,17,000,68198,00000,00000,0,A,Sciota village,Illinois,61,61,61,61,61,61,60,59,59,58,57,56
162,17,000,68406,00000,00000,0,A,Scottville village,Illinois,116,116,116,116,114,113,112,111,110,110,111,110
162,17,000,68458,00000,00000,0,A,Seaton village,Illinois,222,222,222,220,218,214,211,209,207,204,204,202
162,17,000,68471,00000,00000,0,A,Seatonville village,Illinois,314,314,314,313,310,308,308,303,302,300,298,296
162,17,000,68510,00000,00000,0,A,Secor village,Illinois,373,376,376,376,372,372,371,366,365,361,357,355
162,17,000,68640,00000,00000,0,A,Seneca village,Illinois,2371,2359,2357,2347,2329,2307,2294,2280,2269,2257,2250,2251
162,17,000,68705,00000,00000,0,A,Sesser city,Illinois,1931,1932,1934,1933,1924,1910,1904,1902,1888,1885,1870,1860
162,17,000,68822,00000,00000,0,A,Shabbona village,Illinois,925,927,926,919,918,924,926,922,920,920,917,920
162,17,000,68991,00000,00000,0,A,Shannon village,Illinois,757,755,755,744,738,729,719,710,706,700,690,688
162,17,000,69082,00000,00000,0,A,Shawneetown city,Illinois,1239,1244,1241,1224,1202,1201,1178,1164,1150,1130,1123,1077
162,17,000,69147,00000,00000,0,A,Sheffield village,Illinois,926,925,924,917,911,905,897,888,882,876,872,863
162,17,000,69186,00000,00000,0,A,Shelbyville city,Illinois,4700,4687,4692,4724,4700,4670,4654,4583,4552,4551,4529,4495
162,17,000,69212,00000,00000,0,A,Sheldon village,Illinois,1070,1065,1064,1053,1043,1029,1018,1007,994,979,966,949
162,17,000,69277,00000,00000,0,A,Sheridan village,Illinois,2137,2136,2135,2353,2348,2757,2727,2713,2536,2532,2527,2520
162,17,000,69342,00000,00000,0,A,Sherman village,Illinois,4148,4148,4169,4262,4332,4407,4507,4593,4678,4713,4691,4679
162,17,000,69368,00000,00000,0,A,Sherrard village,Illinois,640,640,641,635,629,621,614,606,596,598,596,594
162,17,000,69524,00000,00000,0,A,Shiloh village,Illinois,12651,12557,12598,12851,12977,13029,13078,13113,13121,13128,13131,13586
162,17,000,69563,00000,00000,0,A,Shipman town,Illinois,624,624,625,623,614,609,605,600,598,595,593,587
162,17,000,69758,00000,00000,0,A,Shorewood village,Illinois,15615,15630,15708,16055,16227,16381,16585,16772,17004,17186,17321,17509
162,17,000,69797,00000,00000,0,A,Shumway village,Illinois,202,201,201,199,199,198,198,198,197,196,196,195
162,17,000,69810,00000,00000,0,A,Sibley village,Illinois,272,279,279,275,275,270,265,265,262,259,257,252
162,17,000,69836,00000,00000,0,A,Sidell village,Illinois,617,617,617,613,609,605,600,593,589,581,572,563
162,17,000,69875,00000,00000,0,A,Sidney village,Illinois,1233,1245,1247,1252,1253,1255,1257,1246,1233,1223,1211,1191
162,17,000,69914,00000,00000,0,A,Sigel town,Illinois,373,373,372,368,364,362,361,358,356,358,357,355
162,17,000,69979,00000,00000,0,A,Silvis city,Illinois,7479,7514,7519,7496,7531,7606,7560,7490,7581,7515,7479,7475
162,17,000,70005,00000,00000,0,A,Simpson village,Illinois,60,60,60,60,60,60,60,60,60,60,60,60
162,17,000,70031,00000,00000,0,A,Sims village,Illinois,252,252,252,250,250,250,245,244,244,242,242,240
162,17,000,70122,00000,00000,0,A,Skokie village,Illinois,64784,64845,64889,65087,65247,65328,65223,64888,64437,63847,63171,62700
162,17,000,70161,00000,00000,0,A,Sleepy Hollow village,Illinois,3304,3311,3315,3326,3332,3328,3326,3329,3318,3305,3278,3244
162,17,000,70213,00000,00000,0,A,Smithboro village,Illinois,177,182,182,182,179,177,175,172,169,170,167,165
162,17,000,70226,00000,00000,0,A,Smithfield village,Illinois,230,230,230,229,229,228,226,224,224,223,223,221
162,17,000,70252,00000,00000,0,A,Smithton village,Illinois,3693,3743,3751,3781,3791,3784,3789,3785,3784,3820,3835,3816
162,17,000,70460,00000,00000,0,A,Somonauk village,Illinois,1893,1892,1891,1878,1876,1871,1874,1873,1867,1868,1866,1871
162,17,000,70525,00000,00000,0,A,Sorento village,Illinois,498,512,512,510,503,497,492,483,476,477,476,469
162,17,000,70564,00000,00000,0,A,South Barrington village,Illinois,4565,4570,4581,4626,4662,4708,4821,4885,4925,4966,4984,4996
162,17,000,70590,00000,00000,0,A,South Beloit city,Illinois,7892,7901,7901,7880,7845,7817,7761,7721,7700,7669,7654,7624
162,17,000,70629,00000,00000,0,A,South Chicago Heights village,Illinois,4139,4143,4145,4158,4166,4173,4166,4143,4114,4077,4035,4003
162,17,000,70720,00000,00000,0,A,South Elgin village,Illinois,21985,21993,22020,22102,22127,22123,22137,22255,22360,22454,23384,24755
162,17,000,70759,00000,00000,0,A,Southern View village,Illinois,1642,1662,1663,1664,1661,1654,1646,1636,1620,1604,1587,1570
162,17,000,70850,00000,00000,0,A,South Holland village,Illinois,22030,21999,22012,22079,22135,22164,22133,22019,21868,21674,21455,21296
162,17,000,70889,00000,00000,0,A,South Jacksonville village,Illinois,3331,3331,3327,3325,3294,3267,3250,3234,3207,3170,3145,3102
162,17,000,71175,00000,00000,0,A,South Pekin village,Illinois,1146,1150,1150,1150,1153,1151,1141,1122,1116,1110,1101,1093
162,17,000,71240,00000,00000,0,A,South Roxana village,Illinois,2053,2086,2085,2070,2057,2051,2043,2028,2018,2008,2000,1991
162,17,000,71370,00000,00000,0,A,South Wilmington village,Illinois,681,681,682,676,674,669,666,660,656,652,648,644
162,17,000,71422,00000,00000,0,A,Sparland village,Illinois,406,406,405,401,393,391,386,383,381,375,371,367
162,17,000,71448,00000,00000,0,A,Sparta city,Illinois,4302,4302,4301,4293,4306,4362,4460,4411,4375,4353,4334,4273
162,17,000,71474,00000,00000,0,A,Spaulding village,Illinois,873,867,868,870,870,864,867,865,862,860,857,849
162,17,000,71526,00000,00000,0,A,Spillertown village,Illinois,203,203,203,203,202,202,201,201,201,199,198,196
162,17,000,71604,00000,00000,0,A,Spring Bay village,Illinois,452,476,476,478,474,474,472,469,467,461,464,462
162,17,000,71643,00000,00000,0,A,Springerton village,Illinois,110,110,109,109,109,108,107,106,105,104,102,102
162,17,000,72000,00000,00000,0,A,Springfield city,Illinois,116250,116996,117138,117786,117928,117633,117489,117221,116536,115771,114840,114230
162,17,000,72052,00000,00000,0,A,Spring Grove village,Illinois,5778,5781,5783,5771,5764,5730,5726,5714,5690,5708,5719,5706
162,17,000,72156,00000,00000,0,A,Spring Valley city,Illinois,5558,5548,5542,5485,5435,5394,5350,5289,5260,5214,5184,5125
162,17,000,72221,00000,00000,0,A,Standard village,Illinois,220,222,222,220,215,212,211,206,205,204,205,203
162,17,000,72234,00000,00000,0,A,Standard City village,Illinois,152,152,152,152,150,148,148,147,147,146,145,145
162,17,000,72260,00000,00000,0,A,Stanford village,Illinois,596,619,619,618,620,623,615,608,610,609,605,598
162,17,000,72403,00000,00000,0,A,Staunton city,Illinois,5139,5232,5237,5240,5165,5120,5061,5024,5021,4998,4981,4954
162,17,000,72468,00000,00000,0,A,Steeleville village,Illinois,2083,2084,2082,2067,2036,2024,2009,1987,1969,1961,1952,1925
162,17,000,72520,00000,00000,0,A,Steger village,Illinois,9570,9550,9558,9566,9574,9554,9529,9483,9441,9373,9298,9221
162,17,000,72546,00000,00000,0,A,Sterling city,Illinois,15370,15426,15415,15338,15198,15098,15011,14974,14851,14709,14575,14463
162,17,000,72624,00000,00000,0,A,Steward village,Illinois,256,256,256,252,249,247,246,243,242,242,241,241
162,17,000,72650,00000,00000,0,A,Stewardson village,Illinois,734,732,733,723,719,720,718,716,721,721,723,721
162,17,000,72676,00000,00000,0,A,Stickney village,Illinois,6786,6786,6791,6812,6829,6835,6824,6787,6741,6681,6609,6566
162,17,000,72702,00000,00000,0,A,Stillman Valley village,Illinois,1120,1120,1118,1108,1099,1088,1079,1069,1057,1053,1056,1053
162,17,000,72780,00000,00000,0,A,Stockton village,Illinois,1862,1869,1866,1859,1847,1831,1820,1794,1770,1741,1724,1712
162,17,000,72884,00000,00000,0,A,Stonefort village,Illinois,297,297,297,297,296,295,294,294,293,290,289,285
162,17,000,72923,00000,00000,0,A,Stone Park village,Illinois,4946,4946,4951,4969,4981,4991,4984,4961,4930,4890,4843,4826
162,17,000,72949,00000,00000,0,A,Stonington village,Illinois,932,933,932,927,919,906,894,884,875,867,857,846
162,17,000,73027,00000,00000,0,A,Stoy village,Illinois,104,123,123,123,121,120,119,119,118,117,116,115
162,17,000,73040,00000,00000,0,A,Strasburg village,Illinois,467,467,466,461,457,455,455,448,443,443,441,439
162,17,000,73131,00000,00000,0,A,Strawn village,Illinois,100,99,99,99,98,97,95,95,94,94,93,93
162,17,000,73157,00000,00000,0,A,Streamwood village,Illinois,39858,39839,39907,40066,40227,40325,40325,40499,40237,39899,39503,39228
162,17,000,73170,00000,00000,0,A,Streator city,Illinois,13710,14001,13987,13920,13823,13670,13556,13435,13340,13247,13154,13113
162,17,000,73261,00000,00000,0,A,Stronghurst village,Illinois,883,883,884,865,845,834,836,834,817,810,795,789
162,17,000,73287,00000,00000,0,A,Sublette village,Illinois,449,449,448,444,436,433,431,429,427,427,424,421
162,17,000,73391,00000,00000,0,A,Sugar Grove village,Illinois,8997,9006,9016,9066,9082,9088,9165,9473,9549,9792,9777,9888
162,17,000,73495,00000,00000,0,A,Sullivan city,Illinois,4440,4450,4452,4453,4462,4445,4438,4444,4418,4461,4464,4433
162,17,000,73547,00000,00000,0,A,Summerfield village,Illinois,451,431,431,427,422,418,414,410,407,402,401,395
162,17,000,73638,00000,00000,0,A,Summit village,Illinois,11054,11054,11060,11434,11458,11478,11454,11391,11347,11258,11172,11116
162,17,000,73703,00000,00000,0,A,Sumner city,Illinois,3174,3176,3178,3178,3134,3216,3193,3153,3014,3004,2992,2980
162,17,000,73943,00000,00000,0,A,Sun River Terrace village,Illinois,528,528,528,528,525,521,516,512,508,503,499,496
162,17,000,74119,00000,00000,0,A,Swansea village,Illinois,13430,13454,13595,13725,13768,13717,13659,13572,13544,13511,13456,13350
162,17,000,74223,00000,00000,0,A,Sycamore city,Illinois,17519,17521,17522,17450,17503,17570,17755,17772,17900,18023,18125,18322
162,17,000,74275,00000,00000,0,A,Symerton village,Illinois,87,91,91,93,94,93,93,93,93,92,90,91
162,17,000,74301,00000,00000,0,A,Table Grove village,Illinois,416,418,418,418,414,413,410,406,401,395,388,383
162,17,000,74379,00000,00000,0,A,Tallula village,Illinois,488,488,489,487,488,485,482,477,479,476,476,474
162,17,000,74444,00000,00000,0,A,Tamaroa village,Illinois,638,638,637,635,629,622,616,612,610,608,604,597
162,17,000,74457,00000,00000,0,A,Tamms village,Illinois,632,1045,1043,1025,972,588,575,549,526,512,494,472
162,17,000,74470,00000,00000,0,A,Tampico village,Illinois,790,790,790,784,777,770,760,756,751,742,736,729
162,17,000,74561,00000,00000,0,A,Taylor Springs village,Illinois,690,692,692,686,685,684,679,673,671,664,664,659
162,17,000,74574,00000,00000,0,A,Taylorville city,Illinois,11246,11275,11261,11233,11161,11038,10934,10797,10704,10618,10486,10360
162,17,000,74665,00000,00000,0,A,Tennessee village,Illinois,115,115,115,115,115,114,113,112,111,109,109,108
162,17,000,74743,00000,00000,0,A,Teutopolis village,Illinois,1530,1537,1544,1543,1554,1564,1570,1578,1577,1591,1617,1642
162,17,000,74847,00000,00000,0,A,Thawville village,Illinois,241,241,243,249,254,259,263,261,256,252,249,244
162,17,000,74860,00000,00000,0,A,Thayer village,Illinois,693,693,694,696,695,691,689,683,678,670,664,655
162,17,000,74873,00000,00000,0,A,Thebes village,Illinois,436,437,435,424,411,403,395,377,360,350,337,321
162,17,000,75081,00000,00000,0,A,Third Lake village,Illinois,1182,1178,1179,1177,1173,1183,1180,1179,1171,1169,1155,1146
162,17,000,75107,00000,00000,0,A,Thomasboro village,Illinois,1126,1124,1126,1133,1138,1139,1142,1133,1122,1111,1100,1084
162,17,000,75159,00000,00000,0,A,Thompsonville village,Illinois,543,543,543,546,541,539,536,538,534,531,529,526
162,17,000,75172,00000,00000,0,A,Thomson village,Illinois,590,590,592,586,581,574,569,564,564,559,553,551
162,17,000,75185,00000,00000,0,A,Thornton village,Illinois,2338,2388,2388,2397,2401,2404,2399,2488,2470,2447,2419,2401
162,17,000,75263,00000,00000,0,A,Tilden village,Illinois,934,934,933,932,918,915,911,901,896,895,892,881
162,17,000,75276,00000,00000,0,A,Tilton village,Illinois,2724,2714,2713,2703,2682,2667,2637,2615,2589,2560,2627,2686
162,17,000,75360,00000,00000,0,A,Timberlane village,Illinois,934,932,930,939,935,940,945,943,948,944,946,946
162,17,000,75419,00000,00000,0,A,Time village,Illinois,23,23,23,23,23,22,22,22,22,22,22,22
162,17,000,75484,00000,00000,0,A,Tinley Park village,Illinois,56703,56827,56882,57086,57268,57372,57364,57195,56929,56553,56095,55773
162,17,000,75549,00000,00000,0,A,Tiskilwa village,Illinois,829,838,838,830,818,814,808,795,788,782,776,766
162,17,000,75601,00000,00000,0,A,Toledo village,Illinois,1238,1225,1226,1228,1214,1207,1210,1204,1203,1204,1196,1190
162,17,000,75614,00000,00000,0,A,Tolono village,Illinois,3447,3460,3470,3490,3502,3516,3530,3504,3479,3470,3446,3392
162,17,000,75653,00000,00000,0,A,Toluca city,Illinois,1414,1414,1413,1394,1365,1349,1331,1325,1318,1294,1275,1269
162,17,000,75718,00000,00000,0,A,Tonica village,Illinois,768,768,767,764,759,750,742,735,730,724,721,715
162,17,000,75757,00000,00000,0,A,Topeka village,Illinois,76,76,76,75,74,73,73,72,71,71,70,70
162,17,000,75783,00000,00000,0,A,Toulon city,Illinois,1292,1292,1288,1261,1243,1235,1215,1196,1195,1184,1177,1161
162,17,000,75809,00000,00000,0,A,Tovey village,Illinois,512,512,511,508,505,503,497,490,486,485,480,476
162,17,000,75822,00000,00000,0,A,Towanda village,Illinois,480,483,483,482,483,488,479,475,471,468,466,462
162,17,000,75848,00000,00000,0,A,Tower Hill village,Illinois,611,611,612,610,610,609,607,598,594,594,594,588
162,17,000,75874,00000,00000,0,A,Tower Lakes village,Illinois,1283,1278,1279,1274,1272,1272,1268,1262,1256,1247,1233,1226
162,17,000,75965,00000,00000,0,A,Tremont village,Illinois,2236,2246,2246,2246,2246,2241,2219,2182,2165,2154,2135,2120
162,17,000,75991,00000,00000,0,A,Trenton city,Illinois,2715,2715,2718,2727,2706,2677,2660,2652,2631,2621,2610,2590
162,17,000,76160,00000,00000,0,A,Trout Valley village,Illinois,537,531,531,529,528,524,522,518,516,516,515,513
162,17,000,76199,00000,00000,0,A,Troy city,Illinois,9888,9949,9964,10000,10005,10044,10053,10083,10142,10232,10296,10375
162,17,000,76225,00000,00000,0,A,Troy Grove village,Illinois,250,250,250,249,247,245,243,243,242,241,240,238
162,17,000,76407,00000,00000,0,A,Tuscola city,Illinois,4480,4483,4484,4458,4462,4461,4467,4447,4414,4394,4358,4363
162,17,000,76615,00000,00000,0,A,Ullin village,Illinois,463,466,463,451,451,444,437,427,422,415,408,400
162,17,000,76706,00000,00000,0,A,Union village,Illinois,580,580,580,576,574,570,566,564,559,559,556,553
162,17,000,76771,00000,00000,0,A,Union Hill village,Illinois,58,60,60,60,60,59,59,58,58,58,57,57
162,17,000,76935,00000,00000,0,A,University Park village,Illinois,7129,7113,7121,7118,7117,7088,7066,7035,7020,6980,6941,6887
162,17,000,77005,00000,00000,0,A,Urbana city,Illinois,41250,42136,42245,42413,42548,42718,42918,43065,43024,42771,42479,42214
162,17,000,77044,00000,00000,0,A,Ursa village,Illinois,626,628,628,626,626,623,623,622,618,613,606,605
162,17,000,77148,00000,00000,0,A,Valier village,Illinois,669,669,669,669,664,659,659,656,648,647,642,637
162,17,000,77187,00000,00000,0,A,Valley City village,Illinois,13,13,13,13,13,13,13,13,12,12,13,13
162,17,000,77265,00000,00000,0,A,Valmeyer village,Illinois,1263,1250,1252,1260,1257,1256,1255,1258,1256,1257,1248,1248
162,17,000,77317,00000,00000,0,A,Vandalia city,Illinois,7042,7037,7033,7239,7101,7121,7102,7069,6762,6742,6696,6684
162,17,000,77395,00000,00000,0,A,Varna village,Illinois,384,384,383,379,372,370,365,362,361,354,349,347
162,17,000,77408,00000,00000,0,A,Venedy village,Illinois,138,138,138,138,138,136,138,136,135,133,135,133
162,17,000,77473,00000,00000,0,A,Venice city,Illinois,1890,1891,1890,1879,1912,1944,1928,1914,1903,1894,1874,1858
162,17,000,77525,00000,00000,0,A,Vergennes village,Illinois,298,298,298,298,297,295,293,294,289,287,284,281
162,17,000,77551,00000,00000,0,A,Vermilion village,Illinois,225,223,222,221,219,213,212,209,208,205,205,202
162,17,000,77642,00000,00000,0,A,Vermont village,Illinois,667,667,667,666,663,657,653,652,650,648,647,640
162,17,000,77681,00000,00000,0,A,Vernon village,Illinois,129,123,123,122,122,122,122,120,120,119,118,118
162,17,000,77694,00000,00000,0,A,Vernon Hills village,Illinois,25113,25005,25032,25552,25508,25575,25837,26235,26277,26185,26568,26521
162,17,000,77707,00000,00000,0,A,Verona village,Illinois,215,215,215,214,214,213,212,208,209,208,207,206
162,17,000,77720,00000,00000,0,A,Versailles village,Illinois,478,478,476,474,477,472,469,468,464,461,456,458
162,17,000,77811,00000,00000,0,A,Victoria village,Illinois,316,314,314,313,311,307,304,303,299,294,290,289
162,17,000,77863,00000,00000,0,A,Vienna city,Illinois,1434,1430,1434,1436,1442,1437,1435,1434,1447,1439,1441,1440
162,17,000,77941,00000,00000,0,A,Villa Grove city,Illinois,2537,2537,2539,2520,2520,2510,2511,2494,2474,2453,2423,2418
162,17,000,77993,00000,00000,0,A,Villa Park village,Illinois,21904,22025,22047,22146,22195,22230,22174,22098,21953,21846,21668,21483
162,17,000,78123,00000,00000,0,A,Viola village,Illinois,955,955,956,950,941,934,924,915,902,901,896,888
162,17,000,78149,00000,00000,0,A,Virden city,Illinois,3425,3525,3527,3526,3476,3451,3419,3396,3381,3369,3357,3330
162,17,000,78175,00000,00000,0,A,Virgil village,Illinois,329,329,329,331,331,331,334,335,334,333,330,327
162,17,000,78201,00000,00000,0,A,Virginia city,Illinois,1611,1615,1614,1611,1587,1569,1543,1514,1496,1475,1456,1435
162,17,000,78227,00000,00000,0,A,Volo village,Illinois,2929,2916,2988,3224,3528,3902,4263,4766,5206,5465,5578,5813
162,17,000,78370,00000,00000,0,A,Wadsworth village,Illinois,3815,3751,3754,3746,3738,3749,3747,3729,3718,3701,3675,3651
162,17,000,78383,00000,00000,0,A,Waggoner village,Illinois,266,266,266,263,262,264,261,259,257,254,253,253
162,17,000,78526,00000,00000,0,A,Walnut village,Illinois,1416,1418,1417,1404,1391,1378,1367,1352,1342,1331,1320,1306
162,17,000,78604,00000,00000,0,A,Walnut Hill village,Illinois,108,108,108,107,107,106,106,105,104,103,104,104
162,17,000,78656,00000,00000,0,A,Walshville village,Illinois,64,64,64,63,63,63,64,62,63,63,62,62
162,17,000,78708,00000,00000,0,A,Waltonville village,Illinois,434,445,445,444,443,443,439,438,438,435,432,432
162,17,000,78721,00000,00000,0,A,Wamac city,Illinois,1185,1182,1181,1178,1171,1160,1155,1149,1141,1135,1130,1123
162,17,000,78773,00000,00000,0,A,Wapella village,Illinois,558,558,559,557,555,550,544,542,539,530,528,522
162,17,000,78851,00000,00000,0,A,Warren village,Illinois,1428,1428,1425,1423,1414,1400,1391,1371,1352,1326,1312,1304
162,17,000,78916,00000,00000,0,A,Warrensburg village,Illinois,1210,1213,1213,1208,1199,1193,1178,1164,1153,1143,1132,1126
162,17,000,78929,00000,00000,0,A,Warrenville city,Illinois,13140,13182,13197,13261,13300,13352,13340,13319,13272,13273,13239,13174
162,17,000,78942,00000,00000,0,A,Warsaw city,Illinois,1607,1607,1604,1595,1579,1554,1537,1525,1523,1503,1490,1480
162,17,000,79007,00000,00000,0,A,Washburn village,Illinois,1155,1149,1148,1145,1137,1134,1129,1120,1113,1099,1088,1082
162,17,000,79033,00000,00000,0,A,Washington city,Illinois,15134,15231,15280,15452,15525,15742,15639,16461,16661,16672,16570,16516
162,17,000,79085,00000,00000,0,A,Washington Park village,Illinois,4196,4196,4192,4146,4102,4059,4027,3985,3965,3942,3907,3865
162,17,000,79124,00000,00000,0,A,Wataga village,Illinois,843,845,845,843,836,831,827,818,809,804,792,786
162,17,000,79150,00000,00000,0,A,Waterloo city,Illinois,9811,9982,9994,10070,10083,10124,10117,10183,10249,10381,10470,10578
162,17,000,79163,00000,00000,0,A,Waterman village,Illinois,1506,1515,1514,1503,1503,1502,1506,1501,1496,1496,1492,1500
162,17,000,79228,00000,00000,0,A,Watseka city,Illinois,5255,5289,5286,5241,5198,5133,5085,5044,4976,4900,4839,4767
162,17,000,79241,00000,00000,0,A,Watson village,Illinois,754,754,753,747,746,745,742,745,742,739,739,732
162,17,000,79267,00000,00000,0,A,Wauconda village,Illinois,13603,13622,13651,13721,13768,13868,13891,13815,13782,13708,13580,13504
162,17,000,79293,00000,00000,0,A,Waukegan city,Illinois,89078,89115,89167,88998,88799,88897,88791,88369,88157,87615,86680,86075
162,17,000,79358,00000,00000,0,A,Waverly city,Illinois,1307,1297,1296,1292,1279,1267,1260,1252,1237,1221,1211,1194
162,17,000,79397,00000,00000,0,A,Wayne village,Illinois,2431,2441,2447,2465,2478,2481,2475,2478,2468,2468,2450,2429
162,17,000,79436,00000,00000,0,A,Wayne City village,Illinois,1032,1029,1027,1022,1021,1022,1018,1014,1015,1006,999,993
162,17,000,79449,00000,00000,0,A,Waynesville village,Illinois,434,428,429,429,427,424,422,422,422,416,415,410
162,17,000,79683,00000,00000,0,A,Weldon village,Illinois,429,429,430,430,429,425,423,421,421,417,414,412
162,17,000,79735,00000,00000,0,A,Wellington village,Illinois,242,242,242,240,238,235,231,229,226,221,219,216
162,17,000,79813,00000,00000,0,A,Wenona city,Illinois,1056,1056,1055,1042,1020,1005,990,988,982,963,946,938
162,17,000,79826,00000,00000,0,A,Wenonah village,Illinois,37,37,37,37,36,36,36,36,35,35,35,35
162,17,000,80008,00000,00000,0,A,West Brooklyn village,Illinois,142,142,142,140,138,137,137,135,134,134,133,133
162,17,000,80047,00000,00000,0,A,Westchester village,Illinois,16718,16718,16729,16779,16817,16837,16807,16713,16587,16431,16250,16117
162,17,000,80060,00000,00000,0,A,West Chicago city,Illinois,27086,27221,27254,27408,27502,27579,27547,27486,27322,27221,27021,26816
162,17,000,80073,00000,00000,0,A,West City village,Illinois,661,661,662,663,661,656,653,652,649,646,641,638
162,17,000,80125,00000,00000,0,A,West Dundee village,Illinois,7331,7294,7300,7323,7329,7319,7331,7330,7312,7282,8195,8113
162,17,000,80242,00000,00000,0,A,Western Springs village,Illinois,12975,12948,12962,13039,13105,13180,13286,13362,13450,13449,13382,13359
162,17,000,80281,00000,00000,0,A,Westfield village,Illinois,601,601,599,596,595,587,585,578,575,572,564,558
162,17,000,80333,00000,00000,0,A,West Frankfort city,Illinois,8182,8181,8187,8179,8136,8071,8042,8022,7956,7939,7871,7823
162,17,000,80645,00000,00000,0,A,Westmont village,Illinois,24685,24662,24690,24817,24892,24981,24989,24970,24850,24768,24618,24443
162,17,000,80736,00000,00000,0,A,West Peoria city,Illinois,4458,4699,4691,4698,4710,4740,4697,4663,4619,4552,4501,4455
162,17,000,80762,00000,00000,0,A,West Point village,Illinois,178,178,178,177,176,173,171,170,170,166,164,163
162,17,000,80853,00000,00000,0,A,West Salem village,Illinois,897,897,899,890,896,892,885,868,871,858,849,851
162,17,000,80931,00000,00000,0,A,Westville village,Illinois,3202,3202,3203,3195,3174,3160,3125,3094,3066,3036,2985,2945
162,17,000,81048,00000,00000,0,A,Wheaton city,Illinois,52894,53045,53104,53416,53576,53765,53769,53736,53518,53406,53108,52745
162,17,000,81074,00000,00000,0,A,Wheeler village,Illinois,147,147,147,148,146,145,146,146,145,144,146,146
162,17,000,81087,00000,00000,0,A,Wheeling village,Illinois,37648,37644,37698,37856,37975,38078,38076,38130,38461,38492,38824,38646
162,17,000,81191,00000,00000,0,A,White City village,Illinois,232,232,232,232,228,231,228,226,231,229,232,230
162,17,000,81256,00000,00000,0,A,White Hall city,Illinois,2520,2520,2521,2515,2477,2473,2433,2412,2360,2365,2349,2329
162,17,000,81802,00000,00000,0,A,Williamsfield village,Illinois,578,578,578,574,572,570,567,563,558,555,548,545
162,17,000,81815,00000,00000,0,A,Williamson village,Illinois,230,230,230,229,227,224,223,222,221,220,218,215
162,17,000,81854,00000,00000,0,A,Williamsville village,Illinois,1476,1473,1477,1484,1490,1491,1489,1489,1490,1493,1491,1485
162,17,000,81867,00000,00000,0,A,Willisville village,Illinois,633,633,632,628,622,615,609,605,601,600,594,587
162,17,000,81919,00000,00000,0,A,Willowbrook village,Illinois,8540,8687,8697,8745,8768,8790,8776,8757,8703,8666,8623,8579
162,17,000,82010,00000,00000,0,A,Willow Hill village,Illinois,230,230,231,231,229,228,228,228,227,226,228,228
162,17,000,82049,00000,00000,0,A,Willow Springs village,Illinois,5524,5751,5757,5778,5796,5806,5803,5784,5751,5715,5663,5621
162,17,000,82075,00000,00000,0,A,Wilmette village,Illinois,27087,27060,27080,27214,27313,27402,27461,27419,27337,27360,27220,27089
162,17,000,82088,00000,00000,0,A,Wilmington village,Illinois,142,142,142,142,140,140,137,136,133,133,133,132
162,17,000,82101,00000,00000,0,A,Wilmington city,Illinois,5724,5757,5786,5785,5780,5760,5746,5728,5729,5713,5687,5653
162,17,000,82218,00000,00000,0,A,Wilsonville village,Illinois,586,586,586,587,579,574,568,563,561,560,559,553
162,17,000,82270,00000,00000,0,A,Winchester city,Illinois,1593,1593,1585,1555,1571,1549,1535,1516,1498,1477,1460,1467
162,17,000,82309,00000,00000,0,A,Windsor village,Illinois,748,748,747,741,733,724,714,707,782,782,779,772
162,17,000,82322,00000,00000,0,A,Windsor city,Illinois,1187,1187,1188,1183,1182,1182,1181,1165,1160,1162,1157,1151
162,17,000,82400,00000,00000,0,A,Winfield village,Illinois,9080,9072,9140,9289,9407,9493,9572,9663,9649,9665,9654,9636
162,17,000,82491,00000,00000,0,A,Winnebago village,Illinois,3101,3136,3134,3116,3100,3087,3063,3050,3039,3022,3005,2991
162,17,000,82530,00000,00000,0,A,Winnetka village,Illinois,12187,12192,12210,12323,12399,12476,12535,12514,12486,12451,12367,12316
162,17,000,82543,00000,00000,0,A,Winslow village,Illinois,338,336,335,336,333,329,324,321,320,314,313,312
162,17,000,82686,00000,00000,0,A,Winthrop Harbor village,Illinois,6742,6867,6873,6856,6838,6841,6828,6787,6773,6731,6659,6618
162,17,000,82725,00000,00000,0,A,Witt city,Illinois,903,903,902,894,890,889,877,870,865,855,852,843
162,17,000,82855,00000,00000,0,A,Wonder Lake village,Illinois,4026,4032,4033,4019,4001,3971,3952,3937,3912,3905,3894,3882
162,17,000,82985,00000,00000,0,A,Wood Dale city,Illinois,13770,13769,13785,13869,13919,13981,13964,13941,13870,13813,13712,13607
162,17,000,83063,00000,00000,0,A,Woodhull village,Illinois,811,817,816,814,811,806,802,798,794,787,783,783
162,17,000,83102,00000,00000,0,A,Woodland village,Illinois,324,323,323,320,320,323,320,318,312,307,304,297
162,17,000,83206,00000,00000,0,A,Woodlawn village,Illinois,698,694,693,694,696,694,690,690,689,688,682,682
162,17,000,83245,00000,00000,0,A,Woodridge village,Illinois,32971,32976,33018,33194,33297,33399,33397,33374,33548,33601,33508,33432
162,17,000,83271,00000,00000,0,A,Wood River city,Illinois,10657,10633,10621,10546,10477,10409,10335,10265,10222,10221,10145,10051
162,17,000,83336,00000,00000,0,A,Woodson village,Illinois,512,513,512,513,511,507,505,503,500,494,491,485
162,17,000,83349,00000,00000,0,A,Woodstock city,Illinois,24770,24794,24858,24998,25099,25166,25178,25192,25144,25214,25267,25240
162,17,000,83505,00000,00000,0,A,Worden village,Illinois,1044,1070,1072,1075,1067,1059,1057,1053,1056,1056,1049,1041
162,17,000,83518,00000,00000,0,A,Worth village,Illinois,10789,10789,10798,10831,10861,10876,10859,10803,10728,10640,10543,10466
162,17,000,83622,00000,00000,0,A,Wyanet village,Illinois,991,986,985,978,970,965,958,946,943,936,931,923
162,17,000,83687,00000,00000,0,A,Wyoming city,Illinois,1429,1429,1422,1391,1368,1360,1333,1312,1315,1302,1292,1273
162,17,000,83739,00000,00000,0,A,Xenia village,Illinois,391,387,387,384,383,381,375,376,373,371,370,368
162,17,000,83765,00000,00000,0,A,Yale village,Illinois,86,86,86,86,86,85,85,85,85,84,85,85
162,17,000,83817,00000,00000,0,A,Yates City village,Illinois,693,691,691,687,683,679,678,670,667,661,655,652
162,17,000,84038,00000,00000,0,A,Yorkville city,Illinois,16921,16950,17053,17311,17555,17837,18181,18474,18860,19398,20092,20613
162,17,000,84155,00000,00000,0,A,Zeigler city,Illinois,1801,1801,1803,1798,1789,1772,1766,1761,1745,1740,1722,1712
162,17,000,84220,00000,00000,0,A,Zion city,Illinois,24413,24394,24412,24376,24316,24324,24273,24133,24048,23904,23653,23487
050,17,001,00000,00000,00000,0,A,Adams County,Illinois,67103,67097,67160,67211,67139,66999,66966,66835,66475,66057,65623,65435
157,17,001,10877,00000,00000,0,A,Camp Point village,Illinois,1132,1136,1137,1135,1134,1129,1129,1125,1117,1109,1098,1093
157,17,001,14767,00000,00000,0,A,Clayton village,Illinois,709,707,707,704,703,747,746,694,687,680,675,673
157,17,001,15261,00000,00000,0,A,Coatsburg village,Illinois,147,147,147,147,146,146,146,145,145,144,142,142
157,17,001,15846,00000,00000,0,A,Columbus village,Illinois,99,99,99,99,99,98,98,98,97,97,96,96
157,17,001,30159,00000,00000,0,A,Golden village,Illinois,644,642,642,640,640,637,635,634,631,626,619,617
157,17,001,42080,00000,00000,0,A,La Prairie village,Illinois,47,47,47,47,47,47,47,46,46,46,46,45
157,17,001,43133,00000,00000,0,A,Liberty village,Illinois,516,523,523,521,521,519,519,518,515,509,505,503
157,17,001,43445,00000,00000,0,A,Lima village,Illinois,163,153,153,153,152,152,152,151,151,149,148,148
157,17,001,44719,00000,00000,0,A,Loraine village,Illinois,313,315,315,314,314,312,312,312,308,306,303,302
157,17,001,48307,00000,00000,0,A,Mendon village,Illinois,953,973,973,970,972,965,970,966,968,966,957,961
157,17,001,58265,00000,00000,0,A,Payson village,Illinois,1026,1025,1026,1022,1024,1016,1016,1014,1009,1001,993,990
157,17,001,60339,00000,00000,0,A,Plainville village,Illinois,264,262,262,264,261,262,260,262,260,258,256,255
157,17,001,62367,00000,00000,0,A,Quincy city,Illinois,40633,40709,40761,40894,40828,40771,40739,40691,40491,40270,40048,39949
157,17,001,77044,00000,00000,0,A,Ursa village,Illinois,626,628,628,626,626,623,623,622,618,613,606,605
157,17,001,99990,00000,00000,0,F,Balance of Adams County,Illinois,19831,19731,19740,19675,19672,19575,19574,19557,19432,19283,19131,19056
061,17,001,00000,05742,00000,1,A,Beverly township,Illinois,406,406,406,405,405,403,403,402,402,399,396,394
061,17,001,00000,10019,00000,1,A,Burton township,Illinois,909,904,904,901,901,896,896,895,890,883,876,871
061,17,001,00000,10890,00000,0,A,Camp Point township,Illinois,1632,1632,1633,1629,1628,1621,1621,1618,1608,1594,1581,1575
071,17,001,10877,10890,00000,1,A,Camp Point village,Illinois,1132,1136,1137,1135,1134,1129,1129,1125,1117,1109,1098,1093
071,17,001,99990,10890,00000,1,F,Balance of Camp Point township,Illinois,500,496,496,494,494,492,492,493,491,485,483,482
061,17,001,00000,14780,00000,0,A,Clayton township,Illinois,1027,1027,1027,1023,1022,1064,1063,1011,1002,993,985,982
071,17,001,14767,14780,00000,1,A,Clayton village,Illinois,709,707,707,704,703,747,746,694,687,680,675,673
071,17,001,30159,14780,00000,1,A,Golden village (pt.),Illinois,22,20,20,20,20,20,20,20,20,20,19,19
071,17,001,99990,14780,00000,1,F,Balance of Clayton township,Illinois,296,300,300,299,299,297,297,297,295,293,291,290
061,17,001,00000,15859,00000,0,A,Columbus township,Illinois,551,551,551,550,549,546,546,545,540,536,532,528
071,17,001,15846,15859,00000,1,A,Columbus village (pt.),Illinois,64,64,64,64,64,63,63,63,63,63,62,62
071,17,001,99990,15859,00000,1,F,Balance of Columbus township,Illinois,487,487,487,486,485,483,483,482,477,473,470,466
061,17,001,00000,16015,00000,1,A,Concord township,Illinois,287,291,291,290,290,289,289,288,286,284,282,281
061,17,001,00000,23412,00000,1,A,Ellington township,Illinois,2855,2856,2859,2850,2848,2835,2835,2832,2813,2790,2768,2757
061,17,001,00000,25258,00000,1,A,Fall Creek township,Illinois,529,530,530,528,528,526,526,525,521,518,514,512
061,17,001,00000,29288,00000,0,A,Gilmer township,Illinois,1128,1125,1126,1122,1121,1113,1113,1111,1104,1094,1086,1080
071,17,001,15846,29288,00000,1,A,Columbus village (pt.),Illinois,35,35,35,35,35,35,35,35,34,34,34,34
071,17,001,99990,29288,00000,1,F,Balance of Gilmer township,Illinois,1093,1090,1091,1087,1086,1078,1078,1076,1070,1060,1052,1046
061,17,001,00000,35957,00000,0,A,Honey Creek township,Illinois,720,720,720,718,717,714,714,715,711,706,700,698
071,17,001,15261,35957,00000,1,A,Coatsburg village,Illinois,147,147,147,147,146,146,146,145,145,144,142,142
071,17,001,99990,35957,00000,1,F,Balance of Honey Creek township,Illinois,573,573,573,571,571,568,568,570,566,562,558,556
061,17,001,00000,36295,00000,0,A,Houston township,Illinois,221,221,221,220,220,219,219,219,217,214,212,211
071,17,001,30159,36295,00000,1,A,Golden village (pt.),Illinois,0,0,0,0,0,0,0,0,0,0,0,0
071,17,001,99990,36295,00000,1,F,Balance of Houston township,Illinois,221,221,221,220,220,219,219,219,217,214,212,211
061,17,001,00000,39220,00000,0,A,Keene township,Illinois,604,604,604,602,602,599,599,598,594,590,585,583
071,17,001,44719,39220,00000,1,A,Loraine village,Illinois,313,315,315,314,314,312,312,312,308,306,303,302
071,17,001,99990,39220,00000,1,F,Balance of Keene township,Illinois,291,289,289,288,288,287,287,286,286,284,282,281
061,17,001,00000,43146,00000,0,A,Liberty township,Illinois,1360,1365,1365,1360,1360,1354,1354,1351,1343,1332,1321,1314
071,17,001,43133,43146,00000,1,A,Liberty village,Illinois,516,523,523,521,521,519,519,518,515,509,505,503
071,17,001,99990,43146,00000,1,F,Balance of Liberty township,Illinois,844,842,842,839,839,835,835,833,828,823,816,811
061,17,001,00000,43458,00000,0,A,Lima township,Illinois,534,534,534,533,532,530,530,530,528,523,519,518
071,17,001,43445,43458,00000,1,A,Lima village,Illinois,163,153,153,153,152,152,152,151,151,149,148,148
071,17,001,99990,43458,00000,1,F,Balance of Lima township,Illinois,371,381,381,380,380,378,378,379,377,374,371,370
061,17,001,00000,45746,00000,1,A,McKee township,Illinois,171,167,167,166,166,166,166,165,164,162,160,160
061,17,001,00000,48203,00000,1,A,Melrose township,Illinois,5746,5704,5708,5691,5691,5664,5664,5660,5625,5584,5539,5520
061,17,001,00000,48320,00000,0,A,Mendon township,Illinois,1520,1516,1516,1511,1513,1503,1508,1506,1502,1496,1483,1486
071,17,001,48307,48320,00000,1,A,Mendon village,Illinois,953,973,973,970,972,965,970,966,968,966,957,961
071,17,001,99990,48320,00000,1,F,Balance of Mendon township,Illinois,567,543,543,541,541,538,538,540,534,530,526,525
061,17,001,00000,53624,00000,0,A,Northeast township,Illinois,840,840,840,837,837,834,831,829,825,819,812,808
071,17,001,30159,53624,00000,1,A,Golden village (pt.),Illinois,622,622,622,620,620,617,615,614,611,606,600,598
071,17,001,42080,53624,00000,1,A,La Prairie village,Illinois,47,47,47,47,47,47,47,46,46,46,46,45
071,17,001,99990,53624,00000,1,F,Balance of Northeast township,Illinois,171,171,171,170,170,170,169,169,168,167,166,165
061,17,001,00000,58278,00000,0,A,Payson township,Illinois,1795,1794,1795,1791,1790,1781,1779,1778,1768,1754,1740,1735
071,17,001,58265,58278,00000,1,A,Payson village,Illinois,1026,1025,1026,1022,1024,1016,1016,1014,1009,1001,993,990
071,17,001,60339,58278,00000,1,A,Plainville village,Illinois,264,262,262,264,261,262,260,262,260,258,256,255
071,17,001,99990,58278,00000,1,F,Balance of Payson township,Illinois,505,507,507,505,505,503,503,502,499,495,491,490
061,17,001,00000,62380,00000,0,B,Quincy township,Illinois,40633,40709,40761,40894,40828,40771,40739,40691,40491,40270,40048,39949
071,17,001,62367,62380,00000,1,A,Quincy city,Illinois,40633,40709,40761,40894,40828,40771,40739,40691,40491,40270,40048,39949
061,17,001,00000,63550,00000,1,A,Richfield township,Illinois,411,411,411,410,410,408,408,407,404,402,398,397
061,17,001,00000,64408,00000,1,A,Riverside township,Illinois,2151,2117,2118,2110,2112,2099,2099,2097,2083,2068,2051,2043
061,17,001,00000,77057,00000,0,A,Ursa township,Illinois,1073,1073,1073,1070,1069,1064,1064,1062,1054,1046,1035,1033
071,17,001,77044,77057,00000,1,A,Ursa village,Illinois,626,628,628,626,626,623,623,622,618,613,606,605
071,17,001,99990,77057,00000,1,F,Balance of Ursa township,Illinois,447,445,445,444,443,441,441,440,436,433,429,428
050,17,003,00000,00000,00000,0,A,Alexander County,Illinois,8238,8238,8206,7992,7717,7238,7083,6762,6459,6278,6041,5761
157,17,003,10383,00000,00000,1,A,Cairo city,Illinois,2831,2831,2819,2742,2657,2619,2564,2446,2335,2270,2184,2082
157,17,003,21605,00000,00000,1,A,East Cape Girardeau village,Illinois,385,387,385,375,364,359,352,336,321,312,300,286
157,17,003,45525,00000,00000,1,A,McClure village,Illinois,402,402,400,390,378,373,365,349,335,326,313,301
157,17,003,74457,00000,00000,1,A,Tamms village,Illinois,632,1045,1043,1025,972,588,575,549,526,512,494,472
157,17,003,74873,00000,00000,1,A,Thebes village,Illinois,436,437,435,424,411,403,395,377,360,350,337,321
157,17,003,99990,00000,00000,1,F,Balance of Alexander County,Illinois,3552,3136,3124,3036,2935,2896,2832,2705,2582,2508,2413,2299
050,17,005,00000,00000,00000,0,A,Bond County,Illinois,17768,17768,17787,17726,17537,17331,17070,16686,16546,16648,16637,16426
157,17,005,20318,00000,00000,0,A,Donnellson village (pt.),Illinois,8,8,8,8,8,8,8,8,7,7,9,7
157,17,005,31589,00000,00000,0,A,Greenville city,Illinois,7000,7067,7070,7012,6917,6812,6684,6433,6482,6503,6495,6417
157,17,005,39753,00000,00000,0,A,Keyesport village (pt.),Illinois,216,220,220,219,217,214,212,207,206,207,209,206
157,17,005,51284,00000,00000,0,A,Mulberry Grove village,Illinois,634,632,632,628,621,614,603,595,583,585,584,575
157,17,005,55717,00000,00000,0,A,Old Ripley village,Illinois,108,108,108,108,107,105,104,102,100,101,101,99
157,17,005,57498,00000,00000,0,A,Panama village (pt.),Illinois,141,141,141,141,141,140,138,136,133,134,133,132
157,17,005,59709,00000,00000,0,A,Pierron village (pt.),Illinois,540,530,530,528,523,517,507,500,492,495,494,487
157,17,005,60872,00000,00000,0,A,Pocahontas village,Illinois,784,790,793,790,784,774,764,753,736,745,744,731
157,17,005,70213,00000,00000,0,A,Smithboro village,Illinois,177,182,182,182,179,177,175,172,169,170,167,165
157,17,005,70525,00000,00000,0,A,Sorento village,Illinois,498,512,512,510,503,497,492,483,476,477,476,469
157,17,005,99990,00000,00000,0,F,Balance of Bond County,Illinois,7662,7578,7591,7600,7537,7473,7383,7297,7162,7224,7225,7138
061,17,005,00000,09694,00000,0,A,Burgess township,Illinois,2439,2443,2446,2443,2422,2398,2365,2332,2288,2309,2305,2272
071,17,005,59709,09694,00000,1,A,Pierron village (pt.),Illinois,540,530,530,528,523,517,507,500,492,495,494,487
071,17,005,60872,09694,00000,1,A,Pocahontas village,Illinois,784,790,793,790,784,774,764,753,736,745,744,731
071,17,005,99990,09694,00000,1,F,Balance of Burgess township,Illinois,1115,1123,1123,1125,1115,1107,1094,1079,1060,1069,1067,1054
061,17,005,00000,12112,00000,0,A,Central township,Illinois,8013,8010,8016,7959,7857,7745,7606,7345,7378,7406,7401,7313
071,17,005,31589,12112,00000,1,A,Greenville city (pt.),Illinois,6994,7061,7064,7006,6911,6806,6678,6427,6476,6497,6489,6412
071,17,005,99990,12112,00000,1,F,Balance of Central township,Illinois,1019,949,952,953,946,939,928,918,902,909,912,901
061,17,005,00000,40741,00000,1,A,Lagrange township,Illinois,1169,1169,1172,1172,1164,1155,1141,1128,1108,1118,1119,1105
061,17,005,00000,49321,00000,1,A,Mills township,Illinois,552,552,552,553,547,543,535,530,520,523,522,517
061,17,005,00000,51297,00000,0,A,Mulberry Grove township,Illinois,1361,1359,1359,1358,1345,1332,1313,1295,1272,1280,1280,1263
071,17,005,51284,51297,00000,1,A,Mulberry Grove village,Illinois,634,632,632,628,621,614,603,595,583,585,584,575
071,17,005,99990,51297,00000,1,F,Balance of Mulberry Grove township,Illinois,727,727,727,730,724,718,710,700,689,695,696,688
061,17,005,00000,55730,00000,0,A,Old Ripley township,Illinois,867,861,863,863,857,848,837,827,810,818,816,806
071,17,005,55717,55730,00000,1,A,Old Ripley village,Illinois,108,108,108,108,107,105,104,102,100,101,101,99
071,17,005,99990,55730,00000,1,F,Balance of Old Ripley township,Illinois,759,753,755,755,750,743,733,725,710,717,715,707
061,17,005,00000,60586,00000,0,A,Pleasant Mound township,Illinois,1018,1020,1022,1023,1013,1003,992,980,963,970,969,957
071,17,005,31589,60586,00000,1,A,Greenville city (pt.),Illinois,6,6,6,6,6,6,6,6,6,6,6,5
071,17,005,70213,60586,00000,1,A,Smithboro village,Illinois,177,182,182,182,179,177,175,172,169,170,167,165
071,17,005,99990,60586,00000,1,F,Balance of Pleasant Mound township,Illinois,835,832,834,835,828,820,811,802,788,794,796,787
061,17,005,00000,69641,00000,0,A,Shoal Creek township,Illinois,1783,1788,1791,1789,1772,1754,1734,1710,1678,1690,1689,1665
071,17,005,20318,69641,00000,1,A,Donnellson village (pt.),Illinois,8,8,8,8,8,8,8,8,7,7,9,7
071,17,005,57498,69641,00000,1,A,Panama village (pt.),Illinois,141,141,141,141,141,140,138,136,133,134,133,132
071,17,005,70525,69641,00000,1,A,Sorento village,Illinois,498,512,512,510,503,497,492,483,476,477,476,469
071,17,005,99990,69641,00000,1,F,Balance of Shoal Creek township,Illinois,1136,1127,1130,1130,1120,1109,1096,1083,1062,1072,1071,1057
061,17,005,00000,74418,00000,0,A,Tamalco township,Illinois,566,566,566,566,560,553,547,539,529,534,536,528
071,17,005,39753,74418,00000,1,A,Keyesport village (pt.),Illinois,216,220,220,219,217,214,212,207,206,207,209,206
071,17,005,99990,74418,00000,1,F,Balance of Tamalco township,Illinois,350,346,346,347,343,339,335,332,323,327,327,322
050,17,007,00000,00000,00000,0,A,Boone County,Illinois,54165,54167,54101,54131,53735,53747,53714,53579,53570,53513,53480,53544
157,17,007,05092,00000,00000,0,A,Belvidere city,Illinois,25585,25652,25609,25584,25370,25360,25317,25247,25222,25191,25156,25143
157,17,007,10422,00000,00000,0,A,Caledonia village,Illinois,197,199,199,198,197,197,194,193,193,193,193,193
157,17,007,11124,00000,00000,0,A,Capron village,Illinois,1376,1376,1374,1370,1359,1358,1352,1349,1349,1356,1360,1362
157,17,007,13074,00000,00000,0,A,Cherry Valley village (pt.),Illinois,347,349,348,350,348,349,346,348,348,350,351,351
157,17,007,45031,00000,00000,0,A,Loves Park city (pt.),Illinois,1586,1586,1584,1586,1573,1571,1569,1565,1570,1566,1569,1572
157,17,007,61145,00000,00000,0,A,Poplar Grove village,Illinois,5023,4922,4939,4982,4988,5036,5092,5078,5076,5070,5064,5104
157,17,007,75360,00000,00000,0,A,Timberlane village,Illinois,934,932,930,939,935,940,945,943,948,944,946,946
157,17,007,99990,00000,00000,0,F,Balance of Boone County,Illinois,18765,19151,19118,19122,18965,18936,18899,18856,18864,18843,18841,18873
061,17,007,00000,05105,00000,0,A,Belvidere township,Illinois,30109,30110,30068,30061,29826,29822,29787,29707,29688,29646,29613,29623
071,17,007,05092,05105,00000,1,A,Belvidere city (pt.),Illinois,21143,21243,21207,21181,20997,20984,20944,20880,20853,20820,20785,20767
071,17,007,13074,05105,00000,1,A,Cherry Valley village (pt.),Illinois,347,349,348,350,348,349,346,348,348,350,351,351
071,17,007,45031,05105,00000,1,A,Loves Park city (pt.),Illinois,165,165,165,165,163,163,163,162,164,162,164,163
071,17,007,61145,05105,00000,1,A,Poplar Grove village (pt.),Illinois,1726,1702,1708,1722,1726,1742,1762,1756,1756,1754,1751,1766
071,17,007,99990,05105,00000,1,F,Balance of Belvidere township,Illinois,6728,6651,6640,6643,6592,6584,6572,6561,6567,6560,6562,6576
061,17,007,00000,07302,00000,0,A,Bonus township,Illinois,4340,4340,4333,4330,4296,4295,4285,4276,4276,4269,4267,4270
071,17,007,05092,07302,00000,1,A,Belvidere city (pt.),Illinois,2556,2542,2538,2536,2519,2520,2518,2513,2513,2510,2509,2509
071,17,007,61145,07302,00000,1,A,Poplar Grove village (pt.),Illinois,0,0,0,0,0,0,0,0,0,0,0,0
071,17,007,99990,07302,00000,1,F,Balance of Bonus township,Illinois,1432,1798,1795,1794,1777,1775,1767,1763,1763,1759,1758,1761
061,17,007,00000,07328,00000,0,A,Boone township,Illinois,1968,1968,1965,1960,1945,1941,1934,1927,1927,1933,1936,1938
071,17,007,11124,07328,00000,1,A,Capron village,Illinois,1376,1376,1374,1370,1359,1358,1352,1349,1349,1356,1360,1362
071,17,007,99990,07328,00000,1,F,Balance of Boone township,Illinois,592,592,591,590,586,583,582,578,578,577,576,576
061,17,007,00000,10435,00000,0,A,Caledonia township,Illinois,7439,7439,7427,7439,7385,7382,7376,7360,7369,7360,7363,7378
071,17,007,10422,10435,00000,1,A,Caledonia village,Illinois,197,199,199,198,197,197,194,193,193,193,193,193
071,17,007,45031,10435,00000,1,A,Loves Park city (pt.),Illinois,1421,1421,1419,1421,1410,1408,1406,1403,1406,1404,1405,1409
071,17,007,61145,10435,00000,1,A,Poplar Grove village (pt.),Illinois,73,12,12,12,12,12,12,12,12,12,12,12
071,17,007,75360,10435,00000,1,A,Timberlane village (pt.),Illinois,871,869,867,876,873,878,883,881,884,880,882,882
071,17,007,99990,10435,00000,1,F,Balance of Caledonia township,Illinois,4877,4938,4930,4932,4893,4887,4881,4871,4874,4871,4871,4882
061,17,007,00000,26441,00000,0,A,Flora township,Illinois,2981,2982,2977,2979,2958,2956,2953,2949,2951,2953,2954,2959
071,17,007,05092,26441,00000,1,A,Belvidere city (pt.),Illinois,1886,1867,1864,1867,1854,1856,1855,1854,1856,1861,1862,1867
071,17,007,13074,26441,00000,1,A,Cherry Valley village (pt.),Illinois,0,0,0,0,0,0,0,0,0,0,0,0
071,17,007,99990,26441,00000,1,F,Balance of Flora township,Illinois,1095,1115,1113,1112,1104,1100,1098,1095,1095,1092,1092,1092
061,17,007,00000,42951,00000,1,A,LeRoy township,Illinois,485,485,484,484,478,477,476,475,475,473,472,474
061,17,007,00000,46318,00000,1,A,Manchester township,Illinois,895,895,893,893,884,883,881,879,877,876,877,877
061,17,007,00000,61158,00000,0,A,Poplar Grove township,Illinois,5054,5054,5062,5093,5080,5110,5142,5130,5131,5128,5125,5152
071,17,007,61145,61158,00000,1,A,Poplar Grove village (pt.),Illinois,3224,3208,3219,3248,3250,3282,3318,3310,3308,3304,3301,3326
071,17,007,75360,61158,00000,1,A,Timberlane village (pt.),Illinois,63,63,63,63,62,62,62,62,64,64,64,64
071,17,007,99990,61158,00000,1,F,Balance of Poplar Grove township,Illinois,1767,1783,1780,1782,1768,1766,1762,1758,1759,1760,1760,1762
061,17,007,00000,71578,00000,0,A,Spring township,Illinois,894,894,892,892,883,881,880,876,876,875,873,873
071,17,007,05092,71578,00000,1,A,Belvidere city (pt.),Illinois,0,0,0,0,0,0,0,0,0,0,0,0
071,17,007,99990,71578,00000,1,F,Balance of Spring township,Illinois,894,894,892,892,883,881,880,876,876,875,873,873
050,17,009,00000,00000,00000,0,A,Brown County,Illinois,6937,6937,6919,6882,6890,6864,6832,6753,6637,6609,6563,6578
157,17,009,50790,00000,00000,0,A,Mound Station village,Illinois,122,122,121,121,121,120,120,119,116,115,114,116
157,17,009,51154,00000,00000,0,A,Mount Sterling city,Illinois,2025,2025,2018,1999,2006,1989,1973,1959,1938,1925,1904,1909
157,17,009,64174,00000,00000,0,A,Ripley village,Illinois,86,86,86,85,86,85,84,84,83,83,82,82
157,17,009,77720,00000,00000,0,A,Versailles village,Illinois,478,478,476,474,477,472,469,468,464,461,456,458
157,17,009,99990,00000,00000,0,F,Balance of Brown County,Illinois,4226,4226,4218,4203,4200,4198,4186,4123,4036,4025,4007,4013
061,17,009,00000,09291,00000,1,A,Buckhorn township,Illinois,98,98,98,97,97,97,96,95,95,94,93,92
061,17,009,00000,16262,00000,1,A,Cooperstown township,Illinois,311,311,310,307,309,307,305,303,300,299,296,297
061,17,009,00000,23308,00000,1,A,Elkhorn township,Illinois,346,346,345,342,344,341,339,337,334,333,329,330
061,17,009,00000,42561,00000,0,A,Lee township,Illinois,326,326,324,323,324,321,320,318,315,313,310,313
071,17,009,50790,42561,00000,1,A,Mound Station village,Illinois,122,122,121,121,121,120,120,119,116,115,114,116
071,17,009,99990,42561,00000,1,F,Balance of Lee township,Illinois,204,204,203,202,203,201,200,199,199,198,196,197
061,17,009,00000,49685,00000,1,A,Missouri township,Illinois,143,143,142,141,142,141,140,141,140,139,138,138
061,17,009,00000,51167,00000,0,A,Mount Sterling township,Illinois,4673,4673,4664,4642,4635,4629,4610,4541,4445,4428,4403,4410
071,17,009,51154,51167,00000,1,A,Mount Sterling city,Illinois,2025,2025,2018,1999,2006,1989,1973,1959,1938,1925,1904,1909
071,17,009,99990,51167,00000,1,F,Balance of Mount Sterling township,Illinois,2648,2648,2646,2643,2629,2640,2637,2582,2507,2503,2499,2501
061,17,009,00000,58330,00000,1,A,Pea Ridge township,Illinois,188,188,187,186,189,187,186,185,183,182,182,183
061,17,009,00000,64187,00000,0,A,Ripley township,Illinois,102,102,102,101,102,101,100,100,98,98,97,97
071,17,009,64174,64187,00000,1,A,Ripley village,Illinois,86,86,86,85,86,85,84,84,83,83,82,82
071,17,009,99990,64187,00000,1,F,Balance of Ripley township,Illinois,16,16,16,16,16,16,16,16,15,15,15,15
061,17,009,00000,77733,00000,0,A,Versailles township,Illinois,750,750,747,743,748,740,736,733,727,723,715,718
071,17,009,77720,77733,00000,1,A,Versailles village,Illinois,478,478,476,474,477,472,469,468,464,461,456,458
071,17,009,99990,77733,00000,1,F,Balance of Versailles township,Illinois,272,272,271,269,271,268,267,265,263,262,259,260
050,17,011,00000,00000,00000,0,A,Bureau County,Illinois,34978,34980,34959,34625,34342,34108,33856,33491,33396,33137,32959,32628
157,17,011,01569,00000,00000,0,A,Annawan town (pt.),Illinois,4,4,4,4,4,4,4,4,4,4,4,4
157,17,011,02102,00000,00000,0,A,Arlington village,Illinois,193,193,193,191,190,188,187,185,185,183,182,181
157,17,011,09356,00000,00000,0,A,Buda village,Illinois,538,538,537,532,528,525,522,516,514,511,506,501
157,17,011,09681,00000,00000,0,A,Bureau Junction village,Illinois,322,321,321,318,315,313,311,308,307,305,303,300
157,17,011,12970,00000,00000,0,A,Cherry village,Illinois,482,486,485,481,477,474,471,466,462,459,457,453
157,17,011,18459,00000,00000,0,A,Dalzell village (pt.),Illinois,717,716,715,706,701,697,690,683,678,671,668,659
157,17,011,19499,00000,00000,0,A,De Pue village,Illinois,1838,1834,1832,1810,1793,1780,1762,1740,1733,1718,1705,1683
157,17,011,20526,00000,00000,0,A,Dover village,Illinois,168,164,164,162,161,160,159,158,157,156,155,153
157,17,011,35671,00000,00000,0,A,Hollowayville village,Illinois,84,92,92,91,90,90,89,88,88,87,87,86
157,17,011,40598,00000,00000,0,A,Ladd village,Illinois,1295,1295,1294,1279,1267,1258,1249,1234,1227,1214,1209,1195
157,17,011,41794,00000,00000,0,A,La Moille village,Illinois,726,726,725,719,715,711,706,697,694,689,686,679
157,17,011,46240,00000,00000,0,A,Malden village,Illinois,362,362,362,361,358,356,353,350,348,346,344,341
157,17,011,46422,00000,00000,0,A,Manlius village,Illinois,359,359,359,355,353,350,348,345,341,339,337,334
157,17,011,49516,00000,00000,0,A,Mineral village,Illinois,237,237,237,235,233,231,230,227,227,225,224,222
157,17,011,51999,00000,00000,0,A,Neponset village,Illinois,473,473,472,468,462,459,454,450,448,443,440,436
157,17,011,52155,00000,00000,0,A,New Bedford village,Illinois,75,75,75,74,74,73,73,72,72,71,71,70
157,17,011,55379,00000,00000,0,A,Ohio village,Illinois,513,513,512,508,506,503,497,492,490,487,485,480
157,17,011,59234,00000,00000,0,A,Peru city (pt.),Illinois,A,0,0,0,0,0,0,0,0,0,0,0
157,17,011,61899,00000,00000,0,A,Princeton city,Illinois,7660,7915,7915,7840,7779,7723,7670,7588,7627,7573,7538,7468
157,17,011,68471,00000,00000,0,A,Seatonville village,Illinois,314,314,314,313,310,308,308,303,302,300,298,296
157,17,011,69147,00000,00000,0,A,Sheffield village,Illinois,926,925,924,917,911,905,897,888,882,876,872,863
157,17,011,72156,00000,00000,0,A,Spring Valley city,Illinois,5558,5548,5542,5485,5435,5394,5350,5289,5260,5214,5184,5125
157,17,011,75549,00000,00000,0,A,Tiskilwa village,Illinois,829,838,838,830,818,814,808,795,788,782,776,766
157,17,011,78526,00000,00000,0,A,Walnut village,Illinois,1416,1418,1417,1404,1391,1378,1367,1352,1342,1331,1320,1306
157,17,011,83622,00000,00000,0,A,Wyanet village,Illinois,991,986,985,978,970,965,958,946,943,936,931,923
157,17,011,99990,00000,00000,0,F,Balance of Bureau County,Illinois,8898,8648,8645,8564,8501,8449,8393,8315,8277,8217,8177,8104
061,17,011,00000,02076,00000,0,A,Arispie township,Illinois,776,780,780,772,764,759,754,745,739,734,728,721
071,17,011,75549,02076,00000,1,A,Tiskilwa village (pt.),Illinois,414,421,421,417,411,409,406,400,396,393,389,385
071,17,011,99990,02076,00000,1,F,Balance of Arispie township,Illinois,362,359,359,355,353,350,348,345,343,341,339,336
061,17,011,00000,05430,00000,0,A,Berlin township,Illinois,746,751,751,746,740,736,730,724,720,716,712,704
071,17,011,20526,05430,00000,1,A,Dover village (pt.),Illinois,8,8,8,8,8,8,8,8,8,8,8,7
071,17,011,46240,05430,00000,1,A,Malden village,Illinois,362,362,362,361,358,356,353,350,348,346,344,341
071,17,011,99990,05430,00000,1,F,Balance of Berlin township,Illinois,376,381,381,377,374,372,369,366,364,362,360,356
061,17,011,00000,09668,00000,1,A,Bureau township,Illinois,247,249,249,246,245,243,241,239,238,236,235,233
061,17,011,00000,14598,00000,0,A,Clarion township,Illinois,421,421,421,417,413,411,408,404,402,399,398,394
071,17,011,41794,14598,00000,1,A,La Moille village (pt.),Illinois,0,0,0,0,0,0,0,0,0,0,0,0
071,17,011,99990,14598,00000,1,F,Balance of Clarion township,Illinois,421,421,421,417,413,411,408,404,402,399,398,394
061,17,011,00000,16028,00000,0,A,Concord township,Illinois,1644,1647,1645,1631,1620,1609,1598,1580,1572,1562,1551,1536
071,17,011,09356,16028,00000,1,A,Buda village,Illinois,538,538,537,532,528,525,522,516,514,511,506,501
071,17,011,69147,16028,00000,1,A,Sheffield village (pt.),Illinois,863,865,864,858,852,846,839,830,825,819,815,807
071,17,011,99990,16028,00000,1,F,Balance of Concord township,Illinois,243,244,244,241,240,238,237,234,233,232,230,228
061,17,011,00000,20539,00000,0,A,Dover township,Illinois,550,545,545,539,535,532,528,524,521,517,515,510
071,17,011,20526,20539,00000,1,A,Dover village (pt.),Illinois,160,156,156,154,153,152,151,150,149,148,147,146
071,17,011,61899,20539,00000,1,A,Princeton city (pt.),Illinois,6,5,5,5,5,5,5,5,5,5,5,5
071,17,011,99990,20539,00000,1,F,Balance of Dover township,Illinois,384,384,384,380,377,375,372,369,367,364,363,359
061,17,011,00000,24790,00000,1,A,Fairfield township,Illinois,375,375,375,371,368,366,364,360,358,356,354,351
061,17,011,00000,30146,00000,1,A,Gold township,Illinois,180,173,173,171,170,169,168,166,165,164,163,162
061,17,011,00000,31602,00000,0,A,Greenville township,Illinois,366,366,366,362,360,357,355,351,350,347,346,342
071,17,011,52155,31602,00000,1,A,New Bedford village,Illinois,75,75,75,74,74,73,73,72,72,71,71,70
071,17,011,99990,31602,00000,1,F,Balance of Greenville township,Illinois,291,291,291,288,286,284,282,279,278,276,275,272
061,17,011,00000,32265,00000,0,A,Hall township,Illinois,8300,8300,8291,8205,8133,8074,8011,7919,7875,7804,7763,7675
071,17,011,18459,32265,00000,1,A,Dalzell village (pt.),Illinois,717,716,715,706,701,697,690,683,678,671,668,659
071,17,011,19499,32265,00000,1,A,De Pue village (pt.),Illinois,0,0,0,0,0,0,0,0,0,0,0,0
071,17,011,40598,32265,00000,1,A,Ladd village,Illinois,1295,1295,1294,1279,1267,1258,1249,1234,1227,1214,1209,1195
071,17,011,59234,32265,00000,1,A,Peru city (pt.),Illinois,A,0,0,0,0,0,0,0,0,0,0,0
071,17,011,68471,32265,00000,1,A,Seatonville village (pt.),Illinois,287,287,287,286,284,282,282,277,276,274,273,271
071,17,011,72156,32265,00000,1,A,Spring Valley city,Illinois,5558,5548,5542,5485,5435,5394,5350,5289,5260,5214,5184,5125
071,17,011,99990,32265,00000,1,F,Balance of Hall township,Illinois,443,454,453,449,446,443,440,436,434,431,429,425
061,17,011,00000,37413,00000,0,A,Indiantown township,Illinois,711,711,711,704,696,692,687,677,673,668,665,656
071,17,011,75549,37413,00000,1,A,Tiskilwa village (pt.),Illinois,415,417,417,413,407,405,402,395,392,389,387,381
071,17,011,99990,37413,00000,1,F,Balance of Indiantown township,Illinois,296,294,294,291,289,287,285,282,281,279,278,275
061,17,011,00000,41807,00000,0,A,La Moille township,Illinois,1122,1122,1121,1111,1104,1098,1090,1077,1073,1065,1058,1047
071,17,011,41794,41807,00000,1,A,La Moille village (pt.),Illinois,726,726,725,719,715,711,706,697,694,689,686,679
071,17,011,99990,41807,00000,1,F,Balance of La Moille township,Illinois,396,396,396,392,389,387,384,380,379,376,372,368
061,17,011,00000,42665,00000,0,A,Leepertown township,Illinois,364,364,364,361,357,355,353,349,348,346,344,340
071,17,011,09681,42665,00000,1,A,Bureau Junction village,Illinois,322,321,321,318,315,313,311,308,307,305,303,300
071,17,011,19499,42665,00000,1,A,De Pue village (pt.),Illinois,0,0,0,0,0,0,0,0,0,0,0,0
071,17,011,99990,42665,00000,1,F,Balance of Leepertown township,Illinois,42,43,43,43,42,42,42,41,41,41,41,40
061,17,011,00000,45928,00000,1,A,Macon township,Illinois,208,208,208,206,204,203,202,200,199,197,196,195
061,17,011,00000,46435,00000,0,A,Manlius township,Illinois,653,650,650,643,639,634,630,624,619,615,612,606
071,17,011,46422,46435,00000,1,A,Manlius village,Illinois,359,359,359,355,353,350,348,345,341,339,337,334
071,17,011,99990,46435,00000,1,F,Balance of Manlius township,Illinois,294,291,291,288,286,284,282,279,278,276,275,272
061,17,011,00000,49438,00000,1,A,Milo township,Illinois,207,207,207,205,203,202,201,199,198,196,195,194
061,17,011,00000,49529,00000,0,A,Mineral township,Illinois,484,491,491,486,483,479,476,471,470,464,463,458
071,17,011,01569,49529,00000,1,A,Annawan town (pt.),Illinois,4,4,4,4,4,4,4,4,4,4,4,4
071,17,011,49516,49529,00000,1,A,Mineral village,Illinois,237,237,237,235,233,231,230,227,227,225,224,222
071,17,011,69147,49529,00000,1,A,Sheffield village (pt.),Illinois,63,60,60,59,59,59,58,58,57,57,57,56
071,17,011,99990,49529,00000,1,F,Balance of Mineral township,Illinois,180,190,190,188,187,185,184,182,182,178,178,176
061,17,011,00000,52012,00000,0,A,Neponset township,Illinois,742,744,743,736,728,724,717,710,705,700,696,688
071,17,011,51999,52012,00000,1,A,Neponset village,Illinois,473,473,472,468,462,459,454,450,448,443,440,436
071,17,011,99990,52012,00000,1,F,Balance of Neponset township,Illinois,269,271,271,268,266,265,263,260,257,257,256,252
061,17,011,00000,55392,00000,0,A,Ohio township,Illinois,823,822,821,814,809,805,797,789,785,780,775,769
071,17,011,55379,55392,00000,1,A,Ohio village,Illinois,513,513,512,508,506,503,497,492,490,487,485,480
071,17,011,99990,55392,00000,1,F,Balance of Ohio township,Illinois,310,309,309,306,303,302,300,297,295,293,290,289
061,17,011,00000,61912,00000,0,A,Princeton township,Illinois,9331,9332,9331,9245,9175,9110,9048,8954,8988,8924,8882,8802
071,17,011,61899,61912,00000,1,A,Princeton city (pt.),Illinois,7654,7910,7910,7835,7774,7718,7665,7583,7622,7568,7533,7463
071,17,011,99990,61912,00000,1,F,Balance of Princeton township,Illinois,1677,1422,1421,1410,1401,1392,1383,1371,1366,1356,1349,1339
061,17,011,00000,68562,00000,0,A,Selby township,Illinois,2536,2542,2539,2513,2490,2473,2450,2424,2415,2395,2380,2352
071,17,011,19499,68562,00000,1,A,De Pue village (pt.),Illinois,1838,1834,1832,1810,1793,1780,1762,1740,1733,1718,1705,1683
071,17,011,35671,68562,00000,1,A,Hollowayville village,Illinois,84,92,92,91,90,90,89,88,88,87,87,86
071,17,011,68471,68562,00000,1,A,Seatonville village (pt.),Illinois,27,27,27,27,26,26,26,26,26,26,25,25
071,17,011,99990,68562,00000,1,F,Balance of Selby township,Illinois,587,589,588,585,581,577,573,570,568,564,563,558
061,17,011,00000,78539,00000,0,A,Walnut township,Illinois,1752,1752,1751,1735,1719,1704,1691,1673,1661,1648,1635,1619
071,17,011,78526,78539,00000,1,A,Walnut village,Illinois,1416,1418,1417,1404,1391,1378,1367,1352,1342,1331,1320,1306
071,17,011,99990,78539,00000,1,F,Balance of Walnut township,Illinois,336,334,334,331,328,326,324,321,319,317,315,313
061,17,011,00000,80268,00000,0,A,Westfield township,Illinois,941,935,934,925,918,912,906,897,892,885,881,874
071,17,011,02102,80268,00000,1,A,Arlington village,Illinois,193,193,193,191,190,188,187,185,185,183,182,181
071,17,011,12970,80268,00000,1,A,Cherry village,Illinois,482,486,485,481,477,474,471,466,462,459,457,453
071,17,011,99990,80268,00000,1,F,Balance of Westfield township,Illinois,266,256,256,253,251,250,248,246,245,243,242,240
061,17,011,00000,81009,00000,1,A,Wheatland township,Illinois,135,135,135,134,133,132,131,130,129,128,127,126
061,17,011,00000,83635,00000,0,A,Wyanet township,Illinois,1364,1358,1357,1347,1336,1329,1320,1305,1301,1291,1285,1274
071,17,011,83622,83635,00000,1,A,Wyanet village,Illinois,991,986,985,978,970,965,958,946,943,936,931,923
071,17,011,99990,83635,00000,1,F,Balance of Wyanet township,Illinois,373,372,372,369,366,364,362,359,358,355,354,351
050,17,013,00000,00000,00000,0,A,Calhoun County,Illinois,5089,5089,5096,5049,4985,5008,4925,4860,4869,4851,4829,4739
157,17,013,04117,00000,00000,1,A,Batchtown village,Illinois,214,214,214,212,210,211,207,203,203,203,202,198
157,17,013,09148,00000,00000,1,A,Brussels village,Illinois,141,141,141,140,138,138,136,134,135,133,134,131
157,17,013,32395,00000,00000,1,A,Hamburg village,Illinois,128,128,128,127,125,127,124,122,122,121,120,119
157,17,013,32850,00000,00000,1,A,Hardin village,Illinois,967,962,964,955,943,948,933,923,923,921,916,900
157,17,013,38856,00000,00000,1,A,Kampsville village,Illinois,328,328,328,324,321,322,316,312,314,312,311,304
157,17,013,99990,00000,00000,1,F,Balance of Calhoun County,Illinois,3311,3316,3321,3291,3248,3262,3209,3166,3172,3161,3146,3087
050,17,015,00000,00000,00000,0,A,Carroll County,Illinois,15387,15394,15394,15229,15121,14969,14783,14642,14596,14475,14314,14305
157,17,015,12294,00000,00000,0,A,Chadwick village,Illinois,551,551,551,547,543,537,532,527,525,521,517,516
157,17,015,41859,00000,00000,0,A,Lanark city,Illinois,1457,1461,1461,1443,1427,1411,1389,1375,1369,1353,1336,1333
157,17,015,49191,00000,00000,0,A,Milledgeville village,Illinois,1032,1036,1036,1022,1016,1004,991,981,976,966,955,952
157,17,015,50881,00000,00000,0,A,Mount Carroll city,Illinois,1717,1717,1717,1695,1678,1662,1639,1622,1613,1597,1576,1571
157,17,015,67821,00000,00000,0,A,Savanna city,Illinois,3062,3062,3060,3021,2994,2959,2917,2883,2868,2840,2804,2797
157,17,015,68991,00000,00000,0,A,Shannon village,Illinois,757,755,755,744,738,729,719,710,706,700,690,688
157,17,015,75172,00000,00000,0,A,Thomson village,Illinois,590,590,592,586,581,574,569,564,564,559,553,551
157,17,015,99990,00000,00000,0,F,Balance of Carroll County,Illinois,6221,6222,6222,6171,6144,6093,6027,5980,5975,5939,5883,5897
061,17,015,00000,12996,00000,0,A,Cherry Grove-Shannon township,Illinois,1485,1488,1488,1472,1463,1448,1431,1416,1413,1403,1388,1388
071,17,015,68991,12996,00000,1,A,Shannon village,Illinois,757,755,755,744,738,729,719,710,706,700,690,688
071,17,015,99990,12996,00000,1,F,Balance of Cherry Grove-Shannon township,Illinois,728,733,733,728,725,719,712,706,707,703,698,700
061,17,015,00000,23321,00000,1,A,Elkhorn Grove township,Illinois,229,229,229,226,225,225,222,220,219,217,214,217
061,17,015,00000,24881,00000,0,A,Fairhaven township,Illinois,910,914,914,906,901,891,882,874,872,865,857,858
071,17,015,12294,24881,00000,1,A,Chadwick village,Illinois,551,551,551,547,543,537,532,527,525,521,517,516
071,17,015,99990,24881,00000,1,F,Balance of Fairhaven township,Illinois,359,363,363,359,358,354,350,347,347,344,340,342
061,17,015,00000,27832,00000,1,A,Freedom township,Illinois,695,695,695,690,687,682,674,670,669,665,659,661
061,17,015,00000,50894,00000,0,A,Mount Carroll township,Illinois,2279,2279,2279,2252,2234,2212,2183,2161,2150,2131,2106,2102
071,17,015,50881,50894,00000,1,A,Mount Carroll city (pt.),Illinois,1683,1683,1683,1661,1645,1629,1606,1590,1581,1565,1544,1541
071,17,015,99990,50894,00000,1,F,Balance of Mount Carroll township,Illinois,596,596,596,591,589,583,577,571,569,566,562,561
061,17,015,00000,64892,00000,0,A,Rock Creek-Lima township,Illinois,1976,1976,1976,1952,1934,1913,1887,1868,1860,1842,1819,1816
071,17,015,41859,64892,00000,1,A,Lanark city,Illinois,1457,1461,1461,1443,1427,1411,1389,1375,1369,1353,1336,1333
071,17,015,99990,64892,00000,1,F,Balance of Rock Creek-Lima township,Illinois,519,515,515,509,507,502,498,493,491,489,483,483
061,17,015,00000,67210,00000,0,A,Salem township,Illinois,348,348,348,344,343,340,336,332,333,331,327,327
071,17,015,50881,67210,00000,1,A,Mount Carroll city (pt.),Illinois,34,34,34,34,33,33,33,32,32,32,32,30
071,17,015,99990,67210,00000,1,F,Balance of Salem township,Illinois,314,314,314,310,310,307,303,300,301,299,295,297
061,17,015,00000,67834,00000,0,A,Savanna township,Illinois,3729,3729,3727,3684,3654,3614,3566,3527,3514,3483,3441,3435
071,17,015,67821,67834,00000,1,A,Savanna city,Illinois,3062,3062,3060,3021,2994,2959,2917,2883,2868,2840,2804,2797
071,17,015,99990,67834,00000,1,F,Balance of Savanna township,Illinois,667,667,667,663,660,655,649,644,646,643,637,638
061,17,015,00000,79020,00000,1,A,Washington township,Illinois,356,356,356,354,351,349,345,341,342,339,335,336
061,17,015,00000,83076,00000,1,A,Woodland township,Illinois,280,280,280,279,276,273,271,269,268,267,264,264
061,17,015,00000,83700,00000,0,A,Wysox township,Illinois,1366,1366,1366,1348,1342,1326,1309,1298,1292,1279,1267,1264
071,17,015,49191,83700,00000,1,A,Milledgeville village,Illinois,1032,1036,1036,1022,1016,1004,991,981,976,966,955,952
071,17,015,99990,83700,00000,1,F,Balance of Wysox township,Illinois,334,330,330,326,326,322,318,317,316,313,312,312
061,17,015,00000,83908,00000,0,A,York township,Illinois,1734,1734,1736,1722,1711,1696,1677,1666,1664,1653,1637,1637
071,17,015,75172,83908,00000,1,A,Thomson village,Illinois,590,590,592,586,581,574,569,564,564,559,553,551
071,17,015,99990,83908,00000,1,F,Balance of York township,Illinois,1144,1144,1144,1136,1130,1122,1108,1102,1100,1094,1084,1086
050,17,017,00000,00000,00000,0,A,Cass County,Illinois,13642,13641,13633,13629,13427,13293,13081,12843,12672,12492,12312,12147
157,17,017,01946,00000,00000,0,A,Arenzville village,Illinois,409,409,409,409,403,399,393,386,383,377,372,367
157,17,017,02505,00000,00000,0,A,Ashland village,Illinois,1333,1336,1335,1336,1315,1308,1286,1262,1243,1225,1209,1191
157,17,017,04351,00000,00000,0,A,Beardstown city,Illinois,6123,6165,6161,6155,6061,5992,5890,5777,5696,5606,5522,5446
157,17,017,12450,00000,00000,0,A,Chandlerville village,Illinois,553,557,557,557,548,543,535,527,520,511,502,494
157,17,017,78201,00000,00000,0,A,Virginia city,Illinois,1611,1615,1614,1611,1587,1569,1543,1514,1496,1475,1456,1435
157,17,017,99990,00000,00000,0,F,Balance of Cass County,Illinois,3613,3559,3557,3561,3513,3482,3434,3377,3334,3298,3251,3214
061,17,017,00000,01959,00000,0,A,Arenzville township,Illinois,760,760,760,760,751,744,734,721,714,705,695,687
071,17,017,01946,01959,00000,1,A,Arenzville village,Illinois,409,409,409,409,403,399,393,386,383,377,372,367
071,17,017,99990,01959,00000,1,F,Balance of Arenzville township,Illinois,351,351,351,351,348,345,341,335,331,328,323,320
061,17,017,00000,02518,00000,0,A,Ashland township,Illinois,1398,1396,1395,1396,1374,1366,1344,1318,1299,1280,1263,1244
071,17,017,02505,02518,00000,1,A,Ashland village,Illinois,1333,1336,1335,1336,1315,1308,1286,1262,1243,1225,1209,1191
071,17,017,99990,02518,00000,1,F,Balance of Ashland township,Illinois,65,60,60,60,59,58,58,56,56,55,54,53
061,17,017,00000,04364,00000,0,A,Beardstown township,Illinois,6983,6984,6979,6974,6869,6793,6681,6554,6465,6366,6270,6187
071,17,017,04351,04364,00000,1,A,Beardstown city,Illinois,6123,6165,6161,6155,6061,5992,5890,5777,5696,5606,5522,5446
071,17,017,99990,04364,00000,1,F,Balance of Beardstown township,Illinois,860,819,818,819,808,801,791,777,769,760,748,741
061,17,017,00000,06938,00000,1,A,Bluff Springs township,Illinois,888,887,886,889,877,868,857,843,834,824,812,803
061,17,017,00000,12463,00000,0,A,Chandlerville township,Illinois,515,515,515,515,506,503,494,487,481,474,467,459
071,17,017,12450,12463,00000,1,A,Chandlerville village (pt.),Illinois,373,375,375,375,368,366,360,355,351,344,339,334
071,17,017,99990,12463,00000,1,F,Balance of Chandlerville township,Illinois,142,140,140,140,138,137,134,132,130,130,128,125
061,17,017,00000,32148,00000,1,A,Hagener township,Illinois,381,379,379,379,374,370,364,360,355,350,347,342
061,17,017,00000,52662,00000,1,A,Newmansville township,Illinois,50,50,50,50,49,49,48,47,46,46,45,45
061,17,017,00000,57550,00000,0,A,Panther Creek township,Illinois,291,293,293,293,289,285,282,277,272,269,263,259
071,17,017,12450,57550,00000,1,A,Chandlerville village (pt.),Illinois,180,182,182,182,180,177,175,172,169,167,163,160
071,17,017,99990,57550,00000,1,F,Balance of Panther Creek township,Illinois,111,111,111,111,109,108,107,105,103,102,100,99
061,17,017,00000,59481,00000,1,A,Philadelphia township,Illinois,221,222,222,222,219,217,213,209,206,203,201,198
061,17,017,00000,67600,00000,0,A,Sangamon Valley township,Illinois,328,328,328,328,323,322,317,311,307,304,299,297
071,17,017,78201,67600,00000,1,A,Virginia city (pt.),Illinois,0,0,0,0,0,0,0,0,0,0,0,0
071,17,017,99990,67600,00000,1,F,Balance of Sangamon Valley township,Illinois,328,328,328,328,323,322,317,311,307,304,299,297
061,17,017,00000,78214,00000,0,A,Virginia township,Illinois,1827,1827,1826,1823,1796,1776,1747,1716,1693,1671,1650,1626
071,17,017,78201,78214,00000,1,A,Virginia city (pt.),Illinois,1611,1615,1614,1611,1587,1569,1543,1514,1496,1475,1456,1435
071,17,017,99990,78214,00000,1,F,Balance of Virginia township,Illinois,216,212,212,212,209,207,204,202,197,196,194,191
050,17,019,00000,00000,00000,0,A,Champaign County,Illinois,201081,201081,201546,203197,204630,206425,207942,209382,210198,210425,209918,209689
157,17,019,00880,00000,00000,0,A,Allerton village (pt.),Illinois,0,0,0,0,0,0,0,0,0,0,0,0
157,17,019,07211,00000,00000,0,A,Bondville village,Illinois,443,440,441,445,448,452,453,449,446,442,438,431
157,17,019,08420,00000,00000,0,A,Broadlands village,Illinois,349,349,350,353,354,356,354,354,351,348,342,337
157,17,019,12385,00000,00000,0,A,Champaign city,Illinois,81055,81246,81405,82330,83202,84112,84953,86218,87244,87839,87994,88909
157,17,019,26194,00000,00000,0,A,Fisher village,Illinois,1881,1870,1872,1891,1916,1956,1956,1956,1950,1958,1946,1937
157,17,019,26662,00000,00000,0,A,Foosland village,Illinois,101,101,101,102,102,102,102,102,101,100,99,98
157,17,019,29145,00000,00000,0,A,Gifford village,Illinois,975,978,979,984,984,989,979,1074,1067,1066,1063,1048
157,17,019,35814,00000,00000,0,A,Homer village,Illinois,1193,1207,1209,1214,1217,1221,1221,1210,1196,1188,1179,1159
157,17,019,37998,00000,00000,0,A,Ivesdale village (pt.),Illinois,267,267,267,269,269,268,269,266,262,260,258,252
157,17,019,44602,00000,00000,0,A,Longview village,Illinois,153,153,153,154,154,155,155,154,153,152,150,148
157,17,019,45174,00000,00000,0,A,Ludlow village,Illinois,371,371,372,373,374,373,374,371,368,365,362,356
157,17,019,46136,00000,00000,0,A,Mahomet village,Illinois,7258,7290,7330,7451,7589,7798,7999,8083,8245,8464,8571,8605
157,17,019,55275,00000,00000,0,A,Ogden village,Illinois,810,821,822,823,826,828,830,824,817,813,810,800
157,17,019,59273,00000,00000,0,A,Pesotum village,Illinois,551,551,552,552,554,555,554,550,544,537,534,524
157,17,019,59533,00000,00000,0,A,Philo village,Illinois,1466,1468,1470,1474,1478,1480,1480,1467,1455,1441,1424,1400
157,17,019,62783,00000,00000,0,A,Rantoul village,Illinois,12941,12956,12971,13020,13046,13162,13171,13063,12951,12834,12695,12493
157,17,019,66157,00000,00000,0,A,Royal village,Illinois,293,285,285,287,288,286,289,289,289,284,282,277
157,17,019,66534,00000,00000,0,A,Sadorus village,Illinois,416,411,412,411,412,414,414,409,406,402,396,390
157,17,019,66950,00000,00000,0,A,St. Joseph village,Illinois,3967,3985,3994,4011,4019,4061,4071,4037,4005,3967,3923,3860
157,17,019,67860,00000,00000,0,A,Savoy village,Illinois,7280,7292,7344,7454,7543,7679,7856,8095,8227,8323,8409,8401
157,17,019,69875,00000,00000,0,A,Sidney village,Illinois,1233,1245,1247,1252,1253,1255,1257,1246,1233,1223,1211,1191
157,17,019,75107,00000,00000,0,A,Thomasboro village,Illinois,1126,1124,1126,1133,1138,1139,1142,1133,1122,1111,1100,1084
157,17,019,75614,00000,00000,0,A,Tolono village,Illinois,3447,3460,3470,3490,3502,3516,3530,3504,3479,3470,3446,3392
157,17,019,77005,00000,00000,0,A,Urbana city,Illinois,41250,42136,42245,42413,42548,42718,42918,43065,43024,42771,42479,42214
157,17,019,99990,00000,00000,0,F,Balance of Champaign County,Illinois,32255,31075,31129,31311,31414,31550,31615,31463,31263,31067,30807,30383
061,17,019,00000,03246,00000,0,A,Ayers township,Illinois,453,455,456,460,461,463,461,461,457,453,446,439
071,17,019,00880,03246,00000,1,A,Allerton village (pt.),Illinois,0,0,0,0,0,0,0,0,0,0,0,0
071,17,019,08420,03246,00000,1,A,Broadlands village,Illinois,349,349,350,353,354,356,354,354,351,348,342,337
071,17,019,99990,03246,00000,1,F,Balance of Ayers township,Illinois,104,106,106,107,107,107,107,107,106,105,104,102
061,17,019,00000,08914,00000,0,A,Brown township,Illinois,1995,1993,1996,2015,2035,2069,2071,2066,2059,2064,2048,2036
071,17,019,26194,08914,00000,1,A,Fisher village (pt.),Illinois,1556,1547,1549,1566,1585,1618,1619,1617,1614,1620,1611,1602
071,17,019,26662,08914,00000,1,A,Foosland village,Illinois,101,101,101,102,102,102,102,102,101,100,99,98
071,17,019,99990,08914,00000,1,F,Balance of Brown township,Illinois,338,345,346,347,348,349,350,347,344,344,338,336
061,17,019,00000,12398,00000,0,A,Champaign township,Illinois,10834,10670,10719,10835,10921,11050,11203,11371,11442,11488,11513,11439
071,17,019,67860,12398,00000,1,A,Savoy village (pt.),Illinois,5976,5940,5982,6072,6143,6253,6397,6591,6697,6776,6845,6839
071,17,019,99990,12398,00000,1,F,Balance of Champaign township,Illinois,4858,4730,4737,4763,4778,4797,4806,4780,4745,4712,4668,4600
061,17,019,00000,12411,00000,0,B,Champaign City township,Illinois,81055,81246,81405,82330,83202,84112,84953,86218,87244,87839,87994,88909
071,17,019,12385,12411,00000,1,A,Champaign city,Illinois,81055,81246,81405,82330,83202,84112,84953,86218,87244,87839,87994,88909
061,17,019,00000,15482,00000,1,A,Colfax township,Illinois,266,266,266,268,268,269,270,268,266,263,263,259
061,17,019,00000,15976,00000,0,A,Compromise township,Illinois,1463,1469,1471,1478,1480,1486,1475,1549,1539,1533,1523,1500
071,17,019,29145,15976,00000,1,A,Gifford village (pt.),Illinois,786,789,790,794,794,798,786,865,860,860,856,843
071,17,019,99990,15976,00000,1,F,Balance of Compromise township,Illinois,677,680,681,684,686,688,689,684,679,673,667,657
061,17,019,00000,16080,00000,0,A,Condit township,Illinois,500,496,496,499,504,508,508,508,504,502,497,493
071,17,019,26194,16080,00000,1,A,Fisher village (pt.),Illinois,189,189,189,190,194,197,197,199,197,198,196,196
071,17,019,99990,16080,00000,1,F,Balance of Condit township,Illinois,311,307,307,309,310,311,311,309,307,304,301,297
061,17,019,00000,17588,00000,1,A,Crittenden township,Illinois,325,325,325,327,328,329,329,327,325,324,321,316
061,17,019,00000,18121,00000,0,B,Cunningham township,Illinois,41250,42136,42245,42413,42548,42718,42918,43065,43024,42771,42479,42214
071,17,019,77005,18121,00000,1,A,Urbana city,Illinois,41250,42136,42245,42413,42548,42718,42918,43065,43024,42771,42479,42214
061,17,019,00000,21566,00000,0,A,East Bend township,Illinois,584,584,585,587,591,593,594,592,588,583,579,571
071,17,019,26194,21566,00000,1,A,Fisher village (pt.),Illinois,5,5,5,5,5,5,5,5,5,5,5,5
071,17,019,99990,21566,00000,1,F,Balance of East Bend township,Illinois,579,579,580,582,586,588,589,587,583,578,574,566
061,17,019,00000,33422,00000,0,A,Harwood township,Illinois,623,623,624,628,630,632,637,650,646,643,640,632
071,17,019,29145,33422,00000,1,A,Gifford village (pt.),Illinois,189,189,189,190,190,191,193,209,207,206,207,205
071,17,019,99990,33422,00000,1,F,Balance of Harwood township,Illinois,434,434,435,438,440,441,444,441,439,437,433,427
061,17,019,00000,34189,00000,0,A,Hensley township,Illinois,1278,1194,1196,1201,1204,1210,1213,1206,1197,1187,1175,1158
071,17,019,46136,34189,00000,1,A,Mahomet village (pt.),Illinois,2,3,3,3,3,3,3,3,3,3,3,3
071,17,019,99990,34189,00000,1,F,Balance of Hensley township,Illinois,1276,1191,1193,1198,1201,1207,1210,1203,1194,1184,1172,1155
061,17,019,00000,39688,00000,1,A,Kerr township,Illinois,163,163,163,164,164,165,165,164,163,161,160,157
061,17,019,00000,45187,00000,0,A,Ludlow township,Illinois,4278,4299,4306,4325,4336,4372,4379,4346,4311,4274,4233,4167
071,17,019,45174,45187,00000,1,A,Ludlow village,Illinois,371,371,372,373,374,373,374,371,368,365,362,356
071,17,019,62783,45187,00000,1,A,Rantoul village (pt.),Illinois,3428,3456,3461,3477,3486,3519,3524,3497,3469,3439,3403,3350
071,17,019,99990,45187,00000,1,F,Balance of Ludlow township,Illinois,479,472,473,475,476,480,481,478,474,470,468,461
061,17,019,00000,46149,00000,0,A,Mahomet township,Illinois,12623,12352,12402,12555,12714,12947,13163,13224,13358,13547,13615,13584
071,17,019,46136,46149,00000,1,A,Mahomet village (pt.),Illinois,7256,7287,7327,7448,7586,7795,7996,8080,8242,8461,8568,8602
071,17,019,99990,46149,00000,1,F,Balance of Mahomet township,Illinois,5367,5065,5075,5107,5128,5152,5167,5144,5116,5086,5047,4982
061,17,019,00000,52376,00000,0,A,Newcomb township,Illinois,1292,1291,1293,1302,1307,1315,1316,1310,1303,1294,1284,1267
071,17,019,26194,52376,00000,1,A,Fisher village (pt.),Illinois,131,129,129,130,132,136,135,135,134,135,134,134
071,17,019,46136,52376,00000,1,A,Mahomet village (pt.),Illinois,0,0,0,0,0,0,0,0,0,0,0,0
071,17,019,99990,52376,00000,1,F,Balance of Newcomb township,Illinois,1161,1162,1164,1172,1175,1179,1181,1175,1169,1159,1150,1133
061,17,019,00000,55288,00000,0,A,Ogden township,Illinois,1680,1669,1671,1676,1682,1684,1690,1680,1671,1657,1647,1623
071,17,019,55275,55288,00000,1,A,Ogden village,Illinois,810,821,822,823,826,828,830,824,817,813,810,800
071,17,019,66157,55288,00000,1,A,Royal village,Illinois,293,285,285,287,288,286,289,289,289,284,282,277
071,17,019,99990,55288,00000,1,F,Balance of Ogden township,Illinois,577,563,564,566,568,570,571,567,565,560,555,546
061,17,019,00000,59286,00000,0,A,Pesotum township,Illinois,845,845,846,848,851,852,852,846,838,831,822,810
071,17,019,59273,59286,00000,1,A,Pesotum village,Illinois,551,551,552,552,554,555,554,550,544,537,534,524
071,17,019,99990,59286,00000,1,F,Balance of Pesotum township,Illinois,294,294,294,296,297,297,298,296,294,294,288,286
061,17,019,00000,59546,00000,0,A,Philo township,Illinois,1954,1954,1957,1963,1968,1972,1973,1959,1940,1925,1903,1872
071,17,019,59533,59546,00000,1,A,Philo village,Illinois,1466,1468,1470,1474,1478,1480,1480,1467,1455,1441,1424,1400
071,17,019,67860,59546,00000,1,A,Savoy village (pt.),Illinois,0,0,0,0,0,0,0,0,0,0,0,0
071,17,019,99990,59546,00000,1,F,Balance of Philo township,Illinois,488,486,487,489,490,492,493,492,485,484,479,472
061,17,019,00000,62796,00000,0,A,Rantoul township,Illinois,11273,11252,11265,11308,11331,11417,11422,11327,11229,11126,11006,10832
071,17,019,62783,62796,00000,1,A,Rantoul village (pt.),Illinois,9513,9500,9510,9543,9560,9643,9647,9566,9482,9395,9292,9143
071,17,019,75107,62796,00000,1,A,Thomasboro village,Illinois,1126,1124,1126,1133,1138,1139,1142,1133,1122,1111,1100,1084
071,17,019,99990,62796,00000,1,F,Balance of Rantoul township,Illinois,634,628,629,632,633,635,633,628,625,620,614,605
061,17,019,00000,62952,00000,0,A,Raymond township,Illinois,418,416,416,419,419,421,422,419,416,415,410,404
071,17,019,44602,62952,00000,1,A,Longview village,Illinois,153,153,153,154,154,155,155,154,153,152,150,148
071,17,019,99990,62952,00000,1,F,Balance of Raymond township,Illinois,265,263,263,265,265,266,267,265,263,263,260,256
061,17,019,00000,66547,00000,0,A,Sadorus township,Illinois,967,964,965,968,970,971,973,963,956,945,937,920
071,17,019,37998,66547,00000,1,A,Ivesdale village (pt.),Illinois,267,267,267,269,269,268,269,266,262,260,258,252
071,17,019,66534,66547,00000,1,A,Sadorus village (pt.),Illinois,414,411,412,411,412,414,414,409,406,402,396,390
071,17,019,99990,66547,00000,1,F,Balance of Sadorus township,Illinois,286,286,286,288,289,289,290,288,288,283,283,278
061,17,019,00000,66963,00000,0,A,St. Joseph township,Illinois,5876,5878,5890,5918,5931,5982,5993,5950,5903,5852,5792,5701
071,17,019,66950,66963,00000,1,A,St. Joseph village,Illinois,3967,3985,3994,4011,4019,4061,4071,4037,4005,3967,3923,3860
071,17,019,99990,66963,00000,1,F,Balance of St. Joseph township,Illinois,1909,1893,1896,1907,1912,1921,1922,1913,1898,1885,1869,1841
061,17,019,00000,68289,00000,0,A,Scott township,Illinois,1258,1116,1118,1125,1130,1136,1138,1132,1123,1114,1105,1088
071,17,019,07211,68289,00000,1,A,Bondville village,Illinois,443,440,441,445,448,452,453,449,446,442,438,431
071,17,019,99990,68289,00000,1,F,Balance of Scott township,Illinois,815,676,677,680,682,684,685,683,677,672,667,657
061,17,019,00000,69888,00000,0,A,Sidney township,Illinois,1733,1727,1730,1737,1739,1745,1746,1733,1717,1703,1686,1659
071,17,019,69875,69888,00000,1,A,Sidney village,Illinois,1233,1245,1247,1252,1253,1255,1257,1246,1233,1223,1211,1191
071,17,019,99990,69888,00000,1,F,Balance of Sidney township,Illinois,500,482,483,485,486,490,489,487,484,480,475,468
061,17,019,00000,70382,00000,1,A,Somer township,Illinois,1268,1055,1057,1063,1066,1072,1074,1070,1061,1057,1046,1033
061,17,019,00000,70863,00000,0,A,South Homer township,Illinois,1601,1620,1623,1629,1634,1639,1640,1626,1611,1599,1586,1560
071,17,019,35814,70863,00000,1,A,Homer village,Illinois,1193,1207,1209,1214,1217,1221,1221,1210,1196,1188,1179,1159
071,17,019,99990,70863,00000,1,F,Balance of South Homer township,Illinois,408,413,414,415,417,418,419,416,415,411,407,401
061,17,019,00000,72273,00000,1,A,Stanton township,Illinois,505,505,506,508,509,511,512,508,504,503,498,490
061,17,019,00000,75627,00000,0,A,Tolono township,Illinois,5270,5270,5291,5335,5366,5408,5456,5473,5471,5477,5466,5405
071,17,019,66534,75627,00000,1,A,Sadorus village (pt.),Illinois,2,0,0,0,0,0,0,0,0,0,0,0
071,17,019,67860,75627,00000,1,A,Savoy village (pt.),Illinois,1304,1352,1362,1382,1400,1426,1459,1504,1530,1547,1564,1562
071,17,019,75614,75627,00000,1,A,Tolono village,Illinois,3447,3460,3470,3490,3502,3516,3530,3504,3479,3470,3446,3392
071,17,019,99990,75627,00000,1,F,Balance of Tolono township,Illinois,517,458,459,463,464,466,467,465,462,460,456,451
061,17,019,00000,77018,00000,1,A,Urbana township,Illinois,7451,7248,7263,7313,7341,7377,7396,7371,7332,7295,7244,7151
050,17,021,00000,00000,00000,0,A,Christian County,Illinois,34800,34795,34763,34702,34518,34148,33813,33463,33230,33007,32653,32304
157,17,021,02609,00000,00000,0,A,Assumption city,Illinois,1168,1174,1173,1168,1157,1143,1132,1118,1107,1096,1082,1066
157,17,021,09538,00000,00000,0,A,Bulpitt village,Illinois,222,222,222,221,220,215,213,210,209,207,203,201
157,17,021,22645,00000,00000,0,A,Edinburg village,Illinois,1078,1078,1077,1074,1069,1059,1049,1039,1034,1029,1019,1012
157,17,021,33357,00000,00000,0,A,Harvel village (pt.),Illinois,62,61,61,61,60,60,59,58,58,59,59,58
157,17,021,38349,00000,00000,0,A,Jeisyville village,Illinois,107,107,107,107,106,105,103,104,104,103,102,101
157,17,021,39909,00000,00000,0,A,Kincaid village,Illinois,1505,1506,1504,1498,1487,1468,1449,1431,1417,1407,1389,1372
157,17,021,50543,00000,00000,0,A,Morrisonville village,Illinois,1056,1061,1060,1062,1057,1047,1035,1028,1023,1018,1009,998
157,17,021,50829,00000,00000,0,A,Mount Auburn village,Illinois,480,482,483,482,482,478,473,467,466,461,456,450
157,17,021,51232,00000,00000,0,A,Moweaqua village (pt.),Illinois,11,13,13,13,13,13,13,12,12,12,12,12
157,17,021,57043,00000,00000,0,A,Owaneco village,Illinois,239,239,239,238,237,234,233,231,229,228,225,223
157,17,021,57303,00000,00000,0,A,Palmer village,Illinois,229,227,227,226,222,220,217,215,213,210,207,205
157,17,021,57472,00000,00000,0,A,Pana city (pt.),Illinois,5651,5649,5643,5627,5587,5520,5457,5397,5356,5313,5250,5190
157,17,021,72949,00000,00000,0,A,Stonington village,Illinois,932,933,932,927,919,906,894,884,875,867,857,846
157,17,021,74574,00000,00000,0,A,Taylorville city,Illinois,11246,11275,11261,11233,11161,11038,10934,10797,10704,10618,10486,10360
157,17,021,75809,00000,00000,0,A,Tovey village,Illinois,512,512,511,508,505,503,497,490,486,485,480,476
157,17,021,99990,00000,00000,0,F,Balance of Christian County,Illinois,10302,10256,10250,10257,10236,10139,10055,9982,9937,9894,9817,9734
061,17,021,00000,02622,00000,0,A,Assumption township,Illinois,1418,1418,1417,1411,1401,1385,1371,1355,1343,1333,1314,1298
071,17,021,02609,02622,00000,1,A,Assumption city,Illinois,1168,1174,1173,1168,1157,1143,1132,1118,1107,1096,1082,1066
071,17,021,99990,02622,00000,1,F,Balance of Assumption township,Illinois,250,244,244,243,244,242,239,237,236,237,232,232
061,17,021,00000,04325,00000,0,A,Bear Creek township,Illinois,499,497,497,495,491,486,480,475,472,469,463,458
071,17,021,57303,04325,00000,1,A,Palmer village,Illinois,229,227,227,226,222,220,217,215,213,210,207,205
071,17,021,99990,04325,00000,1,F,Balance of Bear Creek township,Illinois,270,270,270,269,269,266,263,260,259,259,256,253
061,17,021,00000,09239,00000,0,A,Buckhart township,Illinois,1792,1792,1790,1790,1783,1764,1749,1733,1725,1718,1702,1688
071,17,021,22645,09239,00000,1,A,Edinburg village,Illinois,1078,1078,1077,1074,1069,1059,1049,1039,1034,1029,1019,1012
071,17,021,99990,09239,00000,1,F,Balance of Buckhart township,Illinois,714,714,713,716,714,705,700,694,691,689,683,676
061,17,021,00000,31641,00000,1,A,Greenwood township,Illinois,208,207,207,206,207,205,202,200,199,197,197,195
061,17,021,00000,38492,00000,0,A,Johnson township,Illinois,673,677,676,677,676,669,663,659,655,651,647,640
071,17,021,74574,38492,00000,1,A,Taylorville city (pt.),Illinois,34,33,33,33,33,32,33,33,31,32,32,32
071,17,021,99990,38492,00000,1,F,Balance of Johnson township,Illinois,639,644,643,644,643,637,630,626,624,619,615,608
061,17,021,00000,39948,00000,0,A,King township,Illinois,244,243,243,242,243,241,237,235,233,233,231,228
071,17,021,33357,39948,00000,1,A,Harvel village (pt.),Illinois,62,61,61,61,60,60,59,58,58,59,59,58
071,17,021,50543,39948,00000,1,A,Morrisonville village (pt.),Illinois,0,0,0,0,0,0,0,0,0,0,0,0
071,17,021,99990,39948,00000,1,F,Balance of King township,Illinois,182,182,182,181,183,181,178,177,175,174,172,170
061,17,021,00000,44251,00000,0,A,Locust township,Illinois,1825,1825,1825,1822,1822,1807,1802,1795,1786,1783,1775,1768
071,17,021,57043,44251,00000,1,A,Owaneco village,Illinois,239,239,239,238,237,234,233,231,229,228,225,223
071,17,021,74574,44251,00000,1,A,Taylorville city (pt.),Illinois,98,98,98,98,97,96,95,94,93,93,91,90
071,17,021,99990,44251,00000,1,F,Balance of Locust township,Illinois,1488,1488,1488,1486,1488,1477,1474,1470,1464,1462,1459,1455
061,17,021,00000,47631,00000,0,A,May township,Illinois,1581,1581,1582,1583,1575,1568,1552,1534,1527,1518,1503,1489
071,17,021,74574,47631,00000,1,A,Taylorville city (pt.),Illinois,170,170,170,172,168,173,171,163,162,160,156,155
071,17,021,99990,47631,00000,1,F,Balance of May township,Illinois,1411,1411,1412,1411,1407,1395,1381,1371,1365,1358,1347,1334
061,17,021,00000,50686,00000,1,A,Mosquito township,Illinois,390,388,387,389,387,382,380,376,375,373,369,367
061,17,021,00000,50842,00000,0,A,Mount Auburn township,Illinois,1028,1030,1030,1030,1029,1019,1010,1000,995,989,978,968
071,17,021,50829,50842,00000,1,A,Mount Auburn village,Illinois,480,482,483,482,482,478,473,467,466,461,456,450
071,17,021,99990,50842,00000,1,F,Balance of Mount Auburn township,Illinois,548,548,547,548,547,541,537,533,529,528,522,518
061,17,021,00000,57485,00000,0,A,Pana township,Illinois,6647,6639,6632,6618,6574,6498,6426,6358,6314,6267,6195,6127
071,17,021,57472,57485,00000,1,A,Pana city (pt.),Illinois,5651,5649,5643,5627,5587,5520,5457,5397,5356,5313,5250,5190
071,17,021,99990,57485,00000,1,F,Balance of Pana township,Illinois,996,990,989,991,987,978,969,961,958,954,945,937
061,17,021,00000,61730,00000,0,A,Prairieton township,Illinois,449,449,448,450,447,445,440,436,433,431,428,423
071,17,021,51232,61730,00000,1,A,Moweaqua village (pt.),Illinois,11,13,13,13,13,13,13,12,12,12,12,12
071,17,021,99990,61730,00000,1,F,Balance of Prairieton township,Illinois,438,436,435,437,434,432,427,424,421,419,416,411
061,17,021,00000,63797,00000,0,A,Ricks township,Illinois,1223,1229,1228,1229,1223,1211,1200,1191,1185,1179,1168,1157
071,17,021,50543,63797,00000,1,A,Morrisonville village (pt.),Illinois,1056,1061,1060,1062,1057,1047,1035,1028,1023,1018,1009,998
071,17,021,99990,63797,00000,1,F,Balance of Ricks township,Illinois,167,168,168,167,166,164,165,163,162,161,159,159
061,17,021,00000,65598,00000,1,A,Rosamond township,Illinois,421,421,420,422,419,414,410,408,405,402,400,395
061,17,021,00000,70798,00000,0,A,South Fork township,Illinois,2788,2791,2787,2779,2760,2730,2696,2664,2645,2628,2597,2568
071,17,021,09538,70798,00000,1,A,Bulpitt village,Illinois,222,222,222,221,220,215,213,210,209,207,203,201
071,17,021,38349,70798,00000,1,A,Jeisyville village,Illinois,107,107,107,107,106,105,103,104,104,103,102,101
071,17,021,39909,70798,00000,1,A,Kincaid village,Illinois,1505,1506,1504,1498,1487,1468,1449,1431,1417,1407,1389,1372
071,17,021,75809,70798,00000,1,A,Tovey village,Illinois,512,512,511,508,505,503,497,490,486,485,480,476
071,17,021,99990,70798,00000,1,F,Balance of South Fork township,Illinois,442,444,443,445,442,439,434,429,429,426,423,418
061,17,021,00000,72962,00000,0,A,Stonington township,Illinois,1131,1132,1131,1125,1119,1103,1089,1077,1066,1057,1045,1032
071,17,021,72949,72962,00000,1,A,Stonington village,Illinois,932,933,932,927,919,906,894,884,875,867,857,846
071,17,021,99990,72962,00000,1,F,Balance of Stonington township,Illinois,199,199,199,198,200,197,195,193,191,190,188,186
061,17,021,00000,74587,00000,0,A,Taylorville township,Illinois,12483,12476,12463,12434,12362,12221,12106,11967,11872,11779,11641,11503
071,17,021,74574,74587,00000,1,A,Taylorville city (pt.),Illinois,10944,10974,10960,10930,10863,10737,10635,10507,10418,10333,10207,10083
071,17,021,99990,74587,00000,1,F,Balance of Taylorville township,Illinois,1539,1502,1503,1504,1499,1484,1471,1460,1454,1446,1434,1420
050,17,023,00000,00000,00000,0,A,Clark County,Illinois,16335,16335,16291,16202,16259,16095,16047,15868,15857,15812,15600,15441
157,17,023,11618,00000,00000,0,A,Casey city (pt.),Illinois,2759,2771,2765,2747,2756,2730,2718,2687,2681,2669,2629,2605
157,17,023,47163,00000,00000,0,A,Marshall city,Illinois,3933,3950,3941,3920,3932,3898,3898,3858,3867,3877,3850,3811
157,17,023,47254,00000,00000,0,A,Martinsville city,Illinois,1167,1166,1163,1156,1159,1146,1141,1127,1125,1119,1101,1088
157,17,023,80281,00000,00000,0,A,Westfield village,Illinois,601,601,599,596,595,587,585,578,575,572,564,558
157,17,023,99990,00000,00000,0,F,Balance of Clark County,Illinois,7875,7847,7823,7783,7817,7734,7705,7618,7609,7575,7456,7379
061,17,023,00000,01465,00000,1,A,Anderson township,Illinois,417,411,410,407,411,407,405,400,400,400,394,390
061,17,023,00000,02908,00000,1,A,Auburn township,Illinois,242,240,239,238,239,236,235,232,232,231,228,223
061,17,023,00000,11631,00000,0,A,Casey township,Illinois,3958,3958,3948,3926,3939,3901,3884,3841,3833,3816,3759,3723
071,17,023,11618,11631,00000,1,A,Casey city (pt.),Illinois,2759,2771,2765,2747,2756,2730,2718,2687,2681,2669,2629,2605
071,17,023,47254,11631,00000,1,A,Martinsville city (pt.),Illinois,0,0,0,0,0,0,0,0,0,0,0,0
071,17,023,99990,11631,00000,1,F,Balance of Casey township,Illinois,1199,1187,1183,1179,1183,1171,1166,1154,1152,1147,1130,1118
061,17,023,00000,18680,00000,1,A,Darwin township,Illinois,342,342,341,339,342,339,337,333,333,331,328,325
061,17,023,00000,20279,00000,1,A,Dolson township,Illinois,353,355,354,352,353,349,348,344,343,342,336,333
061,17,023,00000,20461,00000,0,A,Douglas township,Illinois,168,168,168,166,167,165,165,163,162,162,159,158
071,17,023,47163,20461,00000,1,A,Marshall city (pt.),Illinois,0,0,0,0,0,0,0,0,0,0,0,0
071,17,023,99990,20461,00000,1,F,Balance of Douglas township,Illinois,168,168,168,166,167,165,165,163,162,162,159,158
061,17,023,00000,38505,00000,1,A,Johnson township,Illinois,383,383,382,380,381,377,376,373,373,369,363,359
061,17,023,00000,47176,00000,0,A,Marshall township,Illinois,4574,4580,4569,4546,4561,4518,4514,4467,4475,4480,4439,4396
071,17,023,47163,47176,00000,1,A,Marshall city (pt.),Illinois,3563,3568,3560,3541,3552,3522,3522,3485,3494,3503,3478,3444
071,17,023,99990,47176,00000,1,F,Balance of Marshall township,Illinois,1011,1012,1009,1005,1009,996,992,982,981,977,961,952
061,17,023,00000,47267,00000,0,A,Martinsville township,Illinois,1602,1602,1598,1588,1592,1575,1569,1549,1547,1539,1514,1497
071,17,023,47254,47267,00000,1,A,Martinsville city (pt.),Illinois,1167,1166,1163,1156,1159,1146,1141,1127,1125,1119,1101,1088
071,17,023,99990,47267,00000,1,F,Balance of Martinsville township,Illinois,435,436,435,432,433,429,428,422,422,420,413,409
061,17,023,00000,48229,00000,1,A,Melrose township,Illinois,352,352,351,349,350,347,345,341,340,339,334,330
061,17,023,00000,56302,00000,1,A,Orange township,Illinois,230,230,229,228,229,226,226,223,222,219,216,214
061,17,023,00000,57667,00000,1,A,Parker township,Illinois,186,186,185,184,185,183,182,180,180,179,176,174
061,17,023,00000,78279,00000,0,A,Wabash township,Illinois,2257,2257,2250,2239,2247,2224,2217,2193,2190,2184,2153,2130
071,17,023,47163,78279,00000,1,A,Marshall city (pt.),Illinois,370,382,381,379,380,376,376,373,373,374,372,367
071,17,023,99990,78279,00000,1,F,Balance of Wabash township,Illinois,1887,1875,1869,1860,1867,1848,1841,1820,1817,1810,1781,1763
061,17,023,00000,80294,00000,0,A,Westfield township,Illinois,720,720,718,714,713,704,702,693,690,687,675,668
071,17,023,80281,80294,00000,1,A,Westfield village,Illinois,601,601,599,596,595,587,585,578,575,572,564,558
071,17,023,99990,80294,00000,1,F,Balance of Westfield township,Illinois,119,119,119,118,118,117,117,115,115,115,111,110
061,17,023,00000,83934,00000,1,A,York township,Illinois,551,551,549,546,550,544,542,536,537,534,526,521
050,17,025,00000,00000,00000,0,A,Clay County,Illinois,13815,13815,13826,13725,13714,13554,13445,13401,13314,13270,13266,13184
157,17,025,14715,00000,00000,0,A,Clay City village,Illinois,959,964,965,957,957,945,935,931,922,917,917,911
157,17,025,26454,00000,00000,0,A,Flora city,Illinois,5070,5065,5068,5030,5024,4969,4929,4911,4883,4880,4881,4852
157,17,025,37621,00000,00000,0,A,Iola village,Illinois,141,141,141,140,140,138,137,136,137,134,134,136
157,17,025,44927,00000,00000,0,A,Louisville village,Illinois,1139,1148,1151,1142,1140,1127,1118,1115,1109,1104,1104,1095
157,17,025,66599,00000,00000,0,A,Sailor Springs village,Illinois,95,95,95,94,94,93,92,94,93,93,92,93
157,17,025,83739,00000,00000,0,A,Xenia village,Illinois,391,387,387,384,383,381,375,376,373,371,370,368
157,17,025,99990,00000,00000,0,F,Balance of Clay County,Illinois,6020,6015,6019,5978,5976,5901,5859,5838,5797,5771,5768,5729
061,17,025,00000,05807,00000,1,A,Bible Grove township,Illinois,344,344,344,341,341,337,334,332,330,328,325,323
061,17,025,00000,06392,00000,1,A,Blair township,Illinois,636,644,645,639,638,631,625,622,618,612,611,607
061,17,025,00000,14728,00000,0,A,Clay City township,Illinois,1287,1287,1288,1277,1279,1261,1250,1245,1233,1227,1226,1218
071,17,025,14715,14728,00000,1,A,Clay City village (pt.),Illinois,956,959,960,952,952,940,930,926,917,912,912,906
071,17,025,99990,14728,00000,1,F,Balance of Clay City township,Illinois,331,328,328,325,327,321,320,319,316,315,314,312
061,17,025,00000,33266,00000,0,A,Harter township,Illinois,6394,6394,6400,6353,6348,6276,6227,6207,6173,6165,6167,6130
071,17,025,26454,33266,00000,1,A,Flora city (pt.),Illinois,5024,5019,5022,4984,4979,4924,4884,4866,4839,4836,4837,4809
071,17,025,99990,33266,00000,1,F,Balance of Harter township,Illinois,1370,1375,1378,1369,1369,1352,1343,1341,1334,1329,1330,1321
061,17,025,00000,36087,00000,0,A,Hoosier township,Illinois,338,338,338,335,335,331,328,327,324,322,322,320
071,17,025,66599,36087,00000,1,A,Sailor Springs village (pt.),Illinois,5,5,5,5,5,5,5,5,5,5,5,5
071,17,025,99990,36087,00000,1,F,Balance of Hoosier township,Illinois,333,333,333,330,330,326,323,322,319,317,317,315
061,17,025,00000,42158,00000,0,A,Larkinsburg township,Illinois,644,636,636,633,632,627,621,620,618,614,615,614
071,17,025,37621,42158,00000,1,A,Iola village,Illinois,141,141,141,140,140,138,137,136,137,134,134,136
071,17,025,99990,42158,00000,1,F,Balance of Larkinsburg township,Illinois,503,495,495,493,492,489,484,484,481,480,481,478
061,17,025,00000,44940,00000,0,A,Louisville township,Illinois,1662,1662,1665,1652,1649,1630,1617,1611,1602,1594,1593,1581
071,17,025,44927,44940,00000,1,A,Louisville village,Illinois,1139,1148,1151,1142,1140,1127,1118,1115,1109,1104,1104,1095
071,17,025,99990,44940,00000,1,F,Balance of Louisville township,Illinois,523,514,514,510,509,503,499,496,493,490,489,486
061,17,025,00000,56835,00000,1,A,Oskaloosa township,Illinois,322,322,322,320,321,315,315,313,311,309,311,309
061,17,025,00000,60261,00000,0,A,Pixley township,Illinois,589,589,589,586,585,578,573,573,568,568,566,564
071,17,025,66599,60261,00000,1,A,Sailor Springs village (pt.),Illinois,90,90,90,89,89,88,87,89,88,88,87,88
071,17,025,99990,60261,00000,1,F,Balance of Pixley township,Illinois,499,499,499,497,496,490,486,484,480,480,479,476
061,17,025,00000,70486,00000,1,A,Songer township,Illinois,342,341,341,338,338,334,331,329,327,325,324,322
061,17,025,00000,72247,00000,0,A,Stanford township,Illinois,599,599,599,595,593,584,580,579,572,569,568,562
071,17,025,14715,72247,00000,1,A,Clay City village (pt.),Illinois,3,5,5,5,5,5,5,5,5,5,5,5
071,17,025,26454,72247,00000,1,A,Flora city (pt.),Illinois,46,46,46,46,45,45,45,45,44,44,44,43
071,17,025,99990,72247,00000,1,F,Balance of Stanford township,Illinois,550,548,548,544,543,534,530,529,523,520,519,514
061,17,025,00000,83752,00000,0,A,Xenia township,Illinois,658,659,659,656,655,650,644,643,638,637,638,634
071,17,025,83739,83752,00000,1,A,Xenia village,Illinois,391,387,387,384,383,381,375,376,373,371,370,368
071,17,025,99990,83752,00000,1,F,Balance of Xenia township,Illinois,267,272,272,272,272,269,269,267,265,266,268,266
050,17,027,00000,00000,00000,0,A,Clinton County,Illinois,37762,37762,37843,38031,37918,37731,37646,37665,37599,37645,37697,37562
157,17,027,00555,00000,00000,0,A,Albers village,Illinois,1190,1182,1182,1184,1174,1165,1163,1161,1154,1150,1143,1135
157,17,027,03181,00000,00000,0,A,Aviston village,Illinois,1945,1968,1987,2030,2048,2070,2075,2082,2094,2113,2129,2136
157,17,027,04000,00000,00000,0,A,Bartelso village,Illinois,595,602,602,607,607,604,605,608,606,609,610,610
157,17,027,04533,00000,00000,0,A,Beckemeyer village,Illinois,1040,1036,1039,1035,1027,1017,1010,1011,1004,1005,1013,1008
157,17,027,07913,00000,00000,0,A,Breese city,Illinois,4442,4442,4450,4494,4493,4472,4464,4476,4478,4487,4496,4483
157,17,027,11228,00000,00000,0,A,Carlyle city,Illinois,3281,3299,3300,3302,3282,3250,3235,3230,3212,3209,3203,3186
157,17,027,12164,00000,00000,0,A,Centralia city (pt.),Illinois,2625,2625,2626,2635,2598,2591,2558,2540,2523,2514,2509,2491
157,17,027,18472,00000,00000,0,A,Damiansville village,Illinois,491,486,489,488,485,480,480,481,482,486,490,489
157,17,027,29041,00000,00000,0,A,Germantown village,Illinois,1269,1285,1288,1294,1292,1289,1281,1278,1276,1282,1282,1274
157,17,027,35398,00000,00000,0,A,Hoffman village,Illinois,508,508,508,508,503,498,495,491,488,486,484,483
157,17,027,36477,00000,00000,0,A,Huey village,Illinois,169,169,169,169,167,166,165,164,165,165,164,163
157,17,027,39753,00000,00000,0,A,Keyesport village (pt.),Illinois,205,205,205,205,203,201,200,199,201,200,201,199
157,17,027,52142,00000,00000,0,A,New Baden village (pt.),Illinois,3112,3113,3124,3134,3118,3090,3080,3075,3055,3051,3038,3020
157,17,027,67158,00000,00000,0,A,St. Rose village,Illinois,A,403,403,405,404,403,405,406,405,407,408,407
157,17,027,75991,00000,00000,0,A,Trenton city,Illinois,2715,2715,2718,2727,2706,2677,2660,2652,2631,2621,2610,2590
157,17,027,78721,00000,00000,0,A,Wamac city (pt.),Illinois,548,548,548,550,545,542,538,538,535,535,535,533
157,17,027,99990,00000,00000,0,F,Balance of Clinton County,Illinois,13627,13176,13205,13264,13266,13216,13232,13273,13290,13325,13382,13355
061,17,027,00000,07926,00000,0,A,Breese township,Illinois,5417,5417,5428,5476,5472,5449,5440,5456,5457,5468,5481,5465
071,17,027,03181,07926,00000,1,A,Aviston village (pt.),Illinois,0,0,0,0,0,0,0,0,0,0,0,0
071,17,027,07913,07926,00000,1,A,Breese city,Illinois,4442,4442,4450,4494,4493,4472,4464,4476,4478,4487,4496,4483
071,17,027,99990,07926,00000,1,F,Balance of Breese township,Illinois,975,975,978,982,979,977,976,980,979,981,985,982
061,17,027,00000,08732,00000,0,A,Brookside township,Illinois,5503,5503,5507,5509,5479,5447,5420,5407,5387,5380,5377,5356
071,17,027,12164,08732,00000,1,A,Centralia city (pt.),Illinois,2625,2625,2626,2635,2598,2591,2558,2540,2523,2514,2509,2491
071,17,027,78721,08732,00000,1,A,Wamac city (pt.),Illinois,548,548,548,550,545,542,538,538,535,535,535,533
071,17,027,99990,08732,00000,1,F,Balance of Brookside township,Illinois,2330,2330,2333,2324,2336,2314,2324,2329,2329,2331,2333,2332
061,17,027,00000,11241,00000,0,A,Carlyle township,Illinois,3932,3939,3942,3948,3927,3894,3879,3878,3863,3862,3860,3842
071,17,027,11228,11241,00000,1,A,Carlyle city (pt.),Illinois,3270,3282,3283,3285,3265,3233,3218,3213,3196,3193,3187,3170
071,17,027,99990,11241,00000,1,F,Balance of Carlyle township,Illinois,662,657,659,663,662,661,661,665,667,669,673,672
061,17,027,00000,14884,00000,0,A,Clement township,Illinois,475,475,475,480,477,476,475,475,476,477,480,477
071,17,027,36477,14884,00000,1,A,Huey village,Illinois,169,169,169,169,167,166,165,164,165,165,164,163
071,17,027,99990,14884,00000,1,F,Balance of Clement township,Illinois,306,306,306,311,310,310,310,311,311,312,316,314
061,17,027,00000,21748,00000,1,A,East Fork township,Illinois,400,400,402,403,405,404,403,405,407,409,411,411
061,17,027,00000,29054,00000,0,A,Germantown township,Illinois,2070,2067,2073,2084,2081,2073,2068,2067,2065,2071,2076,2065
071,17,027,29041,29054,00000,1,A,Germantown village,Illinois,1269,1285,1288,1294,1292,1289,1281,1278,1276,1282,1282,1274
071,17,027,99990,29054,00000,1,F,Balance of Germantown township,Illinois,801,782,785,790,789,784,787,789,789,789,794,791
061,17,027,00000,37673,00000,0,A,Irishtown township,Illinois,1167,1167,1170,1178,1176,1172,1173,1176,1182,1186,1195,1192
071,17,027,39753,37673,00000,1,A,Keyesport village (pt.),Illinois,205,205,205,205,203,201,200,199,201,200,201,199
071,17,027,99990,37673,00000,1,F,Balance of Irishtown township,Illinois,962,962,965,973,973,971,973,977,981,986,994,993
061,17,027,00000,40871,00000,0,A,Lake township,Illinois,960,960,960,962,956,951,947,946,942,941,940,938
071,17,027,35398,40871,00000,1,A,Hoffman village,Illinois,508,508,508,508,503,498,495,491,488,486,484,483
071,17,027,99990,40871,00000,1,F,Balance of Lake township,Illinois,452,452,452,454,453,453,452,455,454,455,456,455
061,17,027,00000,44667,00000,0,A,Looking Glass township,Illinois,6354,6354,6371,6391,6359,6314,6302,6300,6276,6277,6266,6234
071,17,027,00555,44667,00000,1,A,Albers village,Illinois,1190,1182,1182,1184,1174,1165,1163,1161,1154,1150,1143,1135
071,17,027,18472,44667,00000,1,A,Damiansville village,Illinois,491,486,489,488,485,480,480,481,482,486,490,489
071,17,027,52142,44667,00000,1,A,New Baden village (pt.),Illinois,3112,3113,3124,3134,3118,3090,3080,3075,3055,3051,3038,3020
071,17,027,99990,44667,00000,1,F,Balance of Looking Glass township,Illinois,1561,1573,1576,1585,1582,1579,1579,1583,1585,1590,1595,1590
061,17,027,00000,48476,00000,1,A,Meridian township,Illinois,547,547,549,551,551,549,550,552,552,555,559,557
061,17,027,00000,67171,00000,0,A,St. Rose township,Illinois,1422,1422,1425,1432,1430,1427,1427,1432,1432,1436,1441,1437
071,17,027,67158,67171,00000,1,A,St. Rose village,Illinois,A,403,403,405,404,403,405,406,405,407,408,407
071,17,027,99990,67171,00000,1,F,Balance of St. Rose township,Illinois,A,1019,1022,1027,1026,1024,1022,1026,1027,1029,1033,1030
061,17,027,00000,67652,00000,0,A,Santa Fe township,Illinois,1136,1139,1141,1148,1149,1145,1145,1150,1151,1155,1158,1157
071,17,027,04000,67652,00000,1,A,Bartelso village,Illinois,595,602,602,607,607,604,605,608,606,609,610,610
071,17,027,99990,67652,00000,1,F,Balance of Santa Fe township,Illinois,541,537,539,541,542,541,540,542,545,546,548,547
061,17,027,00000,73365,00000,0,A,Sugar Creek township,Illinois,6184,6184,6209,6271,6268,6256,6248,6251,6245,6259,6272,6258
071,17,027,03181,73365,00000,1,A,Aviston village (pt.),Illinois,1945,1968,1987,2030,2048,2070,2075,2082,2094,2113,2129,2136
071,17,027,75991,73365,00000,1,A,Trenton city,Illinois,2715,2715,2718,2727,2706,2677,2660,2652,2631,2621,2610,2590
071,17,027,99990,73365,00000,1,F,Balance of Sugar Creek township,Illinois,1524,1501,1504,1514,1514,1509,1513,1517,1520,1525,1533,1532
061,17,027,00000,78344,00000,0,A,Wade township,Illinois,1717,1710,1713,1716,1707,1696,1689,1690,1685,1689,1699,1692
071,17,027,04533,78344,00000,1,A,Beckemeyer village,Illinois,1040,1036,1039,1035,1027,1017,1010,1011,1004,1005,1013,1008
071,17,027,11228,78344,00000,1,A,Carlyle city (pt.),Illinois,11,17,17,17,17,17,17,17,16,16,16,16
071,17,027,99990,78344,00000,1,F,Balance of Wade township,Illinois,666,657,657,664,663,662,662,662,665,668,670,668
061,17,027,00000,80996,00000,1,A,Wheatfield township,Illinois,478,478,478,482,481,478,480,480,479,480,482,481
050,17,029,00000,00000,00000,0,A,Coles County,Illinois,53873,53876,53866,53624,53318,53053,52523,52179,51783,51353,50829,50621
157,17,029,02557,00000,00000,0,A,Ashmore village,Illinois,785,785,785,779,779,779,772,771,768,762,752,749
157,17,029,12567,00000,00000,0,A,Charleston city,Illinois,21838,21844,21852,21837,21633,21370,21059,20792,20539,20382,20192,20117
157,17,029,36542,00000,00000,0,A,Humboldt village,Illinois,437,437,437,434,432,433,430,429,428,424,420,418
157,17,029,42938,00000,00000,0,A,Lerna village,Illinois,286,283,283,281,280,280,278,280,279,277,274,273
157,17,029,47553,00000,00000,0,A,Mattoon city,Illinois,18555,18563,18551,18412,18338,18325,18192,18132,18043,17885,17689,17615
157,17,029,54781,00000,00000,0,A,Oakland city,Illinois,880,876,876,870,875,890,883,879,876,866,857,854
157,17,029,99990,00000,00000,0,F,Balance of Coles County,Illinois,11092,11088,11082,11011,10981,10976,10909,10896,10850,10757,10645,10595
061,17,029,00000,02570,00000,0,A,Ashmore township,Illinois,1364,1364,1364,1354,1352,1350,1340,1337,1332,1320,1304,1297
071,17,029,02557,02570,00000,1,A,Ashmore village,Illinois,785,785,785,779,779,779,772,771,768,762,752,749
071,17,029,99990,02570,00000,1,F,Balance of Ashmore township,Illinois,579,579,579,575,573,571,568,566,564,558,552,548
061,17,029,00000,12580,00000,0,A,Charleston township,Illinois,23916,23913,23920,23891,23681,23418,23095,22826,22561,22387,22176,22090
071,17,029,12567,12580,00000,1,A,Charleston city (pt.),Illinois,21838,21844,21852,21837,21633,21370,21059,20792,20539,20382,20192,20117
071,17,029,99990,12580,00000,1,F,Balance of Charleston township,Illinois,2078,2069,2068,2054,2048,2048,2036,2034,2022,2005,1984,1973
061,17,029,00000,22138,00000,0,A,East Oakland township,Illinois,1388,1388,1388,1378,1382,1397,1387,1384,1377,1365,1351,1344
071,17,029,54781,22138,00000,1,A,Oakland city,Illinois,880,876,876,870,875,890,883,879,876,866,857,854
071,17,029,99990,22138,00000,1,F,Balance of East Oakland township,Illinois,508,512,512,508,507,507,504,505,501,499,494,490
061,17,029,00000,36555,00000,0,A,Humboldt township,Illinois,1341,1341,1340,1331,1327,1328,1319,1316,1312,1301,1288,1283
071,17,029,36542,36555,00000,1,A,Humboldt village,Illinois,437,437,437,434,432,433,430,429,428,424,420,418
071,17,029,99990,36555,00000,1,F,Balance of Humboldt township,Illinois,904,904,903,897,895,895,889,887,884,877,868,865
061,17,029,00000,36880,00000,0,A,Hutton township,Illinois,919,919,918,912,909,910,904,905,902,892,883,879
071,17,029,12567,36880,00000,1,A,Charleston city (pt.),Illinois,0,0,0,0,0,0,0,0,0,0,0,0
071,17,029,99990,36880,00000,1,F,Balance of Hutton township,Illinois,919,919,918,912,909,910,904,905,902,892,883,879
061,17,029,00000,40637,00000,0,A,Lafayette township,Illinois,4822,4822,4820,4788,4772,4772,4740,4730,4708,4669,4619,4600
071,17,029,12567,40637,00000,1,A,Charleston city (pt.),Illinois,0,0,0,0,0,0,0,0,0,0,0,0
071,17,029,47553,40637,00000,1,A,Mattoon city (pt.),Illinois,2974,2978,2977,2955,2945,2944,2923,2915,2901,2877,2846,2835
071,17,029,99990,40637,00000,1,F,Balance of Lafayette township,Illinois,1848,1844,1843,1833,1827,1828,1817,1815,1807,1792,1773,1765
061,17,029,00000,47566,00000,0,A,Mattoon township,Illinois,15817,15810,15799,15680,15618,15603,15490,15440,15364,15228,15061,14995
071,17,029,47553,47566,00000,1,A,Mattoon city (pt.),Illinois,15132,15136,15125,15011,14949,14936,14827,14778,14705,14574,14414,14352
071,17,029,99990,47566,00000,1,F,Balance of Mattoon township,Illinois,685,674,674,669,669,667,663,662,659,654,647,643
061,17,029,00000,50400,00000,1,A,Morgan township,Illinois,359,359,359,356,355,355,353,352,351,348,345,344
061,17,029,00000,54014,00000,1,A,North Okaw township,Illinois,983,990,989,983,980,977,971,969,966,956,946,942
061,17,029,00000,57615,00000,0,A,Paradise township,Illinois,1351,1351,1351,1341,1337,1338,1329,1326,1321,1311,1297,1291
071,17,029,47553,57615,00000,1,A,Mattoon city (pt.),Illinois,449,449,449,446,444,445,442,439,437,434,429,428
071,17,029,99990,57615,00000,1,F,Balance of Paradise township,Illinois,902,902,902,895,893,893,887,887,884,877,868,863
061,17,029,00000,60469,00000,0,A,Pleasant Grove township,Illinois,1327,1328,1327,1321,1317,1317,1309,1308,1304,1294,1280,1278
071,17,029,42938,60469,00000,1,A,Lerna village,Illinois,286,283,283,281,280,280,278,280,279,277,274,273
071,17,029,99990,60469,00000,1,F,Balance of Pleasant Grove township,Illinois,1041,1045,1044,1040,1037,1037,1031,1028,1025,1017,1006,1005
061,17,029,00000,68718,00000,0,A,Seven Hickory township,Illinois,286,291,291,289,288,288,286,286,285,282,279,278
071,17,029,12567,68718,00000,1,A,Charleston city (pt.),Illinois,0,0,0,0,0,0,0,0,0,0,0,0
071,17,029,99990,68718,00000,1,F,Balance of Seven Hickory township,Illinois,286,291,291,289,288,288,286,286,285,282,279,278
050,17,031,00000,00000,00000,0,A,Cook County,Illinois,5194675,5195026,5199016,5219780,5239351,5252875,5254675,5244088,5224272,5200821,5171960,5150233
157,17,031,01010,00000,00000,0,A,Alsip village,Illinois,19277,19271,19286,19355,19424,19459,19435,19341,19209,19040,18848,18709
157,17,031,02154,00000,00000,0,A,Arlington Heights village,Illinois,75101,75185,75252,75528,75918,76116,76145,75987,75795,75473,75116,74760
157,17,031,03844,00000,00000,0,A,Barrington village (pt.),Illinois,5631,5632,5638,5656,5675,5686,5697,5691,5668,5635,5625,5605
157,17,031,03883,00000,00000,0,A,Barrington Hills village (pt.),Illinois,2168,2169,2171,2181,2192,2203,2214,2208,2196,2182,2168,2158
157,17,031,04013,00000,00000,0,A,Bartlett village (pt.),Illinois,16797,16776,16794,16860,16927,16967,16959,16907,16809,16685,16563,16469
157,17,031,04572,00000,00000,0,A,Bedford Park village,Illinois,580,589,590,589,592,591,591,594,591,589,597,604
157,17,031,04975,00000,00000,0,A,Bellwood village,Illinois,19071,19055,19066,19119,19162,19179,19159,19299,19168,18990,18818,18672
157,17,031,05248,00000,00000,0,A,Bensenville village (pt.),Illinois,0,0,0,0,0,0,0,0,0,0,0,0
157,17,031,05404,00000,00000,0,A,Berkeley village,Illinois,5209,5207,5210,5225,5237,5244,5238,5211,5171,5122,5067,5048
157,17,031,05573,00000,00000,0,A,Berwyn city,Illinois,56657,56653,56671,56791,56886,56914,56777,56436,55986,55435,54821,54391
157,17,031,06704,00000,00000,0,A,Blue Island city,Illinois,23706,23701,23719,23807,23863,23884,23841,23707,23537,23317,23074,22899
157,17,031,08225,00000,00000,0,A,Bridgeview village,Illinois,16446,16439,16461,16530,16580,16615,16604,16537,16446,16316,16186,16096
157,17,031,08446,00000,00000,0,A,Broadview village,Illinois,7932,7919,7923,7946,7963,7968,7952,7905,7843,7768,7681,7618
157,17,031,08576,00000,00000,0,A,Brookfield village,Illinois,18978,18974,18982,19031,19068,19082,19050,18964,18829,18656,18462,18310
157,17,031,09447,00000,00000,0,A,Buffalo Grove village (pt.),Illinois,13644,13659,13671,13759,13809,13843,13832,13770,13697,13591,13470,13373
157,17,031,09642,00000,00000,0,A,Burbank city,Illinois,28925,28925,28946,29062,29167,29249,29246,29137,28972,28738,28486,28289
157,17,031,09798,00000,00000,0,A,Burnham village,Illinois,4206,4206,4213,4227,4238,4241,4236,4217,4190,4156,4115,4088
157,17,031,09980,00000,00000,0,A,Burr Ridge village (pt.),Illinois,3840,3851,3855,3879,3899,3915,3921,3928,3926,3920,3903,3911
157,17,031,10487,00000,00000,0,A,Calumet City city,Illinois,37042,37116,37150,37268,37365,37415,37358,37164,36903,36568,36190,35913
157,17,031,10513,00000,00000,0,A,Calumet Park village,Illinois,7835,7831,7851,7884,7910,7928,7915,7871,7816,7743,7664,7602
157,17,031,14000,00000,00000,0,A,Chicago city (pt.),Illinois,2695598,2695652,2697477,2708114,2719141,2725731,2727066,2724344,2716723,2711069,2701423,2693976
157,17,031,14026,00000,00000,0,A,Chicago Heights city,Illinois,30276,30367,30385,30468,30538,30582,30528,30364,30144,29866,29553,29322
157,17,031,14065,00000,00000,0,A,Chicago Ridge village,Illinois,14305,14304,14319,14392,14433,14458,14442,14371,14276,14158,14027,13928
157,17,031,14351,00000,00000,0,A,Cicero town,Illinois,83891,84241,84267,84438,84569,84601,84397,83884,83219,82399,81477,80796
157,17,031,16691,00000,00000,0,A,Country Club Hills city,Illinois,16541,16783,16795,16853,17099,17132,17112,17028,16916,16770,16599,16482
157,17,031,16873,00000,00000,0,A,Countryside city,Illinois,5895,5878,5923,5949,5970,5985,6028,6011,5990,5950,5944,5933
157,17,031,17497,00000,00000,0,A,Crestwood village,Illinois,10950,10948,10956,10993,11021,11041,11031,10982,10915,10829,10757,10706
157,17,031,17523,00000,00000,0,A,Crete village (pt.),Illinois,0,0,0,0,0,0,0,0,0,0,0,0
157,17,031,18992,00000,00000,0,A,Deerfield village (pt.),Illinois,172,172,172,173,173,174,175,180,179,178,176,177
157,17,031,19083,00000,00000,0,A,Deer Park village (pt.),Illinois,17,19,19,19,19,19,19,23,23,23,26,26
157,17,031,19642,00000,00000,0,A,Des Plaines city,Illinois,58364,58383,58454,58725,58978,59112,59104,58811,58430,58078,58854,58899
157,17,031,20149,00000,00000,0,A,Dixmoor village,Illinois,3644,3584,3591,3612,3629,3640,3640,3632,3620,3599,3579,3563
157,17,031,20292,00000,00000,0,A,Dolton village,Illinois,23153,23074,23090,23168,23224,23284,23249,23125,22963,22755,22519,22348
157,17,031,21696,00000,00000,0,A,East Dundee village (pt.),Illinois,0,0,0,0,0,0,0,0,0,0,0,0
157,17,031,21904,00000,00000,0,A,East Hazel Crest village,Illinois,1543,1545,1547,1551,1555,1557,1557,1549,1538,1524,1508,1497
157,17,031,23074,00000,00000,0,A,Elgin city (pt.),Illinois,24032,24080,24122,24327,24490,24661,24860,24998,25011,24919,24773,24696
157,17,031,23256,00000,00000,0,A,Elk Grove Village village (pt.),Illinois,33127,33383,33409,33525,33621,33681,33643,33480,33257,32966,32637,32400
157,17,031,23620,00000,00000,0,A,Elmhurst city (pt.),Illinois,0,5,5,5,5,5,5,5,5,5,5,5
157,17,031,23724,00000,00000,0,A,Elmwood Park village,Illinois,24883,24883,24894,24960,25011,25032,24982,24854,24709,24488,24222,24098
157,17,031,24582,00000,00000,0,A,Evanston city,Illinois,74486,74483,74585,75142,75723,75984,75994,75619,75243,74617,73990,73473
157,17,031,24634,00000,00000,0,A,Evergreen Park village,Illinois,19852,19848,19858,19920,19966,19988,19949,19842,19692,19503,19290,19147
157,17,031,26571,00000,00000,0,A,Flossmoor village,Illinois,9464,9440,9447,9476,9501,9518,9507,9459,9391,9312,9218,9155
157,17,031,26710,00000,00000,0,A,Ford Heights village,Illinois,2763,2772,2775,2781,2789,2793,2787,2773,2755,2728,2701,2682
157,17,031,26935,00000,00000,0,A,Forest Park village,Illinois,14167,14167,14175,14212,14242,14255,14230,14151,14051,13919,13780,13704
157,17,031,26987,00000,00000,0,A,Forest View village,Illinois,698,698,699,699,702,699,697,692,686,681,672,666
157,17,031,27624,00000,00000,0,A,Frankfort village (pt.),Illinois,0,0,0,0,0,0,0,0,0,0,0,0
157,17,031,27702,00000,00000,0,A,Franklin Park village,Illinois,18333,18311,18322,18370,18411,18427,18390,18286,18149,17976,17778,17627
157,17,031,29652,00000,00000,0,A,Glencoe village,Illinois,8723,8721,8730,8785,8834,8878,8942,8961,8939,8881,8854,8826
157,17,031,29938,00000,00000,0,A,Glenview village,Illinois,44692,44726,44772,44956,45137,45552,46867,47519,47670,47539,47151,47308
157,17,031,30029,00000,00000,0,A,Glenwood village,Illinois,8969,8985,8992,9018,9042,9054,9042,9000,8938,8862,8777,8715
157,17,031,30328,00000,00000,0,A,Golf village,Illinois,500,493,493,496,497,496,496,494,489,497,495,493
157,17,031,32746,00000,00000,0,A,Hanover Park village (pt.),Illinois,20636,20634,20648,20762,20851,20917,20924,20820,20680,20499,20295,20152
157,17,031,33383,00000,00000,0,A,Harvey city,Illinois,25282,25265,25279,25353,25410,25437,25398,25260,25081,24853,24597,24408
157,17,031,33435,00000,00000,0,A,Harwood Heights village,Illinois,8612,8611,8615,8642,8667,8685,8675,8629,8568,8489,8398,8333
157,17,031,33695,00000,00000,0,A,Hazel Crest village,Illinois,14100,14009,14021,14068,14103,14121,14103,14030,13935,13810,13668,13565
157,17,031,34514,00000,00000,0,A,Hickory Hills city,Illinois,14049,14049,14061,14110,14153,14193,14188,14126,14036,13922,13809,13710
157,17,031,35086,00000,00000,0,A,Hillside village,Illinois,8157,8214,8217,8240,8261,8271,8256,8212,8153,8079,7996,7933
157,17,031,35307,00000,00000,0,A,Hinsdale village (pt.),Illinois,2227,2233,2235,2253,2274,2289,2316,2338,2341,2333,2319,2321
157,17,031,35385,00000,00000,0,A,Hodgkins village,Illinois,1897,1897,1899,1912,1920,1925,1925,1921,1915,1903,1896,1971
157,17,031,35411,00000,00000,0,A,Hoffman Estates village (pt.),Illinois,51895,51891,51942,52147,52301,52396,52342,52098,51828,51463,51111,50932
157,17,031,35835,00000,00000,0,A,Homer Glen village (pt.),Illinois,A,0,0,0,0,0,0,0,0,0,0,0
157,17,031,35866,00000,00000,0,A,Hometown city,Illinois,4349,4349,4351,4364,4372,4378,4369,4341,4308,4265,4215,4177
157,17,031,35879,00000,00000,0,A,Homewood village,Illinois,19323,19307,19322,19376,19427,19453,19460,19356,19219,19050,18853,18703
157,17,031,37257,00000,00000,0,A,Indian Head Park village,Illinois,3809,3816,3820,3832,3843,3849,3847,3828,3808,3780,3745,3719
157,17,031,37608,00000,00000,0,A,Inverness village,Illinois,7399,7400,7408,7435,7496,7553,7597,7583,7556,7494,7426,7376
157,17,031,38830,00000,00000,0,A,Justice village,Illinois,12926,12925,12936,13006,13045,13069,13054,12999,12912,12812,12687,12608
157,17,031,39519,00000,00000,0,A,Kenilworth village,Illinois,2513,2508,2508,2513,2523,2557,2566,2559,2539,2515,2490,2475
157,17,031,40767,00000,00000,0,A,La Grange village,Illinois,15550,15554,15570,15643,15712,15774,15792,15750,15681,15551,15415,15322
157,17,031,40793,00000,00000,0,A,La Grange Park village,Illinois,13579,13580,13590,13631,13664,13682,13680,13617,13525,13407,13275,13178
157,17,031,42028,00000,00000,0,A,Lansing village,Illinois,28331,28353,28370,28457,28526,28563,28518,28369,28166,27908,27615,27402
157,17,031,42795,00000,00000,0,A,Lemont village (pt.),Illinois,15987,16036,16058,16202,16320,16484,16629,16749,16937,17025,17121,17276
157,17,031,43744,00000,00000,0,A,Lincolnwood village,Illinois,12590,12590,12598,12637,12679,12709,12698,12649,12564,12457,12330,12245
157,17,031,45421,00000,00000,0,A,Lynwood village,Illinois,9007,9026,9043,9279,9339,9379,9397,9376,9335,9273,9213,9194
157,17,031,45434,00000,00000,0,A,Lyons village,Illinois,10729,10733,10739,10770,10795,10805,10788,10732,10656,10563,10452,10372
157,17,031,45564,00000,00000,0,A,McCook village,Illinois,228,228,228,229,228,229,229,228,227,223,221,220
157,17,031,47007,00000,00000,0,A,Markham city,Illinois,12508,12533,12546,12616,12671,12716,12728,12690,12608,12512,12395,12314
157,17,031,47540,00000,00000,0,A,Matteson village (pt.),Illinois,19009,19026,19043,19138,19205,19245,19251,19278,19247,19402,19460,19448
157,17,031,47774,00000,00000,0,A,Maywood village,Illinois,24090,24100,24111,24165,24205,24230,24161,24013,23824,23591,23328,23158
157,17,031,48242,00000,00000,0,A,Melrose Park village,Illinois,25411,25414,25432,25517,25592,25636,25592,25455,25382,25149,24889,24703
157,17,031,48554,00000,00000,0,A,Merrionette Park village,Illinois,1900,1900,1902,1910,1916,1921,1919,1912,1902,1886,1871,1858
157,17,031,48892,00000,00000,0,A,Midlothian village,Illinois,14819,14817,14827,14874,14913,14936,14917,14844,14736,14604,14451,14346
157,17,031,50647,00000,00000,0,A,Morton Grove village,Illinois,23270,23222,23249,23351,23457,23507,23481,23416,23283,23083,22905,22796
157,17,031,51089,00000,00000,0,A,Mount Prospect village,Illinois,54167,55037,55082,55264,55417,55602,55770,55528,55156,54675,54116,53719
157,17,031,53000,00000,00000,0,A,Niles village,Illinois,29803,29825,29846,29943,30023,30068,30036,29891,29704,29447,29152,28938
157,17,031,53377,00000,00000,0,A,Norridge village,Illinois,14572,14574,14584,14630,14677,14700,14681,14616,14530,14413,14262,14152
157,17,031,53481,00000,00000,0,A,Northbrook village,Illinois,33170,33200,33237,33400,33541,33657,33711,33653,33517,33334,33110,32958
157,17,031,53663,00000,00000,0,A,Northfield village,Illinois,5420,5452,5458,5480,5508,5521,5523,5517,5498,5464,5409,5386
157,17,031,53871,00000,00000,0,A,Northlake city,Illinois,12323,12325,12332,12368,12396,12411,12386,12321,12428,12340,12214,12161
157,17,031,54144,00000,00000,0,A,North Riverside village,Illinois,6672,6672,6677,6693,6710,6718,6704,6669,6616,6554,6482,6429
157,17,031,54534,00000,00000,0,A,Oak Brook village (pt.),Illinois,7,7,7,7,7,7,7,7,7,7,7,7
157,17,031,54638,00000,00000,0,A,Oak Forest city,Illinois,27962,27966,27987,28091,28173,28223,28192,28057,27874,27634,27361,27173
157,17,031,54820,00000,00000,0,A,Oak Lawn village,Illinois,56690,56690,56732,56924,57078,57170,57106,56825,56456,55983,55430,55022
157,17,031,54885,00000,00000,0,A,Oak Park village,Illinois,51878,51878,51896,52013,52099,52254,52138,52405,52060,52149,52173,52381
157,17,031,55938,00000,00000,0,A,Olympia Fields village,Illinois,4988,4921,4927,4946,4968,4977,4974,4951,4915,4875,4825,4790
157,17,031,56627,00000,00000,0,A,Orland Hills village,Illinois,7149,7210,7215,7244,7267,7281,7278,7246,7200,7141,7073,7023
157,17,031,56640,00000,00000,0,A,Orland Park village (pt.),Illinois,56583,56423,56480,56784,57047,58283,58404,58344,58722,58390,57990,57670
157,17,031,57225,00000,00000,0,A,Palatine village,Illinois,68557,68551,68611,68886,69170,69378,69427,69302,68953,68506,67942,67482
157,17,031,57381,00000,00000,0,A,Palos Heights city,Illinois,12515,12515,12523,12569,12604,12623,12611,12554,12475,12375,12604,12520
157,17,031,57394,00000,00000,0,A,Palos Hills city,Illinois,17484,17480,17494,17562,17612,17648,17634,17563,17463,17323,17166,17060
157,17,031,57407,00000,00000,0,A,Palos Park village,Illinois,4847,4849,4856,4880,4903,4912,4910,4888,4859,4817,4770,4736
157,17,031,57732,00000,00000,0,A,Park Forest village (pt.),Illinois,18672,18636,18646,18727,18764,18795,18764,18649,18499,18322,18124,17976
157,17,031,57875,00000,00000,0,A,Park Ridge city,Illinois,37480,37479,37518,37643,37783,37908,37900,37779,37625,37418,37177,36950
157,17,031,59572,00000,00000,0,A,Phoenix village,Illinois,1964,1974,1976,1982,1988,1991,1986,1976,1963,1944,1924,1908
157,17,031,61314,00000,00000,0,A,Posen village,Illinois,5987,6047,6054,6074,6089,6099,6093,6061,6021,5970,5909,5865
157,17,031,62016,00000,00000,0,A,Prospect Heights city,Illinois,16256,16258,16270,16329,16378,16412,16432,16392,16288,16150,15992,15887
157,17,031,63706,00000,00000,0,A,Richton Park village,Illinois,13646,13670,13682,13729,13770,13796,13781,13718,13629,13515,13384,13292
157,17,031,64278,00000,00000,0,A,Riverdale village,Illinois,13549,13549,13560,13600,13629,13647,13625,13550,13451,13328,13183,13077
157,17,031,64304,00000,00000,0,A,River Forest village,Illinois,11172,11176,11182,11211,11252,11300,11239,11133,11018,10997,10892,10816
157,17,031,64343,00000,00000,0,A,River Grove village,Illinois,10227,10246,10252,10284,10306,10318,10302,10243,10169,10073,9962,9883
157,17,031,64421,00000,00000,0,A,Riverside village,Illinois,8875,8875,8879,8900,8915,8925,8906,8859,8803,8723,8630,8563
157,17,031,64616,00000,00000,0,A,Robbins village,Illinois,5337,5337,5346,5388,5429,5463,5489,5490,5483,5469,5443,5438
157,17,031,65338,00000,00000,0,A,Rolling Meadows city,Illinois,24099,24091,24109,24191,24263,24298,24285,24171,24063,23936,23708,23532
157,17,031,65806,00000,00000,0,A,Roselle village (pt.),Illinois,3723,3726,3730,3744,3759,3769,3770,3758,3740,3717,3680,3658
157,17,031,65819,00000,00000,0,A,Rosemont village,Illinois,4202,4206,4210,4223,4234,4239,4231,4211,4181,4140,4100,4066
157,17,031,67769,00000,00000,0,A,Sauk Village village (pt.),Illinois,10506,10553,10561,10599,10630,10645,10634,10584,10514,10425,10323,10246
157,17,031,68003,00000,00000,0,A,Schaumburg village (pt.),Illinois,74227,74233,74294,74551,74775,74911,74903,74651,74592,74039,73388,72887
157,17,031,68081,00000,00000,0,A,Schiller Park village,Illinois,11793,11793,11800,11838,11867,11883,11862,11804,11719,11614,11493,11403
157,17,031,70122,00000,00000,0,A,Skokie village,Illinois,64784,64845,64889,65087,65247,65328,65223,64888,64437,63847,63171,62700
157,17,031,70564,00000,00000,0,A,South Barrington village,Illinois,4565,4570,4581,4626,4662,4708,4821,4885,4925,4966,4984,4996
157,17,031,70629,00000,00000,0,A,South Chicago Heights village,Illinois,4139,4143,4145,4158,4166,4173,4166,4143,4114,4077,4035,4003
157,17,031,70850,00000,00000,0,A,South Holland village,Illinois,22030,21999,22012,22079,22135,22164,22133,22019,21868,21674,21455,21296
157,17,031,72520,00000,00000,0,A,Steger village (pt.),Illinois,4103,4099,4101,4114,4125,4129,4124,4102,4074,4037,3994,3963
157,17,031,72676,00000,00000,0,A,Stickney village,Illinois,6786,6786,6791,6812,6829,6835,6824,6787,6741,6681,6609,6566
157,17,031,72923,00000,00000,0,A,Stone Park village,Illinois,4946,4946,4951,4969,4981,4991,4984,4961,4930,4890,4843,4826
157,17,031,73157,00000,00000,0,A,Streamwood village,Illinois,39858,39839,39907,40066,40227,40325,40325,40499,40237,39899,39503,39228
157,17,031,73638,00000,00000,0,A,Summit village,Illinois,11054,11054,11060,11434,11458,11478,11454,11391,11347,11258,11172,11116
157,17,031,75185,00000,00000,0,A,Thornton village,Illinois,2338,2388,2388,2397,2401,2404,2399,2488,2470,2447,2419,2401
157,17,031,75484,00000,00000,0,A,Tinley Park village (pt.),Illinois,49236,49330,49374,49570,49746,49868,49872,49715,49450,49095,48664,48385
157,17,031,76935,00000,00000,0,A,University Park village (pt.),Illinois,273,273,273,274,273,274,274,273,272,267,265,263
157,17,031,80047,00000,00000,0,A,Westchester village,Illinois,16718,16718,16729,16779,16817,16837,16807,16713,16587,16431,16250,16117
157,17,031,80242,00000,00000,0,A,Western Springs village,Illinois,12975,12948,12962,13039,13105,13180,13286,13362,13450,13449,13382,13359
157,17,031,81087,00000,00000,0,A,Wheeling village (pt.),Illinois,37642,37644,37698,37856,37975,38078,38076,38130,38461,38492,38824,38646
157,17,031,82049,00000,00000,0,A,Willow Springs village,Illinois,5524,5751,5757,5778,5796,5806,5803,5784,5751,5715,5663,5621
157,17,031,82075,00000,00000,0,A,Wilmette village,Illinois,27087,27060,27080,27214,27313,27402,27461,27419,27337,27360,27220,27089
157,17,031,82530,00000,00000,0,A,Winnetka village,Illinois,12187,12192,12210,12323,12399,12476,12535,12514,12486,12451,12367,12316
157,17,031,83245,00000,00000,0,A,Woodridge village (pt.),Illinois,0,0,0,0,0,0,0,0,0,0,0,0
157,17,031,83518,00000,00000,0,A,Worth village,Illinois,10789,10789,10798,10831,10861,10876,10859,10803,10728,10640,10543,10466
157,17,031,99990,00000,00000,0,F,Balance of Cook County,Illinois,104874,102905,103007,103421,103741,103964,103846,103357,102791,102022,101114,100444
061,17,031,00000,03831,00000,0,A,Barrington township,Illinois,15636,15639,15662,15745,15831,15913,16048,16083,16071,16037,15999,15962
071,17,031,03844,03831,00000,1,A,Barrington village (pt.),Illinois,4541,4542,4547,4560,4575,4583,4590,4585,4565,4538,4531,4514
071,17,031,03883,03831,00000,1,A,Barrington Hills village (pt.),Illinois,2168,2169,2171,2181,2192,2203,2214,2208,2196,2182,2168,2158
071,17,031,21696,03831,00000,1,A,East Dundee village (pt.),Illinois,0,0,0,0,0,0,0,0,0,0,0,0
071,17,031,35411,03831,00000,1,A,Hoffman Estates village (pt.),Illinois,2182,2184,2186,2196,2202,2205,2202,2194,2182,2166,2153,2146
071,17,031,37608,03831,00000,1,A,Inverness village (pt.),Illinois,1688,1682,1684,1691,1706,1721,1731,1728,1723,1711,1696,1686
071,17,031,70564,03831,00000,1,A,South Barrington village (pt.),Illinois,4444,4449,4460,4504,4540,4583,4693,4755,4796,4835,4852,4865
071,17,031,99990,03831,00000,1,F,Balance of Barrington township,Illinois,613,613,614,613,616,618,618,613,609,605,599,593
061,17,031,00000,05586,00000,0,B,Berwyn township,Illinois,56657,56653,56671,56791,56886,56914,56777,56436,55986,55435,54821,54391
071,17,031,05573,05586,00000,1,A,Berwyn city,Illinois,56657,56653,56671,56791,56886,56914,56777,56436,55986,55435,54821,54391
061,17,031,00000,06561,00000,0,A,Bloom township,Illinois,90922,90977,91049,91529,91795,91953,91860,91411,90799,90011,89123,88499
071,17,031,14026,06561,00000,1,A,Chicago Heights city,Illinois,30276,30367,30385,30468,30538,30582,30528,30364,30144,29866,29553,29322
071,17,031,17523,06561,00000,1,A,Crete village (pt.),Illinois,0,0,0,0,0,0,0,0,0,0,0,0
071,17,031,26571,06561,00000,1,A,Flossmoor village (pt.),Illinois,2205,2203,2205,2210,2216,2220,2215,2204,2186,2168,2144,2129
071,17,031,26710,06561,00000,1,A,Ford Heights village,Illinois,2763,2772,2775,2781,2789,2793,2787,2773,2755,2728,2701,2682
071,17,031,30029,06561,00000,1,A,Glenwood village (pt.),Illinois,8103,8119,8125,8149,8170,8181,8171,8132,8077,8009,7932,7876
071,17,031,35879,06561,00000,1,A,Homewood village (pt.),Illinois,8624,8609,8615,8640,8661,8672,8674,8627,8568,8490,8402,8336
071,17,031,42028,06561,00000,1,A,Lansing village (pt.),Illinois,5406,5444,5447,5466,5480,5488,5481,5455,5418,5370,5316,5277
071,17,031,45421,06561,00000,1,A,Lynwood village,Illinois,9007,9026,9043,9279,9339,9379,9397,9376,9335,9273,9213,9194
071,17,031,55938,06561,00000,1,A,Olympia Fields village (pt.),Illinois,517,481,482,484,486,487,487,485,480,477,472,470
071,17,031,57732,06561,00000,1,A,Park Forest village (pt.),Illinois,3336,3336,3338,3346,3353,3359,3351,3330,3306,3274,3237,3210
071,17,031,67769,06561,00000,1,A,Sauk Village village (pt.),Illinois,10506,10553,10561,10599,10630,10645,10634,10584,10514,10425,10323,10246
071,17,031,70629,06561,00000,1,A,South Chicago Heights village,Illinois,4139,4143,4145,4158,4166,4173,4166,4143,4114,4077,4035,4003
071,17,031,72520,06561,00000,1,A,Steger village (pt.),Illinois,4103,4099,4101,4114,4125,4129,4124,4102,4074,4037,3994,3963
071,17,031,99990,06561,00000,1,F,Balance of Bloom township,Illinois,1937,1825,1827,1835,1842,1845,1845,1836,1828,1817,1801,1791
061,17,031,00000,07939,00000,0,A,Bremen township,Illinois,110118,110069,110160,110586,111049,111286,111219,110738,110049,109152,108124,107415
071,17,031,06704,07939,00000,1,A,Blue Island city (pt.),Illinois,1447,1376,1377,1384,1389,1393,1390,1385,1377,1364,1352,1344
071,17,031,16691,07939,00000,1,A,Country Club Hills city (pt.),Illinois,9491,9685,9692,9724,9865,9885,9873,9824,9759,9674,9576,9507
071,17,031,17497,07939,00000,1,A,Crestwood village (pt.),Illinois,6477,6475,6479,6501,6519,6531,6525,6495,6455,6403,6359,6329
071,17,031,33383,07939,00000,1,A,Harvey city (pt.),Illinois,2031,2033,2035,2048,2056,2061,2065,2057,2049,2037,2026,2014
071,17,031,33695,07939,00000,1,A,Hazel Crest village (pt.),Illinois,9390,9299,9306,9337,9361,9374,9361,9313,9249,9167,9072,9003
071,17,031,35879,07939,00000,1,A,Homewood village (pt.),Illinois,2177,2175,2177,2184,2190,2194,2194,2183,2165,2147,2125,2107
071,17,031,47007,07939,00000,1,A,Markham city (pt.),Illinois,8656,8656,8665,8715,8752,8783,8792,8765,8711,8644,8563,8507
071,17,031,48892,07939,00000,1,A,Midlothian village,Illinois,14819,14817,14827,14874,14913,14936,14917,14844,14736,14604,14451,14346
071,17,031,54638,07939,00000,1,A,Oak Forest city,Illinois,27962,27966,27987,28091,28173,28223,28192,28057,27874,27634,27361,27173
071,17,031,56640,07939,00000,1,A,Orland Park village (pt.),Illinois,26,3,3,3,3,3,3,3,3,3,3,3
071,17,031,61314,07939,00000,1,A,Posen village (pt.),Illinois,5536,5531,5537,5555,5571,5580,5574,5547,5510,5463,5409,5368
071,17,031,64616,07939,00000,1,A,Robbins village (pt.),Illinois,4042,4042,4050,4080,4109,4137,4156,4156,4153,4143,4123,4120
071,17,031,75484,07939,00000,1,A,Tinley Park village (pt.),Illinois,16027,16053,16065,16124,16177,16209,16205,16147,16057,15935,15789,15693
071,17,031,99990,07939,00000,1,F,Balance of Bremen township,Illinois,2037,1958,1960,1966,1971,1977,1972,1962,1951,1934,1915,1901
061,17,031,00000,10474,00000,0,A,Calumet township,Illinois,20777,20770,20800,20880,20935,20966,20931,20815,20666,20475,20262,20103
071,17,031,06704,10474,00000,1,A,Blue Island city (pt.),Illinois,10522,10519,10527,10566,10590,10599,10581,10522,10446,10348,10240,10163
071,17,031,10513,10474,00000,1,A,Calumet Park village,Illinois,7835,7831,7851,7884,7910,7928,7915,7871,7816,7743,7664,7602
071,17,031,64278,10474,00000,1,A,Riverdale village (pt.),Illinois,2341,2341,2343,2351,2355,2359,2356,2342,2326,2306,2281,2262
071,17,031,99990,10474,00000,1,F,Balance of Calumet township,Illinois,79,79,79,79,80,80,79,80,78,78,77,76
061,17,031,00000,14000,00000,0,F,Chicago city,Illinois,2695598,2695652,2697477,2708114,2719141,2725731,2727066,2724344,2716723,2711069,2701423,2693976
071,17,031,14000,14000,00000,1,A,Chicago city (pt.),Illinois,2695598,2695652,2697477,2708114,2719141,2725731,2727066,2724344,2716723,2711069,2701423,2693976
061,17,031,00000,14364,00000,0,C,Cicero township,Illinois,83891,84241,84267,84438,84569,84601,84397,83884,83219,82399,81477,80796
071,17,031,14351,14364,00000,1,A,Cicero town,Illinois,83891,84241,84267,84438,84569,84601,84397,83884,83219,82399,81477,80796
061,17,031,00000,23243,00000,0,A,Elk Grove township,Illinois,92905,92777,92864,93218,93541,93787,93868,93489,92967,92303,91761,91251
071,17,031,02154,23243,00000,1,A,Arlington Heights village (pt.),Illinois,13291,13294,13306,13356,13425,13462,13469,13443,13411,13355,13296,13236
071,17,031,19642,23243,00000,1,A,Des Plaines city (pt.),Illinois,11888,11887,11902,11955,12007,12034,12031,11970,11889,11816,11976,11985
071,17,031,23256,23243,00000,1,A,Elk Grove Village village (pt.),Illinois,22104,22360,22377,22453,22517,22554,22527,22415,22263,22067,21843,21682
071,17,031,51089,23243,00000,1,A,Mount Prospect village (pt.),Illinois,32069,32939,32966,33076,33167,33278,33379,33235,33013,32726,32394,32157
071,17,031,65338,23243,00000,1,A,Rolling Meadows city (pt.),Illinois,7354,7228,7233,7260,7281,7294,7291,7259,7229,7194,7126,7077
071,17,031,68003,23243,00000,1,A,Schaumburg village (pt.),Illinois,0,0,0,0,0,0,0,0,0,0,0,0
071,17,031,99990,23243,00000,1,F,Balance of Elk Grove township,Illinois,6199,5069,5080,5118,5144,5165,5171,5167,5162,5145,5126,5114
061,17,031,00000,24582,00000,0,F,Evanston city,Illinois,A,74483,74585,75142,75723,75984,75994,75619,75243,74617,73990,73473
071,17,031,24582,24582,00000,1,A,Evanston city,Illinois,A,74483,74585,75142,75723,75984,75994,75619,75243,74617,73990,73473
061,17,031,00000,32694,00000,0,A,Hanover township,Illinois,99538,99545,99688,100216,100683,101047,101242,101405,100961,100261,99439,98887
071,17,031,04013,32694,00000,1,A,Bartlett village (pt.),Illinois,16797,16776,16794,16860,16927,16967,16959,16907,16809,16685,16563,16469
071,17,031,23074,32694,00000,1,A,Elgin city (pt.),Illinois,24032,24080,24122,24327,24490,24661,24860,24998,25011,24919,24773,24696
071,17,031,32746,32694,00000,1,A,Hanover Park village (pt.),Illinois,10744,10744,10751,10811,10858,10892,10896,10841,10769,10674,10569,10496
071,17,031,35411,32694,00000,1,A,Hoffman Estates village (pt.),Illinois,5061,5061,5066,5092,5109,5123,5124,5102,5080,5048,5018,5003
071,17,031,68003,32694,00000,1,A,Schaumburg village (pt.),Illinois,2425,2425,2428,2437,2446,2451,2453,2446,2447,2430,2409,2395
071,17,031,70564,32694,00000,1,A,South Barrington village (pt.),Illinois,0,0,0,0,0,0,0,0,0,0,0,0
071,17,031,73157,32694,00000,1,A,Streamwood village (pt.),Illinois,38389,38370,38436,38589,38744,38838,38838,39007,38753,38428,38048,37781
071,17,031,99990,32694,00000,1,F,Balance of Hanover township,Illinois,2090,2089,2091,2100,2109,2115,2112,2104,2092,2077,2059,2047
061,17,031,00000,42808,00000,0,A,Lemont township,Illinois,21113,21115,21142,21306,21443,21618,21757,21856,22016,22068,22120,22244
071,17,031,42795,42808,00000,1,A,Lemont village (pt.),Illinois,15987,16036,16058,16202,16320,16484,16629,16749,16937,17025,17121,17276
071,17,031,57407,42808,00000,1,A,Palos Park village (pt.),Illinois,200,210,210,211,211,211,211,211,210,210,207,207
071,17,031,82049,42808,00000,1,A,Willow Springs village (pt.),Illinois,0,0,0,0,0,0,0,0,0,0,0,0
071,17,031,83245,42808,00000,1,A,Woodridge village (pt.),Illinois,0,0,0,0,0,0,0,0,0,0,0,0
071,17,031,99990,42808,00000,1,F,Balance of Lemont township,Illinois,4926,4869,4874,4893,4912,4923,4917,4896,4869,4833,4792,4761
061,17,031,00000,43120,00000,0,A,Leyden township,Illinois,92890,92887,92942,93212,93430,93538,93367,92871,92406,91593,90623,90002
071,17,031,05248,43120,00000,1,A,Bensenville village (pt.),Illinois,0,0,0,0,0,0,0,0,0,0,0,0
071,17,031,23724,43120,00000,1,A,Elmwood Park village,Illinois,24883,24883,24894,24960,25011,25032,24982,24854,24709,24488,24222,24098
071,17,031,27702,43120,00000,1,A,Franklin Park village,Illinois,18333,18311,18322,18370,18411,18427,18390,18286,18149,17976,17778,17627
071,17,031,48242,43120,00000,1,A,Melrose Park village (pt.),Illinois,2553,2556,2559,2567,2575,2579,2574,2558,2550,2528,2501,2481
071,17,031,53377,43120,00000,1,A,Norridge village (pt.),Illinois,1873,1875,1877,1883,1891,1894,1892,1885,1875,1861,1841,1828
071,17,031,53871,43120,00000,1,A,Northlake city (pt.),Illinois,9355,9352,9356,9385,9404,9416,9397,9346,9425,9360,9263,9221
071,17,031,57875,43120,00000,1,A,Park Ridge city (pt.),Illinois,2015,2015,2017,2024,2032,2040,2040,2032,2026,2014,2001,1990
071,17,031,64343,43120,00000,1,A,River Grove village,Illinois,10227,10246,10252,10284,10306,10318,10302,10243,10169,10073,9962,9883
071,17,031,65819,43120,00000,1,A,Rosemont village (pt.),Illinois,2360,2360,2362,2369,2376,2378,2373,2362,2345,2323,2301,2283
071,17,031,68081,43120,00000,1,A,Schiller Park village,Illinois,11793,11793,11800,11838,11867,11883,11862,11804,11719,11614,11493,11403
071,17,031,99990,43120,00000,1,F,Balance of Leyden township,Illinois,9498,9496,9503,9532,9557,9571,9555,9501,9439,9356,9261,9188
061,17,031,00000,45447,00000,0,A,Lyons township,Illinois,111688,111688,111828,112652,113039,113338,113446,113165,112734,111983,111111,110627
071,17,031,04572,45447,00000,1,A,Bedford Park village (pt.),Illinois,572,574,575,574,577,576,576,579,576,574,582,587
071,17,031,08225,45447,00000,1,A,Bridgeview village (pt.),Illinois,9992,9985,9995,10029,10054,10070,10057,10008,9942,9858,9767,9704
071,17,031,08576,45447,00000,1,A,Brookfield village (pt.),Illinois,8231,8231,8235,8259,8275,8283,8271,8236,8178,8105,8022,7959
071,17,031,09980,45447,00000,1,A,Burr Ridge village (pt.),Illinois,3840,3851,3855,3879,3899,3915,3921,3928,3926,3920,3903,3911
071,17,031,16873,45447,00000,1,A,Countryside city,Illinois,5895,5878,5923,5949,5970,5985,6028,6011,5990,5950,5944,5933
071,17,031,34514,45447,00000,1,A,Hickory Hills city (pt.),Illinois,1933,1933,1935,1941,1949,1954,1954,1945,1934,1917,1903,1889
071,17,031,35307,45447,00000,1,A,Hinsdale village (pt.),Illinois,2227,2233,2235,2253,2274,2289,2316,2338,2341,2333,2319,2321
071,17,031,35385,45447,00000,1,A,Hodgkins village,Illinois,1897,1897,1899,1912,1920,1925,1925,1921,1915,1903,1896,1971
071,17,031,37257,45447,00000,1,A,Indian Head Park village,Illinois,3809,3816,3820,3832,3843,3849,3847,3828,3808,3780,3745,3719
071,17,031,38830,45447,00000,1,A,Justice village,Illinois,12926,12925,12936,13006,13045,13069,13054,12999,12912,12812,12687,12608
071,17,031,40767,45447,00000,1,A,La Grange village,Illinois,15550,15554,15570,15643,15712,15774,15792,15750,15681,15551,15415,15322
071,17,031,45434,45447,00000,1,A,Lyons village (pt.),Illinois,10544,10548,10554,10584,10608,10620,10603,10547,10472,10381,10271,10192
071,17,031,45564,45447,00000,1,A,McCook village,Illinois,228,228,228,229,228,229,229,228,227,223,221,220
071,17,031,64421,45447,00000,1,A,Riverside village (pt.),Illinois,115,118,118,119,119,119,119,119,118,117,114,113
071,17,031,73638,45447,00000,1,A,Summit village,Illinois,11054,11054,11060,11434,11458,11478,11454,11391,11347,11258,11172,11116
071,17,031,80242,45447,00000,1,A,Western Springs village (pt.),Illinois,12433,12400,12413,12488,12552,12622,12725,12798,12883,12881,12818,12796
071,17,031,82049,45447,00000,1,A,Willow Springs village (pt.),Illinois,5354,5491,5497,5517,5534,5545,5542,5524,5492,5458,5408,5369
071,17,031,99990,45447,00000,1,F,Balance of Lyons township,Illinois,5088,4972,4980,5004,5022,5036,5033,5015,4992,4962,4924,4897
061,17,031,00000,46162,00000,0,A,Maine township,Illinois,135772,135771,135905,136433,136929,137271,137316,136788,136035,135116,134956,134437
071,17,031,19642,46162,00000,1,A,Des Plaines city (pt.),Illinois,45202,45222,45277,45489,45682,45786,45781,45557,45263,44989,45590,45624
071,17,031,29938,46162,00000,1,A,Glenview village (pt.),Illinois,4205,4200,4204,4220,4237,4275,4398,4459,4471,4456,4417,4429
071,17,031,50647,46162,00000,1,A,Morton Grove village (pt.),Illinois,5904,5895,5901,5927,5954,5968,5960,5943,5908,5856,5810,5781
071,17,031,51089,46162,00000,1,A,Mount Prospect village (pt.),Illinois,0,0,0,0,0,0,0,0,0,0,0,0
071,17,031,53000,46162,00000,1,A,Niles village (pt.),Illinois,20676,20685,20699,20768,20822,20853,20830,20726,20592,20411,20201,20050
071,17,031,57875,46162,00000,1,A,Park Ridge city (pt.),Illinois,31468,31467,31500,31605,31724,31827,31822,31724,31592,31422,31221,31031
071,17,031,65819,46162,00000,1,A,Rosemont village (pt.),Illinois,1842,1846,1848,1854,1858,1861,1858,1849,1836,1817,1799,1783
071,17,031,99990,46162,00000,1,F,Balance of Maine township,Illinois,26475,26456,26476,26570,26652,26701,26667,26530,26373,26165,25918,25739
061,17,031,00000,52909,00000,0,A,New Trier township,Illinois,55424,55381,55433,55759,56015,56287,56564,56553,56400,56280,55957,55734
071,17,031,29652,52909,00000,1,A,Glencoe village (pt.),Illinois,8723,8721,8730,8785,8834,8878,8942,8961,8939,8881,8854,8826
071,17,031,29938,52909,00000,1,A,Glenview village (pt.),Illinois,2902,2889,2892,2902,2914,2939,3023,3066,3074,3062,3035,3045
071,17,031,39519,52909,00000,1,A,Kenilworth village,Illinois,2513,2508,2508,2513,2523,2557,2566,2559,2539,2515,2490,2475
071,17,031,53481,52909,00000,1,A,Northbrook village (pt.),Illinois,0,0,0,0,0,0,0,0,0,0,0,0
071,17,031,53663,52909,00000,1,A,Northfield village (pt.),Illinois,1745,1745,1747,1755,1763,1768,1770,1768,1762,1753,1735,1729
071,17,031,82075,52909,00000,1,A,Wilmette village (pt.),Illinois,26968,26941,26961,27094,27193,27282,27341,27299,27218,27239,27100,26970
071,17,031,82530,52909,00000,1,A,Winnetka village,Illinois,12187,12192,12210,12323,12399,12476,12535,12514,12486,12451,12367,12316
071,17,031,99990,52909,00000,1,F,Balance of New Trier township,Illinois,386,385,385,387,389,387,387,386,382,379,376,373
061,17,031,00000,53013,00000,0,A,Niles township,Illinois,105882,105900,105982,106332,106644,106819,106719,106265,105578,104661,103622,102925
071,17,031,29938,53013,00000,1,A,Glenview village (pt.),Illinois,1515,1505,1507,1513,1517,1532,1575,1596,1601,1597,1580,1584
071,17,031,30328,53013,00000,1,A,Golf village,Illinois,500,493,493,496,497,496,496,494,489,497,495,493
071,17,031,43744,53013,00000,1,A,Lincolnwood village,Illinois,12590,12590,12598,12637,12679,12709,12698,12649,12564,12457,12330,12245
071,17,031,50647,53013,00000,1,A,Morton Grove village (pt.),Illinois,17366,17327,17348,17424,17503,17539,17521,17473,17375,17227,17095,17015
071,17,031,53000,53013,00000,1,A,Niles village (pt.),Illinois,9127,9140,9147,9175,9201,9215,9206,9165,9112,9036,8951,8888
071,17,031,70122,53013,00000,1,A,Skokie village,Illinois,64784,64845,64889,65087,65247,65328,65223,64888,64437,63847,63171,62700
071,17,031,99990,53013,00000,1,F,Balance of Niles township,Illinois,0,0,0,0,0,0,0,0,0,0,0,0
061,17,031,00000,53676,00000,0,A,Northfield township,Illinois,85102,85085,85173,85545,85889,86372,87474,87880,87784,87380,86698,86578
071,17,031,18992,53676,00000,1,A,Deerfield village (pt.),Illinois,172,172,172,173,173,174,175,180,179,178,176,177
071,17,031,29652,53676,00000,1,A,Glencoe village (pt.),Illinois,0,0,0,0,0,0,0,0,0,0,0,0
071,17,031,29938,53676,00000,1,A,Glenview village (pt.),Illinois,36070,36132,36169,36321,36469,36806,37871,38398,38524,38424,38119,38250
071,17,031,53481,53676,00000,1,A,Northbrook village (pt.),Illinois,32692,32723,32759,32920,33059,33172,33226,33168,33035,32854,32632,32483
071,17,031,53663,53676,00000,1,A,Northfield village (pt.),Illinois,3675,3707,3711,3725,3745,3753,3753,3749,3736,3711,3674,3657
071,17,031,62016,53676,00000,1,A,Prospect Heights city (pt.),Illinois,48,4,4,4,4,4,4,4,4,4,4,4
071,17,031,82075,53676,00000,1,A,Wilmette village (pt.),Illinois,119,119,119,120,120,120,120,120,119,121,120,119
071,17,031,99990,53676,00000,1,F,Balance of Northfield township,Illinois,12326,12228,12239,12282,12319,12343,12325,12261,12187,12088,11973,11888
061,17,031,00000,54430,00000,0,A,Norwood Park township,Illinois,26385,26372,26389,26471,26552,26607,26575,26449,26288,26073,25815,25618
071,17,031,33435,54430,00000,1,A,Harwood Heights village,Illinois,8612,8611,8615,8642,8667,8685,8675,8629,8568,8489,8398,8333
071,17,031,53377,54430,00000,1,A,Norridge village (pt.),Illinois,12699,12699,12707,12747,12786,12806,12789,12731,12655,12552,12421,12324
071,17,031,57875,54430,00000,1,A,Park Ridge city (pt.),Illinois,3997,3997,4001,4014,4027,4041,4038,4023,4007,3982,3955,3929
071,17,031,99990,54430,00000,1,F,Balance of Norwood Park township,Illinois,1077,1065,1066,1068,1072,1075,1073,1066,1058,1050,1041,1032
061,17,031,00000,54898,00000,0,B,Oak Park township,Illinois,51878,51878,51896,52013,52099,52254,52138,52405,52060,52149,52173,52381
071,17,031,54885,54898,00000,1,A,Oak Park village,Illinois,51878,51878,51896,52013,52099,52254,52138,52405,52060,52149,52173,52381
061,17,031,00000,56614,00000,0,A,Orland township,Illinois,97558,97530,97624,98092,98501,99809,99927,99719,99853,99219,98456,97893
071,17,031,35835,56614,00000,1,A,Homer Glen village (pt.),Illinois,A,0,0,0,0,0,0,0,0,0,0,0
071,17,031,56627,56614,00000,1,A,Orland Hills village,Illinois,7149,7210,7215,7244,7267,7281,7278,7246,7200,7141,7073,7023
071,17,031,56640,56614,00000,1,A,Orland Park village (pt.),Illinois,55018,54907,54962,55257,55514,56715,56833,56773,57141,56818,56429,56115
071,17,031,75484,56614,00000,1,A,Tinley Park village (pt.),Illinois,30449,30516,30545,30670,30780,30862,30868,30776,30615,30399,30136,29968
071,17,031,99990,56614,00000,1,F,Balance of Orland township,Illinois,4942,4897,4902,4921,4940,4951,4948,4924,4897,4861,4818,4787
061,17,031,00000,57238,00000,0,A,Palatine township,Illinois,112994,112961,113061,113497,113949,114268,114328,114028,113482,112738,111803,111075
071,17,031,02154,57238,00000,1,A,Arlington Heights village (pt.),Illinois,777,830,831,835,840,840,842,839,838,834,830,827
071,17,031,03844,57238,00000,1,A,Barrington village (pt.),Illinois,1090,1090,1091,1096,1100,1103,1107,1106,1103,1097,1094,1091
071,17,031,19083,57238,00000,1,A,Deer Park village (pt.),Illinois,17,19,19,19,19,19,19,23,23,23,26,26
071,17,031,35411,57238,00000,1,A,Hoffman Estates village (pt.),Illinois,10737,10731,10742,10784,10818,10840,10828,10780,10723,10649,10576,10540
071,17,031,37608,57238,00000,1,A,Inverness village (pt.),Illinois,5711,5718,5724,5744,5790,5832,5866,5855,5833,5783,5730,5690
071,17,031,57225,57238,00000,1,A,Palatine village (pt.),Illinois,68514,68505,68565,68840,69124,69331,69380,69256,68907,68460,67897,67437
071,17,031,65338,57238,00000,1,A,Rolling Meadows city (pt.),Illinois,15036,15028,15039,15089,15133,15153,15143,15071,15000,14918,14773,14660
071,17,031,68003,57238,00000,1,A,Schaumburg village (pt.),Illinois,4024,4028,4031,4045,4058,4066,4064,4051,4047,4017,3982,3955
071,17,031,70564,57238,00000,1,A,South Barrington village (pt.),Illinois,121,121,121,122,122,125,128,130,129,131,132,131
071,17,031,99990,57238,00000,1,F,Balance of Palatine township,Illinois,6967,6891,6898,6923,6945,6959,6951,6917,6879,6826,6763,6718
061,17,031,00000,57355,00000,0,A,Palos township,Illinois,54615,54609,54665,54888,55071,55227,55198,54976,54676,54253,53956,53611
071,17,031,08225,57355,00000,1,A,Bridgeview village (pt.),Illinois,4231,4231,4241,4268,4291,4306,4311,4304,4294,4273,4255,4243
071,17,031,34514,57355,00000,1,A,Hickory Hills city (pt.),Illinois,12116,12116,12126,12169,12204,12239,12234,12181,12102,12005,11906,11821
071,17,031,56640,57355,00000,1,A,Orland Park village (pt.),Illinois,1539,1513,1515,1524,1530,1565,1568,1568,1578,1569,1558,1552
071,17,031,57381,57355,00000,1,A,Palos Heights city (pt.),Illinois,5898,5898,5902,5924,5940,5949,5942,5915,5877,5829,5939,5898
071,17,031,57394,57355,00000,1,A,Palos Hills city,Illinois,17484,17480,17494,17562,17612,17648,17634,17563,17463,17323,17166,17060
071,17,031,57407,57355,00000,1,A,Palos Park village (pt.),Illinois,4647,4639,4646,4669,4692,4701,4699,4677,4649,4607,4563,4529
071,17,031,82049,57355,00000,1,A,Willow Springs village (pt.),Illinois,170,260,260,261,262,261,261,260,259,257,255,252
071,17,031,83518,57355,00000,1,A,Worth village (pt.),Illinois,2823,2823,2826,2834,2843,2847,2843,2828,2808,2785,2761,2740
071,17,031,99990,57355,00000,1,F,Balance of Palos township,Illinois,5707,5649,5655,5677,5697,5711,5706,5680,5646,5605,5553,5516
061,17,031,00000,62133,00000,0,A,Proviso township,Illinois,151704,151720,151809,152256,152576,152763,152500,151927,150982,149589,148045,146989
071,17,031,04975,62133,00000,1,A,Bellwood village,Illinois,19071,19055,19066,19119,19162,19179,19159,19299,19168,18990,18818,18672
071,17,031,05404,62133,00000,1,A,Berkeley village,Illinois,5209,5207,5210,5225,5237,5244,5238,5211,5171,5122,5067,5048
071,17,031,08446,62133,00000,1,A,Broadview village,Illinois,7932,7919,7923,7946,7963,7968,7952,7905,7843,7768,7681,7618
071,17,031,08576,62133,00000,1,A,Brookfield village (pt.),Illinois,9181,9181,9183,9207,9224,9228,9211,9167,9100,9013,8917,8841
071,17,031,23620,62133,00000,1,A,Elmhurst city (pt.),Illinois,0,5,5,5,5,5,5,5,5,5,5,5
071,17,031,26935,62133,00000,1,A,Forest Park village,Illinois,14167,14167,14175,14212,14242,14255,14230,14151,14051,13919,13780,13704
071,17,031,35086,62133,00000,1,A,Hillside village,Illinois,8157,8214,8217,8240,8261,8271,8256,8212,8153,8079,7996,7933
071,17,031,40793,62133,00000,1,A,La Grange Park village,Illinois,13579,13580,13590,13631,13664,13682,13680,13617,13525,13407,13275,13178
071,17,031,47774,62133,00000,1,A,Maywood village,Illinois,24090,24100,24111,24165,24205,24230,24161,24013,23824,23591,23328,23158
071,17,031,48242,62133,00000,1,A,Melrose Park village (pt.),Illinois,22858,22858,22873,22950,23017,23057,23018,22897,22832,22621,22388,22222
071,17,031,53871,62133,00000,1,A,Northlake city (pt.),Illinois,2968,2973,2976,2983,2992,2995,2989,2975,3003,2980,2951,2940
071,17,031,54144,62133,00000,1,A,North Riverside village (pt.),Illinois,1699,1699,1701,1704,1708,1711,1706,1698,1684,1667,1648,1634
071,17,031,54534,62133,00000,1,A,Oak Brook village (pt.),Illinois,7,7,7,7,7,7,7,7,7,7,7,7
071,17,031,72923,62133,00000,1,A,Stone Park village,Illinois,4946,4946,4951,4969,4981,4991,4984,4961,4930,4890,4843,4826
071,17,031,80047,62133,00000,1,A,Westchester village,Illinois,16718,16718,16729,16779,16817,16837,16807,16713,16587,16431,16250,16117
071,17,031,80242,62133,00000,1,A,Western Springs village (pt.),Illinois,542,548,549,551,553,558,561,564,567,568,564,563
071,17,031,99990,62133,00000,1,F,Balance of Proviso township,Illinois,580,543,543,563,538,545,536,532,532,531,527,523
061,17,031,00000,63498,00000,0,A,Rich township,Illinois,76727,76656,76721,77046,77364,77512,77470,77208,76787,76452,75948,75536
071,17,031,16691,63498,00000,1,A,Country Club Hills city (pt.),Illinois,7050,7098,7103,7129,7234,7247,7239,7204,7157,7096,7023,6975
071,17,031,26571,63498,00000,1,A,Flossmoor village (pt.),Illinois,7259,7237,7242,7266,7285,7298,7292,7255,7205,7144,7074,7026
071,17,031,27624,63498,00000,1,A,Frankfort village (pt.),Illinois,0,0,0,0,0,0,0,0,0,0,0,0
071,17,031,33695,63498,00000,1,A,Hazel Crest village (pt.),Illinois,1808,1808,1810,1818,1823,1825,1825,1816,1806,1790,1772,1762
071,17,031,35879,63498,00000,1,A,Homewood village (pt.),Illinois,2578,2578,2581,2588,2595,2600,2603,2589,2570,2548,2522,2502
071,17,031,47540,63498,00000,1,A,Matteson village (pt.),Illinois,19009,19026,19043,19138,19205,19245,19251,19278,19247,19402,19460,19448
071,17,031,55938,63498,00000,1,A,Olympia Fields village (pt.),Illinois,4471,4440,4445,4462,4482,4490,4487,4466,4435,4398,4353,4320
071,17,031,57732,63498,00000,1,A,Park Forest village (pt.),Illinois,15336,15300,15308,15381,15411,15436,15413,15319,15193,15048,14887,14766
071,17,031,63706,63498,00000,1,A,Richton Park village,Illinois,13646,13670,13682,13729,13770,13796,13781,13718,13629,13515,13384,13292
071,17,031,75484,63498,00000,1,A,Tinley Park village (pt.),Illinois,2760,2761,2764,2776,2789,2797,2799,2792,2778,2761,2739,2724
071,17,031,76935,63498,00000,1,A,University Park village (pt.),Illinois,273,273,273,274,273,274,274,273,272,267,265,263
071,17,031,99990,63498,00000,1,F,Balance of Rich township,Illinois,2537,2465,2470,2485,2497,2504,2506,2498,2495,2483,2469,2458
061,17,031,00000,64317,00000,0,B,River Forest township,Illinois,11172,11176,11182,11211,11252,11300,11239,11133,11018,10997,10892,10816
071,17,031,64304,64317,00000,1,A,River Forest village,Illinois,11172,11176,11182,11211,11252,11300,11239,11133,11018,10997,10892,10816
061,17,031,00000,64434,00000,0,A,Riverside township,Illinois,15594,15587,15596,15632,15665,15680,15649,15568,15462,15320,15160,15040
071,17,031,08576,64434,00000,1,A,Brookfield village (pt.),Illinois,1566,1562,1564,1565,1569,1571,1568,1561,1551,1538,1523,1510
071,17,031,45434,64434,00000,1,A,Lyons village (pt.),Illinois,185,185,185,186,187,185,185,185,184,182,181,180
071,17,031,54144,64434,00000,1,A,North Riverside village (pt.),Illinois,4973,4973,4976,4989,5002,5007,4998,4971,4932,4887,4834,4795
071,17,031,64421,64434,00000,1,A,Riverside village (pt.),Illinois,8760,8757,8761,8781,8796,8806,8787,8740,8685,8606,8516,8450
071,17,031,99990,64434,00000,1,F,Balance of Riverside township,Illinois,110,110,110,111,111,111,111,111,110,107,106,105
061,17,031,00000,68016,00000,0,A,Schaumburg township,Illinois,131288,131407,131521,132006,132414,132667,132612,132087,131670,130680,129559,128775
071,17,031,23256,68016,00000,1,A,Elk Grove Village village (pt.),Illinois,11023,11023,11032,11072,11104,11127,11116,11065,10994,10899,10794,10718
071,17,031,32746,68016,00000,1,A,Hanover Park village (pt.),Illinois,9892,9890,9897,9951,9993,10025,10028,9979,9911,9825,9726,9656
071,17,031,35411,68016,00000,1,A,Hoffman Estates village (pt.),Illinois,33915,33915,33948,34075,34172,34228,34188,34022,33843,33600,33364,33243
071,17,031,65338,68016,00000,1,A,Rolling Meadows city (pt.),Illinois,1582,1708,1710,1714,1721,1723,1723,1713,1707,1697,1683,1670
071,17,031,65806,68016,00000,1,A,Roselle village (pt.),Illinois,3723,3726,3730,3744,3759,3769,3770,3758,3740,3717,3680,3658
071,17,031,68003,68016,00000,1,A,Schaumburg village (pt.),Illinois,67778,67780,67835,68069,68271,68394,68386,68154,68098,67592,66997,66537
071,17,031,73157,68016,00000,1,A,Streamwood village (pt.),Illinois,1469,1469,1471,1477,1483,1487,1487,1492,1484,1471,1455,1447
071,17,031,99990,68016,00000,1,F,Balance of Schaumburg township,Illinois,1906,1896,1898,1904,1911,1914,1914,1904,1893,1879,1860,1846
061,17,031,00000,72689,00000,0,A,Stickney township,Illinois,40772,40772,40800,40957,41089,41183,41161,40991,40746,40409,40036,39761
071,17,031,04572,72689,00000,1,A,Bedford Park village (pt.),Illinois,8,15,15,15,15,15,15,15,15,15,15,17
071,17,031,08225,72689,00000,1,A,Bridgeview village (pt.),Illinois,324,324,324,326,324,325,325,324,322,317,315,313
071,17,031,09642,72689,00000,1,A,Burbank city,Illinois,28925,28925,28946,29062,29167,29249,29246,29137,28972,28738,28486,28289
071,17,031,26987,72689,00000,1,A,Forest View village,Illinois,698,698,699,699,702,699,697,692,686,681,672,666
071,17,031,72676,72689,00000,1,A,Stickney village,Illinois,6786,6786,6791,6812,6829,6835,6824,6787,6741,6681,6609,6566
071,17,031,99990,72689,00000,1,F,Balance of Stickney township,Illinois,4031,4024,4025,4043,4052,4060,4054,4036,4010,3977,3939,3910
061,17,031,00000,75198,00000,0,A,Thornton township,Illinois,169326,169378,169509,170040,170471,170725,170483,169704,168518,167004,165283,164035
071,17,031,06704,75198,00000,1,A,Blue Island city (pt.),Illinois,1242,1310,1311,1317,1322,1323,1323,1316,1309,1299,1287,1280
071,17,031,09798,75198,00000,1,A,Burnham village,Illinois,4206,4206,4213,4227,4238,4241,4236,4217,4190,4156,4115,4088
071,17,031,10487,75198,00000,1,A,Calumet City city,Illinois,37042,37116,37150,37268,37365,37415,37358,37164,36903,36568,36190,35913
071,17,031,20149,75198,00000,1,A,Dixmoor village,Illinois,3644,3584,3591,3612,3629,3640,3640,3632,3620,3599,3579,3563
071,17,031,20292,75198,00000,1,A,Dolton village,Illinois,23153,23074,23090,23168,23224,23284,23249,23125,22963,22755,22519,22348
071,17,031,21904,75198,00000,1,A,East Hazel Crest village,Illinois,1543,1545,1547,1551,1555,1557,1557,1549,1538,1524,1508,1497
071,17,031,30029,75198,00000,1,A,Glenwood village (pt.),Illinois,866,866,867,869,872,873,871,868,861,853,845,839
071,17,031,33383,75198,00000,1,A,Harvey city (pt.),Illinois,23251,23232,23244,23305,23354,23376,23333,23203,23032,22816,22571,22394
071,17,031,33695,75198,00000,1,A,Hazel Crest village (pt.),Illinois,2902,2902,2905,2913,2919,2922,2917,2901,2880,2853,2824,2800
071,17,031,35879,75198,00000,1,A,Homewood village (pt.),Illinois,5944,5945,5949,5964,5981,5987,5989,5957,5916,5865,5804,5758
071,17,031,42028,75198,00000,1,A,Lansing village (pt.),Illinois,22925,22909,22923,22991,23046,23075,23037,22914,22748,22538,22299,22125
071,17,031,47007,75198,00000,1,A,Markham city (pt.),Illinois,3852,3877,3881,3901,3919,3933,3936,3925,3897,3868,3832,3807
071,17,031,59572,75198,00000,1,A,Phoenix village,Illinois,1964,1974,1976,1982,1988,1991,1986,1976,1963,1944,1924,1908
071,17,031,61314,75198,00000,1,A,Posen village (pt.),Illinois,451,516,517,519,518,519,519,514,511,507,500,497
071,17,031,64278,75198,00000,1,A,Riverdale village (pt.),Illinois,11208,11208,11217,11249,11274,11288,11269,11208,11125,11022,10902,10815
071,17,031,70850,75198,00000,1,A,South Holland village,Illinois,22030,21999,22012,22079,22135,22164,22133,22019,21868,21674,21455,21296
071,17,031,75185,75198,00000,1,A,Thornton village,Illinois,2338,2388,2388,2397,2401,2404,2399,2488,2470,2447,2419,2401
071,17,031,99990,75198,00000,1,F,Balance of Thornton township,Illinois,765,727,728,728,731,733,731,728,724,716,710,706
061,17,031,00000,81100,00000,0,A,Wheeling township,Illinois,153630,153720,153873,154483,155093,155507,155601,155310,155139,154455,153987,153145
071,17,031,02154,81100,00000,1,A,Arlington Heights village (pt.),Illinois,61033,61061,61115,61337,61653,61814,61834,61705,61546,61284,60990,60697
071,17,031,09447,81100,00000,1,A,Buffalo Grove village (pt.),Illinois,13644,13659,13671,13759,13809,13843,13832,13770,13697,13591,13470,13373
071,17,031,19642,81100,00000,1,A,Des Plaines city (pt.),Illinois,1274,1274,1275,1281,1289,1292,1292,1284,1278,1273,1288,1290
071,17,031,29938,81100,00000,1,A,Glenview village (pt.),Illinois,0,0,0,0,0,0,0,0,0,0,0,0
071,17,031,51089,81100,00000,1,A,Mount Prospect village (pt.),Illinois,22098,22098,22116,22188,22250,22324,22391,22293,22143,21949,21722,21562
071,17,031,53481,81100,00000,1,A,Northbrook village (pt.),Illinois,478,477,478,480,482,485,485,485,482,480,478,475
071,17,031,57225,81100,00000,1,A,Palatine village (pt.),Illinois,43,46,46,46,46,47,47,46,46,46,45,45
071,17,031,62016,81100,00000,1,A,Prospect Heights city (pt.),Illinois,16208,16254,16266,16325,16374,16408,16428,16388,16284,16146,15988,15883
071,17,031,65338,81100,00000,1,A,Rolling Meadows city (pt.),Illinois,127,127,127,128,128,128,128,128,127,127,126,125
071,17,031,81087,81100,00000,1,A,Wheeling village (pt.),Illinois,37642,37644,37698,37856,37975,38078,38076,38130,38461,38492,38824,38646
071,17,031,99990,81100,00000,1,F,Balance of Wheeling township,Illinois,1083,1080,1081,1083,1087,1088,1088,1081,1075,1067,1056,1049
061,17,031,00000,83531,00000,0,A,Worth township,Illinois,152633,152627,152742,153290,153713,153948,153749,152981,151954,150643,149341,148258
071,17,031,01010,83531,00000,1,A,Alsip village,Illinois,19277,19271,19286,19355,19424,19459,19435,19341,19209,19040,18848,18709
071,17,031,06704,83531,00000,1,A,Blue Island city (pt.),Illinois,10495,10496,10504,10540,10562,10569,10547,10484,10405,10306,10195,10112
071,17,031,08225,83531,00000,1,A,Bridgeview village (pt.),Illinois,1899,1899,1901,1907,1911,1914,1911,1901,1888,1868,1849,1836
071,17,031,14065,83531,00000,1,A,Chicago Ridge village,Illinois,14305,14304,14319,14392,14433,14458,14442,14371,14276,14158,14027,13928
071,17,031,17497,83531,00000,1,A,Crestwood village (pt.),Illinois,4473,4473,4477,4492,4502,4510,4506,4487,4460,4426,4398,4377
071,17,031,24634,83531,00000,1,A,Evergreen Park village,Illinois,19852,19848,19858,19920,19966,19988,19949,19842,19692,19503,19290,19147
071,17,031,35866,83531,00000,1,A,Hometown city,Illinois,4349,4349,4351,4364,4372,4378,4369,4341,4308,4265,4215,4177
071,17,031,48554,83531,00000,1,A,Merrionette Park village,Illinois,1900,1900,1902,1910,1916,1921,1919,1912,1902,1886,1871,1858
071,17,031,54820,83531,00000,1,A,Oak Lawn village,Illinois,56690,56690,56732,56924,57078,57170,57106,56825,56456,55983,55430,55022
071,17,031,57381,83531,00000,1,A,Palos Heights city (pt.),Illinois,6617,6617,6621,6645,6664,6674,6669,6639,6598,6546,6665,6622
071,17,031,64616,83531,00000,1,A,Robbins village (pt.),Illinois,1295,1295,1296,1308,1320,1326,1333,1334,1330,1326,1320,1318
071,17,031,83518,83531,00000,1,A,Worth village (pt.),Illinois,7966,7966,7972,7997,8018,8029,8016,7975,7920,7855,7782,7726
071,17,031,99990,83531,00000,1,F,Balance of Worth township,Illinois,3515,3519,3523,3536,3547,3552,3547,3529,3510,3481,3451,3426
050,17,033,00000,00000,00000,0,A,Crawford County,Illinois,19817,19818,19801,19776,19588,19435,19285,19255,19133,18975,18830,18667
157,17,033,26350,00000,00000,0,A,Flat Rock village,Illinois,331,331,331,330,326,321,319,317,317,315,312,307
157,17,033,36841,00000,00000,0,A,Hutsonville village,Illinois,554,540,539,539,532,530,529,528,526,524,524,522
157,17,033,55106,00000,00000,0,A,Oblong village,Illinois,1466,1468,1467,1464,1445,1433,1420,1419,1407,1395,1384,1371
157,17,033,57277,00000,00000,0,A,Palestine village,Illinois,1369,1368,1367,1364,1345,1334,1321,1318,1308,1298,1284,1273
157,17,033,64707,00000,00000,0,A,Robinson city,Illinois,7713,7721,7714,7705,7679,7626,7569,7553,7516,7456,7400,7341
157,17,033,73027,00000,00000,0,A,Stoy village,Illinois,104,123,123,123,121,120,119,119,118,117,116,115
157,17,033,99990,00000,00000,0,F,Balance of Crawford County,Illinois,8280,8267,8260,8251,8140,8071,8008,8001,7941,7870,7810,7738
061,17,033,00000,35970,00000,0,A,Honey Creek township,Illinois,1563,1563,1562,1561,1540,1525,1513,1511,1500,1487,1475,1460
071,17,033,26350,35970,00000,1,A,Flat Rock village (pt.),Illinois,260,260,260,259,256,252,250,249,247,245,243,239
071,17,033,99990,35970,00000,1,F,Balance of Honey Creek township,Illinois,1303,1303,1302,1302,1284,1273,1263,1262,1253,1242,1232,1221
061,17,033,00000,36854,00000,0,A,Hutsonville township,Illinois,1177,1177,1175,1174,1158,1151,1145,1143,1136,1127,1124,1115
071,17,033,36841,36854,00000,1,A,Hutsonville village,Illinois,554,540,539,539,532,530,529,528,526,524,524,522
071,17,033,99990,36854,00000,1,S,Balance of Hutsonville township,Illinois,623,637,636,635,626,621,616,615,610,603,600,593
061,17,033,00000,41833,00000,0,A,Lamotte township,Illinois,2046,2047,2045,2041,2013,1996,1978,1975,1958,1943,1925,1907
071,17,033,57277,41833,00000,1,A,Palestine village,Illinois,1369,1368,1367,1364,1345,1334,1321,1318,1308,1298,1284,1273
071,17,033,99990,41833,00000,1,F,Balance of Lamotte township,Illinois,677,679,678,677,668,662,657,657,650,645,641,634
061,17,033,00000,43315,00000,1,A,Licking township,Illinois,448,448,450,449,446,442,441,443,442,441,440,438
061,17,033,00000,47202,00000,1,A,Martin township,Illinois,531,531,530,530,522,518,514,512,509,504,500,496
061,17,033,00000,50205,00000,0,A,Montgomery township,Illinois,672,672,671,670,661,655,650,648,644,639,633,627
071,17,033,26350,50205,00000,1,A,Flat Rock village (pt.),Illinois,71,71,71,71,70,69,69,68,70,70,69,68
071,17,033,99990,50205,00000,1,F,Balance of Montgomery township,Illinois,601,601,600,599,591,586,581,580,574,569,564,559
061,17,033,00000,55119,00000,0,A,Oblong township,Illinois,2789,2799,2797,2792,2755,2731,2709,2705,2684,2659,2638,2612
071,17,033,55106,55119,00000,1,A,Oblong village,Illinois,1466,1468,1467,1464,1445,1433,1420,1419,1407,1395,1384,1371
071,17,033,73027,55119,00000,1,A,Stoy village,Illinois,104,123,123,123,121,120,119,119,118,117,116,115
071,17,033,99990,55119,00000,1,F,Balance of Oblong township,Illinois,1219,1208,1207,1205,1189,1178,1170,1167,1159,1147,1138,1126
061,17,033,00000,61470,00000,1,A,Prairie township,Illinois,594,594,593,592,584,579,572,573,569,562,557,553
061,17,033,00000,64720,00000,0,A,Robinson township,Illinois,9900,9890,9881,9870,9814,9743,9669,9651,9598,9521,9447,9368
071,17,033,64707,64720,00000,1,A,Robinson city,Illinois,7713,7721,7714,7705,7679,7626,7569,7553,7516,7456,7400,7341
071,17,033,99990,64720,00000,1,F,Balance of Robinson township,Illinois,2187,2169,2167,2165,2135,2117,2100,2098,2082,2065,2047,2027
061,17,033,00000,71344,00000,1,A,Southwest township,Illinois,97,97,97,97,95,95,94,94,93,92,91,91
050,17,035,00000,00000,00000,0,A,Cumberland County,Illinois,11048,11045,11053,11080,10950,10904,10923,10860,10868,10880,10804,10766
157,17,035,11618,00000,00000,0,A,Casey city (pt.),Illinois,10,15,15,15,15,15,15,15,15,15,15,15
157,17,035,31524,00000,00000,0,A,Greenup village,Illinois,1513,1531,1532,1535,1517,1512,1513,1505,1507,1506,1496,1490
157,17,035,38427,00000,00000,0,A,Jewett village,Illinois,223,223,223,224,221,222,221,221,222,222,220,220
157,17,035,50283,00000,00000,0,A,Montrose village (pt.),Illinois,2,2,2,2,2,2,2,2,2,2,2,2
157,17,035,51986,00000,00000,0,A,Neoga city,Illinois,1636,1636,1637,1645,1626,1620,1622,1611,1615,1619,1606,1602
157,17,035,75601,00000,00000,0,A,Toledo village,Illinois,1238,1225,1226,1228,1214,1207,1210,1204,1203,1204,1196,1190
157,17,035,99990,00000,00000,0,F,Balance of Cumberland County,Illinois,6426,6413,6418,6431,6355,6326,6340,6302,6304,6312,6269,6247
061,17,035,00000,16587,00000,1,A,Cottonwood township,Illinois,521,521,521,523,516,514,515,512,512,513,509,508
061,17,035,00000,17640,00000,1,A,Crooked Creek township,Illinois,422,422,422,423,418,417,417,415,415,416,411,409
061,17,035,00000,31537,00000,0,A,Greenup township,Illinois,2413,2413,2414,2419,2391,2382,2385,2372,2374,2374,2358,2350
071,17,035,31524,31537,00000,1,A,Greenup village,Illinois,1513,1531,1532,1535,1517,1512,1513,1505,1507,1506,1496,1490
071,17,035,99990,31537,00000,1,F,Balance of Greenup township,Illinois,900,882,882,884,874,870,872,867,867,868,862,860
061,17,035,00000,51993,00000,0,A,Neoga township,Illinois,3124,3124,3126,3135,3096,3083,3088,3067,3070,3076,3053,3043
071,17,035,51986,51993,00000,1,A,Neoga city,Illinois,1636,1636,1637,1645,1626,1620,1622,1611,1615,1619,1606,1602
071,17,035,99990,51993,00000,1,F,Balance of Neoga township,Illinois,1488,1488,1489,1490,1470,1463,1466,1456,1455,1457,1447,1441
061,17,035,00000,72143,00000,0,A,Spring Point township,Illinois,1294,1294,1295,1300,1285,1280,1283,1277,1278,1280,1273,1270
071,17,035,50283,72143,00000,1,A,Montrose village (pt.),Illinois,2,2,2,2,2,2,2,2,2,2,2,2
071,17,035,99990,72143,00000,1,F,Balance of Spring Point township,Illinois,1292,1292,1293,1298,1283,1278,1281,1275,1276,1278,1271,1268
061,17,035,00000,73729,00000,0,A,Sumpter township,Illinois,1980,1980,1984,1985,1964,1954,1959,1948,1950,1952,1939,1931
071,17,035,75601,73729,00000,1,A,Toledo village,Illinois,1238,1225,1226,1228,1214,1207,1210,1204,1203,1204,1196,1190
071,17,035,99990,73729,00000,1,F,Balance of Sumpter township,Illinois,742,755,758,757,750,747,749,744,747,748,743,741
061,17,035,00000,76641,00000,0,A,Union township,Illinois,690,690,690,692,684,679,681,676,675,675,671,667
071,17,035,11618,76641,00000,1,A,Casey city (pt.),Illinois,10,15,15,15,15,15,15,15,15,15,15,15
071,17,035,99990,76641,00000,1,F,Balance of Union township,Illinois,680,675,675,677,669,664,666,661,660,660,656,652
061,17,035,00000,82959,00000,0,A,Woodbury township,Illinois,604,601,601,603,596,595,595,593,594,594,590,588
071,17,035,38427,82959,00000,1,A,Jewett village,Illinois,223,223,223,224,221,222,221,221,222,222,220,220
071,17,035,99990,82959,00000,1,F,Balance of Woodbury township,Illinois,381,378,378,379,375,373,374,372,372,372,370,368
050,17,037,00000,00000,00000,0,A,DeKalb County,Illinois,105160,105162,105145,104450,104365,104202,104560,104195,104080,104309,104349,104897
157,17,037,16470,00000,00000,0,A,Cortland town,Illinois,4270,4271,4296,4285,4319,4321,4339,4336,4328,4333,4371,4408
157,17,037,19161,00000,00000,0,A,DeKalb city,Illinois,43862,44123,44101,43708,43503,43251,43240,42967,42764,42783,42699,42847
157,17,037,28898,00000,00000,0,A,Genoa city,Illinois,5193,5178,5176,5163,5177,5182,5207,5193,5193,5205,5211,5237
157,17,037,35268,00000,00000,0,A,Hinckley village,Illinois,2070,2071,2070,2053,2053,2053,2060,2054,2045,2046,2042,2050
157,17,037,40065,00000,00000,0,A,Kingston village,Illinois,1164,1164,1163,1162,1161,1162,1168,1165,1161,1166,1162,1169
157,17,037,40156,00000,00000,0,A,Kirkland village,Illinois,1744,1747,1746,1733,1736,1735,1740,1734,1728,1729,1725,1729
157,17,037,42587,00000,00000,0,A,Lee village (pt.),Illinois,135,139,139,138,138,136,139,139,139,139,136,137
157,17,037,46279,00000,00000,0,A,Malta village,Illinois,1164,1169,1168,1159,1158,1159,1162,1160,1155,1160,1156,1158
157,17,037,46604,00000,00000,0,A,Maple Park village (pt.),Illinois,638,636,636,632,633,634,637,635,634,644,655,675
157,17,037,67548,00000,00000,0,A,Sandwich city (pt.),Illinois,7258,7268,7266,7225,7228,7225,7251,7227,7213,7220,7219,7257
157,17,037,68822,00000,00000,0,A,Shabbona village,Illinois,925,927,926,919,918,924,926,922,920,920,917,920
157,17,037,70460,00000,00000,0,A,Somonauk village (pt.),Illinois,1635,1634,1633,1621,1621,1620,1625,1624,1619,1622,1621,1627
157,17,037,74223,00000,00000,0,A,Sycamore city,Illinois,17519,17521,17522,17450,17503,17570,17755,17772,17900,18023,18125,18322
157,17,037,79163,00000,00000,0,A,Waterman village,Illinois,1506,1515,1514,1503,1503,1502,1506,1501,1496,1496,1492,1500
157,17,037,99990,00000,00000,0,F,Balance of DeKalb County,Illinois,16077,15799,15789,15699,15714,15728,15805,15766,15785,15823,15818,15861
061,17,037,00000,00386,00000,0,A,Afton township,Illinois,861,861,861,855,856,858,860,857,859,860,859,860
071,17,037,19161,00386,00000,1,A,DeKalb city (pt.),Illinois,313,313,313,311,311,312,311,310,310,310,310,311
071,17,037,99990,00386,00000,1,F,Balance of Afton township,Illinois,548,548,548,544,545,546,549,547,549,550,549,549
061,17,037,00000,14988,00000,0,A,Clinton township,Illinois,1868,1868,1867,1854,1854,1854,1859,1854,1850,1851,1846,1856
071,17,037,79163,14988,00000,1,A,Waterman village,Illinois,1506,1515,1514,1503,1503,1502,1506,1501,1496,1496,1492,1500
071,17,037,99990,14988,00000,1,F,Balance of Clinton township,Illinois,362,353,353,351,351,352,353,353,354,355,354,356
061,17,037,00000,16483,00000,0,A,Cortland township,Illinois,10968,10977,11002,10962,11014,11038,11120,11119,11148,11204,11282,11402
071,17,037,16470,16483,00000,1,A,Cortland town,Illinois,4270,4271,4296,4285,4319,4321,4339,4336,4328,4333,4371,4408
071,17,037,19161,16483,00000,1,A,DeKalb city (pt.),Illinois,0,0,0,0,0,0,0,0,0,0,0,0
071,17,037,46604,16483,00000,1,A,Maple Park village (pt.),Illinois,638,636,636,632,633,634,637,635,634,644,655,675
071,17,037,74223,16483,00000,1,A,Sycamore city (pt.),Illinois,5044,5056,5057,5038,5053,5073,5129,5135,5173,5209,5239,5298
071,17,037,99990,16483,00000,1,F,Balance of Cortland township,Illinois,1016,1014,1013,1007,1009,1010,1015,1013,1013,1018,1017,1021
061,17,037,00000,19174,00000,0,A,DeKalb township,Illinois,46781,46786,46764,46360,46162,45919,45932,45660,45476,45512,45440,45611
071,17,037,19161,19174,00000,1,A,DeKalb city (pt.),Illinois,43549,43810,43788,43397,43192,42939,42929,42657,42454,42473,42389,42536
071,17,037,74223,19174,00000,1,A,Sycamore city (pt.),Illinois,1574,1579,1580,1575,1580,1588,1605,1608,1624,1638,1650,1670
071,17,037,99990,19174,00000,1,F,Balance of DeKalb township,Illinois,1658,1397,1396,1388,1390,1392,1398,1395,1398,1401,1401,1405
061,17,037,00000,27650,00000,0,A,Franklin township,Illinois,2502,2505,2503,2486,2488,2488,2496,2489,2484,2486,2481,2486
071,17,037,40156,27650,00000,1,A,Kirkland village,Illinois,1744,1747,1746,1733,1736,1735,1740,1734,1728,1729,1725,1729
071,17,037,99990,27650,00000,1,F,Balance of Franklin township,Illinois,758,758,757,753,752,753,756,755,756,757,756,757
061,17,037,00000,28911,00000,0,A,Genoa township,Illinois,5704,5679,5677,5658,5669,5675,5702,5690,5689,5704,5707,5732
071,17,037,28898,28911,00000,1,A,Genoa city (pt.),Illinois,4470,4441,4440,4428,4437,4442,4463,4451,4449,4459,4463,4486
071,17,037,99990,28911,00000,1,F,Balance of Genoa township,Illinois,1234,1238,1237,1230,1232,1233,1239,1239,1240,1245,1244,1246
061,17,037,00000,40078,00000,0,A,Kingston township,Illinois,3519,3541,3538,3526,3533,3536,3553,3545,3545,3555,3554,3568
071,17,037,28898,40078,00000,1,A,Genoa city (pt.),Illinois,723,737,736,735,740,740,744,742,744,746,748,751
071,17,037,40065,40078,00000,1,A,Kingston village,Illinois,1164,1164,1163,1162,1161,1162,1168,1165,1161,1166,1162,1169
071,17,037,99990,40078,00000,1,F,Balance of Kingston township,Illinois,1632,1640,1639,1629,1632,1634,1641,1638,1640,1643,1644,1648
061,17,037,00000,46292,00000,0,A,Malta township,Illinois,1608,1608,1607,1595,1595,1596,1601,1596,1593,1599,1594,1598
071,17,037,46279,46292,00000,1,A,Malta village,Illinois,1164,1169,1168,1159,1158,1159,1162,1160,1155,1160,1156,1158
071,17,037,99990,46292,00000,1,F,Balance of Malta township,Illinois,444,439,439,436,437,437,439,436,438,439,438,440
061,17,037,00000,47696,00000,1,A,Mayfield township,Illinois,929,928,927,922,923,924,931,929,930,934,933,937
061,17,037,00000,48983,00000,1,A,Milan township,Illinois,331,331,331,329,327,327,329,328,328,328,328,329
061,17,037,00000,58200,00000,1,A,Paw Paw township,Illinois,334,334,334,332,332,333,332,331,331,331,331,332
061,17,037,00000,59676,00000,0,A,Pierce township,Illinois,454,454,454,451,452,450,452,451,450,453,451,452
071,17,037,46604,59676,00000,1,A,Maple Park village (pt.),Illinois,0,0,0,0,0,0,0,0,0,0,0,0
071,17,037,99990,59676,00000,1,F,Balance of Pierce township,Illinois,454,454,454,451,452,450,452,451,450,453,451,452
061,17,037,00000,67561,00000,0,A,Sandwich township,Illinois,7709,7709,7707,7663,7667,7664,7692,7667,7655,7660,7662,7699
071,17,037,67548,67561,00000,1,A,Sandwich city (pt.),Illinois,7249,7257,7255,7214,7217,7214,7240,7216,7202,7209,7208,7246
071,17,037,99990,67561,00000,1,F,Balance of Sandwich township,Illinois,460,452,452,449,450,450,452,451,453,451,454,453
061,17,037,00000,68835,00000,0,A,Shabbona township,Illinois,1453,1453,1452,1442,1441,1445,1452,1448,1445,1446,1442,1445
071,17,037,42587,68835,00000,1,A,Lee village (pt.),Illinois,135,139,139,138,138,136,139,139,139,139,136,137
071,17,037,68822,68835,00000,1,A,Shabbona village,Illinois,925,927,926,919,918,924,926,922,920,920,917,920
071,17,037,99990,68835,00000,1,F,Balance of Shabbona township,Illinois,393,387,387,385,385,385,387,387,386,387,389,388
061,17,037,00000,70473,00000,0,A,Somonauk township,Illinois,2101,2103,2102,2087,2088,2087,2095,2090,2087,2090,2089,2097
071,17,037,67548,70473,00000,1,A,Sandwich city (pt.),Illinois,9,11,11,11,11,11,11,11,11,11,11,11
071,17,037,70460,70473,00000,1,A,Somonauk village (pt.),Illinois,1635,1634,1633,1621,1621,1620,1625,1624,1619,1622,1621,1627
071,17,037,99990,70473,00000,1,F,Balance of Somonauk township,Illinois,457,458,458,455,456,456,459,455,457,457,457,459
061,17,037,00000,70837,00000,1,A,South Grove township,Illinois,512,512,512,509,507,508,510,509,508,509,508,510
061,17,037,00000,72182,00000,0,A,Squaw Grove township,Illinois,2802,2802,2800,2779,2780,2781,2792,2782,2774,2776,2772,2782
071,17,037,35268,72182,00000,1,A,Hinckley village,Illinois,2070,2071,2070,2053,2053,2053,2060,2054,2045,2046,2042,2050
071,17,037,99990,72182,00000,1,F,Balance of Squaw Grove township,Illinois,732,731,730,726,727,728,732,728,729,730,730,732
061,17,037,00000,74236,00000,0,A,Sycamore township,Illinois,14425,14412,14408,14343,14379,14421,14553,14551,14630,14712,14772,14901
071,17,037,74223,74236,00000,1,A,Sycamore city (pt.),Illinois,10901,10886,10885,10837,10870,10909,11021,11029,11103,11176,11236,11354
071,17,037,99990,74236,00000,1,F,Balance of Sycamore township,Illinois,3524,3526,3523,3506,3509,3512,3532,3522,3527,3536,3536,3547
061,17,037,00000,77798,00000,1,A,Victor township,Illinois,299,299,299,297,298,298,299,299,298,299,298,300
050,17,039,00000,00000,00000,0,A,De Witt County,Illinois,16561,16558,16590,16548,16491,16373,16217,16184,16137,15906,15794,15638
157,17,039,15001,00000,00000,0,A,Clinton city,Illinois,7225,7397,7407,7370,7332,7273,7191,7154,7111,6999,6940,6857
157,17,039,19798,00000,00000,0,A,De Witt village,Illinois,184,184,184,184,183,182,182,181,182,179,178,176
157,17,039,25414,00000,00000,0,A,Farmer City city,Illinois,2037,2017,2022,2020,2017,2005,1988,1989,1989,1963,1950,1936
157,17,039,39532,00000,00000,0,A,Kenney village,Illinois,326,327,328,328,327,325,321,322,322,317,317,313
157,17,039,78773,00000,00000,0,A,Wapella village,Illinois,558,558,559,557,555,550,544,542,539,530,528,522
157,17,039,79449,00000,00000,0,A,Waynesville village,Illinois,434,428,429,429,427,424,422,422,422,416,415,410
157,17,039,79683,00000,00000,0,A,Weldon village,Illinois,429,429,430,430,429,425,423,421,421,417,414,412
157,17,039,99990,00000,00000,0,F,Balance of De Witt County,Illinois,5368,5218,5231,5230,5221,5189,5146,5153,5151,5085,5052,5012
061,17,039,00000,03714,00000,1,A,Barnett township,Illinois,406,408,409,409,410,406,404,405,406,402,399,397
061,17,039,00000,15014,00000,0,A,Clintonia township,Illinois,7832,7832,7843,7809,7772,7710,7626,7594,7553,7435,7375,7290
071,17,039,15001,15014,00000,1,A,Clinton city (pt.),Illinois,6962,7125,7135,7099,7062,7005,6926,6892,6850,6742,6685,6605
071,17,039,99990,15014,00000,1,F,Balance of Clintonia township,Illinois,870,707,708,710,710,705,700,702,703,693,690,685
061,17,039,00000,17302,00000,1,A,Creek township,Illinois,471,473,474,474,472,471,466,466,466,459,458,453
061,17,039,00000,19785,00000,0,A,De Witt township,Illinois,479,479,479,481,478,475,472,472,472,464,461,458
071,17,039,19798,19785,00000,1,A,De Witt village,Illinois,184,184,184,184,183,182,182,181,182,179,178,176
071,17,039,99990,19785,00000,1,F,Balance of De Witt township,Illinois,295,295,295,297,295,293,290,291,290,285,283,282
061,17,039,00000,33058,00000,1,A,Harp township,Illinois,311,311,312,312,311,309,306,307,307,303,300,297
061,17,039,00000,53117,00000,0,A,Nixon township,Illinois,571,569,570,570,568,565,560,559,559,553,549,545
071,17,039,79683,53117,00000,1,A,Weldon village,Illinois,429,429,430,430,429,425,423,421,421,417,414,412
071,17,039,99990,53117,00000,1,F,Balance of Nixon township,Illinois,142,140,140,140,139,140,137,138,138,136,135,133
061,17,039,00000,66469,00000,1,A,Rutledge township,Illinois,177,184,184,184,183,182,182,181,181,178,177,175
061,17,039,00000,67639,00000,0,A,Santa Anna township,Illinois,2502,2502,2508,2506,2504,2488,2468,2470,2470,2439,2424,2405
071,17,039,25414,67639,00000,1,A,Farmer City city,Illinois,2037,2017,2022,2020,2017,2005,1988,1989,1989,1963,1950,1936
071,17,039,99990,67639,00000,1,F,Balance of Santa Anna township,Illinois,465,485,486,486,487,483,480,481,481,476,474,469
061,17,039,00000,74769,00000,0,A,Texas township,Illinois,1246,1246,1250,1247,1242,1235,1224,1222,1221,1205,1196,1185
071,17,039,15001,74769,00000,1,A,Clinton city (pt.),Illinois,263,272,272,271,270,268,265,262,261,257,255,252
071,17,039,99990,74769,00000,1,F,Balance of Texas township,Illinois,983,974,978,976,972,967,959,960,960,948,941,933
061,17,039,00000,76342,00000,0,A,Tunbridge township,Illinois,760,760,764,762,759,754,748,749,749,738,735,728
071,17,039,39532,76342,00000,1,A,Kenney village,Illinois,326,327,328,328,327,325,321,322,322,317,317,313
071,17,039,99990,76342,00000,1,F,Balance of Tunbridge township,Illinois,434,433,436,434,432,429,427,427,427,421,418,415
061,17,039,00000,78786,00000,0,A,Wapella township,Illinois,944,944,946,944,941,933,923,922,917,905,900,890
071,17,039,78773,78786,00000,1,A,Wapella village,Illinois,558,558,559,557,555,550,544,542,539,530,528,522
071,17,039,99990,78786,00000,1,F,Balance of Wapella township,Illinois,386,386,387,387,386,383,379,380,378,375,372,368
061,17,039,00000,79462,00000,0,A,Waynesville township,Illinois,713,708,709,708,708,703,698,697,697,688,684,679
071,17,039,79449,79462,00000,1,A,Waynesville village,Illinois,434,428,429,429,427,424,422,422,422,416,415,410
071,17,039,99990,79462,00000,1,F,Balance of Waynesville township,Illinois,279,280,280,279,281,279,276,275,275,272,269,269
061,17,039,00000,82140,00000,1,A,Wilson township,Illinois,149,142,142,142,143,142,140,140,139,137,136,136
050,17,041,00000,00000,00000,0,A,Douglas County,Illinois,19980,19977,19983,19871,19888,19861,19906,19835,19727,19629,19458,19465
157,17,041,01881,00000,00000,0,A,Arcola city,Illinois,2916,2914,2914,2893,2895,2892,2896,2887,2879,2860,2834,2831
157,17,041,02414,00000,00000,0,A,Arthur village (pt.),Illinois,1474,1469,1469,1462,1464,1463,1466,1467,1461,1449,1434,1430
157,17,041,02882,00000,00000,0,A,Atwood village (pt.),Illinois,605,604,604,600,600,599,600,597,593,587,581,578
157,17,041,10591,00000,00000,0,A,Camargo village,Illinois,445,445,445,448,448,452,453,455,452,451,448,447
157,17,041,28742,00000,00000,0,A,Garrett village,Illinois,162,162,162,161,161,160,163,160,161,160,158,158
157,17,041,35281,00000,00000,0,A,Hindsboro village,Illinois,313,311,311,309,309,306,307,303,301,299,298,296
157,17,041,52623,00000,00000,0,A,Newman city,Illinois,865,863,863,855,856,852,852,850,846,844,834,833
157,17,041,76407,00000,00000,0,A,Tuscola city,Illinois,4480,4483,4484,4458,4462,4461,4467,4447,4414,4394,4358,4363
157,17,041,77941,00000,00000,0,A,Villa Grove city,Illinois,2537,2537,2539,2520,2520,2510,2511,2494,2474,2453,2423,2418
157,17,041,99990,00000,00000,0,F,Balance of Douglas County,Illinois,6183,6189,6192,6165,6173,6166,6191,6175,6146,6132,6090,6111
061,17,041,00000,01894,00000,0,A,Arcola township,Illinois,3312,3310,3310,3289,3288,3287,3292,3281,3273,3251,3221,3221
071,17,041,01881,01894,00000,1,A,Arcola city,Illinois,2916,2914,2914,2893,2895,2892,2896,2887,2879,2860,2834,2831
071,17,041,99990,01894,00000,1,F,Balance of Arcola township,Illinois,396,396,396,396,393,395,396,394,394,391,387,390
061,17,041,00000,07458,00000,0,A,Bourbon township,Illinois,4124,4121,4124,4102,4110,4104,4120,4112,4094,4076,4041,4046
071,17,041,02414,07458,00000,1,A,Arthur village (pt.),Illinois,1474,1469,1469,1462,1464,1463,1466,1467,1461,1449,1434,1430
071,17,041,99990,07458,00000,1,F,Balance of Bourbon township,Illinois,2650,2652,2655,2640,2646,2641,2654,2645,2633,2627,2607,2616
061,17,041,00000,07497,00000,0,A,Bowdre township,Illinois,668,672,672,667,668,664,666,662,657,655,650,650
071,17,041,35281,07497,00000,1,A,Hindsboro village,Illinois,313,311,311,309,309,306,307,303,301,299,298,296
071,17,041,99990,07497,00000,1,F,Balance of Bowdre township,Illinois,355,361,361,358,359,358,359,359,356,356,352,354
061,17,041,00000,10604,00000,0,A,Camargo township,Illinois,3585,3585,3587,3569,3569,3562,3568,3550,3524,3501,3464,3459
071,17,041,10591,10604,00000,1,A,Camargo village,Illinois,445,445,445,448,448,452,453,455,452,451,448,447
071,17,041,77941,10604,00000,1,A,Villa Grove city,Illinois,2537,2537,2539,2520,2520,2510,2511,2494,2474,2453,2423,2418
071,17,041,99990,10604,00000,1,F,Balance of Camargo township,Illinois,603,603,603,601,601,600,604,601,598,597,593,594
061,17,041,00000,28755,00000,0,A,Garrett township,Illinois,1441,1443,1443,1436,1436,1433,1438,1431,1424,1415,1402,1401
071,17,041,02882,28755,00000,1,A,Atwood village (pt.),Illinois,605,604,604,600,600,599,600,597,593,587,581,578
071,17,041,28742,28755,00000,1,A,Garrett village,Illinois,162,162,162,161,161,160,163,160,161,160,158,158
071,17,041,99990,28755,00000,1,F,Balance of Garrett township,Illinois,674,677,677,675,675,674,675,674,670,668,663,665
061,17,041,00000,51427,00000,1,A,Murdock township,Illinois,225,225,225,225,225,225,227,226,226,226,226,227
061,17,041,00000,52636,00000,0,A,Newman township,Illinois,1080,1080,1080,1070,1072,1067,1068,1067,1061,1058,1047,1046
071,17,041,52623,52636,00000,1,A,Newman city,Illinois,865,863,863,855,856,852,852,850,846,844,834,833
071,17,041,99990,52636,00000,1,F,Balance of Newman township,Illinois,215,217,217,215,216,215,216,217,215,214,213,213
061,17,041,00000,67730,00000,1,A,Sargent township,Illinois,286,282,282,280,280,282,282,281,279,279,276,278
061,17,041,00000,76420,00000,0,A,Tuscola township,Illinois,5259,5259,5260,5233,5240,5237,5245,5225,5189,5168,5131,5137
071,17,041,76407,76420,00000,1,A,Tuscola city,Illinois,4480,4483,4484,4458,4462,4461,4467,4447,4414,4394,4358,4363
071,17,041,99990,76420,00000,1,F,Balance of Tuscola township,Illinois,779,776,776,775,778,776,778,778,775,774,773,774
050,17,043,00000,00000,00000,0,A,DuPage County,Illinois,916924,916741,917983,924831,928666,932231,933425,933609,931256,930265,927247,922921
157,17,043,00243,00000,00000,0,A,Addison village,Illinois,36942,37084,37134,37319,37409,37493,37432,37339,37104,36946,36696,36482
157,17,043,03012,00000,00000,0,A,Aurora city (pt.),Illinois,49433,49334,49408,49734,49950,50138,50136,50081,49854,49723,49404,49100
157,17,043,04013,00000,00000,0,A,Bartlett village (pt.),Illinois,24411,24460,24490,24619,24705,24773,24741,24705,24560,24478,24343,24178
157,17,043,04078,00000,00000,0,A,Batavia city (pt.),Illinois,0,0,0,0,0,0,0,0,0,0,0,0
157,17,043,05248,00000,00000,0,A,Bensenville village (pt.),Illinois,18352,18348,18367,18450,18492,18529,18492,18443,18398,18328,18196,18044
157,17,043,06587,00000,00000,0,A,Bloomingdale village,Illinois,22018,22059,22083,22194,22258,22320,22289,22233,22116,22031,21871,21779
157,17,043,07133,00000,00000,0,A,Bolingbrook village (pt.),Illinois,1571,1572,1574,1590,1595,1604,1609,1613,1610,1624,1622,1611
157,17,043,09980,00000,00000,0,A,Burr Ridge village (pt.),Illinois,6719,6684,6693,6745,6775,6805,6814,6838,6836,6853,6839,6847
157,17,043,11332,00000,00000,0,A,Carol Stream village,Illinois,39711,39541,39587,39818,40018,40148,40171,40152,39945,39813,39507,39203
157,17,043,14000,00000,00000,0,A,Chicago city (pt.),Illinois,0,0,0,0,0,0,0,0,0,0,0,0
157,17,043,14572,00000,00000,0,A,Clarendon Hills village,Illinois,8427,8431,8442,8522,8584,8649,8676,8696,8691,8716,8771,8752
157,17,043,18628,00000,00000,0,A,Darien city,Illinois,22086,21951,21976,22086,22149,22200,22173,22111,21987,21931,21790,21628
157,17,043,20591,00000,00000,0,A,Downers Grove village,Illinois,47833,48882,48944,49226,49441,49698,49768,49785,49624,49558,49323,49057
157,17,043,23256,00000,00000,0,A,Elk Grove Village village (pt.),Illinois,0,0,0,0,0,0,0,0,0,0,0,0
157,17,043,23620,00000,00000,0,A,Elmhurst city (pt.),Illinois,44121,44131,44194,44978,45251,45616,45804,46002,46518,46621,46484,46741
157,17,043,29730,00000,00000,0,A,Glendale Heights village,Illinois,34208,34296,34334,34503,34596,34678,34619,34521,34302,34154,33887,33617
157,17,043,29756,00000,00000,0,A,Glen Ellyn village,Illinois,27450,27773,27806,27964,28078,28190,28204,28239,28145,28052,27878,27714
157,17,043,32746,00000,00000,0,A,Hanover Park village (pt.),Illinois,17337,17458,17478,17597,17670,17739,17734,17695,17593,17523,17397,17274
157,17,043,35307,00000,00000,0,A,Hinsdale village (pt.),Illinois,14589,14612,14637,14783,14903,15028,15187,15358,15388,15389,15331,15316
157,17,043,37907,00000,00000,0,A,Itasca village,Illinois,8649,8647,8663,8728,8771,8803,8801,8796,8745,9409,9845,9805
157,17,043,42795,00000,00000,0,A,Lemont village (pt.),Illinois,10,0,0,0,0,0,0,0,0,0,0,0
157,17,043,43939,00000,00000,0,A,Lisle village,Illinois,22390,22552,22577,23518,23618,23388,23468,23604,23573,23502,23405,23270
157,17,043,44407,00000,00000,0,A,Lombard village,Illinois,43165,43466,43517,43725,43857,43983,43985,43879,44035,43872,44612,44303
157,17,043,51622,00000,00000,0,A,Naperville city (pt.),Illinois,94533,94851,94995,95706,96354,97147,98102,98688,98700,99023,99296,99566
157,17,043,54534,00000,00000,0,A,Oak Brook village (pt.),Illinois,7876,7881,7896,7955,7988,8031,8063,8085,8080,8074,8058,8009
157,17,043,54560,00000,00000,0,A,Oakbrook Terrace city,Illinois,2134,2104,2107,2116,2122,2127,2141,2134,2133,2131,2115,2098
157,17,043,65806,00000,00000,0,A,Roselle village (pt.),Illinois,19040,18998,19029,19125,19181,19246,19241,19211,19123,19079,18938,18805
157,17,043,66703,00000,00000,0,A,St. Charles city (pt.),Illinois,543,572,573,576,578,580,580,581,578,576,583,585
157,17,043,68003,00000,00000,0,A,Schaumburg village (pt.),Illinois,0,0,0,0,0,0,0,0,0,0,0,0
157,17,043,77993,00000,00000,0,A,Villa Park village,Illinois,21904,22025,22047,22146,22195,22230,22174,22098,21953,21846,21668,21483
157,17,043,78929,00000,00000,0,A,Warrenville city,Illinois,13140,13182,13197,13261,13300,13352,13340,13319,13272,13273,13239,13174
157,17,043,79397,00000,00000,0,A,Wayne village (pt.),Illinois,1570,1566,1571,1583,1592,1597,1593,1593,1585,1586,1575,1564
157,17,043,80060,00000,00000,0,A,West Chicago city,Illinois,27086,27221,27254,27408,27502,27579,27547,27486,27322,27221,27021,26816
157,17,043,80645,00000,00000,0,A,Westmont village,Illinois,24685,24662,24690,24817,24892,24981,24989,24970,24850,24768,24618,24443
157,17,043,81048,00000,00000,0,A,Wheaton city,Illinois,52894,53045,53104,53416,53576,53765,53769,53736,53518,53406,53108,52745
157,17,043,81919,00000,00000,0,A,Willowbrook village,Illinois,8540,8687,8697,8745,8768,8790,8776,8757,8703,8666,8623,8579
157,17,043,82400,00000,00000,0,A,Winfield village,Illinois,9080,9072,9140,9289,9407,9493,9572,9663,9649,9665,9654,9636
157,17,043,82985,00000,00000,0,A,Wood Dale city,Illinois,13770,13769,13785,13869,13919,13981,13964,13941,13870,13813,13712,13607
157,17,043,83245,00000,00000,0,A,Woodridge village (pt.),Illinois,32949,32939,32981,33157,33260,33362,33360,33337,33511,33564,33472,33396
157,17,043,99990,00000,00000,0,F,Balance of DuPage County,Illinois,97758,94886,95013,95563,95912,96188,96111,95920,95385,95051,94366,93694
061,17,043,00000,00250,00000,0,A,Addison township,Illinois,88612,88618,88734,89340,89630,89945,89879,89761,89491,89761,89578,89121
071,17,043,00243,00250,00000,1,A,Addison village (pt.),Illinois,32103,32206,32249,32408,32486,32559,32504,32422,32218,32079,31861,31675
071,17,043,05248,00250,00000,1,A,Bensenville village (pt.),Illinois,18352,18348,18367,18450,18492,18529,18492,18443,18398,18328,18196,18044
071,17,043,23256,00250,00000,1,A,Elk Grove Village village (pt.),Illinois,0,0,0,0,0,0,0,0,0,0,0,0
071,17,043,23620,00250,00000,1,A,Elmhurst city (pt.),Illinois,11001,11003,11020,11213,11277,11381,11434,11488,11620,11647,11614,11681
071,17,043,37907,00250,00000,1,A,Itasca village (pt.),Illinois,6952,6953,6965,7018,7051,7077,7075,7071,7029,7561,7909,7877
071,17,043,44407,00250,00000,1,A,Lombard village (pt.),Illinois,40,40,40,40,40,41,40,40,40,40,40,40
071,17,043,77993,00250,00000,1,A,Villa Park village (pt.),Illinois,519,527,528,531,533,531,531,530,527,525,522,518
071,17,043,82985,00250,00000,1,A,Wood Dale city,Illinois,13770,13769,13785,13869,13919,13981,13964,13941,13870,13813,13712,13607
071,17,043,99990,00250,00000,1,F,Balance of Addison township,Illinois,5875,5772,5780,5811,5832,5846,5839,5826,5789,5768,5724,5679
061,17,043,00000,06600,00000,0,A,Bloomingdale township,Illinois,111899,111904,112046,112639,113010,113331,113233,113008,112386,112120,111384,110636
071,17,043,00243,06600,00000,1,A,Addison village (pt.),Illinois,4839,4878,4885,4911,4923,4934,4928,4917,4886,4867,4835,4807
071,17,043,06587,06600,00000,1,A,Bloomingdale village,Illinois,22018,22059,22083,22194,22258,22320,22289,22233,22116,22031,21871,21779
071,17,043,11332,06600,00000,1,A,Carol Stream village (pt.),Illinois,17506,17505,17526,17626,17716,17773,17783,17774,17683,17624,17489,17355
071,17,043,29730,06600,00000,1,A,Glendale Heights village (pt.),Illinois,30741,30743,30776,30927,31007,31079,31026,30937,30739,30605,30364,30121
071,17,043,32746,06600,00000,1,A,Hanover Park village (pt.),Illinois,6529,6596,6605,6647,6671,6693,6689,6680,6645,6623,6579,6538
071,17,043,37907,06600,00000,1,A,Itasca village (pt.),Illinois,1697,1694,1698,1710,1720,1726,1726,1725,1716,1848,1936,1928
071,17,043,44407,06600,00000,1,A,Lombard village (pt.),Illinois,0,0,0,0,0,0,0,0,0,0,0,0
071,17,043,65806,06600,00000,1,A,Roselle village (pt.),Illinois,19040,18998,19029,19125,19181,19246,19241,19211,19123,19079,18938,18805
071,17,043,68003,06600,00000,1,A,Schaumburg village (pt.),Illinois,0,0,0,0,0,0,0,0,0,0,0,0
071,17,043,82400,06600,00000,1,A,Winfield village (pt.),Illinois,0,0,0,0,0,0,0,0,0,0,0,0
071,17,043,99990,06600,00000,1,F,Balance of Bloomingdale township,Illinois,9529,9431,9444,9499,9534,9560,9551,9531,9478,9443,9372,9303
061,17,043,00000,14000,00000,0,F,Chicago city,Illinois,0,0,0,0,0,0,0,0,0,0,0,0
071,17,043,14000,14000,00000,1,A,Chicago city (pt.),Illinois,0,0,0,0,0,0,0,0,0,0,0,0
061,17,043,00000,20604,00000,0,A,Downers Grove township,Illinois,146795,146783,146971,147890,148512,149171,149368,149447,148987,148753,148077,147324
071,17,043,07133,20604,00000,1,A,Bolingbrook village (pt.),Illinois,0,0,0,0,0,0,0,0,0,0,0,0
071,17,043,09980,20604,00000,1,A,Burr Ridge village (pt.),Illinois,6719,6684,6693,6745,6775,6805,6814,6838,6836,6853,6839,6847
071,17,043,14572,20604,00000,1,A,Clarendon Hills village,Illinois,8427,8431,8442,8522,8584,8649,8676,8696,8691,8716,8771,8752
071,17,043,18628,20604,00000,1,A,Darien city,Illinois,22086,21951,21976,22086,22149,22200,22173,22111,21987,21931,21790,21628
071,17,043,20591,20604,00000,1,A,Downers Grove village (pt.),Illinois,38381,39086,39136,39360,39532,39740,39795,39807,39675,39619,39430,39212
071,17,043,35307,20604,00000,1,A,Hinsdale village (pt.),Illinois,14036,14059,14083,14223,14338,14459,14613,14776,14805,14807,14750,14736
071,17,043,42795,20604,00000,1,A,Lemont village (pt.),Illinois,10,0,0,0,0,0,0,0,0,0,0,0
071,17,043,54534,20604,00000,1,A,Oak Brook village (pt.),Illinois,80,80,80,81,81,81,81,81,83,83,83,82
071,17,043,80645,20604,00000,1,A,Westmont village (pt.),Illinois,22476,22447,22472,22587,22654,22736,22741,22723,22614,22539,22402,22242
071,17,043,81919,20604,00000,1,A,Willowbrook village,Illinois,8540,8687,8697,8745,8768,8790,8776,8757,8703,8666,8623,8579
071,17,043,83245,20604,00000,1,A,Woodridge village (pt.),Illinois,6742,6774,6783,6823,6845,6868,6872,6867,6906,6919,6902,6889
071,17,043,99990,20604,00000,1,F,Balance of Downers Grove township,Illinois,19298,18584,18609,18718,18786,18843,18827,18791,18687,18620,18487,18357
061,17,043,00000,43952,00000,0,A,Lisle township,Illinois,116268,116245,116400,117989,118585,118911,119455,119837,119845,119932,119762,119558
071,17,043,07133,43952,00000,1,A,Bolingbrook village (pt.),Illinois,1571,1572,1574,1590,1595,1604,1609,1613,1610,1624,1622,1611
071,17,043,20591,43952,00000,1,A,Downers Grove village (pt.),Illinois,5983,6319,6327,6365,6394,6427,6436,6440,6420,6413,6383,6350
071,17,043,43939,43952,00000,1,A,Lisle village (pt.),Illinois,22231,22393,22418,23358,23457,23227,23307,23440,23410,23340,23244,23110
071,17,043,51622,43952,00000,1,A,Naperville city (pt.),Illinois,46432,46536,46605,46986,47320,47714,48179,48465,48464,48619,48747,48876
071,17,043,83245,43952,00000,1,A,Woodridge village (pt.),Illinois,26207,26165,26198,26334,26415,26494,26488,26470,26605,26645,26570,26507
071,17,043,99990,43952,00000,1,F,Balance of Lisle township,Illinois,13844,13260,13278,13356,13404,13445,13436,13409,13336,13291,13196,13104
061,17,043,00000,49451,00000,0,A,Milton township,Illinois,117067,117090,117243,117945,118385,118810,118829,118799,118314,117991,117321,116547
071,17,043,11332,49451,00000,1,A,Carol Stream village (pt.),Illinois,6645,6587,6594,6631,6663,6683,6685,6681,6645,6622,6570,6520
071,17,043,20591,49451,00000,1,A,Downers Grove village (pt.),Illinois,0,0,0,0,0,0,0,0,0,0,0,0
071,17,043,29730,49451,00000,1,A,Glendale Heights village (pt.),Illinois,3467,3553,3558,3576,3589,3599,3593,3584,3563,3549,3523,3496
071,17,043,29756,49451,00000,1,A,Glen Ellyn village (pt.),Illinois,26872,27195,27227,27382,27494,27604,27616,27651,27558,27467,27297,27135
071,17,043,43939,49451,00000,1,A,Lisle village (pt.),Illinois,159,159,159,160,161,161,161,164,163,162,161,160
071,17,043,44407,49451,00000,1,A,Lombard village (pt.),Illinois,2089,2105,2108,2117,2125,2132,2134,2130,2139,2129,2168,2154
071,17,043,51622,49451,00000,1,A,Naperville city (pt.),Illinois,15,3,3,3,3,3,3,3,3,3,3,3
071,17,043,81048,49451,00000,1,A,Wheaton city (pt.),Illinois,52890,53039,53098,53410,53570,53759,53763,53730,53512,53400,53102,52739
071,17,043,82400,49451,00000,1,A,Winfield village (pt.),Illinois,2471,2482,2500,2541,2575,2598,2620,2645,2643,2647,2644,2640
071,17,043,99990,49451,00000,1,F,Balance of Milton township,Illinois,22459,21967,21996,22125,22205,22271,22254,22211,22088,22012,21853,21700
061,17,043,00000,51635,00000,0,A,Naperville township,Illinois,100019,99861,100013,100680,101218,101810,102291,102531,102292,102320,102130,101947
071,17,043,03012,51635,00000,1,A,Aurora city (pt.),Illinois,47604,47507,47579,47892,48099,48278,48273,48219,47989,47859,47550,47254
071,17,043,51622,51635,00000,1,A,Naperville city (pt.),Illinois,48086,48312,48387,48717,49031,49430,49920,50220,50233,50401,50546,50687
071,17,043,78929,51635,00000,1,A,Warrenville city (pt.),Illinois,345,372,372,374,376,377,376,376,374,376,374,371
071,17,043,99990,51635,00000,1,F,Balance of Naperville township,Illinois,3984,3670,3675,3697,3712,3725,3722,3716,3696,3684,3660,3635
061,17,043,00000,79410,00000,0,A,Wayne township,Illinois,66582,66578,66661,67058,67335,67553,67521,67422,67044,66820,66384,65911
071,17,043,04013,79410,00000,1,A,Bartlett village (pt.),Illinois,24411,24460,24490,24619,24705,24773,24741,24705,24560,24478,24343,24178
071,17,043,11332,79410,00000,1,A,Carol Stream village (pt.),Illinois,15560,15449,15467,15561,15639,15692,15703,15697,15617,15567,15448,15328
071,17,043,32746,79410,00000,1,A,Hanover Park village (pt.),Illinois,10808,10862,10873,10950,10999,11046,11045,11015,10948,10900,10818,10736
071,17,043,66703,79410,00000,1,A,St. Charles city (pt.),Illinois,543,572,573,576,578,580,580,581,578,576,583,585
071,17,043,79397,79410,00000,1,A,Wayne village (pt.),Illinois,1570,1566,1571,1583,1592,1597,1593,1593,1585,1586,1575,1564
071,17,043,80060,79410,00000,1,A,West Chicago city (pt.),Illinois,9224,9185,9197,9253,9289,9320,9314,9297,9246,9217,9154,9090
071,17,043,82400,79410,00000,1,A,Winfield village (pt.),Illinois,A,1,1,1,1,1,1,1,1,1,1,1
071,17,043,99990,79410,00000,1,F,Balance of Wayne township,Illinois,4466,4483,4489,4515,4532,4544,4544,4533,4509,4495,4462,4429
061,17,043,00000,82413,00000,0,A,Winfield township,Illinois,46233,46231,46328,46648,46861,47046,47065,47050,46844,46758,46521,46248
071,17,043,03012,82413,00000,1,A,Aurora city (pt.),Illinois,1829,1827,1829,1842,1851,1860,1863,1862,1865,1864,1854,1846
071,17,043,04078,82413,00000,1,A,Batavia city (pt.),Illinois,0,0,0,0,0,0,0,0,0,0,0,0
071,17,043,51622,82413,00000,1,A,Naperville city (pt.),Illinois,0,0,0,0,0,0,0,0,0,0,0,0
071,17,043,78929,82413,00000,1,A,Warrenville city (pt.),Illinois,12795,12810,12825,12887,12924,12975,12964,12943,12898,12897,12865,12803
071,17,043,80060,82413,00000,1,A,West Chicago city (pt.),Illinois,17862,18036,18057,18155,18213,18259,18233,18189,18076,18004,17867,17726
071,17,043,81048,82413,00000,1,A,Wheaton city (pt.),Illinois,4,6,6,6,6,6,6,6,6,6,6,6
071,17,043,82400,82413,00000,1,A,Winfield village (pt.),Illinois,6609,6589,6639,6747,6831,6894,6951,7017,7005,7017,7009,6995
071,17,043,99990,82413,00000,1,F,Balance of Winfield township,Illinois,7134,6963,6972,7011,7036,7052,7048,7033,6994,6970,6920,6872
061,17,043,00000,83947,00000,0,A,York township,Illinois,123449,123431,123587,124642,125130,125654,125784,125754,126053,125810,126090,125629
071,17,043,20591,83947,00000,1,A,Downers Grove village (pt.),Illinois,3469,3477,3481,3501,3515,3531,3537,3538,3529,3526,3510,3495
071,17,043,23620,83947,00000,1,A,Elmhurst city (pt.),Illinois,33120,33128,33174,33765,33974,34235,34370,34514,34898,34974,34870,35060
071,17,043,29756,83947,00000,1,A,Glen Ellyn village (pt.),Illinois,578,578,579,582,584,586,588,588,587,585,581,579
071,17,043,35307,83947,00000,1,A,Hinsdale village (pt.),Illinois,553,553,554,560,565,569,574,582,583,582,581,580
071,17,043,44407,83947,00000,1,A,Lombard village (pt.),Illinois,41036,41321,41369,41568,41692,41810,41811,41709,41856,41703,42404,42109
071,17,043,54534,83947,00000,1,A,Oak Brook village (pt.),Illinois,7796,7801,7816,7874,7907,7950,7982,8004,7997,7991,7975,7927
071,17,043,54560,83947,00000,1,A,Oakbrook Terrace city,Illinois,2134,2104,2107,2116,2122,2127,2141,2134,2133,2131,2115,2098
071,17,043,77993,83947,00000,1,A,Villa Park village (pt.),Illinois,21385,21498,21519,21615,21662,21699,21643,21568,21426,21321,21146,20965
071,17,043,80645,83947,00000,1,A,Westmont village (pt.),Illinois,2209,2215,2218,2230,2238,2245,2248,2247,2236,2229,2216,2201
071,17,043,99990,83947,00000,1,F,Balance of York township,Illinois,11169,10756,10770,10831,10871,10902,10890,10870,10808,10768,10692,10615
050,17,045,00000,00000,00000,0,A,Edgar County,Illinois,18576,18576,18508,18391,18158,17941,17807,17603,17519,17390,17360,17161
157,17,045,08524,00000,00000,0,A,Brocton village,Illinois,322,322,321,319,315,309,307,302,300,298,296,293
157,17,045,14273,00000,00000,0,A,Chrisman city,Illinois,1343,1383,1378,1369,1353,1336,1326,1303,1291,1281,1279,1265
157,17,045,36568,00000,00000,0,A,Hume village,Illinois,380,381,380,377,371,367,365,358,355,353,352,347
157,17,045,38986,00000,00000,0,A,Kansas village,Illinois,787,787,784,779,770,759,754,742,734,729,729,719
157,17,045,48632,00000,00000,0,A,Metcalf village,Illinois,189,188,187,186,184,182,181,178,174,173,173,171
157,17,045,57628,00000,00000,0,A,Paris city,Illinois,8837,8882,8849,8794,8679,8580,8515,8454,8457,8397,8382,8285
157,17,045,63069,00000,00000,0,A,Redmon village,Illinois,173,173,172,171,169,167,164,164,160,159,159,158
157,17,045,77551,00000,00000,0,A,Vermilion village,Illinois,225,223,222,221,219,213,212,209,208,205,205,202
157,17,045,99990,00000,00000,0,F,Balance of Edgar County,Illinois,6320,6237,6215,6175,6098,6028,5983,5893,5840,5795,5785,5721
061,17,045,00000,08901,00000,1,A,Brouilletts Creek township,Illinois,235,225,224,223,220,218,214,211,209,208,208,205
061,17,045,00000,09213,00000,0,A,Buck township,Illinois,307,307,306,304,300,297,293,291,286,284,284,281
071,17,045,63069,09213,00000,1,A,Redmon village,Illinois,173,173,172,171,169,167,164,164,160,159,159,158
071,17,045,99990,09213,00000,1,F,Balance of Buck township,Illinois,134,134,134,133,131,130,129,127,126,125,125,123
061,17,045,00000,22502,00000,1,A,Edgar township,Illinois,482,489,487,484,478,473,468,460,456,453,453,446
061,17,045,00000,22912,00000,0,A,Elbridge township,Illinois,830,830,827,822,812,802,797,787,781,775,774,767
071,17,045,77551,22912,00000,1,A,Vermilion village (pt.),Illinois,23,23,23,23,23,22,22,22,22,21,21,21
071,17,045,99990,22912,00000,1,F,Balance of Elbridge township,Illinois,807,807,804,799,789,780,775,765,759,754,753,746
061,17,045,00000,23958,00000,0,A,Embarrass township,Illinois,620,620,618,614,607,597,593,584,579,576,573,568
071,17,045,08524,23958,00000,1,A,Brocton village,Illinois,322,322,321,319,315,309,307,302,300,298,296,293
071,17,045,99990,23958,00000,1,F,Balance of Embarrass township,Illinois,298,298,297,295,292,288,286,282,279,278,277,275
061,17,045,00000,30822,00000,1,A,Grandview township,Illinois,590,590,588,584,577,570,567,558,553,547,547,541
061,17,045,00000,36685,00000,1,A,Hunter township,Illinois,250,253,252,251,247,245,243,239,237,234,233,231
061,17,045,00000,38999,00000,0,A,Kansas township,Illinois,1003,1003,999,993,981,968,962,946,937,930,930,918
071,17,045,38986,38999,00000,1,A,Kansas village,Illinois,787,787,784,779,770,759,754,742,734,729,729,719
071,17,045,99990,38999,00000,1,F,Balance of Kansas township,Illinois,216,216,215,214,211,209,208,204,203,201,201,199
061,17,045,00000,57641,00000,0,A,Paris township,Illinois,9865,9865,9829,9768,9643,9531,9459,9385,9379,9313,9297,9189
071,17,045,57628,57641,00000,1,A,Paris city (pt.),Illinois,8837,8882,8849,8794,8679,8580,8515,8454,8457,8397,8382,8285
071,17,045,99990,57641,00000,1,F,Balance of Paris township,Illinois,1028,983,980,974,964,951,944,931,922,916,915,904
061,17,045,00000,61483,00000,1,A,Prairie township,Illinois,273,273,272,270,265,262,260,256,254,250,250,248
061,17,045,00000,65923,00000,0,A,Ross township,Illinois,1594,1594,1588,1578,1559,1540,1529,1502,1489,1478,1475,1459
071,17,045,14273,65923,00000,1,A,Chrisman city,Illinois,1343,1383,1378,1369,1353,1336,1326,1303,1291,1281,1279,1265
071,17,045,99990,65923,00000,1,F,Balance of Ross township,Illinois,251,211,210,209,206,204,203,199,198,197,196,194
061,17,045,00000,69498,00000,0,A,Shiloh township,Illinois,162,162,162,161,159,157,156,153,151,151,149,147
071,17,045,36568,69498,00000,1,A,Hume village (pt.),Illinois,9,9,9,9,9,9,9,8,8,8,8,8
071,17,045,99990,69498,00000,1,F,Balance of Shiloh township,Illinois,153,153,153,152,150,148,147,145,143,143,141,139
061,17,045,00000,73092,00000,0,A,Stratton township,Illinois,481,481,479,476,471,463,460,453,450,444,444,438
071,17,045,57628,73092,00000,1,A,Paris city (pt.),Illinois,A,0,0,0,0,0,0,0,0,0,0,0
071,17,045,77551,73092,00000,1,A,Vermilion village (pt.),Illinois,202,200,199,198,196,191,190,187,186,184,184,181
071,17,045,99990,73092,00000,1,F,Balance of Stratton township,Illinois,279,281,280,278,275,272,270,266,264,260,260,257
061,17,045,00000,74288,00000,1,A,Symmes township,Illinois,1158,1158,1154,1145,1131,1118,1110,1093,1081,1074,1071,1060
061,17,045,00000,84064,00000,0,A,Young America township,Illinois,726,726,723,718,708,700,696,685,677,673,672,663
071,17,045,36568,84064,00000,1,A,Hume village (pt.),Illinois,371,372,371,368,362,358,356,350,347,345,344,339
071,17,045,48632,84064,00000,1,A,Metcalf village,Illinois,189,188,187,186,184,182,181,178,174,173,173,171
071,17,045,99990,84064,00000,1,F,Balance of Young America township,Illinois,166,166,165,164,162,160,159,157,156,155,155,153
050,17,047,00000,00000,00000,0,A,Edwards County,Illinois,6721,6721,6734,6669,6721,6687,6628,6511,6536,6448,6387,6395
157,17,047,00568,00000,00000,1,A,Albion city,Illinois,1988,2003,2006,1986,2002,1992,1973,1938,1943,1915,1895,1899
157,17,047,07224,00000,00000,1,A,Bone Gap village,Illinois,246,246,246,244,246,244,242,238,239,236,233,234
157,17,047,08979,00000,00000,1,A,Browns village,Illinois,134,134,134,133,134,133,132,131,132,130,129,129
157,17,047,31165,00000,00000,1,A,Grayville city (pt.),Illinois,736,736,737,730,735,732,725,712,716,708,705,704
157,17,047,80853,00000,00000,1,A,West Salem village,Illinois,897,897,899,890,896,892,885,868,871,858,849,851
157,17,047,99990,00000,00000,1,F,Balance of Edwards County,Illinois,2720,2705,2712,2686,2708,2694,2671,2624,2635,2601,2576,2578
050,17,049,00000,00000,00000,0,A,Effingham County,Illinois,34242,34246,34224,34270,34273,34217,34122,34202,34170,34123,34181,34008
157,17,049,01049,00000,00000,0,A,Altamont city,Illinois,2319,2322,2323,2315,2314,2307,2297,2303,2295,2290,2291,2339
157,17,049,04598,00000,00000,0,A,Beecher City village,Illinois,463,461,460,457,456,455,453,453,454,455,457,453
157,17,049,19915,00000,00000,0,A,Dieterich village,Illinois,617,617,616,611,610,609,606,607,605,600,600,595
157,17,049,22567,00000,00000,0,A,Edgewood village,Illinois,440,444,443,440,439,438,436,437,435,434,434,430
157,17,049,22736,00000,00000,0,A,Effingham city,Illinois,12328,12340,12337,12514,12526,12511,12492,12524,12567,12569,12605,12511
157,17,049,47449,00000,00000,0,A,Mason town,Illinois,345,345,344,342,341,341,339,341,340,339,339,336
157,17,049,50283,00000,00000,0,A,Montrose village (pt.),Illinois,199,199,199,197,197,197,196,196,195,194,194,193
157,17,049,69797,00000,00000,0,A,Shumway village,Illinois,202,201,201,199,199,198,198,198,197,196,196,195
157,17,049,74743,00000,00000,0,A,Teutopolis village,Illinois,1530,1537,1544,1543,1554,1564,1570,1578,1577,1591,1617,1642
157,17,049,79241,00000,00000,0,A,Watson village,Illinois,754,754,753,747,746,745,742,745,742,739,739,732
157,17,049,99990,00000,00000,0,F,Balance of Effingham County,Illinois,15045,15026,15004,14905,14891,14852,14793,14820,14763,14716,14709,14582
061,17,049,00000,03558,00000,0,A,Banner township,Illinois,456,463,463,459,458,457,456,456,454,452,454,449
071,17,049,69797,03558,00000,1,A,Shumway village,Illinois,202,201,201,199,199,198,198,198,197,196,196,195
071,17,049,99990,03558,00000,1,F,Balance of Banner township,Illinois,254,262,262,260,259,259,258,258,257,256,258,254
061,17,049,00000,06145,00000,0,A,Bishop township,Illinois,1408,1407,1405,1394,1392,1389,1382,1387,1379,1375,1374,1363
071,17,049,19915,06145,00000,1,A,Dieterich village,Illinois,617,617,616,611,610,609,606,607,605,600,600,595
071,17,049,99990,06145,00000,1,F,Balance of Bishop township,Illinois,791,790,789,783,782,780,776,780,774,775,774,768
061,17,049,00000,20474,00000,0,A,Douglas township,Illinois,12604,12603,12598,12757,12770,12748,12730,12755,12794,12789,12818,12720
071,17,049,22736,20474,00000,1,A,Effingham city (pt.),Illinois,11695,11697,11693,11859,11871,11853,11837,11861,11903,11901,11931,11840
071,17,049,99990,20474,00000,1,F,Balance of Douglas township,Illinois,909,906,905,898,899,895,893,894,891,888,887,880
061,17,049,00000,38063,00000,0,A,Jackson township,Illinois,1215,1217,1215,1209,1207,1204,1201,1202,1201,1196,1196,1185
071,17,049,79241,38063,00000,1,A,Watson village (pt.),Illinois,23,23,23,23,23,23,23,23,23,22,23,22
071,17,049,99990,38063,00000,1,F,Balance of Jackson township,Illinois,1192,1194,1192,1186,1184,1181,1178,1179,1178,1174,1173,1163
061,17,049,00000,43159,00000,0,A,Liberty township,Illinois,764,764,762,757,758,754,751,753,753,753,755,749
071,17,049,04598,43159,00000,1,A,Beecher City village,Illinois,463,461,460,457,456,455,453,453,454,455,457,453
071,17,049,99990,43159,00000,1,F,Balance of Liberty township,Illinois,301,303,302,300,302,299,298,300,299,298,298,296
061,17,049,00000,45161,00000,1,A,Lucas township,Illinois,495,495,494,491,490,489,487,487,485,484,483,479
061,17,049,00000,47462,00000,0,A,Mason township,Illinois,1364,1367,1364,1355,1352,1350,1341,1344,1339,1332,1332,1321
071,17,049,22567,47462,00000,1,A,Edgewood village,Illinois,440,444,443,440,439,438,436,437,435,434,434,430
071,17,049,47449,47462,00000,1,A,Mason town,Illinois,345,345,344,342,341,341,339,341,340,339,339,336
071,17,049,99990,47462,00000,1,F,Balance of Mason township,Illinois,579,578,577,573,572,571,566,566,564,559,559,555
061,17,049,00000,49763,00000,1,A,Moccasin township,Illinois,484,484,483,480,479,478,476,476,472,471,471,467
061,17,049,00000,50725,00000,0,A,Mound township,Illinois,3648,3646,3645,3627,3626,3617,3601,3610,3598,3589,3589,3624
071,17,049,01049,50725,00000,1,A,Altamont city,Illinois,2319,2322,2323,2315,2314,2307,2297,2303,2295,2290,2291,2339
071,17,049,99990,50725,00000,1,F,Balance of Mound township,Illinois,1329,1324,1322,1312,1312,1310,1304,1307,1303,1299,1298,1285
061,17,049,00000,66807,00000,0,A,St. Francis township,Illinois,1213,1206,1207,1197,1199,1197,1191,1192,1187,1186,1188,1181
071,17,049,50283,66807,00000,1,A,Montrose village (pt.),Illinois,199,199,199,197,197,197,196,196,195,194,194,193
071,17,049,74743,66807,00000,1,A,Teutopolis village (pt.),Illinois,134,136,138,137,137,140,139,139,138,141,143,145
071,17,049,99990,66807,00000,1,F,Balance of St. Francis township,Illinois,880,871,870,863,865,860,856,857,854,851,851,843
061,17,049,00000,73651,00000,0,A,Summit township,Illinois,3584,3576,3572,3549,3545,3539,3523,3533,3517,3506,3507,3475
071,17,049,22736,73651,00000,1,A,Effingham city (pt.),Illinois,27,29,29,29,29,31,28,31,28,28,31,30
071,17,049,99990,73651,00000,1,F,Balance of Summit township,Illinois,3557,3547,3543,3520,3516,3508,3495,3502,3489,3478,3476,3445
061,17,049,00000,74756,00000,0,A,Teutopolis township,Illinois,2605,2617,2620,2616,2624,2629,2631,2643,2638,2645,2668,2682
071,17,049,22736,74756,00000,1,A,Effingham city (pt.),Illinois,212,222,222,225,224,224,223,226,225,227,226,225
071,17,049,74743,74756,00000,1,A,Teutopolis village (pt.),Illinois,1396,1401,1406,1406,1417,1424,1431,1439,1439,1450,1474,1497
071,17,049,99990,74756,00000,1,F,Balance of Teutopolis township,Illinois,997,994,992,985,983,981,977,978,974,968,968,960
061,17,049,00000,76654,00000,1,A,Union township,Illinois,742,739,738,735,734,732,731,734,732,732,731,728
061,17,049,00000,79254,00000,0,A,Watson township,Illinois,3193,3195,3192,3181,3177,3173,3162,3171,3163,3157,3159,3133
071,17,049,22736,79254,00000,1,A,Effingham city (pt.),Illinois,394,392,393,401,402,403,404,406,411,413,417,416
071,17,049,79241,79254,00000,1,A,Watson village (pt.),Illinois,731,731,730,724,723,722,719,722,719,717,716,710
071,17,049,99990,79254,00000,1,F,Balance of Watson township,Illinois,2068,2072,2069,2056,2052,2048,2039,2043,2033,2027,2026,2007
061,17,049,00000,79891,00000,1,A,West township,Illinois,467,467,466,463,462,461,459,459,458,456,456,452
050,17,051,00000,00000,00000,0,A,Fayette County,Illinois,22140,22142,22131,22378,22163,22195,22076,22036,21570,21514,21368,21336
157,17,051,06028,00000,00000,0,A,Bingham village,Illinois,83,83,83,83,83,83,82,82,81,81,80,80
157,17,051,08992,00000,00000,0,A,Brownstown village,Illinois,759,757,756,758,754,752,750,746,738,736,731,727
157,17,051,25375,00000,00000,0,A,Farina village (pt.),Illinois,518,518,518,519,516,516,513,512,506,503,501,499
157,17,051,62627,00000,00000,0,A,Ramsey village,Illinois,1037,1042,1041,1046,1040,1041,1034,1032,1023,1021,1013,1011
157,17,051,66794,00000,00000,0,A,St. Elmo city,Illinois,1426,1461,1460,1463,1452,1452,1438,1434,1419,1415,1403,1403
157,17,051,67132,00000,00000,0,A,St. Peter village,Illinois,359,355,355,355,353,354,349,351,345,344,341,341
157,17,051,77317,00000,00000,0,A,Vandalia city,Illinois,7042,7037,7033,7239,7101,7121,7102,7069,6762,6742,6696,6684
157,17,051,99990,00000,00000,0,F,Balance of Fayette County,Illinois,10916,10889,10885,10915,10864,10876,10808,10810,10696,10672,10603,10591
061,17,051,00000,03155,00000,0,A,Avena township,Illinois,2010,2010,2008,2013,1998,1999,1979,1977,1956,1948,1934,1934
071,17,051,66794,03155,00000,1,A,St. Elmo city,Illinois,1426,1461,1460,1463,1452,1452,1438,1434,1419,1415,1403,1403
071,17,051,99990,03155,00000,1,F,Balance of Avena township,Illinois,584,549,548,550,546,547,541,543,537,533,531,531
061,17,051,00000,04377,00000,0,A,Bear Grove township,Illinois,599,599,598,600,596,597,593,592,583,582,578,577
071,17,051,77317,04377,00000,1,A,Vandalia city (pt.),Illinois,3,3,3,3,3,3,3,3,3,3,3,3
071,17,051,99990,04377,00000,1,F,Balance of Bear Grove township,Illinois,596,596,595,597,593,594,590,589,580,579,575,574
061,17,051,00000,07562,00000,1,A,Bowling Green township,Illinois,457,457,457,458,457,458,455,454,451,450,446,446
061,17,051,00000,11501,00000,1,A,Carson township,Illinois,141,141,141,141,140,141,140,139,138,137,136,136
061,17,051,00000,36802,00000,1,A,Hurricane township,Illinois,257,257,257,257,256,256,255,254,251,251,249,248
061,17,051,00000,39116,00000,1,A,Kaskaskia township,Illinois,650,637,636,638,634,635,631,632,625,623,619,618
061,17,051,00000,40533,00000,0,A,La Clede township,Illinois,909,909,909,910,908,908,903,901,891,889,884,882
071,17,051,25375,40533,00000,1,A,Farina village (pt.),Illinois,518,518,518,519,516,516,513,512,506,503,501,499
071,17,051,99990,40533,00000,1,F,Balance of La Clede township,Illinois,391,391,391,391,392,392,390,389,385,386,383,383
061,17,051,00000,44459,00000,0,A,Lone Grove township,Illinois,656,656,656,656,653,654,647,649,639,638,632,630
071,17,051,67132,44459,00000,1,A,St. Peter village,Illinois,359,355,355,355,353,354,349,351,345,344,341,341
071,17,051,99990,44459,00000,1,F,Balance of Lone Grove township,Illinois,297,301,301,301,300,300,298,298,294,294,291,289
061,17,051,00000,44901,00000,1,A,Loudon township,Illinois,954,954,955,957,954,955,952,952,944,944,939,937
061,17,051,00000,56913,00000,0,A,Otego township,Illinois,1511,1511,1512,1515,1509,1510,1503,1502,1488,1484,1477,1475
071,17,051,08992,56913,00000,1,A,Brownstown village (pt.),Illinois,742,742,741,743,739,737,735,731,723,721,716,713
071,17,051,99990,56913,00000,1,F,Balance of Otego township,Illinois,769,769,771,772,770,773,768,771,765,763,761,762
061,17,051,00000,61106,00000,1,A,Pope township,Illinois,213,218,218,218,217,217,216,216,213,213,211,211
061,17,051,00000,62640,00000,0,A,Ramsey township,Illinois,1851,1853,1851,1858,1847,1849,1835,1834,1814,1810,1796,1793
071,17,051,62627,62640,00000,1,A,Ramsey village,Illinois,1037,1042,1041,1046,1040,1041,1034,1032,1023,1021,1013,1011
071,17,051,99990,62640,00000,1,F,Balance of Ramsey township,Illinois,814,811,810,812,807,808,801,802,791,789,783,782
061,17,051,00000,68549,00000,0,A,Sefton township,Illinois,599,599,598,600,596,597,593,592,586,585,580,578
071,17,051,08992,68549,00000,1,A,Brownstown village (pt.),Illinois,17,15,15,15,15,15,15,15,15,15,15,14
071,17,051,99990,68549,00000,1,F,Balance of Sefton township,Illinois,582,584,583,585,581,582,578,577,571,570,565,564
061,17,051,00000,68601,00000,1,A,Seminary township,Illinois,498,506,506,509,506,507,503,505,499,500,496,498
061,17,051,00000,68926,00000,1,A,Shafter township,Illinois,485,485,485,486,483,483,480,479,476,473,469,469
061,17,051,00000,69017,00000,0,A,Sharon township,Illinois,2441,2441,2440,2641,2533,2547,2566,2543,2291,2288,2282,2280
071,17,051,77317,69017,00000,1,A,Vandalia city (pt.),Illinois,1508,1508,1508,1705,1602,1615,1640,1616,1374,1374,1375,1374
071,17,051,99990,69017,00000,1,F,Balance of Sharon township,Illinois,933,933,932,936,931,932,926,927,917,914,907,906
061,17,051,00000,70876,00000,0,A,South Hurricane township,Illinois,308,308,308,308,307,307,305,304,301,300,298,297
071,17,051,06028,70876,00000,1,A,Bingham village,Illinois,83,83,83,83,83,83,82,82,81,81,80,80
071,17,051,99990,70876,00000,1,F,Balance of South Hurricane township,Illinois,225,225,225,225,224,224,223,222,220,219,218,217
061,17,051,00000,77330,00000,0,A,Vandalia township,Illinois,6629,6629,6624,6638,6599,6605,6556,6547,6470,6448,6395,6382
071,17,051,77317,77330,00000,1,A,Vandalia city (pt.),Illinois,5531,5526,5522,5531,5496,5503,5459,5450,5385,5365,5318,5307
071,17,051,99990,77330,00000,1,F,Balance of Vandalia township,Illinois,1098,1103,1102,1107,1103,1102,1097,1097,1085,1083,1077,1075
061,17,051,00000,81022,00000,1,A,Wheatland township,Illinois,467,467,467,469,467,467,464,465,460,459,458,457
061,17,051,00000,81568,00000,1,A,Wilberton township,Illinois,505,505,505,506,503,503,500,499,494,492,489,488
050,17,053,00000,00000,00000,0,A,Ford County,Illinois,14081,14081,14081,13881,13879,13672,13540,13529,13352,13298,13212,12961
157,17,053,10292,00000,00000,0,A,Cabery village (pt.),Illinois,178,178,178,175,175,172,169,169,169,166,167,163
157,17,053,23425,00000,00000,0,A,Elliott village,Illinois,295,296,296,292,291,286,281,281,278,277,274,269
157,17,053,29125,00000,00000,0,A,Gibson City city,Illinois,3407,3411,3413,3369,3368,3315,3353,3353,3317,3311,3289,3233
157,17,053,39441,00000,00000,0,A,Kempton village,Illinois,231,227,227,223,223,219,216,215,213,212,210,206
157,17,053,48268,00000,00000,0,A,Melvin village,Illinois,452,452,452,445,445,437,432,431,424,422,419,410
157,17,053,58239,00000,00000,0,A,Paxton city,Illinois,4473,4506,4506,4440,4444,4390,4315,4309,4248,4233,4212,4125
157,17,053,60079,00000,00000,0,A,Piper City village,Illinois,826,839,838,825,824,810,794,791,779,775,767,750
157,17,053,64655,00000,00000,0,A,Roberts village,Illinois,362,362,362,357,356,350,344,346,339,336,335,329
157,17,053,69810,00000,00000,0,A,Sibley village,Illinois,272,279,279,275,275,270,265,265,262,259,257,252
157,17,053,99990,00000,00000,0,F,Balance of Ford County,Illinois,3585,3531,3530,3480,3478,3423,3371,3369,3323,3307,3282,3224
061,17,053,00000,07978,00000,0,A,Brenton township,Illinois,973,973,972,957,956,939,921,918,905,900,891,874
071,17,053,60079,07978,00000,1,A,Piper City village (pt.),Illinois,784,797,796,784,783,769,754,751,740,736,728,714
071,17,053,99990,07978,00000,1,F,Balance of Brenton township,Illinois,189,176,176,173,173,170,167,167,165,164,163,160
061,17,053,00000,10214,00000,1,A,Button township,Illinois,281,281,281,277,276,272,267,267,264,262,260,255
061,17,053,00000,20110,00000,0,A,Dix township,Illinois,642,642,642,633,631,621,612,612,602,598,594,583
071,17,053,23425,20110,00000,1,A,Elliott village,Illinois,295,296,296,292,291,286,281,281,278,277,274,269
071,17,053,99990,20110,00000,1,F,Balance of Dix township,Illinois,347,346,346,341,340,335,331,331,324,321,320,314
061,17,053,00000,20799,00000,0,A,Drummer township,Illinois,4023,4023,4025,3972,3971,3908,3939,3938,3895,3885,3860,3794
071,17,053,29125,20799,00000,1,A,Gibson City city,Illinois,3407,3411,3413,3369,3368,3315,3353,3353,3317,3311,3289,3233
071,17,053,99990,20799,00000,1,F,Balance of Drummer township,Illinois,616,612,612,603,603,593,586,585,578,574,571,561
061,17,053,00000,45252,00000,0,A,Lyman township,Illinois,518,518,518,511,510,501,492,494,485,482,479,471
071,17,053,64655,45252,00000,1,A,Roberts village,Illinois,362,362,362,357,356,350,344,346,339,336,335,329
071,17,053,99990,45252,00000,1,F,Balance of Lyman township,Illinois,156,156,156,154,154,151,148,148,146,146,144,142
061,17,053,00000,49919,00000,0,A,Mona township,Illinois,334,334,334,329,328,323,317,317,313,312,309,303
071,17,053,39441,49919,00000,1,A,Kempton village (pt.),Illinois,177,175,175,172,172,169,166,166,164,163,162,159
071,17,053,99990,49919,00000,1,F,Balance of Mona township,Illinois,157,159,159,157,156,154,151,151,149,149,147,144
061,17,053,00000,58122,00000,0,A,Patton township,Illinois,5358,5358,5357,5280,5286,5219,5132,5126,5055,5037,5010,4911
071,17,053,58239,58122,00000,1,A,Paxton city,Illinois,4473,4506,4506,4440,4444,4390,4315,4309,4248,4233,4212,4125
071,17,053,99990,58122,00000,1,F,Balance of Patton township,Illinois,885,852,851,840,842,829,817,817,807,804,798,786
061,17,053,00000,58317,00000,0,A,Peach Orchard township,Illinois,608,608,608,599,599,588,580,579,570,568,563,551
071,17,053,48268,58317,00000,1,A,Melvin village,Illinois,452,452,452,445,445,437,432,431,424,422,419,410
071,17,053,99990,58317,00000,1,F,Balance of Peach Orchard township,Illinois,156,156,156,154,154,151,148,148,146,146,144,141
061,17,053,00000,58512,00000,0,A,Pella township,Illinois,176,176,176,173,173,171,167,167,165,164,163,158
071,17,053,60079,58512,00000,1,A,Piper City village (pt.),Illinois,42,42,42,41,41,41,40,40,39,39,39,36
071,17,053,99990,58512,00000,1,F,Balance of Pella township,Illinois,134,134,134,132,132,130,127,127,126,125,124,122
061,17,053,00000,65273,00000,0,A,Rogers township,Illinois,449,449,449,442,441,434,429,428,423,420,418,409
071,17,053,10292,65273,00000,1,A,Cabery village (pt.),Illinois,178,178,178,175,175,172,169,169,169,166,167,163
071,17,053,39441,65273,00000,1,A,Kempton village (pt.),Illinois,54,52,52,51,51,50,50,49,49,49,48,47
071,17,053,99990,65273,00000,1,F,Balance of Rogers township,Illinois,217,219,219,216,215,212,210,210,205,205,203,199
061,17,053,00000,73521,00000,0,A,Sullivant township,Illinois,510,510,510,502,502,494,485,484,479,475,471,462
071,17,053,69810,73521,00000,1,A,Sibley village,Illinois,272,279,279,275,275,270,265,265,262,259,257,252
071,17,053,99990,73521,00000,1,F,Balance of Sullivant township,Illinois,238,231,231,227,227,224,220,219,217,216,214,210
061,17,053,00000,78474,00000,1,A,Wall township,Illinois,209,209,209,206,206,202,199,199,196,195,194,190
050,17,055,00000,00000,00000,0,A,Franklin County,Illinois,39561,39996,40035,40033,39865,39555,39446,39383,39075,38995,38695,38469
157,17,055,05300,00000,00000,0,A,Benton city,Illinois,7087,7079,7085,7084,7056,7003,6990,6984,6935,6932,6891,6851
157,17,055,09330,00000,00000,0,A,Buckner village,Illinois,462,460,460,460,458,455,452,452,449,448,442,440
157,17,055,14286,00000,00000,0,A,Christopher city,Illinois,2382,2847,2850,2849,2834,2806,2799,2793,2768,2759,2734,2717
157,17,055,24673,00000,00000,0,A,Ewing village,Illinois,307,307,307,307,306,304,303,303,301,300,298,296
157,17,055,27858,00000,00000,0,A,Freeman Spur village (pt.),Illinois,125,127,127,127,127,126,125,125,124,124,123,123
157,17,055,32616,00000,00000,0,A,Hanaford village,Illinois,327,327,327,329,328,326,325,327,324,324,323,322
157,17,055,45642,00000,00000,0,A,Macedonia village (pt.),Illinois,34,34,34,34,34,34,34,36,36,36,36,35
157,17,055,53585,00000,00000,0,A,North City village,Illinois,608,588,589,589,586,582,581,580,578,577,572,569
157,17,055,56536,00000,00000,0,A,Orient city,Illinois,358,358,358,358,357,354,354,351,349,348,345,343
157,17,055,66209,00000,00000,0,A,Royalton village,Illinois,1151,1151,1152,1154,1147,1141,1141,1140,1129,1127,1124,1117
157,17,055,68705,00000,00000,0,A,Sesser city,Illinois,1931,1932,1934,1933,1924,1910,1904,1902,1888,1885,1870,1860
157,17,055,75159,00000,00000,0,A,Thompsonville village,Illinois,543,543,543,546,541,539,536,538,534,531,529,526
157,17,055,77148,00000,00000,0,A,Valier village,Illinois,669,669,669,669,664,659,659,656,648,647,642,637
157,17,055,80073,00000,00000,0,A,West City village,Illinois,661,661,662,663,661,656,653,652,649,646,641,638
157,17,055,80333,00000,00000,0,A,West Frankfort city,Illinois,8182,8181,8187,8179,8136,8071,8042,8022,7956,7939,7871,7823
157,17,055,84155,00000,00000,0,A,Zeigler city,Illinois,1801,1801,1803,1798,1789,1772,1766,1761,1745,1740,1722,1712
157,17,055,99990,00000,00000,0,F,Balance of Franklin County,Illinois,12933,12931,12948,12954,12917,12817,12782,12761,12662,12632,12532,12460
061,17,055,00000,03818,00000,0,A,Barren township,Illinois,496,496,496,496,497,493,492,492,488,489,485,483
071,17,055,68705,03818,00000,1,A,Sesser city (pt.),Illinois,2,2,2,2,2,2,2,2,2,2,2,2
071,17,055,99990,03818,00000,1,F,Balance of Barren township,Illinois,494,494,494,494,495,491,490,490,486,487,483,481
061,17,055,00000,05313,00000,0,A,Benton township,Illinois,8972,8976,8986,8987,8951,8887,8868,8860,8796,8790,8737,8684
071,17,055,05300,05313,00000,1,A,Benton city (pt.),Illinois,6855,6848,6854,6853,6826,6775,6762,6756,6708,6706,6667,6626
071,17,055,32616,05313,00000,1,A,Hanaford village,Illinois,327,327,327,329,328,326,325,327,324,324,323,322
071,17,055,99990,05313,00000,1,F,Balance of Benton township,Illinois,1790,1801,1805,1805,1797,1786,1781,1777,1764,1760,1747,1736
061,17,055,00000,08940,00000,0,A,Browning township,Illinois,2450,2444,2446,2447,2440,2419,2411,2407,2389,2385,2363,2350
071,17,055,05300,08940,00000,1,A,Benton city (pt.),Illinois,63,63,63,63,63,62,62,62,62,62,61,61
071,17,055,09330,08940,00000,1,A,Buckner village,Illinois,462,460,460,460,458,455,452,452,449,448,442,440
071,17,055,14286,08940,00000,1,A,Christopher city (pt.),Illinois,47,51,51,51,51,50,50,50,50,50,49,49
071,17,055,77148,08940,00000,1,A,Valier village (pt.),Illinois,171,169,169,169,168,167,167,167,163,165,164,163
071,17,055,80073,08940,00000,1,A,West City village,Illinois,661,661,662,663,661,656,653,652,649,646,641,638
071,17,055,99990,08940,00000,1,F,Balance of Browning township,Illinois,1046,1040,1041,1041,1039,1029,1027,1024,1016,1014,1006,999
061,17,055,00000,11813,00000,0,A,Cave township,Illinois,1756,1756,1759,1762,1754,1743,1738,1739,1726,1723,1711,1703
071,17,055,75159,11813,00000,1,A,Thompsonville village,Illinois,543,543,543,546,541,539,536,538,534,531,529,526
071,17,055,99990,11813,00000,1,F,Balance of Cave township,Illinois,1213,1213,1216,1216,1213,1204,1202,1201,1192,1192,1182,1177
061,17,055,00000,19421,00000,0,A,Denning township,Illinois,5202,5204,5209,5205,5183,5141,5123,5110,5068,5054,5010,4980
071,17,055,27858,19421,00000,1,A,Freeman Spur village (pt.),Illinois,125,127,127,127,127,126,125,125,124,124,123,123
071,17,055,56536,19421,00000,1,A,Orient city,Illinois,358,358,358,358,357,354,354,351,349,348,345,343
071,17,055,80333,19421,00000,1,A,West Frankfort city (pt.),Illinois,2852,2849,2852,2849,2833,2811,2799,2793,2770,2763,2739,2722
071,17,055,99990,19421,00000,1,F,Balance of Denning township,Illinois,1867,1870,1872,1871,1866,1850,1845,1841,1825,1819,1803,1792
061,17,055,00000,21735,00000,1,A,Eastern township,Illinois,582,582,583,585,582,578,577,577,572,571,567,564
061,17,055,00000,24686,00000,0,A,Ewing township,Illinois,1345,1345,1346,1346,1340,1331,1326,1326,1316,1310,1301,1293
071,17,055,05300,24686,00000,1,A,Benton city (pt.),Illinois,169,168,168,168,167,166,166,166,165,164,163,164
071,17,055,24673,24686,00000,1,A,Ewing village,Illinois,307,307,307,307,306,304,303,303,301,300,298,296
071,17,055,99990,24686,00000,1,F,Balance of Ewing township,Illinois,869,870,871,871,867,861,857,857,850,846,840,833
061,17,055,00000,27611,00000,0,A,Frankfort township,Illinois,7029,7031,7036,7030,6996,6939,6914,6897,6839,6821,6762,6721
071,17,055,80333,27611,00000,1,A,West Frankfort city (pt.),Illinois,5330,5332,5335,5330,5303,5260,5243,5229,5186,5176,5132,5101
071,17,055,99990,27611,00000,1,F,Balance of Frankfort township,Illinois,1699,1699,1701,1700,1693,1679,1671,1668,1653,1645,1630,1620
061,17,055,00000,30406,00000,0,A,Goode township,Illinois,2715,2715,2718,2719,2709,2687,2682,2679,2659,2655,2636,2622
071,17,055,68705,30406,00000,1,A,Sesser city (pt.),Illinois,1929,1930,1932,1931,1922,1908,1902,1900,1886,1883,1868,1858
071,17,055,99990,30406,00000,1,F,Balance of Goode township,Illinois,786,785,786,788,787,779,780,779,773,772,768,764
061,17,055,00000,53637,00000,0,A,Northern township,Illinois,476,476,476,476,477,474,473,472,469,468,465,462
071,17,055,45642,53637,00000,1,A,Macedonia village (pt.),Illinois,34,34,34,34,34,34,34,36,36,36,36,35
071,17,055,99990,53637,00000,1,F,Balance of Northern township,Illinois,442,442,442,442,443,440,439,436,433,432,429,427
061,17,055,00000,70070,00000,0,A,Six Mile township,Illinois,3885,3885,3889,3888,3871,3841,3833,3826,3795,3786,3760,3738
071,17,055,66209,70070,00000,1,A,Royalton village,Illinois,1151,1151,1152,1154,1147,1141,1141,1140,1129,1127,1124,1117
071,17,055,84155,70070,00000,1,A,Zeigler city,Illinois,1801,1801,1803,1798,1789,1772,1766,1761,1745,1740,1722,1712
071,17,055,99990,70070,00000,1,F,Balance of Six Mile township,Illinois,933,933,934,936,935,928,926,925,921,919,914,909
061,17,055,00000,76576,00000,0,A,Tyrone township,Illinois,4653,5086,5091,5092,5065,5022,5009,4998,4958,4943,4898,4869
071,17,055,14286,76576,00000,1,A,Christopher city (pt.),Illinois,2335,2796,2799,2798,2783,2756,2749,2743,2718,2709,2685,2668
071,17,055,53585,76576,00000,1,A,North City village,Illinois,608,588,589,589,586,582,581,580,578,577,572,569
071,17,055,77148,76576,00000,1,A,Valier village (pt.),Illinois,498,500,500,500,496,492,492,489,485,482,478,474
071,17,055,99990,76576,00000,1,F,Balance of Tyrone township,Illinois,1212,1202,1203,1205,1200,1192,1187,1186,1177,1175,1163,1158
050,17,057,00000,00000,00000,0,A,Fulton County,Illinois,37069,37071,37076,36910,36587,36323,35995,35713,35473,35104,34830,34340
157,17,057,02635,00000,00000,0,A,Astoria town,Illinois,1141,1141,1141,1136,1125,1111,1101,1090,1081,1067,1055,1036
157,17,057,03207,00000,00000,0,A,Avon village (pt.),Illinois,797,797,797,791,781,771,762,753,747,735,726,712
157,17,057,03571,00000,00000,0,A,Banner village,Illinois,189,189,189,190,188,186,187,185,185,183,183,182
157,17,057,09161,00000,00000,0,A,Bryant village,Illinois,220,222,222,221,221,220,218,218,216,215,215,213
157,17,057,11007,00000,00000,0,A,Canton city,Illinois,14704,14715,14714,14635,14489,14453,14286,14144,14024,13849,13710,13506
157,17,057,17991,00000,00000,0,A,Cuba city,Illinois,1294,1300,1301,1292,1277,1259,1246,1234,1221,1204,1190,1170
157,17,057,21098,00000,00000,0,A,Dunfermline village,Illinois,300,313,313,311,308,304,300,297,294,291,288,283
157,17,057,23529,00000,00000,0,A,Ellisville village,Illinois,96,96,96,96,95,96,95,94,93,92,93,92
157,17,057,25063,00000,00000,0,A,Fairview village,Illinois,522,522,522,519,512,505,501,494,492,484,479,471
157,17,057,25531,00000,00000,0,A,Farmington city (pt.),Illinois,2448,2442,2443,2425,2408,2375,2350,2329,2306,2279,2257,2223
157,17,057,37647,00000,00000,0,A,Ipava village,Illinois,470,470,470,470,463,455,451,445,442,434,429,421
157,17,057,43055,00000,00000,0,A,Lewistown city,Illinois,2384,2383,2384,2367,2340,2307,2285,2260,2240,2209,2182,2146
157,17,057,44121,00000,00000,0,A,Liverpool village,Illinois,129,129,129,128,129,127,126,125,126,124,125,123
157,17,057,44446,00000,00000,0,A,London Mills village (pt.),Illinois,383,383,383,383,380,377,376,374,373,371,371,367
157,17,057,46825,00000,00000,0,A,Marietta village,Illinois,112,113,113,112,111,112,111,110,109,110,108,109
157,17,057,53390,00000,00000,0,A,Norris village,Illinois,213,209,209,208,206,205,206,203,201,203,201,200
157,17,057,66768,00000,00000,0,A,St. David village,Illinois,589,590,590,585,579,569,565,557,553,544,538,527
157,17,057,70226,00000,00000,0,A,Smithfield village,Illinois,230,230,230,229,229,228,226,224,224,223,223,221
157,17,057,74301,00000,00000,0,A,Table Grove village,Illinois,416,418,418,418,414,413,410,406,401,395,388,383
157,17,057,77642,00000,00000,0,A,Vermont village,Illinois,667,667,667,666,663,657,653,652,650,648,647,640
157,17,057,99990,00000,00000,0,F,Balance of Fulton County,Illinois,9765,9742,9745,9728,9669,9593,9540,9519,9495,9444,9422,9315
061,17,057,00000,02648,00000,0,A,Astoria township,Illinois,1464,1464,1464,1457,1445,1427,1416,1405,1395,1379,1366,1344
071,17,057,02635,02648,00000,1,A,Astoria town,Illinois,1141,1141,1141,1136,1125,1111,1101,1090,1081,1067,1055,1036
071,17,057,99990,02648,00000,1,F,Balance of Astoria township,Illinois,323,323,323,321,320,316,315,315,314,312,311,308
061,17,057,00000,03584,00000,0,A,Banner township,Illinois,373,373,373,373,369,367,366,365,363,361,361,357
071,17,057,03571,03584,00000,1,A,Banner village,Illinois,189,189,189,190,188,186,187,185,185,183,183,182
071,17,057,99990,03584,00000,1,F,Balance of Banner township,Illinois,184,184,184,183,181,181,179,180,178,178,178,175
061,17,057,00000,05469,00000,1,A,Bernadotte township,Illinois,273,273,273,272,271,269,267,266,266,264,263,259
061,17,057,00000,09265,00000,0,A,Buckheart township,Illinois,1484,1487,1487,1500,1468,1528,1457,1423,1415,1399,1388,1366
071,17,057,09161,09265,00000,1,A,Bryant village,Illinois,220,222,222,221,221,220,218,218,216,215,215,213
071,17,057,11007,09265,00000,1,A,Canton city (pt.),Illinois,34,34,34,55,35,112,52,32,32,32,31,31
071,17,057,21098,09265,00000,1,A,Dunfermline village,Illinois,300,313,313,311,308,304,300,297,294,291,288,283
071,17,057,66768,09265,00000,1,A,St. David village,Illinois,589,590,590,585,579,569,565,557,553,544,538,527
071,17,057,99990,09265,00000,1,F,Balance of Buckheart township,Illinois,341,328,328,328,325,323,322,319,320,317,316,312
061,17,057,00000,11020,00000,0,A,Canton township,Illinois,15703,15697,15696,15596,15462,15343,15230,15105,14981,14802,14661,14448
071,17,057,11007,11020,00000,1,A,Canton city (pt.),Illinois,14670,14681,14680,14580,14454,14341,14234,14112,13992,13817,13679,13475
071,17,057,53390,11020,00000,1,A,Norris village (pt.),Illinois,86,82,82,82,81,82,81,80,79,80,79,78
071,17,057,99990,11020,00000,1,F,Balance of Canton township,Illinois,947,934,934,934,927,920,915,913,910,905,903,895
061,17,057,00000,11696,00000,0,A,Cass township,Illinois,622,622,622,621,618,614,608,608,606,603,601,595
071,17,057,70226,11696,00000,1,A,Smithfield village,Illinois,230,230,230,229,229,228,226,224,224,223,223,221
071,17,057,99990,11696,00000,1,F,Balance of Cass township,Illinois,392,392,392,392,389,386,382,384,382,380,378,374
061,17,057,00000,18979,00000,1,A,Deerfield township,Illinois,261,261,261,262,259,257,255,255,254,253,252,248
061,17,057,00000,23542,00000,0,A,Ellisville township,Illinois,155,155,155,155,153,153,152,150,151,149,149,147
071,17,057,23529,23542,00000,1,A,Ellisville village,Illinois,96,96,96,96,95,96,95,94,93,92,93,92
071,17,057,99990,23542,00000,1,F,Balance of Ellisville township,Illinois,59,59,59,59,58,57,57,56,58,57,56,55
061,17,057,00000,25076,00000,0,A,Fairview township,Illinois,698,698,698,694,687,678,673,666,663,654,650,639
071,17,057,25063,25076,00000,1,A,Fairview village,Illinois,522,522,522,519,512,505,501,494,492,484,479,471
071,17,057,99990,25076,00000,1,F,Balance of Fairview township,Illinois,176,176,176,175,175,173,172,172,171,170,171,168
061,17,057,00000,25427,00000,0,A,Farmers township,Illinois,397,399,399,399,395,394,391,387,384,379,374,369
071,17,057,74301,25427,00000,1,A,Table Grove village (pt.),Illinois,289,291,291,292,289,287,285,282,278,274,271,267
071,17,057,99990,25427,00000,1,F,Balance of Farmers township,Illinois,108,108,108,107,106,107,106,105,106,105,103,102
061,17,057,00000,25544,00000,0,A,Farmington township,Illinois,3350,3350,3351,3331,3308,3269,3242,3217,3192,3161,3138,3095
071,17,057,25531,25544,00000,1,A,Farmington city (pt.),Illinois,2448,2442,2443,2425,2408,2375,2350,2329,2306,2279,2257,2223
071,17,057,53390,25544,00000,1,A,Norris village (pt.),Illinois,127,127,127,126,125,123,125,123,122,123,122,122
071,17,057,99990,25544,00000,1,F,Balance of Farmington township,Illinois,775,781,781,780,775,771,767,765,764,759,759,750
061,17,057,00000,33110,00000,0,A,Harris township,Illinois,368,368,368,368,364,362,361,359,358,356,355,352
071,17,057,46825,33110,00000,1,A,Marietta village,Illinois,112,113,113,112,111,112,111,110,109,110,108,109
071,17,057,99990,33110,00000,1,F,Balance of Harris township,Illinois,256,255,255,256,253,250,250,249,249,246,247,243
061,17,057,00000,37842,00000,1,A,Isabel township,Illinois,192,192,192,191,189,189,187,188,186,186,186,183
061,17,057,00000,38713,00000,1,A,Joshua township,Illinois,510,510,510,510,507,503,501,499,497,495,495,489
061,17,057,00000,39714,00000,1,A,Kerton township,Illinois,121,121,121,120,119,119,118,117,117,117,116,116
061,17,057,00000,42574,00000,1,A,Lee township,Illinois,237,237,237,236,236,233,233,231,231,230,227,225
061,17,057,00000,43068,00000,0,A,Lewistown township,Illinois,3039,3038,3039,3021,2992,2953,2927,2901,2879,2844,2817,2775
071,17,057,43055,43068,00000,1,A,Lewistown city,Illinois,2384,2383,2384,2367,2340,2307,2285,2260,2240,2209,2182,2146
071,17,057,99990,43068,00000,1,F,Balance of Lewistown township,Illinois,655,655,655,654,652,646,642,641,639,635,635,629
061,17,057,00000,44134,00000,0,A,Liverpool township,Illinois,544,542,542,541,538,533,530,528,528,524,523,517
071,17,057,44121,44134,00000,1,A,Liverpool village,Illinois,129,129,129,128,129,127,126,125,126,124,125,123
071,17,057,99990,44134,00000,1,F,Balance of Liverpool township,Illinois,415,413,413,413,409,406,404,403,402,400,398,394
061,17,057,00000,56588,00000,1,A,Orion township,Illinois,1195,1195,1198,1194,1186,1178,1172,1168,1165,1160,1157,1145
061,17,057,00000,60430,00000,0,A,Pleasant township,Illinois,744,744,744,743,735,725,719,712,709,699,693,683
071,17,057,37647,60430,00000,1,A,Ipava village,Illinois,470,470,470,470,463,455,451,445,442,434,429,421
071,17,057,99990,60430,00000,1,F,Balance of Pleasant township,Illinois,274,274,274,273,272,270,268,267,267,265,264,262
061,17,057,00000,62276,00000,0,A,Putman township,Illinois,2137,2143,2144,2133,2114,2089,2073,2058,2043,2022,2007,1978
071,17,057,17991,62276,00000,1,A,Cuba city,Illinois,1294,1300,1301,1292,1277,1259,1246,1234,1221,1204,1190,1170
071,17,057,99990,62276,00000,1,F,Balance of Putman township,Illinois,843,843,843,841,837,830,827,824,822,818,817,808
061,17,057,00000,76667,00000,0,A,Union township,Illinois,1008,1008,1008,1001,991,978,968,959,951,939,930,912
071,17,057,03207,76667,00000,1,A,Avon village (pt.),Illinois,797,797,797,791,781,771,762,753,747,735,726,712
071,17,057,99990,76667,00000,1,F,Balance of Union township,Illinois,211,211,211,210,210,207,206,206,204,204,204,200
061,17,057,00000,77655,00000,0,A,Vermont township,Illinois,974,974,974,974,968,960,954,953,951,944,940,931
071,17,057,74301,77655,00000,1,A,Table Grove village (pt.),Illinois,127,127,127,126,125,126,125,124,123,121,117,116
071,17,057,77642,77655,00000,1,A,Vermont village,Illinois,667,667,667,666,663,657,653,652,650,648,647,640
071,17,057,99990,77655,00000,1,F,Balance of Vermont township,Illinois,180,180,180,182,180,177,176,177,178,175,176,175
061,17,057,00000,79137,00000,1,A,Waterford township,Illinois,187,187,187,186,186,184,182,183,181,181,181,178
061,17,057,00000,83089,00000,1,A,Woodland township,Illinois,415,415,415,415,413,410,408,407,405,404,404,399
061,17,057,00000,84077,00000,0,A,Young Hickory township,Illinois,618,618,618,617,614,608,605,603,602,599,596,590
071,17,057,44446,84077,00000,1,A,London Mills village (pt.),Illinois,383,383,383,383,380,377,376,374,373,371,371,367
071,17,057,99990,84077,00000,1,F,Balance of Young Hickory township,Illinois,235,235,235,234,234,231,229,229,229,228,225,223
050,17,059,00000,00000,00000,0,A,Gallatin County,Illinois,5589,5587,5573,5490,5390,5386,5278,5221,5157,5071,5045,4828
157,17,059,24348,00000,00000,0,A,Equality village,Illinois,595,595,595,587,576,576,565,558,551,544,541,518
157,17,059,38778,00000,00000,0,A,Junction village,Illinois,129,129,129,127,125,125,122,120,119,117,116,111
157,17,059,52506,00000,00000,0,A,New Haven village (pt.),Illinois,432,435,434,430,422,422,413,410,405,398,396,381
157,17,059,55756,00000,00000,0,A,Old Shawneetown village,Illinois,193,192,191,187,184,184,180,178,175,173,172,164
157,17,059,56003,00000,00000,0,A,Omaha village,Illinois,266,266,265,262,257,257,252,248,246,240,238,228
157,17,059,64018,00000,00000,0,A,Ridgway village,Illinois,869,869,866,856,838,836,820,810,800,785,781,747
157,17,059,69082,00000,00000,0,A,Shawneetown city,Illinois,1239,1244,1241,1224,1202,1201,1178,1164,1150,1130,1123,1077
157,17,059,99990,00000,00000,0,F,Balance of Gallatin County,Illinois,1866,1857,1852,1817,1786,1785,1748,1733,1711,1684,1678,1602
061,17,059,00000,02427,00000,1,A,Asbury township,Illinois,105,105,105,103,101,101,99,98,97,95,95,89
061,17,059,00000,07536,00000,1,A,Bowlesville township,Illinois,188,188,188,185,181,181,178,178,174,173,172,164
061,17,059,00000,21449,00000,1,A,Eagle Creek township,Illinois,187,187,187,184,181,180,177,175,173,170,171,163
061,17,059,00000,24361,00000,0,A,Equality township,Illinois,849,847,846,833,817,817,801,793,784,773,768,736
071,17,059,24348,24361,00000,1,A,Equality village,Illinois,595,595,595,587,576,576,565,558,551,544,541,518
071,17,059,99990,24361,00000,1,F,Balance of Equality township,Illinois,254,252,251,246,241,241,236,235,233,229,227,218
061,17,059,00000,30302,00000,0,A,Gold Hill township,Illinois,1708,1708,1704,1678,1648,1647,1612,1593,1574,1547,1537,1472
071,17,059,38778,30302,00000,1,A,Junction village,Illinois,129,129,129,127,125,125,122,120,119,117,116,111
071,17,059,69082,30302,00000,1,A,Shawneetown city,Illinois,1239,1244,1241,1224,1202,1201,1178,1164,1150,1130,1123,1077
071,17,059,99990,30302,00000,1,F,Balance of Gold Hill township,Illinois,340,335,334,327,321,321,312,309,305,300,298,284
061,17,059,00000,52519,00000,0,A,New Haven township,Illinois,478,478,477,472,464,464,454,450,445,437,435,418
071,17,059,52506,52519,00000,1,A,New Haven village (pt.),Illinois,432,435,434,430,422,422,413,410,405,398,396,381
071,17,059,99990,52519,00000,1,F,Balance of New Haven township,Illinois,46,43,43,42,42,42,41,40,40,39,39,37
061,17,059,00000,53702,00000,0,A,North Fork township,Illinois,408,408,406,398,389,389,382,378,372,367,365,349
071,17,059,64018,53702,00000,1,A,Ridgway village (pt.),Illinois,217,217,216,214,209,209,205,203,200,197,196,188
071,17,059,99990,53702,00000,1,F,Balance of North Fork township,Illinois,191,191,190,184,180,180,177,175,172,170,169,161
061,17,059,00000,56016,00000,0,A,Omaha township,Illinois,499,499,497,491,482,482,472,466,461,451,448,429
071,17,059,56003,56016,00000,1,A,Omaha village,Illinois,266,266,265,262,257,257,252,248,246,240,238,228
071,17,059,99990,56016,00000,1,F,Balance of Omaha township,Illinois,233,233,232,229,225,225,220,218,215,211,210,201
061,17,059,00000,64031,00000,0,A,Ridgway township,Illinois,937,937,934,922,906,904,887,877,867,851,848,811
071,17,059,64018,64031,00000,1,A,Ridgway village (pt.),Illinois,652,652,650,642,629,627,615,607,600,588,585,559
071,17,059,99990,64031,00000,1,F,Balance of Ridgway township,Illinois,285,285,284,280,277,277,272,270,267,263,263,252
061,17,059,00000,69069,00000,0,A,Shawnee township,Illinois,230,230,229,224,221,221,216,213,210,207,206,197
071,17,059,55756,69069,00000,1,A,Old Shawneetown village,Illinois,193,192,191,187,184,184,180,178,175,173,172,164
071,17,059,99990,69069,00000,1,F,Balance of Shawnee township,Illinois,37,38,38,37,37,37,36,35,35,34,34,33
050,17,061,00000,00000,00000,0,A,Greene County,Illinois,13886,13886,13890,13856,13656,13633,13415,13345,13123,13156,13065,12969
157,17,061,11462,00000,00000,0,A,Carrollton city,Illinois,2484,2484,2485,2477,2439,2434,2394,2419,2419,2428,2412,2398
157,17,061,23022,00000,00000,0,A,Eldred village,Illinois,201,201,201,201,198,197,194,192,188,189,188,186
157,17,061,31368,00000,00000,0,A,Greenfield city,Illinois,1071,1071,1072,1069,1051,1048,1031,1023,1003,1004,996,988
157,17,061,35203,00000,00000,0,A,Hillview village,Illinois,193,193,193,193,190,190,187,185,181,181,180,177
157,17,061,38869,00000,00000,0,A,Kane village,Illinois,438,438,438,437,431,430,423,419,411,410,407,404
157,17,061,64811,00000,00000,0,A,Rockbridge village,Illinois,169,169,169,169,166,166,163,162,158,159,158,157
157,17,061,65481,00000,00000,0,A,Roodhouse city,Illinois,1814,1814,1815,1810,1784,1782,1752,1737,1700,1703,1690,1677
157,17,061,81256,00000,00000,0,A,White Hall city,Illinois,2520,2520,2521,2515,2477,2473,2433,2412,2360,2365,2349,2329
157,17,061,82088,00000,00000,0,A,Wilmington village,Illinois,142,142,142,142,140,140,137,136,133,133,133,132
157,17,061,99990,00000,00000,0,F,Balance of Greene County,Illinois,4854,4854,4854,4843,4780,4773,4701,4660,4570,4584,4552,4521
061,17,061,00000,02700,00000,1,A,Athensville township,Illinois,343,343,343,342,339,339,334,330,326,327,324,322
061,17,061,00000,06860,00000,0,A,Bluffdale township,Illinois,556,556,556,555,547,544,535,530,519,521,515,511
071,17,061,23022,06860,00000,1,A,Eldred village,Illinois,201,201,201,201,198,197,194,192,188,189,188,186
071,17,061,99990,06860,00000,1,F,Balance of Bluffdale township,Illinois,355,355,355,354,349,347,341,338,331,332,327,325
061,17,061,00000,11475,00000,0,A,Carrollton township,Illinois,2966,2966,2967,2958,2913,2907,2860,2881,2871,2881,2862,2845
071,17,061,11462,11475,00000,1,A,Carrollton city,Illinois,2484,2484,2485,2477,2439,2434,2394,2419,2419,2428,2412,2398
071,17,061,99990,11475,00000,1,F,Balance of Carrollton township,Illinois,482,482,482,481,474,473,466,462,452,453,450,447
061,17,061,00000,38882,00000,0,A,Kane township,Illinois,995,995,995,993,979,975,959,950,931,932,925,918
071,17,061,38869,38882,00000,1,A,Kane village,Illinois,438,438,438,437,431,430,423,419,411,410,407,404
071,17,061,99990,38882,00000,1,F,Balance of Kane township,Illinois,557,557,557,556,548,545,536,531,520,522,518,514
061,17,061,00000,43809,00000,1,A,Linder township,Illinois,345,345,345,344,339,339,333,330,324,324,322,320
061,17,061,00000,58096,00000,0,A,Patterson township,Illinois,636,636,636,635,626,626,615,611,596,597,596,590
071,17,061,35203,58096,00000,1,A,Hillview village,Illinois,193,193,193,193,190,190,187,185,181,181,180,177
071,17,061,82088,58096,00000,1,A,Wilmington village,Illinois,142,142,142,142,140,140,137,136,133,133,133,132
071,17,061,99990,58096,00000,1,F,Balance of Patterson township,Illinois,301,301,301,300,296,296,291,290,282,283,283,281
061,17,061,00000,64824,00000,0,A,Rockbridge township,Illinois,1633,1633,1634,1630,1603,1602,1576,1564,1532,1537,1525,1514
071,17,061,31368,64824,00000,1,A,Greenfield city (pt.),Illinois,1069,1069,1070,1067,1049,1046,1029,1021,1001,1002,994,986
071,17,061,64811,64824,00000,1,A,Rockbridge village,Illinois,169,169,169,169,166,166,163,162,158,159,158,157
071,17,061,99990,64824,00000,1,F,Balance of Rockbridge township,Illinois,395,395,395,394,388,390,384,381,373,376,373,371
061,17,061,00000,65494,00000,0,A,Roodhouse township,Illinois,2241,2241,2242,2236,2204,2201,2165,2146,2103,2107,2091,2075
071,17,061,65481,65494,00000,1,A,Roodhouse city,Illinois,1814,1814,1815,1810,1784,1782,1752,1737,1700,1703,1690,1677
071,17,061,99990,65494,00000,1,F,Balance of Roodhouse township,Illinois,427,427,427,426,420,419,413,409,403,404,401,398
061,17,061,00000,66235,00000,0,A,Rubicon township,Illinois,345,345,345,344,339,339,334,330,324,325,325,322
071,17,061,31368,66235,00000,1,A,Greenfield city (pt.),Illinois,2,2,2,2,2,2,2,2,2,2,2,2
071,17,061,99990,66235,00000,1,F,Balance of Rubicon township,Illinois,343,343,343,342,337,337,332,328,322,323,323,320
061,17,061,00000,78461,00000,1,A,Walkerville township,Illinois,233,233,233,233,229,229,225,223,217,217,216,214
061,17,061,00000,81269,00000,0,A,White Hall township,Illinois,3040,3040,3041,3034,2994,2989,2944,2920,2862,2868,2850,2827
071,17,061,81256,81269,00000,1,A,White Hall city,Illinois,2520,2520,2521,2515,2477,2473,2433,2412,2360,2365,2349,2329
071,17,061,99990,81269,00000,1,F,Balance of White Hall township,Illinois,520,520,520,519,517,516,511,508,502,503,501,498
061,17,061,00000,83401,00000,1,A,Woodville township,Illinois,239,239,239,239,235,235,231,229,224,225,223,222
061,17,061,00000,83583,00000,1,A,Wrights township,Illinois,314,314,314,313,309,308,304,301,294,295,291,289
050,17,063,00000,00000,00000,0,A,Grundy County,Illinois,50063,50079,50154,50099,50160,50187,50287,50363,50317,50622,50973,51054
157,17,063,07640,00000,00000,0,A,Braceville village (pt.),Illinois,792,792,795,789,784,780,777,770,763,761,759,758
157,17,063,07770,00000,00000,0,A,Braidwood city (pt.),Illinois,A,5,5,5,5,5,5,5,5,5,5,5
157,17,063,11176,00000,00000,0,A,Carbon Hill village,Illinois,345,345,345,346,350,346,344,342,337,338,335,335
157,17,063,12476,00000,00000,0,A,Channahon village (pt.),Illinois,3215,3242,3247,3234,3227,3230,3225,3211,3197,3242,3313,3360
157,17,063,15170,00000,00000,0,A,Coal City village (pt.),Illinois,5585,5693,5696,5665,5644,5623,5596,5553,5498,5475,5457,5407
157,17,063,19837,00000,00000,0,A,Diamond village (pt.),Illinois,2508,2518,2520,2516,2512,2508,2501,2488,2479,2488,2496,2489
157,17,063,21358,00000,00000,0,A,Dwight village (pt.),Illinois,6,6,6,6,6,6,6,6,6,6,6,6
157,17,063,21579,00000,00000,0,A,East Brooklyn village,Illinois,106,110,110,110,109,109,106,108,104,104,104,105
157,17,063,28638,00000,00000,0,A,Gardner village,Illinois,1463,1463,1464,1458,1451,1442,1433,1422,1408,1401,1394,1381
157,17,063,30120,00000,00000,0,A,Godley village (pt.),Illinois,49,49,49,52,52,54,54,56,56,58,58,61
157,17,063,40143,00000,00000,0,A,Kinsman village,Illinois,99,99,99,99,98,98,97,97,94,94,98,97
157,17,063,47787,00000,00000,0,A,Mazon village,Illinois,1015,1015,1016,1009,1006,999,994,986,977,972,974,967
157,17,063,49607,00000,00000,0,A,Minooka village (pt.),Illinois,8270,8298,8318,8333,8385,8403,8433,8452,8450,8505,8510,8537
157,17,063,50491,00000,00000,0,A,Morris city,Illinois,13636,13639,13666,13697,13777,13880,14059,14265,14400,14656,14912,15053
157,17,063,68640,00000,00000,0,A,Seneca village (pt.),Illinois,6,6,6,6,6,6,6,6,6,6,6,6
157,17,063,71370,00000,00000,0,A,South Wilmington village,Illinois,681,681,682,676,674,669,666,660,656,652,648,644
157,17,063,77707,00000,00000,0,A,Verona village,Illinois,215,215,215,214,214,213,212,208,209,208,207,206
157,17,063,99990,00000,00000,0,F,Balance of Grundy County,Illinois,12072,11903,11915,11884,11860,11816,11773,11728,11672,11651,11691,11637
061,17,063,00000,03090,00000,0,A,Aux Sable township,Illinois,13061,13077,13106,13108,13151,13170,13190,13193,13176,13279,13366,13437
071,17,063,12476,03090,00000,1,A,Channahon village (pt.),Illinois,3215,3242,3247,3234,3227,3230,3225,3211,3197,3242,3313,3360
071,17,063,49607,03090,00000,1,A,Minooka village (pt.),Illinois,8270,8298,8318,8333,8385,8403,8433,8452,8450,8505,8510,8537
071,17,063,99990,03090,00000,1,F,Balance of Aux Sable township,Illinois,1576,1537,1541,1541,1539,1537,1532,1530,1529,1532,1543,1540
061,17,063,00000,07653,00000,0,A,Braceville township,Illinois,6467,6467,6474,6447,6429,6407,6380,6342,6292,6282,6277,6239
071,17,063,07640,07653,00000,1,A,Braceville village (pt.),Illinois,792,792,795,789,784,780,777,770,763,761,759,758
071,17,063,07770,07653,00000,1,A,Braidwood city (pt.),Illinois,A,5,5,5,5,5,5,5,5,5,5,5
071,17,063,15170,07653,00000,1,A,Coal City village (pt.),Illinois,3597,3612,3614,3594,3581,3568,3550,3524,3489,3474,3463,3430
071,17,063,19837,07653,00000,1,A,Diamond village (pt.),Illinois,1283,1284,1285,1282,1282,1278,1276,1268,1263,1268,1271,1267
071,17,063,28638,07653,00000,1,A,Gardner village (pt.),Illinois,3,3,3,3,3,3,3,3,3,3,3,3
071,17,063,30120,07653,00000,1,A,Godley village (pt.),Illinois,49,49,49,52,52,54,54,56,56,58,58,61
071,17,063,99990,07653,00000,1,F,Balance of Braceville township,Illinois,743,722,723,722,722,719,715,716,713,713,718,715
061,17,063,00000,24400,00000,0,A,Erienna township,Illinois,2217,2329,2333,2339,2349,2361,2385,2410,2425,2460,2495,2513
071,17,063,50491,24400,00000,1,A,Morris city (pt.),Illinois,1723,1828,1832,1837,1849,1863,1889,1915,1934,1970,2004,2023
071,17,063,68640,24400,00000,1,A,Seneca village (pt.),Illinois,6,6,6,6,6,6,6,6,6,6,6,6
071,17,063,99990,24400,00000,1,F,Balance of Erienna township,Illinois,488,495,495,496,494,492,490,489,485,484,485,484
061,17,063,00000,25778,00000,0,A,Felix township,Illinois,4427,4434,4437,4422,4414,4398,4379,4353,4320,4314,4312,4289
071,17,063,11176,25778,00000,1,A,Carbon Hill village,Illinois,345,345,345,346,350,346,344,342,337,338,335,335
071,17,063,15170,25778,00000,1,A,Coal City village (pt.),Illinois,1974,2076,2077,2066,2058,2050,2041,2024,2004,1996,1989,1972
071,17,063,19837,25778,00000,1,A,Diamond village (pt.),Illinois,1225,1234,1235,1234,1230,1230,1225,1220,1216,1220,1225,1222
071,17,063,99990,25778,00000,1,F,Balance of Felix township,Illinois,883,779,780,776,776,772,769,767,763,760,763,760
061,17,063,00000,28677,00000,0,A,Garfield township,Illinois,1586,1586,1587,1581,1573,1563,1554,1542,1527,1520,1515,1501
071,17,063,28638,28677,00000,1,A,Gardner village (pt.),Illinois,1454,1454,1455,1449,1442,1433,1424,1413,1399,1392,1385,1372
071,17,063,99990,28677,00000,1,F,Balance of Garfield township,Illinois,132,132,132,132,131,130,130,129,128,128,130,129
061,17,063,00000,30432,00000,0,A,Goodfarm township,Illinois,376,376,376,375,374,372,373,370,368,366,368,365
071,17,063,21358,30432,00000,1,A,Dwight village (pt.),Illinois,6,6,6,6,6,6,6,6,6,6,6,6
071,17,063,99990,30432,00000,1,F,Balance of Goodfarm township,Illinois,370,370,370,369,368,366,367,364,362,360,362,359
061,17,063,00000,30549,00000,0,A,Goose Lake township,Illinois,1674,1673,1674,1669,1666,1660,1653,1647,1637,1635,1637,1629
071,17,063,12476,30549,00000,1,A,Channahon village (pt.),Illinois,0,0,0,0,0,0,0,0,0,0,0,0
071,17,063,99990,30549,00000,1,F,Balance of Goose Lake township,Illinois,1674,1673,1674,1669,1666,1660,1653,1647,1637,1635,1637,1629
061,17,063,00000,31381,00000,0,A,Greenfield township,Illinois,997,991,992,985,982,976,969,964,954,950,947,943
071,17,063,21579,31381,00000,1,A,East Brooklyn village,Illinois,106,110,110,110,109,109,106,108,104,104,104,105
071,17,063,28638,31381,00000,1,A,Gardner village (pt.),Illinois,6,6,6,6,6,6,6,6,6,6,6,6
071,17,063,71370,31381,00000,1,A,South Wilmington village,Illinois,681,681,682,676,674,669,666,660,656,652,648,644
071,17,063,99990,31381,00000,1,F,Balance of Greenfield township,Illinois,204,194,194,193,193,192,191,190,188,188,189,188
061,17,063,00000,34657,00000,0,A,Highland township,Illinois,288,288,288,287,286,285,283,282,280,279,283,280
071,17,063,40143,34657,00000,1,A,Kinsman village,Illinois,99,99,99,99,98,98,97,97,94,94,98,97
071,17,063,99990,34657,00000,1,F,Balance of Highland township,Illinois,189,189,189,188,188,187,186,185,186,185,185,183
061,17,063,00000,46175,00000,0,A,Maine township,Illinois,330,325,325,324,323,321,320,318,318,317,319,317
071,17,063,15170,46175,00000,1,A,Coal City village (pt.),Illinois,14,5,5,5,5,5,5,5,5,5,5,5
071,17,063,28638,46175,00000,1,A,Gardner village (pt.),Illinois,0,0,0,0,0,0,0,0,0,0,0,0
071,17,063,99990,46175,00000,1,F,Balance of Maine township,Illinois,316,320,320,319,318,316,315,313,313,312,314,312
061,17,063,00000,47800,00000,0,A,Mazon township,Illinois,1487,1487,1488,1482,1477,1468,1461,1452,1441,1437,1440,1430
071,17,063,47787,47800,00000,1,A,Mazon village,Illinois,1015,1015,1016,1009,1006,999,994,986,977,972,974,967
071,17,063,99990,47800,00000,1,F,Balance of Mazon township,Illinois,472,472,472,473,471,469,467,466,464,465,466,463
061,17,063,00000,50504,00000,0,A,Morris township,Illinois,7110,6998,7011,7022,7059,7109,7197,7299,7365,7493,7622,7690
071,17,063,50491,50504,00000,1,A,Morris city (pt.),Illinois,7086,6976,6989,7000,7037,7087,7175,7278,7344,7472,7601,7669
071,17,063,99990,50504,00000,1,F,Balance of Morris township,Illinois,24,22,22,22,22,22,22,21,21,21,21,21
061,17,063,00000,52038,00000,0,A,Nettle Creek township,Illinois,503,503,503,501,500,497,498,495,491,489,490,489
071,17,063,50491,52038,00000,1,A,Morris city (pt.),Illinois,0,0,0,0,0,0,0,0,0,0,0,0
071,17,063,99990,52038,00000,1,F,Balance of Nettle Creek township,Illinois,503,503,503,501,500,497,498,495,491,489,490,489
061,17,063,00000,53286,00000,0,A,Norman township,Illinois,308,310,310,311,310,309,310,308,308,307,309,309
071,17,063,68640,53286,00000,1,A,Seneca village (pt.),Illinois,0,0,0,0,0,0,0,0,0,0,0,0
071,17,063,99990,53286,00000,1,F,Balance of Norman township,Illinois,308,310,310,311,310,309,310,308,308,307,309,309
061,17,063,00000,67678,00000,0,A,Saratoga township,Illinois,6122,6122,6133,6142,6169,6205,6264,6333,6375,6463,6558,6605
071,17,063,12476,67678,00000,1,A,Channahon village (pt.),Illinois,0,0,0,0,0,0,0,0,0,0,0,0
071,17,063,50491,67678,00000,1,A,Morris city (pt.),Illinois,4827,4835,4845,4860,4891,4930,4995,5072,5122,5214,5307,5361
071,17,063,99990,67678,00000,1,F,Balance of Saratoga township,Illinois,1295,1287,1288,1282,1278,1275,1269,1261,1253,1249,1251,1244
061,17,063,00000,77850,00000,0,A,Vienna township,Illinois,687,690,690,687,686,683,679,675,672,670,670,666
071,17,063,77707,77850,00000,1,A,Verona village,Illinois,215,215,215,214,214,213,212,208,209,208,207,206
071,17,063,99990,77850,00000,1,F,Balance of Vienna township,Illinois,472,475,475,473,472,470,467,467,463,462,463,460
061,17,063,00000,79345,00000,1,A,Wauponsee township,Illinois,2423,2423,2427,2417,2412,2403,2392,2380,2368,2361,2365,2352
050,17,065,00000,00000,00000,0,A,Hamilton County,Illinois,8457,8457,8446,8425,8388,8348,8314,8248,8186,8181,8148,8116
157,17,065,04793,00000,00000,0,A,Belle Prairie City town,Illinois,54,52,52,52,52,51,51,51,50,50,50,50
157,17,065,08875,00000,00000,0,A,Broughton village,Illinois,194,192,192,191,190,190,189,189,188,188,187,186
157,17,065,18303,00000,00000,0,A,Dahlgren village,Illinois,525,525,524,523,521,518,515,512,508,508,503,502
157,17,065,45642,00000,00000,0,A,Macedonia village (pt.),Illinois,29,29,29,29,29,29,28,28,28,28,28,28
157,17,065,45824,00000,00000,0,A,McLeansboro city,Illinois,2883,2884,2880,2869,2852,2836,2821,2798,2774,2771,2757,2746
157,17,065,99990,00000,00000,0,F,Balance of Hamilton County,Illinois,4772,4775,4769,4761,4744,4724,4710,4670,4638,4636,4623,4604
061,17,065,00000,04481,00000,1,A,Beaver Creek township,Illinois,271,271,271,270,269,268,267,264,262,262,261,260
061,17,065,00000,17627,00000,1,A,Crook township,Illinois,312,312,311,311,311,310,309,306,304,305,304,302
061,17,065,00000,17809,00000,0,A,Crouch township,Illinois,374,373,372,372,370,368,367,364,363,361,361,358
071,17,065,04793,17809,00000,1,A,Belle Prairie City town,Illinois,54,52,52,52,52,51,51,51,50,50,50,50
071,17,065,99990,17809,00000,1,F,Balance of Crouch township,Illinois,320,321,320,320,318,317,316,313,313,311,311,308
061,17,065,00000,18316,00000,0,A,Dahlgren township,Illinois,1220,1221,1219,1216,1211,1203,1198,1188,1177,1177,1168,1163
071,17,065,18303,18316,00000,1,A,Dahlgren village,Illinois,525,525,524,523,521,518,515,512,508,508,503,502
071,17,065,99990,18316,00000,1,F,Balance of Dahlgren township,Illinois,695,696,695,693,690,685,683,676,669,669,665,661
061,17,065,00000,26324,00000,1,A,Flannigan township,Illinois,304,304,304,303,301,300,299,296,294,294,291,290
061,17,065,00000,40299,00000,0,A,Knight Prairie township,Illinois,574,574,573,574,572,572,569,566,564,564,564,564
071,17,065,45642,40299,00000,1,A,Macedonia village (pt.),Illinois,29,29,29,29,29,29,28,28,28,28,28,28
071,17,065,99990,40299,00000,1,F,Balance of Knight Prairie township,Illinois,545,545,544,545,543,543,541,538,536,536,536,536
061,17,065,00000,45837,00000,0,A,McLeansboro township,Illinois,3830,3826,3821,3807,3786,3766,3748,3718,3688,3682,3666,3650
071,17,065,45824,45837,00000,1,A,McLeansboro city,Illinois,2883,2884,2880,2869,2852,2836,2821,2798,2774,2771,2757,2746
071,17,065,99990,45837,00000,1,F,Balance of McLeansboro township,Illinois,947,942,941,938,934,930,927,920,914,911,909,904
061,17,065,00000,47657,00000,0,A,Mayberry township,Illinois,486,486,486,486,483,482,480,478,474,476,474,474
071,17,065,08875,47657,00000,1,A,Broughton village,Illinois,194,192,192,191,190,190,189,189,188,188,187,186
071,17,065,99990,47657,00000,1,F,Balance of Mayberry township,Illinois,292,294,294,295,293,292,291,289,286,288,287,288
061,17,065,00000,70655,00000,1,A,South Crouch township,Illinois,260,260,260,259,260,257,258,256,254,254,255,254
061,17,065,00000,70785,00000,1,A,South Flannigan township,Illinois,116,120,120,120,119,119,118,119,118,118,117,117
061,17,065,00000,71305,00000,1,A,South Twigg township,Illinois,132,132,132,131,133,132,132,130,129,129,131,130
061,17,065,00000,76472,00000,1,A,Twigg township,Illinois,578,578,577,576,573,571,569,563,559,559,556,554
050,17,067,00000,00000,00000,0,A,Hancock County,Illinois,19104,19104,19091,18999,18829,18544,18324,18216,18205,17958,17828,17708
157,17,067,02986,00000,00000,0,A,Augusta village,Illinois,587,587,586,584,579,569,562,559,559,551,546,543
157,17,067,04052,00000,00000,0,A,Basco village,Illinois,98,98,98,97,97,95,94,94,94,92,92,89
157,17,067,05274,00000,00000,0,A,Bentley town,Illinois,35,35,35,35,35,34,34,33,33,33,33,33
157,17,067,07510,00000,00000,0,A,Bowen village,Illinois,494,494,494,491,487,480,473,472,472,463,460,457
157,17,067,11527,00000,00000,0,A,Carthage city,Illinois,2605,2609,2607,2594,2573,2538,2511,2502,2507,2480,2469,2457
157,17,067,18420,00000,00000,0,A,Dallas City city (pt.),Illinois,759,759,758,755,747,736,728,724,724,712,707,703
157,17,067,23841,00000,00000,0,A,Elvaston village,Illinois,165,165,165,164,163,160,159,158,158,156,155,154
157,17,067,25895,00000,00000,0,A,Ferris village,Illinois,156,156,156,155,154,152,150,149,149,147,146,143
157,17,067,32434,00000,00000,0,A,Hamilton city,Illinois,2951,2951,2949,2934,2905,2860,2823,2802,2798,2758,2734,2715
157,17,067,40832,00000,00000,0,A,La Harpe city,Illinois,1235,1232,1231,1226,1216,1197,1183,1176,1176,1159,1151,1143
157,17,067,51791,00000,00000,0,A,Nauvoo city,Illinois,1149,1149,1148,1142,1130,1113,1100,1093,1092,1078,1070,1063
157,17,067,60833,00000,00000,0,A,Plymouth village (pt.),Illinois,503,503,502,500,496,489,482,479,479,470,467,464
157,17,067,61080,00000,00000,0,A,Pontoosuc village,Illinois,146,146,146,145,144,142,140,139,139,138,137,136
157,17,067,78942,00000,00000,0,A,Warsaw city,Illinois,1607,1607,1604,1595,1579,1554,1537,1525,1523,1503,1490,1480
157,17,067,80762,00000,00000,0,A,West Point village,Illinois,178,178,178,177,176,173,171,170,170,166,164,163
157,17,067,99990,00000,00000,0,F,Balance of Hancock County,Illinois,6436,6435,6434,6405,6348,6252,6177,6141,6132,6052,6007,5965
061,17,067,00000,01621,00000,1,A,Appanoose township,Illinois,435,435,435,433,429,423,418,415,415,408,405,403
061,17,067,00000,02999,00000,0,A,Augusta township,Illinois,795,795,794,791,785,772,763,759,759,749,743,739
071,17,067,02986,02999,00000,1,A,Augusta village,Illinois,587,587,586,584,579,569,562,559,559,551,546,543
071,17,067,60833,02999,00000,1,A,Plymouth village (pt.),Illinois,3,3,3,3,3,3,3,3,3,3,3,3
071,17,067,99990,02999,00000,1,F,Balance of Augusta township,Illinois,205,205,205,204,203,200,198,197,197,195,194,193
061,17,067,00000,04338,00000,0,A,Bear Creek township,Illinois,345,345,345,343,341,333,329,328,328,323,321,317
071,17,067,04052,04338,00000,1,A,Basco village,Illinois,98,98,98,97,97,95,94,94,94,92,92,89
071,17,067,99990,04338,00000,1,F,Balance of Bear Creek township,Illinois,247,247,247,246,244,238,235,234,234,231,229,228
061,17,067,00000,11540,00000,0,A,Carthage township,Illinois,3052,3052,3050,3035,3010,2969,2937,2925,2930,2895,2881,2867
071,17,067,11527,11540,00000,1,A,Carthage city,Illinois,2605,2609,2607,2594,2573,2538,2511,2502,2507,2480,2469,2457
071,17,067,99990,11540,00000,1,F,Balance of Carthage township,Illinois,447,443,443,441,437,431,426,423,423,415,412,410
061,17,067,00000,14104,00000,0,A,Chili township,Illinois,657,657,657,653,648,638,630,628,626,617,613,609
071,17,067,07510,14104,00000,1,A,Bowen village,Illinois,494,494,494,491,487,480,473,472,472,463,460,457
071,17,067,99990,14104,00000,1,F,Balance of Chili township,Illinois,163,163,163,162,161,158,157,156,154,154,153,152
061,17,067,00000,18433,00000,0,A,Dallas City township,Illinois,996,996,995,991,981,966,956,950,950,935,929,921
071,17,067,18420,18433,00000,1,A,Dallas City city (pt.),Illinois,759,759,758,755,747,736,728,724,724,712,707,703
071,17,067,99990,18433,00000,1,F,Balance of Dallas City township,Illinois,237,237,237,236,234,230,228,226,226,223,222,218
061,17,067,00000,21306,00000,1,A,Durham township,Illinois,278,278,278,277,274,270,265,263,263,260,258,257
061,17,067,00000,27325,00000,1,A,Fountain Green township,Illinois,288,288,288,287,284,280,277,275,275,272,270,268
061,17,067,00000,32629,00000,1,A,Hancock township,Illinois,255,255,255,254,252,248,245,244,244,242,240,237
061,17,067,00000,32993,00000,0,A,Harmony township,Illinois,326,326,326,324,322,317,314,311,309,305,303,302
071,17,067,05274,32993,00000,1,A,Bentley town,Illinois,35,35,35,35,35,34,34,33,33,33,33,33
071,17,067,99990,32993,00000,1,F,Balance of Harmony township,Illinois,291,291,291,289,287,283,280,278,276,272,270,269
061,17,067,00000,40845,00000,0,A,La Harpe township,Illinois,1473,1473,1472,1466,1454,1431,1415,1406,1404,1386,1374,1365
071,17,067,40832,40845,00000,1,A,La Harpe city,Illinois,1235,1232,1231,1226,1216,1197,1183,1176,1176,1159,1151,1143
071,17,067,99990,40845,00000,1,F,Balance of La Harpe township,Illinois,238,241,241,240,238,234,232,230,228,227,223,222
061,17,067,00000,50140,00000,0,A,Montebello township,Illinois,3579,3579,3576,3559,3525,3471,3427,3404,3400,3352,3324,3300
071,17,067,23841,50140,00000,1,A,Elvaston village (pt.),Illinois,4,4,4,4,4,4,4,4,4,4,4,4
071,17,067,32434,50140,00000,1,A,Hamilton city,Illinois,2951,2951,2949,2934,2905,2860,2823,2802,2798,2758,2734,2715
071,17,067,99990,50140,00000,1,F,Balance of Montebello township,Illinois,624,624,623,621,616,607,600,598,598,590,586,581
061,17,067,00000,51804,00000,0,A,Nauvoo township,Illinois,1156,1156,1155,1149,1137,1120,1107,1100,1099,1084,1076,1070
071,17,067,51791,51804,00000,1,A,Nauvoo city (pt.),Illinois,1110,1110,1109,1103,1092,1075,1063,1056,1055,1041,1033,1027
071,17,067,99990,51804,00000,1,F,Balance of Nauvoo township,Illinois,46,46,46,46,45,45,44,44,44,43,43,43
061,17,067,00000,59845,00000,1,A,Pilot Grove township,Illinois,280,280,280,279,276,272,269,267,265,262,260,259
061,17,067,00000,61093,00000,0,A,Pontoosuc township,Illinois,413,413,413,411,407,402,397,394,394,390,387,384
071,17,067,18420,61093,00000,1,A,Dallas City city (pt.),Illinois,0,0,0,0,0,0,0,0,0,0,0,0
071,17,067,61080,61093,00000,1,A,Pontoosuc village,Illinois,146,146,146,145,144,142,140,139,139,138,137,136
071,17,067,99990,61093,00000,1,F,Balance of Pontoosuc township,Illinois,267,267,267,266,263,260,257,255,255,252,250,248
061,17,067,00000,61496,00000,0,A,Prairie township,Illinois,380,380,380,378,375,369,365,363,363,358,356,354
071,17,067,23841,61496,00000,1,A,Elvaston village (pt.),Illinois,161,161,161,160,159,156,155,154,154,152,151,150
071,17,067,25895,61496,00000,1,A,Ferris village (pt.),Illinois,0,0,0,0,0,0,0,0,0,0,0,0
071,17,067,99990,61496,00000,1,F,Balance of Prairie township,Illinois,219,219,219,218,216,213,210,209,209,206,205,204
061,17,067,00000,64876,00000,0,A,Rock Creek township,Illinois,350,350,350,348,345,341,334,332,332,328,326,322
071,17,067,25895,64876,00000,1,A,Ferris village (pt.),Illinois,156,156,156,155,154,152,150,149,149,147,146,143
071,17,067,99990,64876,00000,1,F,Balance of Rock Creek township,Illinois,194,194,194,193,191,189,184,183,183,181,180,179
061,17,067,00000,65240,00000,1,A,Rocky Run-Wilcox township,Illinois,A,347,347,345,342,337,333,331,331,327,325,321
061,17,067,00000,66612,00000,0,A,St. Albans township,Illinois,377,377,377,375,372,366,362,360,360,354,350,348
071,17,067,80762,66612,00000,1,A,West Point village,Illinois,178,178,178,177,176,173,171,170,170,166,164,163
071,17,067,99990,66612,00000,1,F,Balance of St. Albans township,Illinois,199,199,199,198,196,193,191,190,190,188,186,185
061,17,067,00000,67054,00000,0,A,St. Mary township,Illinois,640,640,639,636,631,622,614,611,610,600,596,593
071,17,067,60833,67054,00000,1,A,Plymouth village (pt.),Illinois,500,500,499,497,493,486,479,476,476,467,464,461
071,17,067,99990,67054,00000,1,F,Balance of St. Mary township,Illinois,140,140,140,139,138,136,135,135,134,133,132,132
061,17,067,00000,70499,00000,0,A,Sonora township,Illinois,494,494,494,492,487,480,474,472,472,464,461,457
071,17,067,51791,70499,00000,1,A,Nauvoo city (pt.),Illinois,39,39,39,39,38,38,37,37,37,37,37,36
071,17,067,99990,70499,00000,1,F,Balance of Sonora township,Illinois,455,455,455,453,449,442,437,435,435,427,424,421
061,17,067,00000,78422,00000,1,A,Walker township,Illinois,333,333,333,331,328,322,318,316,316,312,310,306
061,17,067,00000,78955,00000,0,B,Warsaw township,Illinois,1607,1607,1604,1595,1579,1554,1537,1525,1523,1503,1490,1480
071,17,067,78942,78955,00000,1,A,Warsaw city,Illinois,1607,1607,1604,1595,1579,1554,1537,1525,1523,1503,1490,1480
061,17,067,00000,83713,00000,1,A,Wythe township,Illinois,248,248,248,247,245,241,238,237,237,232,230,229
050,17,069,00000,00000,00000,0,A,Hardin County,Illinois,4320,4323,4319,4294,4281,4177,4149,4067,3991,3922,3893,3821
157,17,069,11826,00000,00000,1,A,Cave-In-Rock village,Illinois,318,318,318,316,315,306,304,298,292,287,285,280
157,17,069,23191,00000,00000,1,A,Elizabethtown village,Illinois,299,311,311,309,306,299,298,291,286,281,278,273
157,17,069,65897,00000,00000,1,A,Rosiclare city,Illinois,1160,1160,1159,1148,1145,1117,1106,1084,1061,1042,1033,1014
157,17,069,99990,00000,00000,1,F,Balance of Hardin County,Illinois,2543,2534,2531,2521,2515,2455,2441,2394,2352,2312,2297,2254
050,17,071,00000,00000,00000,0,A,Henderson County,Illinois,7331,7328,7343,7216,7043,6963,7011,6997,6886,6819,6697,6646
157,17,071,05898,00000,00000,0,A,Biggsville village,Illinois,304,315,316,307,300,296,298,297,290,287,282,278
157,17,071,18420,00000,00000,0,A,Dallas City city (pt.),Illinois,186,186,186,184,178,176,177,178,175,173,170,169
157,17,071,29431,00000,00000,0,A,Gladstone village,Illinois,281,281,281,278,273,270,273,274,272,270,265,264
157,17,071,31992,00000,00000,0,A,Gulf Port village,Illinois,54,54,54,53,51,51,51,51,49,49,48,47
157,17,071,44381,00000,00000,0,A,Lomax village,Illinois,454,451,452,442,430,424,427,424,417,412,404,401
157,17,071,48073,00000,00000,0,A,Media village,Illinois,107,107,107,105,102,101,102,100,98,97,95,94
157,17,071,56237,00000,00000,0,A,Oquawka village,Illinois,1371,1371,1375,1353,1325,1315,1322,1321,1296,1283,1260,1252
157,17,071,62848,00000,00000,0,A,Raritan village,Illinois,138,138,138,135,132,131,131,131,127,125,123,122
157,17,071,73261,00000,00000,0,A,Stronghurst village,Illinois,883,883,884,865,845,834,836,834,817,810,795,789
157,17,071,99990,00000,00000,0,F,Balance of Henderson County,Illinois,3553,3542,3550,3494,3407,3365,3394,3387,3345,3313,3255,3230
061,17,071,00000,03415,00000,1,A,Bald Bluff township,Illinois,334,334,335,330,322,318,320,319,315,312,306,304
061,17,071,00000,05911,00000,0,A,Biggsville township,Illinois,552,549,550,539,526,519,522,521,512,507,498,492
071,17,071,05898,05911,00000,1,A,Biggsville village,Illinois,304,315,316,307,300,296,298,297,290,287,282,278
071,17,071,99990,05911,00000,1,F,Balance of Biggsville township,Illinois,248,234,234,232,226,223,224,224,222,220,216,214
061,17,071,00000,11280,00000,0,A,Carman township,Illinois,309,310,310,307,298,295,297,297,293,292,287,284
071,17,071,31992,11280,00000,1,A,Gulf Port village (pt.),Illinois,15,15,15,15,14,14,14,14,14,14,14,13
071,17,071,99990,11280,00000,1,F,Balance of Carman township,Illinois,294,295,295,292,284,281,283,283,279,278,273,271
061,17,071,00000,29444,00000,0,A,Gladstone township,Illinois,962,961,964,948,927,916,924,924,913,905,889,883
071,17,071,29431,29444,00000,1,A,Gladstone village,Illinois,281,281,281,278,273,270,273,274,272,270,265,264
071,17,071,31992,29444,00000,1,A,Gulf Port village (pt.),Illinois,39,39,39,38,37,37,37,37,35,35,34,34
071,17,071,99990,29444,00000,1,F,Balance of Gladstone township,Illinois,642,641,644,632,617,609,614,613,606,600,590,585
061,17,071,00000,44394,00000,0,A,Lomax township,Illinois,850,850,851,835,814,804,809,806,793,783,769,764
071,17,071,18420,44394,00000,1,A,Dallas City city (pt.),Illinois,186,186,186,184,178,176,177,178,175,173,170,169
071,17,071,44381,44394,00000,1,A,Lomax village,Illinois,454,451,452,442,430,424,427,424,417,412,404,401
071,17,071,99990,44394,00000,1,F,Balance of Lomax township,Illinois,210,213,213,209,206,204,205,204,201,198,195,194
061,17,071,00000,48086,00000,0,A,Media township,Illinois,392,392,392,384,375,371,373,370,364,360,353,350
071,17,071,48073,48086,00000,1,A,Media village,Illinois,107,107,107,105,102,101,102,100,98,97,95,94
071,17,071,73261,48086,00000,1,A,Stronghurst village (pt.),Illinois,95,95,95,93,91,90,90,90,87,86,84,83
071,17,071,99990,48086,00000,1,F,Balance of Media township,Illinois,190,190,190,186,182,180,181,180,179,177,174,173
061,17,071,00000,56250,00000,0,A,Oquawka township,Illinois,1997,1997,2004,1972,1929,1911,1925,1923,1890,1872,1840,1827
071,17,071,56237,56250,00000,1,A,Oquawka village,Illinois,1371,1371,1375,1353,1325,1315,1322,1321,1296,1283,1260,1252
071,17,071,99990,56250,00000,1,F,Balance of Oquawka township,Illinois,626,626,629,619,604,596,603,602,594,589,580,575
061,17,071,00000,62861,00000,0,A,Raritan township,Illinois,286,286,286,280,274,271,272,272,267,263,257,255
071,17,071,62848,62861,00000,1,A,Raritan village,Illinois,138,138,138,135,132,131,131,131,127,125,123,122
071,17,071,99990,62861,00000,1,F,Balance of Raritan township,Illinois,148,148,148,145,142,140,141,141,140,138,134,133
061,17,071,00000,66222,00000,1,A,Rozetta township,Illinois,271,271,271,266,259,256,258,257,255,252,247,245
061,17,071,00000,73274,00000,0,A,Stronghurst township,Illinois,1115,1115,1117,1095,1067,1053,1059,1056,1037,1027,1011,1002
071,17,071,73261,73274,00000,1,A,Stronghurst village (pt.),Illinois,788,788,789,772,754,744,746,744,730,724,711,706
071,17,071,99990,73274,00000,1,F,Balance of Stronghurst township,Illinois,327,327,328,323,313,309,313,312,307,303,300,296
061,17,071,00000,74730,00000,1,A,Terre Haute township,Illinois,263,263,263,260,252,249,252,252,247,246,240,240
050,17,073,00000,00000,00000,0,A,Henry County,Illinois,50486,50483,50452,50283,50249,49917,49824,49638,49498,49219,49069,48913
157,17,073,00971,00000,00000,0,A,Alpha village,Illinois,671,669,669,664,664,657,653,649,647,641,639,635
157,17,073,01491,00000,00000,0,A,Andover village,Illinois,578,578,578,578,578,576,575,575,573,573,571,572
157,17,073,01569,00000,00000,0,A,Annawan town (pt.),Illinois,874,883,882,882,879,871,869,865,863,858,854,849
157,17,073,02726,00000,00000,0,A,Atkinson town,Illinois,972,989,988,983,982,978,973,967,964,965,965,964
157,17,073,06171,00000,00000,0,A,Bishop Hill village,Illinois,128,128,128,128,127,127,126,126,123,123,122,122
157,17,073,10643,00000,00000,0,A,Cambridge village,Illinois,2160,2163,2162,2156,2154,2136,2130,2120,2109,2096,2086,2078
157,17,073,14923,00000,00000,0,A,Cleveland village,Illinois,188,190,190,189,189,188,187,187,184,183,182,182
157,17,073,15235,00000,00000,0,A,Coal Valley village (pt.),Illinois,158,108,108,108,107,107,109,109,109,108,108,107
157,17,073,15664,00000,00000,0,A,Colona city,Illinois,5099,5153,5153,5144,5147,5120,5156,5157,5151,5137,5123,5120
157,17,073,28430,00000,00000,0,A,Galva city,Illinois,2589,2587,2583,2572,2565,2546,2537,2525,2514,2498,2489,2478
157,17,073,28846,00000,00000,0,A,Geneseo city,Illinois,6586,6623,6619,6598,6602,6572,6559,6555,6550,6521,6511,6495
157,17,073,36074,00000,00000,0,A,Hooppole village,Illinois,204,202,202,201,201,197,197,196,195,194,191,191
157,17,073,39727,00000,00000,0,A,Kewanee city,Illinois,12916,12919,12908,12853,12822,12720,12660,12591,12537,12449,12395,12339
157,17,073,56601,00000,00000,0,A,Orion village,Illinois,1861,1866,1865,1855,1865,1853,1845,1837,1830,1815,1808,1798
157,17,073,83063,00000,00000,0,A,Woodhull village,Illinois,811,817,816,814,811,806,802,798,794,787,783,783
157,17,073,99990,00000,00000,0,F,Balance of Henry County,Illinois,14691,14608,14601,14558,14556,14463,14446,14381,14355,14271,14242,14200
061,17,073,00000,00503,00000,0,A,Alba township,Illinois,220,220,220,219,219,218,217,216,215,214,214,213
071,17,073,01569,00503,00000,1,A,Annawan town (pt.),Illinois,A,0,0,0,0,0,0,0,0,0,0,0
071,17,073,99990,00503,00000,1,F,Balance of Alba township,Illinois,A,220,220,219,219,218,217,216,215,214,214,213
061,17,073,00000,01504,00000,0,A,Andover township,Illinois,954,954,954,953,952,948,948,944,944,939,939,936
071,17,073,01491,01504,00000,1,A,Andover village,Illinois,578,578,578,578,578,576,575,575,573,573,571,572
071,17,073,10643,01504,00000,1,A,Cambridge village (pt.),Illinois,2,4,4,4,4,4,4,4,4,4,4,4
071,17,073,99990,01504,00000,1,F,Balance of Andover township,Illinois,374,372,372,371,370,368,369,365,367,362,364,360
061,17,073,00000,01582,00000,0,A,Annawan township,Illinois,1112,1112,1111,1110,1107,1097,1095,1090,1087,1081,1076,1071
071,17,073,01569,01582,00000,1,A,Annawan town (pt.),Illinois,874,883,882,882,879,871,869,865,863,858,854,849
071,17,073,99990,01582,00000,1,F,Balance of Annawan township,Illinois,238,229,229,228,228,226,226,225,224,223,222,222
061,17,073,00000,02739,00000,0,A,Atkinson township,Illinois,1274,1274,1273,1267,1266,1260,1254,1247,1243,1243,1242,1240
071,17,073,02726,02739,00000,1,A,Atkinson town (pt.),Illinois,972,989,988,983,982,978,973,967,964,965,965,964
071,17,073,99990,02739,00000,1,F,Balance of Atkinson township,Illinois,302,285,285,284,284,282,281,280,279,278,277,276
061,17,073,00000,09824,00000,1,A,Burns township,Illinois,265,265,265,264,264,262,263,260,262,260,259,259
061,17,073,00000,10656,00000,0,A,Cambridge township,Illinois,2525,2525,2524,2517,2514,2494,2487,2475,2463,2449,2437,2429
071,17,073,10643,10656,00000,1,A,Cambridge village (pt.),Illinois,2158,2159,2158,2152,2150,2132,2126,2116,2105,2092,2082,2074
071,17,073,99990,10656,00000,1,F,Balance of Cambridge township,Illinois,367,366,366,365,364,362,361,359,358,357,355,355
061,17,073,00000,15040,00000,0,A,Clover township,Illinois,938,938,937,934,932,926,921,917,912,905,903,900
071,17,073,83063,15040,00000,1,A,Woodhull village (pt.),Illinois,707,713,712,710,708,703,699,696,692,686,684,682
071,17,073,99990,15040,00000,1,F,Balance of Clover township,Illinois,231,225,225,224,224,223,222,221,220,219,219,218
061,17,073,00000,15677,00000,0,A,Colona township,Illinois,6822,6812,6811,6797,6801,6763,6799,6794,6786,6761,6745,6737
071,17,073,14923,15677,00000,1,A,Cleveland village (pt.),Illinois,26,10,10,10,10,10,10,10,10,10,10,10
071,17,073,15235,15677,00000,1,A,Coal Valley village (pt.),Illinois,158,108,108,108,107,107,109,109,109,108,108,107
071,17,073,15664,15677,00000,1,A,Colona city,Illinois,5099,5153,5153,5144,5147,5120,5156,5157,5151,5137,5123,5120
071,17,073,99990,15677,00000,1,F,Balance of Colona township,Illinois,1539,1541,1540,1535,1537,1526,1524,1518,1516,1506,1504,1500
061,17,073,00000,16444,00000,0,A,Cornwall township,Illinois,278,278,278,277,277,275,274,273,272,271,270,269
071,17,073,02726,16444,00000,1,A,Atkinson town (pt.),Illinois,0,0,0,0,0,0,0,0,0,0,0,0
071,17,073,99990,16444,00000,1,F,Balance of Cornwall township,Illinois,278,278,278,277,277,275,274,273,272,271,270,269
061,17,073,00000,22476,00000,1,A,Edford township,Illinois,667,667,667,665,664,660,660,657,656,652,650,648
061,17,073,00000,28443,00000,0,A,Galva township,Illinois,2837,2837,2833,2821,2814,2793,2783,2771,2759,2742,2732,2720
071,17,073,28430,28443,00000,1,A,Galva city,Illinois,2589,2587,2583,2572,2565,2546,2537,2525,2514,2498,2489,2478
071,17,073,99990,28443,00000,1,F,Balance of Galva township,Illinois,248,250,250,249,249,247,246,246,245,244,243,242
061,17,073,00000,28859,00000,0,A,Geneseo township,Illinois,7468,7470,7465,7442,7448,7414,7399,7394,7387,7355,7343,7327
071,17,073,28846,28859,00000,1,A,Geneseo city,Illinois,6586,6623,6619,6598,6602,6572,6559,6555,6550,6521,6511,6495
071,17,073,99990,28859,00000,1,F,Balance of Geneseo township,Illinois,882,847,846,844,846,842,840,839,837,834,832,832
061,17,073,00000,32642,00000,0,A,Hanna township,Illinois,2344,2358,2357,2352,2350,2337,2335,2326,2320,2307,2302,2296
071,17,073,14923,32642,00000,1,A,Cleveland village (pt.),Illinois,162,180,180,179,179,178,177,177,174,173,172,172
071,17,073,99990,32642,00000,1,F,Balance of Hanna township,Illinois,2182,2178,2177,2173,2171,2159,2158,2149,2146,2134,2130,2124
061,17,073,00000,39740,00000,0,A,Kewanee township,Illinois,10162,10162,10152,10109,10085,10003,9958,9903,9858,9789,9748,9702
071,17,073,39727,39740,00000,1,A,Kewanee city (pt.),Illinois,9383,9388,9379,9338,9314,9238,9193,9141,9100,9035,8994,8952
071,17,073,99990,39740,00000,1,F,Balance of Kewanee township,Illinois,779,774,773,771,771,765,765,762,758,754,754,750
061,17,073,00000,44732,00000,1,A,Loraine township,Illinois,290,290,290,289,289,287,286,285,284,282,282,281
061,17,073,00000,45304,00000,1,A,Lynn township,Illinois,745,745,744,742,742,737,737,732,732,726,724,722
061,17,073,00000,51388,00000,1,A,Munson township,Illinois,400,400,400,399,399,397,396,394,394,392,391,390
061,17,073,00000,56809,00000,1,A,Osco township,Illinois,459,459,459,457,457,454,453,451,450,447,446,445
061,17,073,00000,57108,00000,0,A,Oxford township,Illinois,1213,1210,1210,1203,1202,1192,1187,1180,1177,1168,1162,1159
071,17,073,00971,57108,00000,1,A,Alpha village,Illinois,671,669,669,664,664,657,653,649,647,641,639,635
071,17,073,83063,57108,00000,1,A,Woodhull village (pt.),Illinois,104,104,104,104,103,103,103,102,102,101,99,101
071,17,073,99990,57108,00000,1,F,Balance of Oxford township,Illinois,438,437,437,435,435,432,431,429,428,426,424,423
061,17,073,00000,59462,00000,1,A,Phenix township,Illinois,1672,1666,1665,1660,1661,1650,1648,1641,1637,1628,1626,1621
061,17,073,00000,79722,00000,0,A,Weller township,Illinois,422,422,422,421,420,418,416,415,413,409,408,407
071,17,073,06171,79722,00000,1,A,Bishop Hill village,Illinois,128,128,128,128,127,127,126,126,123,123,122,122
071,17,073,99990,79722,00000,1,F,Balance of Weller township,Illinois,294,294,294,293,293,291,290,289,290,286,286,285
061,17,073,00000,80190,00000,0,A,Western township,Illinois,3053,3053,3051,3038,3047,3027,3018,3005,2995,2974,2964,2950
071,17,073,56601,80190,00000,1,A,Orion village,Illinois,1861,1866,1865,1855,1865,1853,1845,1837,1830,1815,1808,1798
071,17,073,99990,80190,00000,1,F,Balance of Western township,Illinois,1192,1187,1186,1183,1182,1174,1173,1168,1165,1159,1156,1152
061,17,073,00000,80983,00000,0,A,Wethersfield township,Illinois,3935,3935,3933,3918,3910,3882,3867,3847,3833,3808,3793,3778
071,17,073,39727,80983,00000,1,A,Kewanee city (pt.),Illinois,3533,3531,3529,3515,3508,3482,3467,3450,3437,3414,3401,3387
071,17,073,99990,80983,00000,1,F,Balance of Wethersfield township,Illinois,402,404,404,403,402,400,400,397,396,394,392,391
061,17,073,00000,84012,00000,0,A,Yorktown township,Illinois,431,431,431,429,429,423,423,421,419,417,413,413
071,17,073,36074,84012,00000,1,A,Hooppole village,Illinois,204,202,202,201,201,197,197,196,195,194,191,191
071,17,073,99990,84012,00000,1,F,Balance of Yorktown township,Illinois,227,229,229,228,228,226,226,225,224,223,222,222
050,17,075,00000,00000,00000,0,A,Iroquois County,Illinois,29718,29719,29701,29500,29267,28940,28719,28522,28163,27777,27484,27114
157,17,075,02479,00000,00000,0,A,Ashkum village,Illinois,761,764,763,766,757,746,742,737,725,713,705,693
157,17,075,04507,00000,00000,0,A,Beaverville village,Illinois,362,357,357,356,353,349,346,344,339,334,331,326
157,17,075,09317,00000,00000,0,A,Buckley village,Illinois,600,608,607,600,595,586,579,575,568,558,549,542
157,17,075,12801,00000,00000,0,A,Chebanse village (pt.),Illinois,666,666,665,660,652,644,639,634,624,615,608,598
157,17,075,14468,00000,00000,0,A,Cissna Park village,Illinois,846,864,863,854,845,836,827,823,811,800,790,779
157,17,075,14936,00000,00000,0,A,Clifton village,Illinois,1468,1469,1468,1453,1438,1421,1410,1400,1382,1360,1342,1321
157,17,075,17406,00000,00000,0,A,Crescent City village,Illinois,615,615,615,614,608,601,597,590,583,574,566,556
157,17,075,18498,00000,00000,0,A,Danforth village,Illinois,604,605,604,598,594,586,582,580,572,565,559,552
157,17,075,20331,00000,00000,0,A,Donovan village,Illinois,304,304,304,303,303,297,295,293,287,283,280,274
157,17,075,29275,00000,00000,0,A,Gilman city,Illinois,1814,1816,1814,1802,1787,1770,1756,1745,1720,1697,1676,1652
157,17,075,37712,00000,00000,0,A,Iroquois village,Illinois,154,154,154,153,150,148,147,146,144,142,140,137
157,17,075,44264,00000,00000,0,A,Loda village,Illinois,407,407,406,405,404,402,403,404,403,400,399,398
157,17,075,47280,00000,00000,0,A,Martinton village,Illinois,381,381,380,377,374,372,369,367,360,355,348,343
157,17,075,49048,00000,00000,0,A,Milford village,Illinois,1306,1314,1313,1298,1285,1268,1256,1245,1225,1206,1191,1171
157,17,075,56081,00000,00000,0,A,Onarga village,Illinois,1368,1377,1376,1362,1347,1337,1334,1325,1306,1289,1281,1264
157,17,075,57576,00000,00000,0,A,Papineau village,Illinois,171,167,167,165,164,162,158,157,155,153,151,149
157,17,075,69212,00000,00000,0,A,Sheldon village,Illinois,1070,1065,1064,1053,1043,1029,1018,1007,994,979,966,949
157,17,075,74847,00000,00000,0,A,Thawville village,Illinois,241,241,243,249,254,259,263,261,256,252,249,244
157,17,075,79228,00000,00000,0,A,Watseka city,Illinois,5255,5289,5286,5241,5198,5133,5085,5044,4976,4900,4839,4767
157,17,075,79735,00000,00000,0,A,Wellington village,Illinois,242,242,242,240,238,235,231,229,226,221,219,216
157,17,075,83102,00000,00000,0,A,Woodland village,Illinois,324,323,323,320,320,323,320,318,312,307,304,297
157,17,075,99990,00000,00000,0,F,Balance of Iroquois County,Illinois,10759,10691,10687,10631,10558,10436,10362,10298,10195,10074,9991,9886
061,17,075,00000,02401,00000,0,A,Artesia township,Illinois,945,945,944,936,926,915,906,899,888,874,863,852
071,17,075,09317,02401,00000,1,A,Buckley village,Illinois,600,608,607,600,595,586,579,575,568,558,549,542
071,17,075,99990,02401,00000,1,F,Balance of Artesia township,Illinois,345,337,337,336,331,329,327,324,320,316,314,310
061,17,075,00000,02453,00000,1,A,Ash Grove township,Illinois,731,731,730,726,720,712,706,703,694,687,679,672
061,17,075,00000,02492,00000,0,A,Ashkum township,Illinois,1542,1545,1543,1542,1527,1509,1499,1488,1469,1449,1432,1412
071,17,075,02479,02492,00000,1,A,Ashkum village,Illinois,761,764,763,766,757,746,742,737,725,713,705,693
071,17,075,99990,02492,00000,1,F,Balance of Ashkum township,Illinois,781,781,780,776,770,763,757,751,744,736,727,719
061,17,075,00000,04455,00000,0,A,Beaver township,Illinois,527,527,527,524,522,516,510,506,500,493,487,481
071,17,075,20331,04455,00000,1,A,Donovan village,Illinois,304,304,304,303,303,297,295,293,287,283,280,274
071,17,075,99990,04455,00000,1,F,Balance of Beaver township,Illinois,223,223,223,221,219,219,215,213,213,210,207,207
061,17,075,00000,04520,00000,0,A,Beaverville township,Illinois,609,610,610,609,602,595,592,588,580,571,568,559
071,17,075,04507,04520,00000,1,A,Beaverville village,Illinois,362,357,357,356,353,349,346,344,339,334,331,326
071,17,075,99990,04520,00000,1,F,Balance of Beaverville township,Illinois,247,253,253,253,249,246,246,244,241,237,237,233
061,17,075,00000,05014,00000,0,A,Belmont township,Illinois,2610,2610,2610,2591,2572,2550,2527,2509,2478,2444,2418,2382
071,17,075,79228,05014,00000,1,A,Watseka city (pt.),Illinois,1472,1461,1460,1448,1436,1418,1405,1393,1374,1353,1335,1315
071,17,075,83102,05014,00000,1,A,Woodland village,Illinois,324,323,323,320,320,323,320,318,312,307,304,297
071,17,075,99990,05014,00000,1,F,Balance of Belmont township,Illinois,814,826,827,823,816,809,802,798,792,784,779,770
061,17,075,00000,12814,00000,0,A,Chebanse township,Illinois,3109,3109,3106,3083,3054,3019,2996,2976,2941,2900,2870,2831
071,17,075,12801,12814,00000,1,A,Chebanse village (pt.),Illinois,666,666,665,660,652,644,639,634,624,615,608,598
071,17,075,14936,12814,00000,1,A,Clifton village,Illinois,1468,1469,1468,1453,1438,1421,1410,1400,1382,1360,1342,1321
071,17,075,99990,12814,00000,1,F,Balance of Chebanse township,Illinois,975,974,973,970,964,954,947,942,935,925,920,912
061,17,075,00000,16041,00000,0,A,Concord township,Illinois,466,466,466,462,459,453,450,446,440,436,431,426
071,17,075,37712,16041,00000,1,A,Iroquois village,Illinois,154,154,154,153,150,148,147,146,144,142,140,137
071,17,075,99990,16041,00000,1,F,Balance of Concord township,Illinois,312,312,312,309,309,305,303,300,296,294,291,289
061,17,075,00000,17367,00000,0,A,Crescent township,Illinois,590,590,590,589,584,577,570,566,559,551,545,538
071,17,075,17406,17367,00000,1,A,Crescent City village (pt.),Illinois,273,273,273,273,270,267,265,261,258,254,251,246
071,17,075,99990,17367,00000,1,F,Balance of Crescent township,Illinois,317,317,317,316,314,310,305,305,301,297,294,292
061,17,075,00000,18511,00000,0,A,Danforth township,Illinois,928,929,928,921,914,903,896,892,880,869,861,850
071,17,075,18498,18511,00000,1,A,Danforth village,Illinois,604,605,604,598,594,586,582,580,572,565,559,552
071,17,075,99990,18511,00000,1,F,Balance of Danforth township,Illinois,324,324,324,323,320,317,314,312,308,304,302,298
061,17,075,00000,20487,00000,0,A,Douglas township,Illinois,2104,2104,2102,2087,2072,2050,2035,2022,1994,1967,1945,1917
071,17,075,29275,20487,00000,1,A,Gilman city,Illinois,1814,1816,1814,1802,1787,1770,1756,1745,1720,1697,1676,1652
071,17,075,99990,20487,00000,1,F,Balance of Douglas township,Illinois,290,288,288,285,285,280,279,277,274,270,269,265
061,17,075,00000,27286,00000,1,A,Fountain Creek township,Illinois,368,368,367,365,362,357,354,352,347,342,341,336
061,17,075,00000,37725,00000,0,A,Iroquois township,Illinois,625,625,625,623,618,611,607,602,594,585,579,571
071,17,075,17406,37725,00000,1,A,Crescent City village (pt.),Illinois,342,342,342,341,338,334,332,329,325,320,315,310
071,17,075,99990,37725,00000,1,F,Balance of Iroquois township,Illinois,283,283,283,282,280,277,275,273,269,265,264,261
061,17,075,00000,44277,00000,0,A,Loda township,Illinois,1461,1461,1461,1454,1446,1434,1426,1423,1411,1397,1388,1376
071,17,075,44264,44277,00000,1,A,Loda village,Illinois,407,407,406,405,404,402,403,404,403,400,399,398
071,17,075,99990,44277,00000,1,F,Balance of Loda township,Illinois,1054,1054,1055,1049,1042,1032,1023,1019,1008,997,989,978
061,17,075,00000,44979,00000,0,A,Lovejoy township,Illinois,406,406,406,402,399,394,391,386,381,376,372,367
071,17,075,79735,44979,00000,1,A,Wellington village,Illinois,242,242,242,240,238,235,231,229,226,221,219,216
071,17,075,99990,44979,00000,1,F,Balance of Lovejoy township,Illinois,164,164,164,162,161,159,160,157,155,155,153,151
061,17,075,00000,47293,00000,0,A,Martinton township,Illinois,943,943,941,936,930,921,914,908,896,885,874,863
071,17,075,47280,47293,00000,1,A,Martinton village,Illinois,381,381,380,377,374,372,369,367,360,355,348,343
071,17,075,99990,47293,00000,1,F,Balance of Martinton township,Illinois,562,562,561,559,556,549,545,541,536,530,526,520
061,17,075,00000,48814,00000,0,A,Middleport township,Illinois,4375,4376,4373,4338,4303,4249,4212,4179,4126,4066,4019,3962
071,17,075,79228,48814,00000,1,A,Watseka city (pt.),Illinois,3783,3828,3826,3793,3762,3715,3680,3651,3602,3547,3504,3452
071,17,075,99990,48814,00000,1,F,Balance of Middleport township,Illinois,592,548,547,545,541,534,532,528,524,519,515,510
061,17,075,00000,49061,00000,0,A,Milford township,Illinois,1659,1659,1658,1642,1626,1605,1590,1577,1555,1531,1512,1490
071,17,075,49048,49061,00000,1,A,Milford village,Illinois,1306,1314,1313,1298,1285,1268,1256,1245,1225,1206,1191,1171
071,17,075,99990,49061,00000,1,F,Balance of Milford township,Illinois,353,345,345,344,341,337,334,332,330,325,321,319
061,17,075,00000,49074,00000,1,A,Milks Grove township,Illinois,214,214,214,212,210,208,206,205,204,202,199,197
061,17,075,00000,56094,00000,0,A,Onarga township,Illinois,1683,1683,1682,1665,1650,1636,1631,1620,1599,1578,1567,1546
071,17,075,56081,56094,00000,1,A,Onarga village,Illinois,1368,1377,1376,1362,1347,1337,1334,1325,1306,1289,1281,1264
071,17,075,99990,56094,00000,1,F,Balance of Onarga township,Illinois,315,306,306,303,303,299,297,295,293,289,286,282
061,17,075,00000,57589,00000,0,A,Papineau township,Illinois,499,499,499,494,492,484,480,477,471,464,461,455
071,17,075,57576,57589,00000,1,A,Papineau village,Illinois,171,167,167,165,164,162,158,157,155,153,151,149
071,17,075,99990,57589,00000,1,F,Balance of Papineau township,Illinois,328,332,332,329,328,322,322,320,316,311,310,306
061,17,075,00000,59767,00000,0,A,Pigeon Grove township,Illinois,1155,1155,1154,1145,1134,1119,1110,1104,1088,1073,1063,1048
071,17,075,14468,59767,00000,1,A,Cissna Park village,Illinois,846,864,863,854,845,836,827,823,811,800,790,779
071,17,075,99990,59767,00000,1,F,Balance of Pigeon Grove township,Illinois,309,291,291,291,289,283,283,281,277,273,273,269
061,17,075,00000,61665,00000,1,A,Prairie Green township,Illinois,183,183,183,181,182,178,178,177,175,172,170,168
061,17,075,00000,63901,00000,0,A,Ridgeland township,Illinois,369,369,371,376,380,383,386,383,379,373,367,362
071,17,075,74847,63901,00000,1,A,Thawville village,Illinois,241,241,243,249,254,259,263,261,256,252,249,244
071,17,075,99990,63901,00000,1,F,Balance of Ridgeland township,Illinois,128,128,128,127,126,124,123,122,123,121,118,118
061,17,075,00000,69225,00000,0,A,Sheldon township,Illinois,1374,1369,1368,1354,1342,1324,1311,1300,1283,1264,1248,1229
071,17,075,69212,69225,00000,1,A,Sheldon village,Illinois,1070,1065,1064,1053,1043,1029,1018,1007,994,979,966,949
071,17,075,99990,69225,00000,1,F,Balance of Sheldon township,Illinois,304,304,304,301,299,295,293,293,289,285,282,280
061,17,075,00000,72773,00000,1,A,Stockland township,Illinois,243,243,243,243,241,238,236,234,231,228,225,224
050,17,077,00000,00000,00000,0,A,Jackson County,Illinois,60218,60206,60373,60369,59066,59760,59359,59214,58726,57904,57289,56750
157,17,077,03103,00000,00000,0,A,Ava city,Illinois,654,654,655,655,651,647,643,639,635,625,618,612
157,17,077,10773,00000,00000,0,A,Campbell Hill village,Illinois,336,336,337,336,334,330,328,326,324,317,314,310
157,17,077,11163,00000,00000,0,A,Carbondale city (pt.),Illinois,25902,26414,26522,26541,25406,26309,26148,26165,25895,25567,25308,25083
157,17,077,19616,00000,00000,0,A,De Soto village,Illinois,1590,1585,1587,1595,1589,1590,1577,1567,1561,1537,1518,1502
157,17,077,20565,00000,00000,0,A,Dowell village,Illinois,408,408,409,408,406,404,401,399,398,394,390,386
157,17,077,23373,00000,00000,0,A,Elkville village,Illinois,928,928,930,929,922,914,908,902,896,881,871,863
157,17,077,30588,00000,00000,0,A,Gorham village,Illinois,236,236,236,236,235,233,232,231,229,223,221,219
157,17,077,30770,00000,00000,0,A,Grand Tower city,Illinois,605,605,606,605,602,596,592,589,585,576,570,564
157,17,077,46214,00000,00000,0,A,Makanda village,Illinois,561,560,561,560,560,556,552,551,548,539,535,530
157,17,077,51453,00000,00000,0,A,Murphysboro city,Illinois,7970,7968,7980,7963,7913,7858,7798,7745,7690,7570,7482,7406
157,17,077,77525,00000,00000,0,A,Vergennes village,Illinois,298,298,298,298,297,295,293,294,289,287,284,281
157,17,077,99990,00000,00000,0,F,Balance of Jackson County,Illinois,20730,20214,20252,20243,20151,20028,19887,19806,19676,19388,19178,18994
061,17,077,00000,07731,00000,0,A,Bradley township,Illinois,1951,1951,1955,1953,1942,1928,1915,1904,1892,1861,1843,1822
071,17,077,03103,07731,00000,1,A,Ava city,Illinois,654,654,655,655,651,647,643,639,635,625,618,612
071,17,077,10773,07731,00000,1,A,Campbell Hill village,Illinois,336,336,337,336,334,330,328,326,324,317,314,310
071,17,077,99990,07731,00000,1,F,Balance of Bradley township,Illinois,961,961,963,962,957,951,944,939,933,919,911,900
061,17,077,00000,11170,00000,0,A,Carbondale township,Illinois,29544,29548,29663,29684,28537,29423,29242,29249,28962,28592,28304,28053
071,17,077,11163,11170,00000,1,A,Carbondale city (pt.),Illinois,25902,26412,26520,26539,25404,26307,26146,26163,25893,25565,25306,25081
071,17,077,99990,11170,00000,1,F,Balance of Carbondale township,Illinois,3642,3136,3143,3145,3133,3116,3096,3086,3069,3027,2998,2972
061,17,077,00000,19148,00000,1,A,Degognia township,Illinois,153,153,153,153,152,151,150,149,148,146,143,143
061,17,077,00000,19629,00000,0,A,De Soto township,Illinois,2388,2379,2382,2392,2382,2378,2359,2347,2336,2300,2275,2252
071,17,077,19616,19629,00000,1,A,De Soto village,Illinois,1590,1585,1587,1595,1589,1590,1577,1567,1561,1537,1518,1502
071,17,077,99990,19629,00000,1,F,Balance of De Soto township,Illinois,798,794,795,797,793,788,782,780,775,763,757,750
061,17,077,00000,23217,00000,0,A,Elk township,Illinois,1907,1907,1911,1908,1896,1883,1870,1861,1850,1823,1803,1786
071,17,077,20565,23217,00000,1,A,Dowell village,Illinois,408,408,409,408,406,404,401,399,398,394,390,386
071,17,077,23373,23217,00000,1,A,Elkville village,Illinois,928,928,930,929,922,914,908,902,896,881,871,863
071,17,077,99990,23217,00000,1,F,Balance of Elk township,Illinois,571,571,572,571,568,565,561,560,556,548,542,537
061,17,077,00000,27260,00000,1,A,Fountain Bluff township,Illinois,208,208,208,208,207,206,204,203,202,199,197,195
061,17,077,00000,30783,00000,0,A,Grand Tower township,Illinois,707,707,708,707,704,697,692,689,684,674,666,659
071,17,077,30770,30783,00000,1,A,Grand Tower city,Illinois,605,605,606,605,602,596,592,589,585,576,570,564
071,17,077,99990,30783,00000,1,F,Balance of Grand Tower township,Illinois,102,102,102,102,102,101,100,100,99,98,96,95
061,17,077,00000,40104,00000,1,A,Kinkaid township,Illinois,486,486,487,486,484,481,477,477,474,467,461,457
061,17,077,00000,42990,00000,1,A,Levan township,Illinois,850,845,846,846,841,836,828,823,818,806,796,787
061,17,077,00000,46227,00000,0,A,Makanda township,Illinois,4353,4353,4362,4359,4342,4317,4287,4271,4243,4179,4136,4097
071,17,077,11163,46227,00000,1,A,Carbondale city (pt.),Illinois,0,0,0,0,0,0,0,0,0,0,0,0
071,17,077,46214,46227,00000,1,A,Makanda village,Illinois,561,560,561,560,560,556,552,551,548,539,535,530
071,17,077,99990,46227,00000,1,F,Balance of Makanda township,Illinois,3792,3793,3801,3799,3782,3761,3735,3720,3695,3640,3601,3567
061,17,077,00000,51466,00000,0,A,Murphysboro township,Illinois,10563,10556,10572,10552,10491,10418,10338,10272,10197,10036,9916,9814
071,17,077,11163,51466,00000,1,A,Carbondale city (pt.),Illinois,0,2,2,2,2,2,2,2,2,2,2,2
071,17,077,51453,51466,00000,1,A,Murphysboro city (pt.),Illinois,6666,6664,6674,6658,6614,6568,6516,6470,6422,6319,6244,6180
071,17,077,99990,51466,00000,1,F,Balance of Murphysboro township,Illinois,3897,3890,3896,3892,3875,3848,3820,3800,3773,3715,3670,3632
061,17,077,00000,56276,00000,1,A,Ora township,Illinois,514,514,515,514,512,508,505,502,499,491,486,481
061,17,077,00000,60963,00000,1,A,Pomona township,Illinois,802,802,803,805,800,795,790,788,784,773,766,759
061,17,077,00000,67522,00000,0,A,Sand Ridge township,Illinois,816,816,817,816,812,807,802,800,792,780,771,764
071,17,077,30588,67522,00000,1,A,Gorham village,Illinois,236,236,236,236,235,233,232,231,229,223,221,219
071,17,077,99990,67522,00000,1,F,Balance of Sand Ridge township,Illinois,580,580,581,580,577,574,570,569,563,557,550,545
061,17,077,00000,70408,00000,0,A,Somerset township,Illinois,4205,4210,4219,4215,4196,4169,4142,4123,4097,4038,3995,3957
071,17,077,51453,70408,00000,1,A,Murphysboro city (pt.),Illinois,1304,1304,1306,1305,1299,1290,1282,1275,1268,1251,1238,1226
071,17,077,99990,70408,00000,1,F,Balance of Somerset township,Illinois,2901,2906,2913,2910,2897,2879,2860,2848,2829,2787,2757,2731
061,17,077,00000,77538,00000,0,A,Vergennes township,Illinois,771,771,772,771,768,763,758,756,748,739,731,724
071,17,077,77525,77538,00000,1,A,Vergennes village,Illinois,298,298,298,298,297,295,293,294,289,287,284,281
071,17,077,99990,77538,00000,1,F,Balance of Vergennes township,Illinois,473,473,474,473,471,468,465,462,459,452,447,443
050,17,079,00000,00000,00000,0,A,Jasper County,Illinois,9698,9701,9725,9754,9672,9607,9633,9630,9583,9523,9624,9610
157,17,079,34553,00000,00000,0,A,Hidalgo village,Illinois,106,106,106,107,106,105,105,105,105,104,105,105
157,17,079,52844,00000,00000,0,A,Newton city,Illinois,2849,2894,2902,2910,2886,2865,2877,2872,2858,2838,2867,2863
157,17,079,65754,00000,00000,0,A,Rose Hill village,Illinois,80,80,80,80,80,79,79,79,79,80,81,81
157,17,079,66800,00000,00000,0,A,Ste. Marie village,Illinois,244,244,245,245,243,240,240,240,239,236,238,238
157,17,079,81074,00000,00000,0,A,Wheeler village,Illinois,147,147,147,148,146,145,146,146,145,144,146,146
157,17,079,82010,00000,00000,0,A,Willow Hill village,Illinois,230,230,231,231,229,228,228,228,227,226,228,228
157,17,079,83765,00000,00000,0,A,Yale village,Illinois,86,86,86,86,86,85,85,85,85,84,85,85
157,17,079,99990,00000,00000,0,F,Balance of Jasper County,Illinois,5956,5914,5928,5947,5896,5860,5873,5875,5845,5811,5874,5864
061,17,079,00000,17653,00000,0,A,Crooked Creek township,Illinois,721,721,722,725,719,713,715,717,714,709,717,716
071,17,079,34553,17653,00000,1,A,Hidalgo village,Illinois,106,106,106,107,106,105,105,105,105,104,105,105
071,17,079,65754,17653,00000,1,A,Rose Hill village,Illinois,80,80,80,80,80,79,79,79,79,80,81,81
071,17,079,99990,17653,00000,1,F,Balance of Crooked Creek township,Illinois,535,535,536,538,533,529,531,533,530,525,531,530
061,17,079,00000,27390,00000,1,A,Fox township,Illinois,512,512,513,515,510,509,511,510,508,505,510,512
061,17,079,00000,30887,00000,0,A,Grandville township,Illinois,372,372,373,373,371,368,369,369,367,365,369,369
071,17,079,83765,30887,00000,1,A,Yale village,Illinois,86,86,86,86,86,85,85,85,85,84,85,85
071,17,079,99990,30887,00000,1,F,Balance of Grandville township,Illinois,286,286,287,287,285,283,284,284,282,281,284,284
061,17,079,00000,31888,00000,1,A,Grove township,Illinois,618,621,622,624,619,615,614,616,611,607,614,611
061,17,079,00000,36659,00000,1,A,Hunt City township,Illinois,282,282,283,283,283,281,282,282,280,281,284,284
061,17,079,00000,54001,00000,0,A,North Muddy township,Illinois,777,777,778,784,776,771,774,775,772,767,776,775
071,17,079,81074,54001,00000,1,A,Wheeler village,Illinois,147,147,147,148,146,145,146,146,145,144,146,146
071,17,079,99990,54001,00000,1,F,Balance of North Muddy township,Illinois,630,630,631,636,630,626,628,629,627,623,630,629
061,17,079,00000,66803,00000,0,A,Ste. Marie township,Illinois,551,551,553,554,549,544,545,544,542,537,542,542
071,17,079,66800,66803,00000,1,A,Ste. Marie village,Illinois,244,244,245,245,243,240,240,240,239,236,238,238
071,17,079,99990,66803,00000,1,F,Balance of Ste. Marie township,Illinois,307,307,308,309,306,304,305,304,303,301,304,304
061,17,079,00000,70200,00000,1,A,Smallwood township,Illinois,411,411,412,413,409,407,408,407,406,403,408,407
061,17,079,00000,71084,00000,1,A,South Muddy township,Illinois,340,340,341,342,339,336,337,337,336,334,337,337
061,17,079,00000,78357,00000,0,A,Wade township,Illinois,4475,4475,4487,4499,4461,4430,4444,4439,4416,4388,4433,4426
071,17,079,52844,78357,00000,1,A,Newton city,Illinois,2849,2894,2902,2910,2886,2865,2877,2872,2858,2838,2867,2863
071,17,079,99990,78357,00000,1,F,Balance of Wade township,Illinois,1626,1581,1585,1589,1575,1565,1567,1567,1558,1550,1566,1563
061,17,079,00000,82023,00000,0,A,Willow Hill township,Illinois,639,639,641,642,636,633,634,634,631,627,634,631
071,17,079,82010,82023,00000,1,A,Willow Hill village,Illinois,230,230,231,231,229,228,228,228,227,226,228,228
071,17,079,99990,82023,00000,1,F,Balance of Willow Hill township,Illinois,409,409,410,411,407,405,406,406,404,401,406,403
050,17,081,00000,00000,00000,0,A,Jefferson County,Illinois,38827,38825,38755,38749,38658,38641,38374,38272,38214,38045,37708,37684
157,17,081,04806,00000,00000,0,A,Belle Rive village,Illinois,361,360,359,359,358,358,355,356,356,354,350,350
157,17,081,06964,00000,00000,0,A,Bluford village,Illinois,688,691,690,689,688,684,682,679,679,676,667,669
157,17,081,07263,00000,00000,0,A,Bonnie village,Illinois,397,397,396,396,395,394,390,388,388,386,381,381
157,17,081,12164,00000,00000,0,A,Centralia city (pt.),Illinois,0,0,0,0,0,0,0,0,0,0,0,0
157,17,081,20123,00000,00000,0,A,Dix village,Illinois,461,456,455,455,455,453,450,448,448,446,440,440
157,17,081,37179,00000,00000,0,A,Ina village,Illinois,2338,2334,2333,2359,2341,2360,2327,2326,2268,2270,2270,2279
157,17,081,51180,00000,00000,0,A,Mount Vernon city,Illinois,15277,15241,15206,15173,15124,15109,15009,14948,14941,14861,14751,14723
157,17,081,51726,00000,00000,0,A,Nason city,Illinois,236,236,235,235,237,236,235,234,235,234,233,233
157,17,081,78708,00000,00000,0,A,Waltonville village,Illinois,434,445,445,444,443,443,439,438,438,435,432,432
157,17,081,83206,00000,00000,0,A,Woodlawn village,Illinois,698,694,693,694,696,694,690,690,689,688,682,682
157,17,081,99990,00000,00000,0,F,Balance of Jefferson County,Illinois,17937,17971,17943,17945,17921,17910,17797,17765,17772,17695,17502,17495
061,17,081,00000,03428,00000,0,A,Bald Hill township,Illinois,767,767,766,766,765,765,759,758,760,756,749,748
071,17,081,78708,03428,00000,1,A,Waltonville village (pt.),Illinois,218,229,229,228,228,228,226,225,225,224,221,221
071,17,081,99990,03428,00000,1,F,Balance of Bald Hill township,Illinois,549,538,537,538,537,537,533,533,535,532,528,527
061,17,081,00000,06496,00000,0,A,Blissville township,Illinois,404,411,410,410,409,408,406,404,404,402,397,397
071,17,081,78708,06496,00000,1,A,Waltonville village (pt.),Illinois,6,6,6,6,6,6,6,6,6,6,6,6
071,17,081,99990,06496,00000,1,F,Balance of Blissville township,Illinois,398,405,404,404,403,402,400,398,398,396,391,391
061,17,081,00000,11670,00000,0,A,Casner township,Illinois,1239,1232,1230,1230,1231,1231,1223,1224,1225,1219,1209,1208
071,17,081,83206,11670,00000,1,A,Woodlawn village (pt.),Illinois,219,219,219,218,221,220,219,221,220,219,219,219
071,17,081,99990,11670,00000,1,F,Balance of Casner township,Illinois,1020,1013,1011,1012,1010,1011,1004,1003,1005,1000,990,989
061,17,081,00000,20227,00000,0,A,Dodds township,Illinois,2647,2646,2643,2642,2637,2636,2620,2615,2615,2608,2584,2582
071,17,081,51180,20227,00000,1,A,Mount Vernon city (pt.),Illinois,944,960,958,959,957,956,952,951,952,950,947,946
071,17,081,99990,20227,00000,1,F,Balance of Dodds township,Illinois,1703,1686,1685,1683,1680,1680,1668,1664,1663,1658,1637,1636
061,17,081,00000,23334,00000,0,A,Elk Prairie township,Illinois,725,725,723,723,723,722,717,715,714,712,703,703
071,17,081,51726,23334,00000,1,A,Nason city,Illinois,236,236,235,235,237,236,235,234,235,234,233,233
071,17,081,78708,23334,00000,1,A,Waltonville village (pt.),Illinois,132,132,132,132,131,131,130,130,130,129,127,127
071,17,081,99990,23334,00000,1,F,Balance of Elk Prairie township,Illinois,357,357,356,356,355,355,352,351,349,349,343,343
061,17,081,00000,25648,00000,1,A,Farrington township,Illinois,567,567,566,567,566,566,564,562,564,561,557,556
061,17,081,00000,25986,00000,1,A,Field township,Illinois,1468,1467,1466,1467,1466,1465,1457,1456,1457,1452,1439,1440
061,17,081,00000,30731,00000,0,A,Grand Prairie township,Illinois,909,911,909,910,909,907,904,902,902,900,889,891
071,17,081,12164,30731,00000,1,A,Centralia city (pt.),Illinois,0,0,0,0,0,0,0,0,0,0,0,0
071,17,081,99990,30731,00000,1,F,Balance of Grand Prairie township,Illinois,909,911,909,910,909,907,904,902,902,900,889,891
061,17,081,00000,45512,00000,0,A,McClellan township,Illinois,1255,1258,1255,1257,1254,1255,1246,1244,1244,1239,1227,1226
071,17,081,51180,45512,00000,1,A,Mount Vernon city (pt.),Illinois,2,11,11,11,11,11,11,11,11,11,11,11
071,17,081,78708,45512,00000,1,A,Waltonville village (pt.),Illinois,78,78,78,78,78,78,77,77,77,76,78,78
071,17,081,99990,45512,00000,1,F,Balance of McClellan township,Illinois,1175,1169,1166,1168,1165,1166,1158,1156,1156,1152,1138,1137
061,17,081,00000,50348,00000,1,A,Moores Prairie township,Illinois,347,347,346,346,345,345,342,341,341,339,335,335
061,17,081,00000,51193,00000,0,A,Mount Vernon township,Illinois,13374,13375,13346,13319,13279,13260,13169,13118,13108,13037,12920,12897
071,17,081,51180,51193,00000,1,A,Mount Vernon city (pt.),Illinois,9768,9709,9686,9660,9625,9613,9545,9501,9493,9439,9364,9343
071,17,081,99990,51193,00000,1,F,Balance of Mount Vernon township,Illinois,3606,3666,3660,3659,3654,3647,3624,3617,3615,3598,3556,3554
061,17,081,00000,58564,00000,0,A,Pendleton township,Illinois,1206,1205,1202,1204,1202,1200,1192,1189,1192,1186,1174,1174
071,17,081,04806,58564,00000,1,A,Belle Rive village,Illinois,361,360,359,359,358,358,355,356,356,354,350,350
071,17,081,99990,58564,00000,1,F,Balance of Pendleton township,Illinois,845,845,843,845,844,842,837,833,836,832,824,824
061,17,081,00000,65377,00000,0,A,Rome township,Illinois,1669,1667,1663,1664,1662,1661,1650,1646,1645,1637,1619,1618
071,17,081,20123,65377,00000,1,A,Dix village,Illinois,461,456,455,455,455,453,450,448,448,446,440,440
071,17,081,99990,65377,00000,1,F,Balance of Rome township,Illinois,1208,1211,1208,1209,1207,1208,1200,1198,1197,1191,1179,1178
061,17,081,00000,69511,00000,0,A,Shiloh township,Illinois,6620,6618,6606,6598,6585,6579,6538,6518,6520,6488,6433,6426
071,17,081,51180,69511,00000,1,A,Mount Vernon city (pt.),Illinois,4563,4561,4551,4543,4531,4529,4501,4485,4485,4461,4429,4423
071,17,081,83206,69511,00000,1,A,Woodlawn village (pt.),Illinois,479,475,474,476,475,474,471,469,469,469,463,463
071,17,081,99990,69511,00000,1,F,Balance of Shiloh township,Illinois,1578,1582,1581,1579,1579,1576,1566,1564,1566,1558,1541,1540
061,17,081,00000,72039,00000,0,A,Spring Garden township,Illinois,3307,3307,3304,3329,3309,3329,3288,3285,3227,3224,3212,3221
071,17,081,07263,72039,00000,1,A,Bonnie village,Illinois,397,397,396,396,395,394,390,388,388,386,381,381
071,17,081,37179,72039,00000,1,A,Ina village,Illinois,2338,2334,2333,2359,2341,2360,2327,2326,2268,2270,2270,2279
071,17,081,99990,72039,00000,1,F,Balance of Spring Garden township,Illinois,572,576,575,574,573,575,571,571,571,568,561,561
061,17,081,00000,79514,00000,0,A,Webber township,Illinois,2323,2322,2320,2317,2316,2312,2299,2295,2296,2285,2261,2262
071,17,081,06964,79514,00000,1,A,Bluford village,Illinois,688,691,690,689,688,684,682,679,679,676,667,669
071,17,081,99990,79514,00000,1,F,Balance of Webber township,Illinois,1635,1631,1630,1628,1628,1628,1617,1616,1617,1609,1594,1593
050,17,083,00000,00000,00000,0,A,Jersey County,Illinois,22985,23010,22995,22879,22710,22599,22492,22260,21947,21912,21795,21773
157,17,083,08264,00000,00000,0,A,Brighton village (pt.),Illinois,308,308,308,306,300,299,297,293,289,288,288,285
157,17,083,23776,00000,00000,0,A,Elsah village,Illinois,673,673,673,680,649,633,637,638,606,607,607,606
157,17,083,25960,00000,00000,0,A,Fidelity village,Illinois,114,114,114,115,113,112,113,112,112,111,113,112
157,17,083,26012,00000,00000,0,A,Fieldon village,Illinois,239,239,239,236,233,230,229,226,222,221,220,218
157,17,083,30653,00000,00000,0,A,Grafton city,Illinois,674,681,682,676,671,665,668,658,648,646,643,640
157,17,083,38414,00000,00000,0,A,Jerseyville city,Illinois,8465,8464,8461,8455,8462,8522,8479,8384,8274,8257,8211,8200
157,17,083,48138,00000,00000,0,A,Medora village (pt.),Illinois,2,2,2,2,2,2,2,2,2,2,2,2
157,17,083,56978,00000,00000,0,A,Otterville town,Illinois,126,126,126,124,123,121,120,119,120,119,118,118
157,17,083,99990,00000,00000,0,F,Balance of Jersey County,Illinois,12384,12403,12390,12285,12157,12015,11947,11828,11674,11661,11593,11592
061,17,083,00000,23789,00000,0,A,Elsah township,Illinois,2462,2462,2461,2451,2400,2362,2357,2339,2285,2282,2271,2268
071,17,083,23776,23789,00000,1,A,Elsah village,Illinois,673,673,673,680,649,633,637,638,606,607,607,606
071,17,083,99990,23789,00000,1,F,Balance of Elsah township,Illinois,1789,1789,1788,1771,1751,1729,1720,1701,1679,1675,1664,1662
061,17,083,00000,24231,00000,1,A,English township,Illinois,487,487,486,481,477,471,468,465,458,456,453,454
061,17,083,00000,25973,00000,0,A,Fidelity township,Illinois,715,715,716,711,704,697,694,689,682,681,681,681
071,17,083,25960,25973,00000,1,A,Fidelity village,Illinois,114,114,114,115,113,112,113,112,112,111,113,112
071,17,083,48138,25973,00000,1,A,Medora village (pt.),Illinois,2,2,2,2,2,2,2,2,2,2,2,2
071,17,083,99990,25973,00000,1,F,Balance of Fidelity township,Illinois,599,599,600,594,589,583,579,575,568,568,566,567
061,17,083,00000,38401,00000,0,A,Jersey township,Illinois,10165,10165,10159,10138,10127,10168,10114,10002,9870,9850,9795,9780
071,17,083,38414,38401,00000,1,A,Jerseyville city,Illinois,8465,8464,8461,8455,8462,8522,8479,8384,8274,8257,8211,8200
071,17,083,99990,38401,00000,1,F,Balance of Jersey township,Illinois,1700,1701,1698,1683,1665,1646,1635,1618,1596,1593,1584,1580
061,17,083,00000,49672,00000,1,A,Mississippi township,Illinois,2041,2048,2045,2028,2005,1978,1968,1946,1920,1917,1903,1901
061,17,083,00000,56952,00000,0,A,Otter Creek township,Illinois,1035,1032,1033,1023,1014,1002,998,989,979,979,974,977
071,17,083,56978,56952,00000,1,A,Otterville town,Illinois,126,126,126,124,123,121,120,119,120,119,118,118
071,17,083,99990,56952,00000,1,F,Balance of Otter Creek township,Illinois,909,906,907,899,891,881,878,870,859,860,856,859
061,17,083,00000,59598,00000,0,A,Piasa township,Illinois,3376,3398,3395,3368,3331,3295,3278,3245,3204,3200,3186,3183
071,17,083,08264,59598,00000,1,A,Brighton village (pt.),Illinois,308,308,308,306,300,299,297,293,289,288,288,285
071,17,083,99990,59598,00000,1,F,Balance of Piasa township,Illinois,3068,3090,3087,3062,3031,2996,2981,2952,2915,2912,2898,2898
061,17,083,00000,62354,00000,0,A,Quarry township,Illinois,1174,1171,1171,1162,1152,1142,1141,1128,1113,1110,1105,1103
071,17,083,30653,62354,00000,1,A,Grafton city,Illinois,674,681,682,676,671,665,668,658,648,646,643,640
071,17,083,99990,62354,00000,1,F,Balance of Quarry township,Illinois,500,490,489,486,481,477,473,470,465,464,462,463
061,17,083,00000,63745,00000,0,A,Richwood township,Illinois,653,653,652,647,639,631,627,619,609,609,605,604
071,17,083,26012,63745,00000,1,A,Fieldon village,Illinois,239,239,239,236,233,230,229,226,222,221,220,218
071,17,083,99990,63745,00000,1,F,Balance of Richwood township,Illinois,414,414,413,411,406,401,398,393,387,388,385,386
061,17,083,00000,65689,00000,1,A,Rosedale township,Illinois,456,456,455,452,448,443,440,436,431,431,428,429
061,17,083,00000,66482,00000,0,A,Ruyle township,Illinois,421,423,422,418,413,410,407,402,396,397,394,393
071,17,083,48138,66482,00000,1,A,Medora village (pt.),Illinois,0,0,0,0,0,0,0,0,0,0,0,0
071,17,083,99990,66482,00000,1,F,Balance of Ruyle township,Illinois,421,423,422,418,413,410,407,402,396,397,394,393
050,17,085,00000,00000,00000,0,A,Jo Daviess County,Illinois,22678,22681,22648,22640,22543,22399,22341,22066,21814,21495,21331,21235
157,17,085,01673,00000,00000,0,A,Apple River village,Illinois,366,365,364,366,364,361,360,357,352,346,345,343
157,17,085,21683,00000,00000,0,A,East Dubuque city,Illinois,1704,1705,1702,1697,1688,1675,1667,1645,1623,1594,1580,1569
157,17,085,23165,00000,00000,0,A,Elizabeth village,Illinois,761,766,765,766,761,758,758,747,740,730,725,722
157,17,085,28300,00000,00000,0,A,Galena city,Illinois,3429,3418,3412,3405,3385,3353,3334,3288,3252,3207,3177,3158
157,17,085,32707,00000,00000,0,A,Hanover village,Illinois,844,845,843,840,834,826,821,809,797,782,773,768
157,17,085,48359,00000,00000,0,A,Menominee village,Illinois,248,253,253,252,254,252,251,247,247,243,241,240
157,17,085,53195,00000,00000,0,A,Nora village,Illinois,121,121,121,121,120,121,120,119,117,117,114,116
157,17,085,67925,00000,00000,0,A,Scales Mound village,Illinois,376,386,387,385,383,378,376,371,365,359,356,356
157,17,085,72780,00000,00000,0,A,Stockton village,Illinois,1862,1869,1866,1859,1847,1831,1820,1794,1770,1741,1724,1712
157,17,085,78851,00000,00000,0,A,Warren village,Illinois,1428,1428,1425,1423,1414,1400,1391,1371,1352,1326,1312,1304
157,17,085,99990,00000,00000,0,F,Balance of Jo Daviess County,Illinois,11539,11525,11510,11526,11493,11444,11443,11318,11199,11050,10984,10947
061,17,085,00000,01686,00000,0,A,Apple River township,Illinois,498,498,497,499,496,494,492,486,481,473,471,468
071,17,085,01673,01686,00000,1,A,Apple River village,Illinois,366,365,364,366,364,361,360,357,352,346,345,343
071,17,085,99990,01686,00000,1,F,Balance of Apple River township,Illinois,132,133,133,133,132,133,132,129,129,127,126,125
061,17,085,00000,05495,00000,1,A,Berreman township,Illinois,147,157,157,156,156,156,156,154,152,149,148,147
061,17,085,00000,16639,00000,1,A,Council Hill township,Illinois,141,141,141,140,140,140,140,138,136,134,133,134
061,17,085,00000,19551,00000,1,A,Derinda township,Illinois,321,322,321,323,321,319,319,315,311,308,305,303
061,17,085,00000,21202,00000,0,A,Dunleith township,Illinois,3820,3820,3816,3817,3801,3781,3775,3730,3691,3637,3614,3600
071,17,085,21683,21202,00000,1,A,East Dubuque city,Illinois,1704,1705,1702,1697,1688,1675,1667,1645,1623,1594,1580,1569
071,17,085,99990,21202,00000,1,F,Balance of Dunleith township,Illinois,2116,2115,2114,2120,2113,2106,2108,2085,2068,2043,2034,2031
061,17,085,00000,21813,00000,0,A,East Galena township,Illinois,1283,1290,1289,1289,1284,1277,1274,1259,1244,1228,1220,1214
071,17,085,28300,21813,00000,1,A,Galena city (pt.),Illinois,483,477,476,475,473,469,466,460,454,448,445,441
071,17,085,99990,21813,00000,1,F,Balance of East Galena township,Illinois,800,813,813,814,811,808,808,799,790,780,775,773
061,17,085,00000,23178,00000,0,A,Elizabeth township,Illinois,1111,1111,1109,1110,1105,1101,1098,1086,1073,1060,1052,1047
071,17,085,23165,23178,00000,1,A,Elizabeth village (pt.),Illinois,674,679,678,679,675,672,671,663,655,647,643,640
071,17,085,99990,23178,00000,1,F,Balance of Elizabeth township,Illinois,437,432,431,431,430,429,427,423,418,413,409,407
061,17,085,00000,31979,00000,1,A,Guilford township,Illinois,1206,1200,1199,1201,1198,1193,1193,1180,1168,1153,1146,1143
061,17,085,00000,32720,00000,0,A,Hanover township,Illinois,1201,1201,1198,1196,1189,1179,1175,1160,1144,1124,1114,1107
071,17,085,32707,32720,00000,1,A,Hanover village,Illinois,844,845,843,840,834,826,821,809,797,782,773,768
071,17,085,99990,32720,00000,1,F,Balance of Hanover township,Illinois,357,356,355,356,355,353,354,351,347,342,341,339
061,17,085,00000,48372,00000,0,A,Menominee township,Illinois,1122,1123,1121,1122,1119,1113,1114,1099,1088,1073,1066,1063
071,17,085,48359,48372,00000,1,A,Menominee village,Illinois,248,253,253,252,254,252,251,247,247,243,241,240
071,17,085,99990,48372,00000,1,F,Balance of Menominee township,Illinois,874,870,868,870,865,861,863,852,841,830,825,823
061,17,085,00000,53208,00000,0,A,Nora township,Illinois,370,370,370,372,369,368,366,365,360,355,353,353
071,17,085,53195,53208,00000,1,A,Nora village,Illinois,121,121,121,121,120,121,120,119,117,117,114,116
071,17,085,99990,53208,00000,1,F,Balance of Nora township,Illinois,249,249,249,251,249,247,246,246,243,238,239,237
061,17,085,00000,60664,00000,1,A,Pleasant Valley township,Illinois,273,262,262,261,261,259,260,257,254,249,249,248
061,17,085,00000,62926,00000,0,A,Rawlins township,Illinois,455,458,457,457,457,453,454,448,442,437,433,432
071,17,085,28300,62926,00000,1,A,Galena city (pt.),Illinois,51,44,44,44,44,43,43,43,42,41,41,41
071,17,085,99990,62926,00000,1,F,Balance of Rawlins township,Illinois,404,414,413,413,413,410,411,405,400,396,392,391
061,17,085,00000,63472,00000,1,A,Rice township,Illinois,338,336,335,336,336,334,334,331,328,324,321,321
061,17,085,00000,66326,00000,1,A,Rush township,Illinois,380,380,379,381,379,378,378,374,371,365,363,362
061,17,085,00000,67938,00000,0,A,Scales Mound township,Illinois,622,623,624,621,618,613,611,603,596,584,581,580
071,17,085,67925,67938,00000,1,A,Scales Mound village,Illinois,376,386,387,385,383,378,376,371,365,359,356,356
071,17,085,99990,67938,00000,1,F,Balance of Scales Mound township,Illinois,246,237,237,236,235,235,235,232,231,225,225,224
061,17,085,00000,72793,00000,0,A,Stockton township,Illinois,2453,2453,2449,2443,2428,2410,2399,2367,2336,2300,2278,2263
071,17,085,72780,72793,00000,1,A,Stockton village,Illinois,1862,1869,1866,1859,1847,1831,1820,1794,1770,1741,1724,1712
071,17,085,99990,72793,00000,1,F,Balance of Stockton township,Illinois,591,584,583,584,581,579,579,573,566,559,554,551
061,17,085,00000,75146,00000,1,A,Thompson township,Illinois,841,841,840,841,839,836,835,826,817,807,802,799
061,17,085,00000,78084,00000,1,A,Vinegar Hill township,Illinois,364,364,363,363,363,361,359,357,353,347,346,344
061,17,085,00000,78799,00000,1,A,Wards Grove township,Illinois,224,224,224,223,222,222,222,219,216,214,213,212
061,17,085,00000,78864,00000,0,A,Warren township,Illinois,1601,1601,1598,1595,1588,1572,1563,1541,1519,1493,1477,1468
071,17,085,78851,78864,00000,1,A,Warren village,Illinois,1428,1428,1425,1423,1414,1400,1391,1371,1352,1326,1312,1304
071,17,085,99990,78864,00000,1,F,Balance of Warren township,Illinois,173,173,173,172,174,172,172,170,167,167,165,164
061,17,085,00000,80359,00000,0,A,West Galena township,Illinois,3323,3322,3316,3310,3292,3261,3246,3201,3169,3124,3093,3076
071,17,085,28300,80359,00000,1,A,Galena city (pt.),Illinois,2895,2897,2892,2886,2868,2841,2825,2785,2756,2718,2691,2676
071,17,085,99990,80359,00000,1,F,Balance of West Galena township,Illinois,428,425,424,424,424,420,421,416,413,406,402,400
061,17,085,00000,82907,00000,0,A,Woodbine township,Illinois,584,584,583,584,582,579,578,570,565,557,553,551
071,17,085,23165,82907,00000,1,A,Elizabeth village (pt.),Illinois,87,87,87,87,86,86,87,84,85,83,82,82
071,17,085,99990,82907,00000,1,F,Balance of Woodbine township,Illinois,497,497,496,497,496,493,491,486,480,474,471,469
050,17,087,00000,00000,00000,0,A,Johnson County,Illinois,12582,12577,12604,12855,12856,12867,12887,12777,12454,12399,12423,12417
157,17,087,04715,00000,00000,1,A,Belknap village,Illinois,104,104,104,104,107,104,106,105,107,106,106,106
157,17,087,09551,00000,00000,1,A,Buncombe village,Illinois,203,203,203,204,204,204,203,203,205,203,204,203
157,17,087,18251,00000,00000,1,A,Cypress village,Illinois,234,234,235,235,236,235,235,234,236,235,235,235
157,17,087,30575,00000,00000,1,A,Goreville village,Illinois,1049,1050,1054,1062,1072,1067,1063,1060,1068,1062,1063,1060
157,17,087,46916,00000,00000,1,A,Marion city (pt.),Illinois,2,2,2,2,2,2,2,2,2,2,2,2
157,17,087,52285,00000,00000,1,A,New Burnside village,Illinois,211,211,212,212,213,212,211,211,213,212,212,214
157,17,087,70005,00000,00000,1,A,Simpson village,Illinois,60,60,60,60,60,60,60,60,60,60,60,60
157,17,087,77863,00000,00000,1,A,Vienna city,Illinois,1434,1430,1434,1436,1442,1437,1435,1434,1447,1439,1441,1440
157,17,087,99990,00000,00000,1,F,Balance of Johnson County,Illinois,9285,9283,9300,9540,9520,9546,9572,9468,9116,9080,9100,9097
050,17,089,00000,00000,00000,0,A,Kane County,Illinois,515269,515322,516068,519110,520669,522626,525625,528760,530726,532272,532720,532403
157,17,089,00685,00000,00000,0,A,Algonquin village (pt.),Illinois,8433,8463,8473,8509,8518,8684,8693,8761,8896,8877,8830,8813
157,17,089,03012,00000,00000,0,A,Aurora city (pt.),Illinois,130976,131104,131219,131757,131960,131899,132213,132363,132886,132560,131662,130608
157,17,089,03883,00000,00000,0,A,Barrington Hills village (pt.),Illinois,137,137,137,138,138,138,138,141,138,140,139,138
157,17,089,04013,00000,00000,0,A,Bartlett village (pt.),Illinois,0,0,0,0,0,0,0,0,0,0,0,0
157,17,089,04078,00000,00000,0,A,Batavia city (pt.),Illinois,26045,26238,26262,26361,26392,26383,26399,26447,26392,26501,26303,26420
157,17,089,05976,00000,00000,0,A,Big Rock village,Illinois,1126,1132,1133,1138,1140,1143,1149,1153,1152,1148,1139,1129
157,17,089,09759,00000,00000,0,A,Burlington village,Illinois,618,624,625,627,628,628,631,634,633,630,626,620
157,17,089,10906,00000,00000,0,A,Campton Hills village,Illinois,11131,11065,11081,11140,11172,11200,11209,11227,11221,11193,11130,11091
157,17,089,11358,00000,00000,0,A,Carpentersville village,Illinois,37691,37669,37737,37977,38035,38117,38238,38310,38168,37975,37634,37254
157,17,089,21696,00000,00000,0,A,East Dundee village (pt.),Illinois,2860,2860,2863,2871,2872,3181,3180,3178,3166,3171,3174,3216
157,17,089,22931,00000,00000,0,A,Elburn village,Illinois,5602,5596,5602,5629,5639,5640,5666,5724,5747,5829,5905,5997
157,17,089,23074,00000,00000,0,A,Elgin city (pt.),Illinois,84156,84139,84266,84898,85220,85488,86199,86994,87254,87184,86717,86153
157,17,089,28872,00000,00000,0,A,Geneva city,Illinois,21495,21592,21614,21698,21726,21721,21751,21795,21910,22012,21899,21809
157,17,089,29171,00000,00000,0,A,Gilberts village,Illinois,6879,6875,6910,7122,7308,7418,7538,7616,7721,8022,8063,8076
157,17,089,32525,00000,00000,0,A,Hampshire village,Illinois,5563,5563,5572,5601,5606,5723,5953,6104,6234,6310,6305,6251
157,17,089,35411,00000,00000,0,A,Hoffman Estates village (pt.),Illinois,0,0,0,0,0,0,0,0,0,0,0,0
157,17,089,36750,00000,00000,0,A,Huntley village (pt.),Illinois,5795,5736,5747,5789,5822,5862,5920,5959,5970,5979,5953,5903
157,17,089,38895,00000,00000,0,A,Kaneville village,Illinois,484,482,483,485,485,485,488,491,490,488,484,480
157,17,089,43406,00000,00000,0,A,Lily Lake village,Illinois,993,990,991,995,997,1000,1019,1026,1029,1034,1026,1023
157,17,089,46604,00000,00000,0,A,Maple Park village (pt.),Illinois,672,672,673,676,674,672,673,671,669,676,680,690
157,17,089,50218,00000,00000,0,A,Montgomery village (pt.),Illinois,7871,7738,7771,7946,8055,8155,8215,8285,8326,8308,8266,8239
157,17,089,53442,00000,00000,0,A,North Aurora village,Illinois,16760,16621,16650,16753,16821,16953,17187,17292,17319,18063,18070,18057
157,17,089,59988,00000,00000,0,A,Pingree Grove village,Illinois,4532,4518,4587,4713,4910,5471,5885,6648,7408,8097,8936,9874
157,17,089,66703,00000,00000,0,A,St. Charles city (pt.),Illinois,32431,31729,31762,31888,31939,31938,32024,32070,32034,31971,32334,32302
157,17,089,70161,00000,00000,0,A,Sleepy Hollow village,Illinois,3304,3311,3315,3326,3332,3328,3326,3329,3318,3305,3278,3244
157,17,089,70720,00000,00000,0,A,South Elgin village,Illinois,21985,21993,22020,22102,22127,22123,22137,22255,22360,22454,23384,24755
157,17,089,73391,00000,00000,0,A,Sugar Grove village,Illinois,8997,9006,9016,9066,9082,9088,9165,9473,9549,9792,9777,9888
157,17,089,78175,00000,00000,0,A,Virgil village,Illinois,329,329,329,331,331,331,334,335,334,333,330,327
157,17,089,79397,00000,00000,0,A,Wayne village (pt.),Illinois,861,875,876,882,886,884,882,885,883,882,875,865
157,17,089,80125,00000,00000,0,A,West Dundee village,Illinois,7331,7294,7300,7323,7329,7319,7331,7330,7312,7282,8195,8113
157,17,089,99990,00000,00000,0,F,Balance of Kane County,Illinois,60212,60971,61054,61369,61525,61654,62082,62264,62207,62056,61606,61068
061,17,089,00000,03025,00000,0,A,Aurora township,Illinois,146149,146276,146429,147122,147415,147478,147963,148211,148716,148648,147687,146557
071,17,089,03012,03025,00000,1,A,Aurora city (pt.),Illinois,124387,124409,124516,125017,125200,125135,125425,125561,126046,125729,124871,123865
071,17,089,50218,03025,00000,1,A,Montgomery village (pt.),Illinois,4526,4510,4529,4630,4692,4749,4782,4822,4845,4833,4808,4791
071,17,089,53442,03025,00000,1,A,North Aurora village (pt.),Illinois,6707,6702,6714,6753,6776,6829,6919,6961,6970,7263,7264,7257
071,17,089,99990,03025,00000,1,F,Balance of Aurora township,Illinois,10529,10655,10670,10722,10747,10765,10837,10867,10855,10823,10744,10644
061,17,089,00000,04091,00000,0,A,Batavia township,Illinois,35221,35141,35181,35337,35407,35464,35607,35708,35682,36110,35909,35973
071,17,089,03012,04091,00000,1,A,Aurora city (pt.),Illinois,2301,2398,2401,2414,2421,2423,2431,2436,2451,2447,2432,2417
071,17,089,04078,04091,00000,1,A,Batavia city (pt.),Illinois,22869,22971,22992,23077,23105,23097,23110,23153,23103,23199,23023,23126
071,17,089,53442,04091,00000,1,A,North Aurora village (pt.),Illinois,7564,7524,7538,7585,7616,7675,7785,7833,7843,8184,8189,8182
071,17,089,99990,04091,00000,1,F,Balance of Batavia township,Illinois,2487,2248,2250,2261,2265,2269,2281,2286,2285,2280,2265,2248
061,17,089,00000,05989,00000,0,A,Big Rock township,Illinois,1859,1854,1856,1864,1870,1872,1884,1889,1886,1882,1867,1849
071,17,089,05976,05989,00000,1,A,Big Rock village (pt.),Illinois,1126,1132,1133,1138,1140,1143,1149,1153,1152,1148,1139,1129
071,17,089,73391,05989,00000,1,A,Sugar Grove village (pt.),Illinois,8,8,8,8,8,8,8,8,8,8,8,8
071,17,089,99990,05989,00000,1,F,Balance of Big Rock township,Illinois,725,714,715,718,722,721,727,728,726,726,720,712
061,17,089,00000,06262,00000,0,A,Blackberry township,Illinois,15090,15071,15091,15177,15224,15267,15387,15474,15491,15637,15629,15613
071,17,089,22931,06262,00000,1,A,Elburn village (pt.),Illinois,3843,3795,3799,3815,3822,3821,3839,3879,3892,3947,3998,4060
071,17,089,28872,06262,00000,1,A,Geneva city (pt.),Illinois,0,0,0,0,0,0,0,0,0,0,0,0
071,17,089,53442,06262,00000,1,A,North Aurora village (pt.),Illinois,2431,2389,2392,2409,2423,2443,2477,2492,2500,2610,2611,2612
071,17,089,73391,06262,00000,1,A,Sugar Grove village (pt.),Illinois,A,0,0,0,0,0,0,0,0,0,0,0
071,17,089,99990,06262,00000,1,F,Balance of Blackberry township,Illinois,8816,8887,8900,8953,8979,9003,9071,9103,9099,9080,9020,8941
061,17,089,00000,09772,00000,0,A,Burlington township,Illinois,1921,1921,1923,1931,1937,1939,1952,1959,1957,1949,1935,1918
071,17,089,09759,09772,00000,1,A,Burlington village (pt.),Illinois,618,624,625,627,628,628,631,634,633,630,626,620
071,17,089,99990,09772,00000,1,F,Balance of Burlington township,Illinois,1303,1297,1298,1304,1309,1311,1321,1325,1324,1319,1309,1298
061,17,089,00000,10903,00000,0,A,Campton township,Illinois,17174,17175,17200,17292,17338,17378,17441,17496,17500,17498,17426,17382
071,17,089,10906,10903,00000,1,A,Campton Hills village (pt.),Illinois,10540,10456,10471,10528,10559,10584,10592,10610,10605,10580,10518,10482
071,17,089,22931,10903,00000,1,A,Elburn village (pt.),Illinois,1759,1801,1803,1814,1817,1819,1827,1845,1855,1882,1907,1937
071,17,089,23074,10903,00000,1,A,Elgin city (pt.),Illinois,7,7,7,7,7,7,7,7,7,7,7,7
071,17,089,43406,10903,00000,1,A,Lily Lake village,Illinois,993,990,991,995,997,1000,1019,1026,1029,1034,1026,1023
071,17,089,66703,10903,00000,1,A,St. Charles city (pt.),Illinois,0,0,0,0,0,0,0,0,0,0,0,0
071,17,089,99990,10903,00000,1,F,Balance of Campton township,Illinois,3875,3921,3928,3948,3958,3968,3996,4008,4004,3995,3968,3933
061,17,089,00000,21046,00000,0,A,Dundee township,Illinois,64167,64146,64245,64594,64695,65250,65426,65586,65540,65294,65765,65260
071,17,089,00685,21046,00000,1,A,Algonquin village (pt.),Illinois,8433,8463,8473,8509,8518,8684,8693,8761,8896,8877,8830,8813
071,17,089,03883,21046,00000,1,A,Barrington Hills village (pt.),Illinois,137,137,137,138,138,138,138,141,138,140,139,138
071,17,089,11358,21046,00000,1,A,Carpentersville village (pt.),Illinois,37691,37669,37737,37977,38035,38117,38238,38310,38168,37975,37634,37254
071,17,089,21696,21046,00000,1,A,East Dundee village (pt.),Illinois,2860,2860,2863,2871,2872,3181,3180,3178,3166,3171,3174,3216
071,17,089,23074,21046,00000,1,A,Elgin city (pt.),Illinois,646,648,649,654,657,659,667,672,675,674,672,666
071,17,089,29171,21046,00000,1,A,Gilberts village (pt.),Illinois,316,316,319,327,336,339,345,349,354,367,367,370
071,17,089,35411,21046,00000,1,A,Hoffman Estates village (pt.),Illinois,0,0,0,0,0,0,0,0,0,0,0,0
071,17,089,70161,21046,00000,1,A,Sleepy Hollow village,Illinois,3304,3311,3315,3326,3332,3328,3326,3329,3318,3305,3278,3244
071,17,089,80125,21046,00000,1,A,West Dundee village,Illinois,7331,7294,7300,7323,7329,7319,7331,7330,7312,7282,8195,8113
071,17,089,99990,21046,00000,1,F,Balance of Dundee township,Illinois,3449,3448,3452,3469,3478,3485,3508,3516,3513,3503,3476,3446
061,17,089,00000,23087,00000,0,A,Elgin township,Illinois,100922,100932,101079,101766,102103,102368,103092,103955,104269,104256,104400,104752
071,17,089,04013,23087,00000,1,A,Bartlett village (pt.),Illinois,0,0,0,0,0,0,0,0,0,0,0,0
071,17,089,10906,23087,00000,1,A,Campton Hills village (pt.),Illinois,0,0,0,0,0,0,0,0,0,0,0,0
071,17,089,23074,23087,00000,1,A,Elgin city (pt.),Illinois,81842,81877,82001,82613,82924,83185,83874,84646,84897,84829,84371,83825
071,17,089,70720,23087,00000,1,A,South Elgin village (pt.),Illinois,15107,15111,15130,15183,15199,15194,15201,15281,15349,15413,16046,16979
071,17,089,99990,23087,00000,1,F,Balance of Elgin township,Illinois,3973,3944,3948,3970,3980,3989,4017,4028,4023,4014,3983,3948
061,17,089,00000,28885,00000,0,A,Geneva township,Illinois,26552,26631,26658,26767,26804,26800,26847,26904,27012,27123,26974,26883
071,17,089,04078,28885,00000,1,A,Batavia city (pt.),Illinois,3176,3267,3270,3284,3287,3286,3289,3294,3289,3302,3280,3294
071,17,089,28872,28885,00000,1,A,Geneva city (pt.),Illinois,21495,21592,21614,21698,21726,21721,21751,21795,21910,22012,21899,21809
071,17,089,66703,28885,00000,1,A,St. Charles city (pt.),Illinois,A,0,0,0,0,0,0,0,0,0,0,0
071,17,089,99990,28885,00000,1,F,Balance of Geneva township,Illinois,1881,1772,1774,1785,1791,1793,1807,1815,1813,1809,1795,1780
061,17,089,00000,32538,00000,0,A,Hampshire township,Illinois,7569,7590,7602,7650,7673,7809,8040,8199,8324,8404,8392,8319
071,17,089,09759,32538,00000,1,A,Burlington village (pt.),Illinois,0,0,0,0,0,0,0,0,0,0,0,0
071,17,089,32525,32538,00000,1,A,Hampshire village (pt.),Illinois,4892,4910,4918,4942,4945,5051,5251,5384,5499,5566,5561,5513
071,17,089,36750,32538,00000,1,A,Huntley village (pt.),Illinois,717,723,725,738,754,779,797,816,828,845,853,845
071,17,089,99990,32538,00000,1,F,Balance of Hampshire township,Illinois,1960,1957,1959,1970,1974,1979,1992,1999,1997,1993,1978,1961
061,17,089,00000,38908,00000,0,A,Kaneville township,Illinois,1264,1264,1266,1271,1273,1275,1284,1287,1287,1282,1272,1261
071,17,089,38895,38908,00000,1,A,Kaneville village,Illinois,484,482,483,485,485,485,488,491,490,488,484,480
071,17,089,99990,38908,00000,1,F,Balance of Kaneville township,Illinois,780,782,783,786,788,790,796,796,797,794,788,781
061,17,089,00000,60365,00000,0,A,Plato township,Illinois,6166,6160,6170,6209,6231,6253,6301,6339,6349,6344,6313,6276
071,17,089,10906,60365,00000,1,A,Campton Hills village (pt.),Illinois,577,599,600,602,603,606,607,607,606,603,602,599
071,17,089,23074,60365,00000,1,A,Elgin city (pt.),Illinois,1648,1594,1596,1611,1619,1624,1638,1656,1662,1661,1654,1642
071,17,089,59988,60365,00000,1,A,Pingree Grove village (pt.),Illinois,50,50,50,52,55,61,64,72,81,89,97,109
071,17,089,99990,60365,00000,1,F,Balance of Plato township,Illinois,3891,3917,3924,3944,3954,3962,3992,4004,4000,3991,3960,3926
061,17,089,00000,66430,00000,0,A,Rutland township,Illinois,18806,18716,18829,19203,19599,20292,20900,21774,22637,23605,24427,25297
071,17,089,00685,66430,00000,1,A,Algonquin village (pt.),Illinois,0,0,0,0,0,0,0,0,0,0,0,0
071,17,089,11358,66430,00000,1,A,Carpentersville village (pt.),Illinois,0,0,0,0,0,0,0,0,0,0,0,0
071,17,089,23074,66430,00000,1,A,Elgin city (pt.),Illinois,13,13,13,13,13,13,13,13,13,13,13,13
071,17,089,29171,66430,00000,1,A,Gilberts village (pt.),Illinois,6563,6559,6591,6795,6972,7079,7193,7267,7367,7655,7696,7706
071,17,089,32525,66430,00000,1,A,Hampshire village (pt.),Illinois,671,653,654,659,661,672,702,720,735,744,744,738
071,17,089,36750,66430,00000,1,A,Huntley village (pt.),Illinois,5078,5013,5022,5051,5068,5083,5123,5143,5142,5134,5100,5058
071,17,089,59988,66430,00000,1,A,Pingree Grove village (pt.),Illinois,4482,4468,4537,4661,4855,5410,5821,6576,7327,8008,8839,9765
071,17,089,99990,66430,00000,1,F,Balance of Rutland township,Illinois,1999,2010,2012,2024,2030,2035,2048,2055,2053,2051,2035,2017
061,17,089,00000,66716,00000,0,A,St. Charles township,Illinois,50854,50871,50928,51143,51232,51254,51421,51539,51528,51464,52034,52333
071,17,089,04013,66716,00000,1,A,Bartlett village (pt.),Illinois,0,0,0,0,0,0,0,0,0,0,0,0
071,17,089,10906,66716,00000,1,A,Campton Hills village (pt.),Illinois,14,10,10,10,10,10,10,10,10,10,10,10
071,17,089,66703,66716,00000,1,A,St. Charles city (pt.),Illinois,32431,31729,31762,31888,31939,31938,32024,32070,32034,31971,32334,32302
071,17,089,70720,66716,00000,1,A,South Elgin village (pt.),Illinois,6878,6882,6890,6919,6928,6929,6936,6974,7011,7041,7338,7776
071,17,089,79397,66716,00000,1,A,Wayne village (pt.),Illinois,861,875,876,882,886,884,882,885,883,882,875,865
071,17,089,99990,66716,00000,1,F,Balance of St. Charles township,Illinois,10670,11375,11390,11444,11469,11493,11569,11600,11590,11560,11477,11380
061,17,089,00000,73404,00000,0,A,Sugar Grove township,Illinois,19618,19637,19672,19836,19920,19979,20122,20479,20593,20818,20739,20780
071,17,089,03012,73404,00000,1,A,Aurora city (pt.),Illinois,4288,4297,4302,4326,4339,4341,4357,4366,4389,4384,4359,4326
071,17,089,05976,73404,00000,1,A,Big Rock village (pt.),Illinois,0,0,0,0,0,0,0,0,0,0,0,0
071,17,089,50218,73404,00000,1,A,Montgomery village (pt.),Illinois,3345,3228,3242,3316,3363,3406,3433,3463,3481,3475,3458,3448
071,17,089,53442,73404,00000,1,A,North Aurora village (pt.),Illinois,58,6,6,6,6,6,6,6,6,6,6,6
071,17,089,73391,73404,00000,1,A,Sugar Grove village (pt.),Illinois,8989,8998,9008,9058,9074,9080,9157,9465,9541,9784,9769,9880
071,17,089,99990,73404,00000,1,F,Balance of Sugar Grove township,Illinois,2938,3108,3114,3130,3138,3146,3169,3179,3176,3169,3147,3120
061,17,089,00000,78188,00000,0,A,Virgil township,Illinois,1937,1937,1939,1948,1948,1948,1958,1961,1955,1958,1951,1950
071,17,089,46604,78188,00000,1,A,Maple Park village (pt.),Illinois,672,672,673,676,674,672,673,671,669,676,680,690
071,17,089,78175,78188,00000,1,A,Virgil village,Illinois,329,329,329,331,331,331,334,335,334,333,330,327
071,17,089,99990,78188,00000,1,F,Balance of Virgil township,Illinois,936,936,937,941,943,945,951,955,952,949,941,933
050,17,091,00000,00000,00000,0,A,Kankakee County,Illinois,113449,113450,113418,113519,112974,112735,111883,111750,111080,110540,109953,109862
157,17,091,02258,00000,00000,0,A,Aroma Park village,Illinois,743,735,735,732,728,721,714,706,701,694,686,682
157,17,091,07237,00000,00000,0,A,Bonfield village,Illinois,382,382,382,382,380,374,371,368,363,361,357,356
157,17,091,07471,00000,00000,0,A,Bourbonnais village,Illinois,18631,18690,18691,18743,18677,19130,19085,19601,19589,19571,19472,19462
157,17,091,07744,00000,00000,0,A,Bradley village,Illinois,15895,15895,15889,15912,15840,15740,15625,15540,15430,15344,15294,15314
157,17,091,09304,00000,00000,0,A,Buckingham village,Illinois,300,300,300,300,298,293,291,288,286,284,279,278
157,17,091,10292,00000,00000,0,A,Cabery village (pt.),Illinois,88,88,88,88,88,87,86,85,85,84,83,83
157,17,091,12801,00000,00000,0,A,Chebanse village (pt.),Illinois,396,399,399,399,394,391,388,385,382,380,376,373
157,17,091,24452,00000,00000,0,A,Essex village,Illinois,802,802,802,801,797,789,782,775,774,767,761,758
157,17,091,30991,00000,00000,0,A,Grant Park village,Illinois,1331,1342,1341,1339,1329,1317,1303,1290,1278,1268,1255,1249
157,17,091,34384,00000,00000,0,A,Herscher village,Illinois,1591,1596,1595,1600,1592,1577,1563,1548,1534,1522,1514,1504
157,17,091,36190,00000,00000,0,A,Hopkins Park village,Illinois,603,605,605,604,602,599,591,611,608,605,599,598
157,17,091,37803,00000,00000,0,A,Irwin village,Illinois,74,78,78,78,78,77,76,76,75,72,72,74
157,17,091,38934,00000,00000,0,A,Kankakee city,Illinois,27537,27540,27521,27507,27324,27082,26803,26548,26325,26132,26023,26024
157,17,091,43510,00000,00000,0,A,Limestone village,Illinois,1598,1599,1598,1600,1592,1583,1566,1554,1542,1535,1524,1522
157,17,091,46500,00000,00000,0,A,Manteno village,Illinois,9204,9208,9205,9210,9166,9122,9071,9042,9032,9024,9001,9002
157,17,091,49893,00000,00000,0,A,Momence city,Illinois,3310,3309,3307,3301,3283,3254,3228,3200,3166,3143,3110,3094
157,17,091,63056,00000,00000,0,A,Reddick village (pt.),Illinois,144,144,144,144,143,142,141,140,139,138,137,136
157,17,091,66638,00000,00000,0,A,St. Anne village,Illinois,1257,1280,1284,1279,1270,1258,1245,1233,1221,1212,1199,1193
157,17,091,67372,00000,00000,0,A,Sammons Point village,Illinois,279,274,274,276,275,273,268,268,264,262,260,259
157,17,091,73943,00000,00000,0,A,Sun River Terrace village,Illinois,528,528,528,528,525,521,516,512,508,503,499,496
157,17,091,76771,00000,00000,0,A,Union Hill village,Illinois,58,60,60,60,60,59,59,58,58,58,57,57
157,17,091,99990,00000,00000,0,F,Balance of Kankakee County,Illinois,28698,28596,28592,28636,28533,28346,28111,27922,27720,27581,27395,27348
061,17,091,00000,02245,00000,0,A,Aroma township,Illinois,5157,5160,5158,5158,5134,5094,5044,5002,4959,4925,4884,4870
071,17,091,02258,02245,00000,1,A,Aroma Park village (pt.),Illinois,743,735,735,732,728,721,714,706,701,694,686,682
071,17,091,38934,02245,00000,1,A,Kankakee city (pt.),Illinois,791,791,791,790,786,778,771,762,756,751,747,748
071,17,091,73943,02245,00000,1,A,Sun River Terrace village (pt.),Illinois,28,28,28,28,28,28,27,27,27,27,27,26
071,17,091,99990,02245,00000,1,F,Balance of Aroma township,Illinois,3595,3606,3604,3608,3592,3567,3532,3507,3475,3453,3424,3414
061,17,091,00000,07484,00000,0,A,Bourbonnais township,Illinois,40137,40137,40136,40225,40071,40389,40191,40591,40438,40316,40141,40149
071,17,091,07471,07484,00000,1,A,Bourbonnais village (pt.),Illinois,18602,18661,18662,18714,18648,19101,19057,19573,19561,19543,19445,19435
071,17,091,07744,07484,00000,1,A,Bradley village (pt.),Illinois,15895,15895,15889,15912,15840,15740,15625,15540,15430,15344,15294,15314
071,17,091,38934,07484,00000,1,A,Kankakee city (pt.),Illinois,46,46,46,46,46,45,45,45,44,44,44,44
071,17,091,99990,07484,00000,1,F,Balance of Bourbonnais township,Illinois,5594,5535,5539,5553,5537,5503,5464,5433,5403,5385,5358,5356
061,17,091,00000,24465,00000,0,A,Essex township,Illinois,1480,1480,1480,1480,1475,1463,1452,1440,1435,1428,1417,1414
071,17,091,24452,24465,00000,1,A,Essex village,Illinois,802,802,802,801,797,789,782,775,774,767,761,758
071,17,091,99990,24465,00000,1,F,Balance of Essex township,Illinois,678,678,678,679,678,674,670,665,661,661,656,656
061,17,091,00000,28456,00000,0,A,Ganeer township,Illinois,3215,3214,3212,3211,3194,3168,3140,3113,3083,3061,3032,3018
071,17,091,49893,28456,00000,1,A,Momence city (pt.),Illinois,1576,1575,1574,1571,1563,1549,1535,1521,1504,1493,1478,1469
071,17,091,73943,28456,00000,1,A,Sun River Terrace village (pt.),Illinois,500,500,500,500,497,493,489,485,481,476,472,470
071,17,091,99990,28456,00000,1,F,Balance of Ganeer township,Illinois,1139,1139,1138,1140,1134,1126,1116,1107,1098,1092,1082,1079
061,17,091,00000,38947,00000,0,A,Kankakee township,Illinois,27558,27556,27536,27525,27342,27099,26818,26562,26337,26144,26030,26026
071,17,091,02258,38947,00000,1,A,Aroma Park village (pt.),Illinois,0,0,0,0,0,0,0,0,0,0,0,0
071,17,091,38934,38947,00000,1,A,Kankakee city (pt.),Illinois,26238,26238,26219,26206,26027,25794,25523,25277,25062,24874,24769,24769
071,17,091,99990,38947,00000,1,F,Balance of Kankakee township,Illinois,1320,1318,1317,1319,1315,1305,1295,1285,1275,1270,1261,1257
061,17,091,00000,43497,00000,0,A,Limestone township,Illinois,5035,5035,5035,5038,5018,4984,4938,4900,4861,4835,4797,4788
071,17,091,38934,43497,00000,1,A,Kankakee city (pt.),Illinois,14,14,14,14,14,14,14,14,13,13,13,13
071,17,091,43510,43497,00000,1,A,Limestone village (pt.),Illinois,1598,1599,1598,1600,1592,1583,1566,1554,1542,1535,1524,1522
071,17,091,99990,43497,00000,1,F,Balance of Limestone township,Illinois,3423,3422,3423,3424,3412,3387,3358,3332,3306,3287,3260,3253
061,17,091,00000,46513,00000,0,A,Manteno township,Illinois,11185,11185,11183,11193,11145,11092,11031,10994,10977,10964,10933,10934
071,17,091,07471,46513,00000,1,A,Bourbonnais village (pt.),Illinois,29,29,29,29,29,29,28,28,28,28,27,27
071,17,091,07744,46513,00000,1,A,Bradley village (pt.),Illinois,0,0,0,0,0,0,0,0,0,0,0,0
071,17,091,46500,46513,00000,1,A,Manteno village,Illinois,9204,9208,9205,9210,9166,9122,9071,9042,9032,9024,9001,9002
071,17,091,99990,46513,00000,1,F,Balance of Manteno township,Illinois,1952,1948,1949,1954,1950,1941,1932,1924,1917,1912,1905,1905
061,17,091,00000,49906,00000,0,A,Momence township,Illinois,3820,3820,3818,3818,3800,3771,3741,3711,3680,3654,3623,3611
071,17,091,49893,49906,00000,1,A,Momence city (pt.),Illinois,1734,1734,1733,1730,1720,1705,1693,1679,1662,1650,1632,1625
071,17,091,99990,49906,00000,1,F,Balance of Momence township,Illinois,2086,2086,2085,2088,2080,2066,2048,2032,2018,2004,1991,1986
061,17,091,00000,54352,00000,0,A,Norton township,Illinois,978,980,980,980,975,964,956,947,939,933,924,919
071,17,091,09304,54352,00000,1,A,Buckingham village,Illinois,300,300,300,300,298,293,291,288,286,284,279,278
071,17,091,10292,54352,00000,1,A,Cabery village (pt.),Illinois,88,88,88,88,88,87,86,85,85,84,83,83
071,17,091,63056,54352,00000,1,A,Reddick village (pt.),Illinois,144,144,144,144,143,142,141,140,139,138,137,136
071,17,091,76771,54352,00000,1,A,Union Hill village,Illinois,58,60,60,60,60,59,59,58,58,58,57,57
071,17,091,99990,54352,00000,1,F,Balance of Norton township,Illinois,388,388,388,388,386,383,379,376,371,369,368,365
061,17,091,00000,57017,00000,0,A,Otto township,Illinois,2582,2582,2581,2585,2574,2558,2538,2524,2506,2493,2477,2474
071,17,091,02258,57017,00000,1,A,Aroma Park village (pt.),Illinois,0,0,0,0,0,0,0,0,0,0,0,0
071,17,091,12801,57017,00000,1,A,Chebanse village (pt.),Illinois,396,399,399,399,394,391,388,385,382,380,376,373
071,17,091,37803,57017,00000,1,A,Irwin village,Illinois,74,78,78,78,78,77,76,76,75,72,72,74
071,17,091,38934,57017,00000,1,A,Kankakee city (pt.),Illinois,448,451,451,451,451,451,450,450,450,450,450,450
071,17,091,67372,57017,00000,1,A,Sammons Point village,Illinois,279,274,274,276,275,273,268,268,264,262,260,259
071,17,091,99990,57017,00000,1,F,Balance of Otto township,Illinois,1385,1380,1379,1381,1376,1366,1356,1345,1335,1329,1319,1318
061,17,091,00000,58538,00000,0,A,Pembroke township,Illinois,2140,2140,2141,2144,2136,2121,2102,2114,2099,2089,2076,2074
071,17,091,36190,58538,00000,1,A,Hopkins Park village,Illinois,603,605,605,604,602,599,591,611,608,605,599,598
071,17,091,99990,58538,00000,1,F,Balance of Pembroke township,Illinois,1537,1535,1536,1540,1534,1522,1511,1503,1491,1484,1477,1476
061,17,091,00000,59819,00000,0,A,Pilot township,Illinois,2086,2086,2085,2090,2079,2063,2044,2026,2008,1993,1981,1972
071,17,091,34384,59819,00000,1,A,Herscher village,Illinois,1591,1596,1595,1600,1592,1577,1563,1548,1534,1522,1514,1504
071,17,091,99990,59819,00000,1,F,Balance of Pilot township,Illinois,495,490,490,490,487,486,481,478,474,471,467,468
061,17,091,00000,65195,00000,0,A,Rockville township,Illinois,879,879,878,878,874,870,859,853,846,841,834,831
071,17,091,07471,65195,00000,1,A,Bourbonnais village (pt.),Illinois,0,0,0,0,0,0,0,0,0,0,0,0
071,17,091,99990,65195,00000,1,F,Balance of Rockville township,Illinois,879,879,878,878,874,870,859,853,846,841,834,831
061,17,091,00000,66651,00000,0,A,St. Anne township,Illinois,2191,2190,2193,2191,2177,2158,2137,2118,2099,2085,2064,2058
071,17,091,66638,66651,00000,1,A,St. Anne village,Illinois,1257,1280,1284,1279,1270,1258,1245,1233,1221,1212,1199,1193
071,17,091,99990,66651,00000,1,F,Balance of St. Anne township,Illinois,934,910,909,912,907,900,892,885,878,873,865,865
061,17,091,00000,67262,00000,0,A,Salina township,Illinois,1396,1396,1395,1395,1391,1380,1367,1357,1344,1336,1324,1320
071,17,091,07237,67262,00000,1,A,Bonfield village,Illinois,382,382,382,382,380,374,371,368,363,361,357,356
071,17,091,43510,67262,00000,1,A,Limestone village (pt.),Illinois,0,0,0,0,0,0,0,0,0,0,0,0
071,17,091,99990,67262,00000,1,F,Balance of Salina township,Illinois,1014,1014,1013,1013,1011,1006,996,989,981,975,967,964
061,17,091,00000,73690,00000,1,A,Sumner township,Illinois,910,910,909,912,907,901,892,888,881,876,871,868
061,17,091,00000,83856,00000,0,A,Yellowhead township,Illinois,2700,2700,2698,2696,2682,2660,2633,2610,2588,2567,2545,2536
071,17,091,30991,83856,00000,1,A,Grant Park village,Illinois,1331,1342,1341,1339,1329,1317,1303,1290,1278,1268,1255,1249
071,17,091,99990,83856,00000,1,F,Balance of Yellowhead township,Illinois,1369,1358,1357,1357,1353,1343,1330,1320,1310,1299,1290,1287
050,17,093,00000,00000,00000,0,A,Kendall County,Illinois,114736,114804,115373,116814,118246,119566,121374,122878,124535,126152,127717,128990
157,17,093,03012,00000,00000,0,A,Aurora city (pt.),Illinois,6019,6034,6056,6115,6174,6221,6288,6334,6441,6503,6557,6526
157,17,093,38570,00000,00000,0,A,Joliet city (pt.),Illinois,9749,9789,9826,9917,10016,10092,10179,10260,10379,10486,10584,10553
157,17,093,43900,00000,00000,0,A,Lisbon village,Illinois,285,292,294,296,298,298,299,304,307,314,313,308
157,17,093,49100,00000,00000,0,A,Millbrook village,Illinois,335,310,311,314,316,318,321,323,326,328,330,328
157,17,093,49308,00000,00000,0,A,Millington village (pt.),Illinois,245,245,246,248,250,252,254,255,257,256,261,259
157,17,093,49607,00000,00000,0,A,Minooka village (pt.),Illinois,851,851,857,867,883,895,908,920,937,953,959,965
157,17,093,50218,00000,00000,0,A,Montgomery village (pt.),Illinois,10567,10569,10613,10735,10855,10959,11060,11152,11279,11368,11459,11399
157,17,093,52103,00000,00000,0,A,Newark village,Illinois,992,979,982,994,999,1005,1011,1017,1024,1031,1034,1028
157,17,093,56887,00000,00000,0,A,Oswego village (pt.),Illinois,30355,30452,30659,31232,31806,32339,33238,33956,34463,34837,35183,36252
157,17,093,60287,00000,00000,0,A,Plainfield village (pt.),Illinois,2079,2066,2074,2094,2115,2136,2156,2175,2196,2221,2238,2226
157,17,093,60352,00000,00000,0,A,Plano city,Illinois,10856,10850,10890,10989,11072,11136,11210,11270,11374,11586,11652,11665
157,17,093,60391,00000,00000,0,A,Plattville village,Illinois,242,242,243,245,247,249,250,249,251,256,258,256
157,17,093,67548,00000,00000,0,A,Sandwich city (pt.),Illinois,163,152,153,154,155,156,157,158,160,161,162,161
157,17,093,84038,00000,00000,0,A,Yorkville city,Illinois,16921,16950,17053,17311,17555,17837,18181,18474,18860,19398,20092,20613
157,17,093,99990,00000,00000,0,F,Balance of Kendall County,Illinois,25077,25023,25116,25303,25505,25673,25862,26031,26281,26454,26635,26451
061,17,093,00000,05872,00000,0,A,Big Grove township,Illinois,1647,1603,1609,1625,1636,1644,1656,1664,1680,1691,1701,1687
071,17,093,43900,05872,00000,1,A,Lisbon village (pt.),Illinois,136,148,149,150,151,150,153,154,156,159,160,156
071,17,093,52103,05872,00000,1,A,Newark village (pt.),Illinois,972,931,934,945,950,956,961,967,973,980,983,977
071,17,093,99990,05872,00000,1,F,Balance of Big Grove township,Illinois,539,524,526,530,535,538,542,543,551,552,558,554
061,17,093,00000,08368,00000,0,A,Bristol township,Illinois,26230,26255,26387,26713,27043,27371,27782,28136,28568,29058,29649,30008
071,17,093,50218,08368,00000,1,A,Montgomery village (pt.),Illinois,8932,8923,8956,9034,9119,9189,9266,9334,9430,9506,9580,9521
071,17,093,56887,08368,00000,1,A,Oswego village (pt.),Illinois,2668,2700,2719,2769,2823,2870,2948,3013,3060,3094,3126,3221
071,17,093,84038,08368,00000,1,A,Yorkville city (pt.),Illinois,11216,11277,11345,11517,11680,11868,12098,12293,12550,12906,13367,13713
071,17,093,99990,08368,00000,1,F,Balance of Bristol township,Illinois,3414,3355,3367,3393,3421,3444,3470,3496,3528,3552,3576,3553
061,17,093,00000,27416,00000,0,A,Fox township,Illinois,1675,1698,1704,1716,1729,1740,1756,1765,1782,1794,1807,1796
071,17,093,49100,27416,00000,1,A,Millbrook village,Illinois,335,310,311,314,316,318,321,323,326,328,330,328
071,17,093,49308,27416,00000,1,A,Millington village (pt.),Illinois,245,245,246,248,250,252,254,255,257,256,261,259
071,17,093,52103,27416,00000,1,A,Newark village (pt.),Illinois,20,48,48,49,49,49,50,50,51,51,51,51
071,17,093,84038,27416,00000,1,A,Yorkville city (pt.),Illinois,17,17,17,17,17,17,18,18,18,21,21,21
071,17,093,99990,27416,00000,1,F,Balance of Fox township,Illinois,1058,1078,1082,1088,1097,1104,1113,1119,1130,1138,1144,1137
061,17,093,00000,39454,00000,0,A,Kendall township,Illinois,7739,7748,7791,7892,7990,8098,8228,8341,8490,8684,8933,9091
071,17,093,84038,39454,00000,1,A,Yorkville city (pt.),Illinois,5688,5656,5691,5777,5858,5952,6065,6163,6292,6471,6704,6879
071,17,093,99990,39454,00000,1,F,Balance of Kendall township,Illinois,2051,2092,2100,2115,2132,2146,2163,2178,2198,2213,2229,2212
061,17,093,00000,43913,00000,0,A,Lisbon township,Illinois,899,899,903,907,915,921,924,930,938,948,951,944
071,17,093,43900,43913,00000,1,A,Lisbon village (pt.),Illinois,149,144,145,146,147,148,146,150,151,155,153,152
071,17,093,60391,43913,00000,1,A,Plattville village,Illinois,242,242,243,245,247,249,250,249,251,256,258,256
071,17,093,99990,43913,00000,1,F,Balance of Lisbon township,Illinois,508,513,515,516,521,524,528,531,536,537,540,536
061,17,093,00000,44043,00000,0,A,Little Rock township,Illinois,13076,13094,13143,13260,13359,13438,13529,13603,13729,13957,14040,14037
071,17,093,60352,44043,00000,1,A,Plano city,Illinois,10856,10850,10890,10989,11072,11136,11210,11270,11374,11586,11652,11665
071,17,093,67548,44043,00000,1,A,Sandwich city (pt.),Illinois,163,152,153,154,155,156,157,158,160,161,162,161
071,17,093,99990,44043,00000,1,F,Balance of Little Rock township,Illinois,2057,2092,2100,2117,2132,2146,2162,2175,2195,2210,2226,2211
061,17,093,00000,51531,00000,0,A,Na-Au-Say township,Illinois,8145,8194,8225,8303,8386,8451,8525,8596,8703,8798,8883,8863
071,17,093,38570,51531,00000,1,A,Joliet city (pt.),Illinois,6869,6905,6931,6998,7070,7123,7184,7244,7335,7417,7490,7479
071,17,093,60287,51531,00000,1,A,Plainfield village (pt.),Illinois,163,162,163,164,169,173,178,182,184,192,193,195
071,17,093,99990,51531,00000,1,F,Balance of Na-Au-Say township,Illinois,1113,1127,1131,1141,1147,1155,1163,1170,1184,1189,1200,1189
061,17,093,00000,56900,00000,0,A,Oswego township,Illinois,50870,50857,51135,51882,52623,53298,54325,55154,55904,56434,56930,57760
071,17,093,03012,56900,00000,1,A,Aurora city (pt.),Illinois,6019,6034,6056,6115,6174,6221,6288,6334,6441,6503,6557,6526
071,17,093,50218,56900,00000,1,A,Montgomery village (pt.),Illinois,1635,1646,1657,1701,1736,1770,1794,1818,1849,1862,1879,1878
071,17,093,56887,56900,00000,1,A,Oswego village (pt.),Illinois,27687,27752,27940,28463,28983,29469,30290,30943,31403,31743,32057,33031
071,17,093,60287,56900,00000,1,A,Plainfield village (pt.),Illinois,1916,1904,1911,1930,1946,1963,1978,1993,2012,2029,2045,2031
071,17,093,99990,56900,00000,1,F,Balance of Oswego township,Illinois,13613,13521,13571,13673,13784,13875,13975,14066,14199,14297,14392,14294
061,17,093,00000,68757,00000,0,A,Seward township,Illinois,4455,4456,4476,4516,4565,4605,4649,4689,4741,4788,4823,4804
071,17,093,38570,68757,00000,1,A,Joliet city (pt.),Illinois,2880,2884,2895,2919,2946,2969,2995,3016,3044,3069,3094,3074
071,17,093,49607,68757,00000,1,A,Minooka village (pt.),Illinois,851,851,857,867,883,895,908,920,937,953,959,965
071,17,093,99990,68757,00000,1,F,Balance of Seward township,Illinois,724,721,724,730,736,741,746,753,760,766,770,765
050,17,095,00000,00000,00000,0,A,Knox County,Illinois,52919,52926,52912,52705,52302,52129,51944,51370,50917,50577,49978,49699
157,17,095,00113,00000,00000,0,A,Abingdon city,Illinois,3319,3286,3285,3273,3242,3226,3212,3171,3141,3117,3073,3051
157,17,095,01140,00000,00000,0,A,Altona village,Illinois,531,529,529,525,523,520,518,512,508,505,499,497
157,17,095,21826,00000,00000,0,A,East Galesburg village,Illinois,812,816,816,816,807,805,805,796,794,789,778,774
157,17,095,28326,00000,00000,0,A,Galesburg city,Illinois,32195,32195,32180,32046,31784,31700,31590,31228,30930,30729,30368,30197
157,17,095,34007,00000,00000,0,A,Henderson village,Illinois,255,259,259,258,256,255,253,252,250,248,245,244
157,17,095,40416,00000,00000,0,A,Knoxville city,Illinois,2911,2907,2906,2901,2879,2869,2858,2825,2801,2780,2743,2726
157,17,095,44446,00000,00000,0,A,London Mills village (pt.),Illinois,9,9,9,9,9,9,9,9,9,9,9,9
157,17,095,46695,00000,00000,0,A,Maquon village,Illinois,284,282,282,279,279,276,276,271,268,267,262,260
157,17,095,56159,00000,00000,0,A,Oneida city,Illinois,700,702,702,698,694,693,689,683,678,674,666,662
157,17,095,64148,00000,00000,0,A,Rio village,Illinois,220,220,220,219,218,217,217,214,212,211,208,207
157,17,095,66677,00000,00000,0,A,St. Augustine village,Illinois,120,121,121,121,120,119,119,118,117,114,113,112
157,17,095,77811,00000,00000,0,A,Victoria village,Illinois,316,314,314,313,311,307,304,303,299,294,290,289
157,17,095,79124,00000,00000,0,A,Wataga village,Illinois,843,845,845,843,836,831,827,818,809,804,792,786
157,17,095,81802,00000,00000,0,A,Williamsfield village,Illinois,578,578,578,574,572,570,567,563,558,555,548,545
157,17,095,83817,00000,00000,0,A,Yates City village,Illinois,693,691,691,687,683,679,678,670,667,661,655,652
157,17,095,99990,00000,00000,0,F,Balance of Knox County,Illinois,9133,9172,9175,9143,9089,9053,9022,8937,8876,8820,8729,8688
061,17,095,00000,11891,00000,0,A,Cedar township,Illinois,3270,3270,3269,3257,3230,3215,3204,3166,3139,3117,3075,3056
071,17,095,00113,11891,00000,1,A,Abingdon city (pt.),Illinois,2189,2177,2176,2169,2147,2139,2130,2103,2084,2068,2039,2025
071,17,095,99990,11891,00000,1,F,Balance of Cedar township,Illinois,1081,1093,1093,1088,1083,1076,1074,1063,1055,1049,1036,1031
061,17,095,00000,13217,00000,0,A,Chestnut township,Illinois,253,255,255,254,252,252,251,248,247,247,244,243
071,17,095,44446,13217,00000,1,A,London Mills village (pt.),Illinois,9,9,9,9,9,9,9,9,9,9,9,9
071,17,095,99990,13217,00000,1,F,Balance of Chestnut township,Illinois,244,246,246,245,243,243,242,239,238,238,235,234
061,17,095,00000,16275,00000,0,A,Copley township,Illinois,348,350,350,349,346,345,342,341,337,335,331,329
071,17,095,77811,16275,00000,1,A,Victoria village (pt.),Illinois,90,88,88,88,87,87,84,86,83,82,81,81
071,17,095,99990,16275,00000,1,F,Balance of Copley township,Illinois,258,262,262,261,259,258,258,255,254,253,250,248
061,17,095,00000,22879,00000,1,A,Elba township,Illinois,291,291,291,290,288,287,286,283,281,279,276,274
061,17,095,00000,28339,00000,1,A,Galesburg township,Illinois,366,360,360,359,358,355,354,352,349,347,343,343
061,17,095,00000,28352,00000,0,B,Galesburg City township,Illinois,32195,32195,32180,32046,31784,31700,31590,31228,30930,30729,30368,30197
071,17,095,28326,28352,00000,1,A,Galesburg city,Illinois,32195,32195,32180,32046,31784,31700,31590,31228,30930,30729,30368,30197
061,17,095,00000,33552,00000,0,A,Haw Creek township,Illinois,461,461,461,460,456,455,451,446,445,440,437,433
071,17,095,46695,33552,00000,1,A,Maquon village (pt.),Illinois,0,5,5,5,5,5,5,5,5,5,5,5
071,17,095,99990,33552,00000,1,F,Balance of Haw Creek township,Illinois,461,456,456,455,451,450,446,441,440,435,432,428
061,17,095,00000,34020,00000,0,A,Henderson township,Illinois,1135,1145,1147,1139,1135,1129,1125,1116,1107,1100,1089,1083
071,17,095,34007,34020,00000,1,A,Henderson village,Illinois,255,259,259,258,256,255,253,252,250,248,245,244
071,17,095,99990,34020,00000,1,F,Balance of Henderson township,Illinois,880,886,888,881,879,874,872,864,857,852,844,839
061,17,095,00000,37361,00000,0,A,Indian Point township,Illinois,1554,1554,1554,1548,1535,1526,1520,1501,1487,1474,1454,1444
071,17,095,00113,37361,00000,1,A,Abingdon city (pt.),Illinois,1130,1109,1109,1104,1095,1087,1082,1068,1057,1049,1034,1026
071,17,095,66677,37361,00000,1,A,St. Augustine village,Illinois,120,121,121,121,120,119,119,118,117,114,113,112
071,17,095,99990,37361,00000,1,F,Balance of Indian Point township,Illinois,304,324,324,323,320,320,319,315,313,311,307,306
061,17,095,00000,40403,00000,0,A,Knox township,Illinois,5027,5027,5026,5020,4983,4965,4951,4899,4865,4834,4775,4750
071,17,095,21826,40403,00000,1,A,East Galesburg village,Illinois,812,816,816,816,807,805,805,796,794,789,778,774
071,17,095,40416,40403,00000,1,A,Knoxville city,Illinois,2911,2907,2906,2901,2879,2869,2858,2825,2801,2780,2743,2726
071,17,095,99990,40403,00000,1,F,Balance of Knox township,Illinois,1304,1304,1304,1303,1297,1291,1288,1278,1270,1265,1254,1250
061,17,095,00000,45330,00000,1,A,Lynn township,Illinois,309,309,309,308,306,305,302,301,298,296,293,291
061,17,095,00000,46708,00000,0,A,Maquon township,Illinois,556,554,554,550,548,544,544,536,530,528,521,518
071,17,095,46695,46708,00000,1,A,Maquon village (pt.),Illinois,284,277,277,274,274,271,271,266,263,262,257,255
071,17,095,99990,46708,00000,1,F,Balance of Maquon township,Illinois,272,277,277,276,274,273,273,270,267,266,264,263
061,17,095,00000,56172,00000,0,A,Ontario township,Illinois,943,937,937,932,926,925,920,911,905,897,888,883
071,17,095,56159,56172,00000,1,A,Oneida city (pt.),Illinois,700,696,696,692,688,687,683,677,672,668,660,656
071,17,095,99990,56172,00000,1,F,Balance of Ontario township,Illinois,243,241,241,240,238,238,237,234,233,229,228,227
061,17,095,00000,56315,00000,1,A,Orange township,Illinois,556,556,556,555,550,548,545,541,537,533,527,524
061,17,095,00000,59221,00000,1,A,Persifer township,Illinois,980,978,979,975,971,967,964,955,949,944,933,930
061,17,095,00000,64161,00000,0,A,Rio township,Illinois,518,521,521,519,516,514,511,507,503,498,493,491
071,17,095,64148,64161,00000,1,A,Rio village,Illinois,220,220,220,219,218,217,217,214,212,211,208,207
071,17,095,99990,64161,00000,1,F,Balance of Rio township,Illinois,298,301,301,300,298,297,294,293,291,287,285,284
061,17,095,00000,67223,00000,0,A,Salem township,Illinois,1003,1003,1003,998,992,987,985,974,968,960,951,944
071,17,095,83817,67223,00000,1,A,Yates City village,Illinois,693,691,691,687,683,679,678,670,667,661,655,652
071,17,095,99990,67223,00000,1,F,Balance of Salem township,Illinois,310,312,312,311,309,308,307,304,301,299,296,292
061,17,095,00000,71435,00000,0,A,Sparta township,Illinois,1165,1171,1171,1168,1159,1153,1148,1135,1124,1117,1101,1096
071,17,095,56159,71435,00000,1,A,Oneida city (pt.),Illinois,A,6,6,6,6,6,6,6,6,6,6,6
071,17,095,79124,71435,00000,1,A,Wataga village,Illinois,843,845,845,843,836,831,827,818,809,804,792,786
071,17,095,99990,71435,00000,1,F,Balance of Sparta township,Illinois,322,320,320,319,317,316,315,311,309,307,303,304
061,17,095,00000,76303,00000,0,A,Truro township,Illinois,840,840,840,835,831,828,825,818,811,806,796,792
071,17,095,81802,76303,00000,1,A,Williamsfield village,Illinois,578,578,578,574,572,570,567,563,558,555,548,545
071,17,095,99990,76303,00000,1,F,Balance of Truro township,Illinois,262,262,262,261,259,258,258,255,253,251,248,247
061,17,095,00000,77824,00000,0,A,Victoria township,Illinois,379,379,379,378,375,371,371,366,364,360,356,354
071,17,095,77811,77824,00000,1,A,Victoria village (pt.),Illinois,226,226,226,225,224,220,220,217,216,212,209,208
071,17,095,99990,77824,00000,1,F,Balance of Victoria township,Illinois,153,153,153,153,151,151,151,149,148,148,147,146
061,17,095,00000,78565,00000,0,A,Walnut Grove township,Illinois,770,770,770,765,761,758,755,746,741,736,727,724
071,17,095,01140,78565,00000,1,A,Altona village,Illinois,531,529,529,525,523,520,518,512,508,505,499,497
071,17,095,99990,78565,00000,1,F,Balance of Walnut Grove township,Illinois,239,241,241,240,238,238,237,234,233,231,228,227
050,17,097,00000,00000,00000,0,A,Lake County,Illinois,703462,703400,704170,701642,702083,704207,704294,704611,704158,702475,699587,696535
157,17,097,01595,00000,00000,0,A,Antioch village,Illinois,14430,14475,14485,14457,14423,14435,14413,14333,14295,14219,14219,14175
157,17,097,03610,00000,00000,0,A,Bannockburn village,Illinois,1583,1490,1491,1512,1547,1487,1508,1533,1510,1512,1511,1506
157,17,097,03844,00000,00000,0,A,Barrington village (pt.),Illinois,4696,4688,4689,4681,4672,4679,4680,4667,4665,4648,4629,4612
157,17,097,03883,00000,00000,0,A,Barrington Hills village (pt.),Illinois,595,614,615,614,613,616,618,615,614,611,608,604
157,17,097,04303,00000,00000,0,A,Beach Park village,Illinois,13638,13630,13663,13702,13743,13829,13903,13914,13928,13915,13788,13701
157,17,097,09447,00000,00000,0,A,Buffalo Grove village (pt.),Illinois,27852,27844,27865,27896,27853,27902,27868,27729,27684,27556,27305,27121
157,17,097,18992,00000,00000,0,A,Deerfield village (pt.),Illinois,18053,18055,18073,18096,18087,18126,18178,18791,18786,18730,18565,18469
157,17,097,19083,00000,00000,0,A,Deer Park village (pt.),Illinois,3183,3111,3114,3121,3121,3129,3138,3641,3633,3622,4224,4199
157,17,097,27442,00000,00000,0,A,Fox Lake village (pt.),Illinois,10082,10167,10177,10152,10131,10137,10120,10064,10035,10031,9972,9963
157,17,097,27533,00000,00000,0,A,Fox River Grove village (pt.),Illinois,487,491,491,491,490,487,487,485,484,481,477,471
157,17,097,31121,00000,00000,0,A,Grayslake village,Illinois,20957,21053,21066,21027,21150,21170,21144,21029,20969,20934,20862,20725
157,17,097,31446,00000,00000,0,A,Green Oaks village,Illinois,3866,3868,3871,3863,3854,3863,3860,3843,3835,3858,3864,3897
157,17,097,32018,00000,00000,0,A,Gurnee village,Illinois,31295,31238,31262,31199,31138,31169,31131,30975,30887,30724,30531,30378
157,17,097,32200,00000,00000,0,A,Hainesville village,Illinois,3597,3658,3661,3653,3648,3651,3648,3634,3637,3617,3581,3557
157,17,097,33630,00000,00000,0,A,Hawthorn Woods village,Illinois,7663,7770,7788,7787,7792,7841,7885,7967,8178,8384,8522,8666
157,17,097,34722,00000,00000,0,A,Highland Park city,Illinois,29763,29745,29785,29802,29850,29890,29862,29744,29675,29710,29565,29515
157,17,097,34865,00000,00000,0,A,Highwood city,Illinois,5405,5449,5451,5438,5419,5419,5404,5371,5349,5316,5259,5224
157,17,097,37218,00000,00000,0,A,Indian Creek village,Illinois,462,545,545,545,544,545,544,539,538,535,533,535
157,17,097,37894,00000,00000,0,A,Island Lake village (pt.),Illinois,3319,3297,3300,3293,3285,3288,3295,3311,3319,3316,3288,3274
157,17,097,39883,00000,00000,0,A,Kildeer village,Illinois,3968,3907,3910,3902,3905,3920,3941,4023,4038,4034,4012,4012
157,17,097,40884,00000,00000,0,A,Lake Barrington village,Illinois,4973,4955,4959,4953,4941,4949,4945,4926,4915,4902,4869,4868
157,17,097,40910,00000,00000,0,A,Lake Bluff village,Illinois,5722,5688,5693,5682,5668,5675,5681,5657,5653,5632,5590,5562
157,17,097,41105,00000,00000,0,A,Lake Forest city,Illinois,19375,19379,19391,19378,19399,19467,19477,19424,19403,19598,19516,19446
157,17,097,41326,00000,00000,0,A,Lakemoor village (pt.),Illinois,3468,3515,3520,3516,3543,3553,3551,3537,3534,3519,3491,3472
157,17,097,41586,00000,00000,0,A,Lake Villa village,Illinois,8741,8631,8643,8654,8664,8717,8767,8771,8744,8707,8620,8573
157,17,097,41742,00000,00000,0,A,Lake Zurich village,Illinois,19631,19693,19718,19697,19936,19998,20030,19971,19972,19873,19990,19877
157,17,097,43250,00000,00000,0,A,Libertyville village,Illinois,20315,20405,20420,20409,20423,20519,20556,20486,20461,20445,20315,20205
157,17,097,43666,00000,00000,0,A,Lincolnshire village,Illinois,7275,7308,7314,7311,7298,7313,7317,7310,7301,7349,7935,7893
157,17,097,43770,00000,00000,0,A,Lindenhurst village,Illinois,14462,14577,14598,14569,14561,14611,14636,14574,14533,14451,14313,14216
157,17,097,44524,00000,00000,0,A,Long Grove village,Illinois,8043,7921,7928,7917,7914,7959,8039,8027,8027,8013,7944,7905
157,17,097,48671,00000,00000,0,A,Mettawa village,Illinois,547,539,539,539,545,543,547,552,550,548,550,543
157,17,097,51349,00000,00000,0,A,Mundelein village,Illinois,31064,30986,31037,31097,31118,31287,31459,31476,31424,31339,31183,31051
157,17,097,53455,00000,00000,0,A,North Barrington village,Illinois,3047,3017,3020,3018,3019,3021,3018,3010,3006,2991,2964,2952
157,17,097,53559,00000,00000,0,A,North Chicago city,Illinois,32574,32594,32635,29822,30126,30452,29659,30060,29939,29953,29763,29615
157,17,097,55639,00000,00000,0,A,Old Mill Creek village,Illinois,178,173,173,173,173,173,173,172,172,171,169,167
157,17,097,57654,00000,00000,0,A,Park City city,Illinois,7570,7569,7581,7579,7565,7577,7577,7550,7551,7524,7473,7438
157,17,097,61216,00000,00000,0,A,Port Barrington village (pt.),Illinois,594,525,525,525,524,525,524,522,521,524,516,519
157,17,097,64538,00000,00000,0,A,Riverwoods village,Illinois,3660,3671,3674,3666,3655,3664,3661,3647,3640,3621,3585,3562
157,17,097,66027,00000,00000,0,A,Round Lake village,Illinois,18289,18342,18379,18401,18452,18522,18590,18528,18486,18386,18214,18100
157,17,097,66040,00000,00000,0,A,Round Lake Beach village,Illinois,28175,28093,28111,28049,27984,28001,27953,27803,27715,27560,27284,27100
157,17,097,66053,00000,00000,0,A,Round Lake Heights village,Illinois,2676,2741,2743,2736,2733,2730,2724,2709,2707,2691,2666,2645
157,17,097,66066,00000,00000,0,A,Round Lake Park village,Illinois,7505,7458,7466,7452,7439,7445,7439,7490,7638,7699,7706,7747
157,17,097,75081,00000,00000,0,A,Third Lake village,Illinois,1182,1178,1179,1177,1173,1183,1180,1179,1171,1169,1155,1146
157,17,097,75874,00000,00000,0,A,Tower Lakes village,Illinois,1283,1278,1279,1274,1272,1272,1268,1262,1256,1247,1233,1226
157,17,097,77694,00000,00000,0,A,Vernon Hills village,Illinois,25113,25005,25032,25552,25508,25575,25837,26235,26277,26185,26568,26521
157,17,097,78227,00000,00000,0,A,Volo village,Illinois,2929,2916,2988,3224,3528,3902,4263,4766,5206,5465,5578,5813
157,17,097,78370,00000,00000,0,A,Wadsworth village,Illinois,3815,3751,3754,3746,3738,3749,3747,3729,3718,3701,3675,3651
157,17,097,79267,00000,00000,0,A,Wauconda village,Illinois,13603,13622,13651,13721,13768,13868,13891,13815,13782,13708,13580,13504
157,17,097,79293,00000,00000,0,A,Waukegan city,Illinois,89078,89115,89167,88998,88799,88897,88791,88369,88157,87615,86680,86075
157,17,097,81087,00000,00000,0,A,Wheeling village (pt.),Illinois,6,0,0,0,0,0,0,0,0,0,0,0
157,17,097,82686,00000,00000,0,A,Winthrop Harbor village,Illinois,6742,6867,6873,6856,6838,6841,6828,6787,6773,6731,6659,6618
157,17,097,84220,00000,00000,0,A,Zion city,Illinois,24413,24394,24412,24376,24316,24324,24273,24133,24048,23904,23653,23487
157,17,097,99990,00000,00000,0,S,Balance of Lake County,Illinois,82520,82399,82466,82344,82198,82312,82266,81926,81819,81501,80835,80434
061,17,097,00000,01608,00000,0,A,Antioch township,Illinois,27745,27734,27754,27704,27643,27675,27641,27505,27442,27323,27219,27115
071,17,097,01595,01608,00000,1,A,Antioch village (pt.),Illinois,14429,14469,14479,14451,14417,14429,14407,14327,14289,14213,14213,14169
071,17,097,27442,01608,00000,1,A,Fox Lake village (pt.),Illinois,2106,2144,2147,2141,2138,2140,2137,2125,2121,2121,2109,2108
071,17,097,41586,01608,00000,1,A,Lake Villa village (pt.),Illinois,319,317,317,317,316,320,320,322,318,320,317,315
071,17,097,55639,01608,00000,1,A,Old Mill Creek village (pt.),Illinois,0,0,0,0,0,0,0,0,0,0,0,0
071,17,097,99990,01608,00000,1,S,Balance of Antioch township,Illinois,10891,10804,10811,10795,10772,10786,10777,10731,10714,10669,10580,10523
061,17,097,00000,03220,00000,0,A,Avon township,Illinois,65001,64895,64951,64843,64903,64986,64939,64677,64627,64418,63968,63605
071,17,097,31121,03220,00000,1,A,Grayslake village (pt.),Illinois,19592,19718,19730,19692,19810,19828,19803,19696,19641,19608,19541,19412
071,17,097,32200,03220,00000,1,A,Hainesville village,Illinois,3597,3658,3661,3653,3648,3651,3648,3634,3637,3617,3581,3557
071,17,097,43770,03220,00000,1,A,Lindenhurst village (pt.),Illinois,A,11,11,11,11,11,11,11,11,11,11,11
071,17,097,66027,03220,00000,1,A,Round Lake village (pt.),Illinois,10045,10047,10067,10078,10104,10142,10179,10143,10119,10065,9970,9906
071,17,097,66040,03220,00000,1,A,Round Lake Beach village (pt.),Illinois,21366,21215,21227,21178,21123,21133,21094,20975,20905,20785,20572,20427
071,17,097,66053,03220,00000,1,A,Round Lake Heights village (pt.),Illinois,1159,1156,1157,1152,1151,1149,1145,1137,1135,1126,1116,1107
071,17,097,66066,03220,00000,1,A,Round Lake Park village (pt.),Illinois,5588,5502,5507,5493,5481,5483,5475,5509,5614,5655,5654,5682
071,17,097,75081,03220,00000,1,A,Third Lake village (pt.),Illinois,955,954,955,953,949,959,956,954,949,945,936,928
071,17,097,99990,03220,00000,1,F,Balance of Avon township,Illinois,2699,2634,2636,2633,2626,2630,2628,2618,2616,2606,2587,2575
061,17,097,00000,05326,00000,0,A,Benton township,Illinois,18951,18975,19007,19013,19015,19082,19117,19074,19065,19004,18822,18711
071,17,097,04303,05326,00000,1,A,Beach Park village (pt.),Illinois,8832,8779,8802,8827,8852,8908,8956,8967,8977,8971,8892,8839
071,17,097,78370,05326,00000,1,A,Wadsworth village (pt.),Illinois,44,54,54,54,54,54,54,54,54,53,53,53
071,17,097,79293,05326,00000,1,A,Waukegan city (pt.),Illinois,2383,2415,2417,2414,2410,2417,2415,2406,2401,2390,2365,2351
071,17,097,82686,05326,00000,1,A,Winthrop Harbor village,Illinois,6742,6867,6873,6856,6838,6841,6828,6787,6773,6731,6659,6618
071,17,097,99990,05326,00000,1,F,Balance of Benton township,Illinois,950,860,861,862,861,862,864,860,860,859,853,850
061,17,097,00000,18004,00000,0,A,Cuba township,Illinois,16826,16822,16834,16809,16779,16800,16793,16736,16708,16645,16530,16473
071,17,097,03844,18004,00000,1,A,Barrington village (pt.),Illinois,3201,3193,3193,3187,3180,3185,3187,3181,3179,3169,3164,3152
071,17,097,03883,18004,00000,1,A,Barrington Hills village (pt.),Illinois,595,614,615,614,613,616,618,615,614,611,608,604
071,17,097,19083,18004,00000,1,A,Deer Park village (pt.),Illinois,0,0,0,0,0,0,0,0,0,0,0,0
071,17,097,27533,18004,00000,1,A,Fox River Grove village (pt.),Illinois,487,491,491,491,490,487,487,485,484,481,477,471
071,17,097,40884,18004,00000,1,A,Lake Barrington village (pt.),Illinois,4742,4720,4724,4718,4706,4714,4710,4692,4682,4670,4639,4637
071,17,097,53455,18004,00000,1,A,North Barrington village (pt.),Illinois,2296,2273,2275,2274,2274,2275,2273,2268,2263,2252,2231,2221
071,17,097,61216,18004,00000,1,A,Port Barrington village (pt.),Illinois,137,123,123,123,123,123,123,122,122,124,120,122
071,17,097,75874,18004,00000,1,A,Tower Lakes village,Illinois,1283,1278,1279,1274,1272,1272,1268,1262,1256,1247,1233,1226
071,17,097,99990,18004,00000,1,F,Balance of Cuba township,Illinois,4085,4130,4134,4128,4121,4128,4127,4111,4108,4091,4058,4040
061,17,097,00000,22853,00000,0,A,Ela township,Illinois,42654,42696,42749,42709,42945,43097,43220,43782,43954,43971,44696,44634
071,17,097,03844,22853,00000,1,A,Barrington village (pt.),Illinois,1495,1495,1496,1494,1492,1494,1493,1486,1486,1479,1465,1460
071,17,097,19083,22853,00000,1,A,Deer Park village (pt.),Illinois,3183,3111,3114,3121,3121,3129,3138,3641,3633,3622,4224,4199
071,17,097,33630,22853,00000,1,A,Hawthorn Woods village (pt.),Illinois,6148,6258,6272,6270,6275,6313,6347,6414,6582,6749,6859,6975
071,17,097,39883,22853,00000,1,A,Kildeer village,Illinois,3968,3907,3910,3902,3905,3920,3941,4023,4038,4034,4012,4012
071,17,097,41742,22853,00000,1,A,Lake Zurich village,Illinois,19631,19693,19718,19697,19936,19998,20030,19971,19972,19873,19990,19877
071,17,097,44524,22853,00000,1,A,Long Grove village (pt.),Illinois,3462,3391,3394,3389,3387,3407,3439,3436,3437,3428,3400,3384
071,17,097,53455,22853,00000,1,A,North Barrington village (pt.),Illinois,751,744,745,744,745,746,745,742,743,739,733,731
071,17,097,99990,22853,00000,1,F,Balance of Ela township,Illinois,4016,4097,4100,4092,4084,4090,4087,4069,4063,4047,4013,3996
061,17,097,00000,27923,00000,0,A,Fremont township,Illinois,32337,32317,32369,32416,32443,32595,32721,32717,32757,32723,32574,32486
071,17,097,31121,27923,00000,1,A,Grayslake village (pt.),Illinois,501,479,479,479,480,481,481,478,475,475,473,470
071,17,097,33630,27923,00000,1,A,Hawthorn Woods village (pt.),Illinois,1515,1512,1516,1517,1517,1528,1538,1553,1596,1635,1663,1691
071,17,097,43250,27923,00000,1,A,Libertyville village (pt.),Illinois,2,2,2,2,2,2,2,2,2,2,2,2
071,17,097,44524,27923,00000,1,A,Long Grove village (pt.),Illinois,116,87,87,87,87,87,90,89,86,89,88,88
071,17,097,51349,27923,00000,1,A,Mundelein village (pt.),Illinois,16938,16845,16873,16909,16922,17019,17115,17127,17102,17058,16976,16907
071,17,097,53455,27923,00000,1,A,North Barrington village (pt.),Illinois,0,0,0,0,0,0,0,0,0,0,0,0
071,17,097,66027,27923,00000,1,A,Round Lake village (pt.),Illinois,3726,3734,3741,3746,3760,3773,3787,3776,3768,3747,3712,3691
071,17,097,66066,27923,00000,1,A,Round Lake Park village (pt.),Illinois,1917,1956,1959,1959,1958,1962,1964,1981,2024,2044,2052,2065
071,17,097,79267,27923,00000,1,A,Wauconda village (pt.),Illinois,2038,2063,2068,2081,2090,2106,2111,2101,2100,2090,2071,2062
071,17,097,99990,27923,00000,1,F,Balance of Fremont township,Illinois,5584,5639,5644,5636,5627,5637,5633,5610,5604,5583,5537,5510
061,17,097,00000,30952,00000,0,A,Grant township,Illinois,26523,26535,26580,26571,26613,26707,26732,26683,26654,26666,26523,26529
071,17,097,27442,30952,00000,1,A,Fox Lake village (pt.),Illinois,7976,8023,8030,8011,7993,7997,7983,7939,7914,7910,7863,7855
071,17,097,41326,30952,00000,1,A,Lakemoor village (pt.),Illinois,2661,2659,2663,2660,2689,2695,2693,2683,2679,2669,2646,2632
071,17,097,66027,30952,00000,1,A,Round Lake village (pt.),Illinois,4518,4561,4571,4577,4588,4607,4624,4609,4599,4574,4532,4503
071,17,097,78227,30952,00000,1,A,Volo village (pt.),Illinois,1472,1401,1419,1442,1482,1534,1566,1629,1655,1745,1797,1904
071,17,097,99990,30952,00000,1,F,Balance of Grant township,Illinois,9896,9891,9897,9881,9861,9874,9866,9823,9807,9768,9685,9635
061,17,097,00000,41599,00000,0,A,Lake Villa township,Illinois,40276,40345,40393,40345,40320,40437,40494,40359,40263,40066,39690,39450
071,17,097,31121,41599,00000,1,A,Grayslake village (pt.),Illinois,12,15,15,15,15,15,15,15,15,15,15,15
071,17,097,41586,41599,00000,1,A,Lake Villa village (pt.),Illinois,8422,8314,8326,8337,8348,8397,8447,8449,8426,8387,8303,8258
071,17,097,43770,41599,00000,1,A,Lindenhurst village (pt.),Illinois,14462,14566,14587,14558,14550,14600,14625,14563,14522,14440,14302,14205
071,17,097,55639,41599,00000,1,A,Old Mill Creek village (pt.),Illinois,31,30,30,30,30,30,30,30,30,30,29,29
071,17,097,66040,41599,00000,1,A,Round Lake Beach village (pt.),Illinois,6809,6878,6884,6871,6861,6868,6859,6828,6810,6775,6712,6673
071,17,097,66053,41599,00000,1,A,Round Lake Heights village (pt.),Illinois,1517,1585,1586,1584,1582,1581,1579,1572,1572,1565,1550,1538
071,17,097,75081,41599,00000,1,A,Third Lake village (pt.),Illinois,0,0,0,0,0,0,0,0,0,0,0,0
071,17,097,99990,41599,00000,1,F,Balance of Lake Villa township,Illinois,9023,8957,8965,8950,8934,8946,8939,8902,8888,8854,8779,8732
061,17,097,00000,43263,00000,0,A,Libertyville township,Illinois,53139,53125,53179,53370,53359,53563,53759,53803,53752,53658,53562,53370
071,17,097,31446,43263,00000,1,A,Green Oaks village (pt.),Illinois,3866,3867,3870,3862,3853,3862,3859,3842,3834,3857,3863,3896
071,17,097,40910,43263,00000,1,A,Lake Bluff village (pt.),Illinois,A,0,0,0,0,0,0,0,0,0,0,0
071,17,097,41105,43263,00000,1,A,Lake Forest city (pt.),Illinois,254,254,254,254,254,254,254,253,255,255,256,255
071,17,097,43250,43263,00000,1,A,Libertyville village (pt.),Illinois,20313,20403,20418,20407,20421,20517,20554,20484,20459,20443,20313,20203
071,17,097,48671,43263,00000,1,A,Mettawa village (pt.),Illinois,459,451,451,451,457,455,457,462,461,459,460,455
071,17,097,51349,43263,00000,1,A,Mundelein village (pt.),Illinois,12199,12230,12249,12270,12276,12337,12402,12403,12378,12342,12276,12220
071,17,097,53559,43263,00000,1,A,North Chicago city (pt.),Illinois,1173,1172,1173,1171,1168,1170,1169,1162,1160,1153,1142,1135
071,17,097,77694,43263,00000,1,A,Vernon Hills village (pt.),Illinois,9597,9581,9592,9791,9776,9803,9903,10057,10073,10039,10187,10168
071,17,097,79293,43263,00000,1,A,Waukegan city (pt.),Illinois,1064,1051,1052,1050,1049,1054,1053,1048,1046,1041,1031,1025
071,17,097,99990,43263,00000,1,F,Balance of Libertyville township,Illinois,4202,4116,4120,4114,4105,4111,4108,4092,4086,4069,4034,4013
061,17,097,00000,50364,00000,0,A,Moraine township,Illinois,34129,34068,34106,34106,34124,34163,34129,34025,33943,33955,33753,33660
071,17,097,18992,50364,00000,1,A,Deerfield village (pt.),Illinois,1237,1224,1225,1226,1227,1229,1234,1273,1274,1271,1262,1254
071,17,097,34722,50364,00000,1,A,Highland Park city (pt.),Illinois,25895,25842,25876,25890,25931,25965,25940,25837,25776,25808,25680,25637
071,17,097,34865,50364,00000,1,A,Highwood city,Illinois,5405,5449,5451,5438,5419,5419,5404,5371,5349,5316,5259,5224
071,17,097,41105,50364,00000,1,A,Lake Forest city (pt.),Illinois,1566,1552,1553,1551,1546,1549,1550,1543,1543,1559,1551,1544
071,17,097,99990,50364,00000,1,F,Balance of Moraine township,Illinois,26,1,1,1,1,1,1,1,1,1,1,1
061,17,097,00000,52753,00000,0,A,Newport township,Illinois,6770,6767,6776,6776,6776,6800,6814,6794,6786,6762,6710,6667
071,17,097,01595,52753,00000,1,A,Antioch village (pt.),Illinois,1,6,6,6,6,6,6,6,6,6,6,6
071,17,097,04303,52753,00000,1,A,Beach Park village (pt.),Illinois,2286,2354,2359,2368,2377,2392,2406,2407,2411,2408,2386,2372
071,17,097,55639,52753,00000,1,A,Old Mill Creek village (pt.),Illinois,131,127,127,127,127,127,127,126,126,125,124,122
071,17,097,78370,52753,00000,1,A,Wadsworth village (pt.),Illinois,3443,3371,3374,3366,3359,3369,3367,3351,3341,3326,3303,3281
071,17,097,79293,52753,00000,1,A,Waukegan city (pt.),Illinois,0,0,0,0,0,0,0,0,0,0,0,0
071,17,097,99990,52753,00000,1,F,Balance of Newport township,Illinois,909,909,910,909,907,906,908,904,902,897,891,886
061,17,097,00000,69485,00000,0,A,Shields township,Illinois,39062,39089,39136,36340,36694,37078,36325,36745,36628,36753,36572,36427
071,17,097,31446,69485,00000,1,A,Green Oaks village (pt.),Illinois,A,1,1,1,1,1,1,1,1,1,1,1
071,17,097,40910,69485,00000,1,A,Lake Bluff village (pt.),Illinois,5722,5688,5693,5682,5668,5675,5681,5657,5653,5632,5590,5562
071,17,097,41105,69485,00000,1,A,Lake Forest city (pt.),Illinois,8500,8504,8508,8509,8546,8594,8608,8594,8568,8648,8612,8583
071,17,097,53559,69485,00000,1,A,North Chicago city (pt.),Illinois,22972,23000,23036,20253,20587,20913,20141,20605,20520,20594,20505,20425
071,17,097,79293,69485,00000,1,A,Waukegan city (pt.),Illinois,0,0,0,0,0,0,0,0,0,0,0,0
071,17,097,99990,69485,00000,1,F,Balance of Shields township,Illinois,1868,1896,1898,1895,1892,1895,1894,1888,1886,1878,1864,1856
061,17,097,00000,77668,00000,0,A,Vernon township,Illinois,67095,67098,67157,67485,67385,67541,67722,67775,67734,67564,68004,67674
071,17,097,03610,77668,00000,1,A,Bannockburn village (pt.),Illinois,0,0,0,0,0,0,0,0,0,0,0,0
071,17,097,09447,77668,00000,1,A,Buffalo Grove village (pt.),Illinois,27852,27844,27865,27896,27853,27902,27868,27729,27684,27556,27305,27121
071,17,097,37218,77668,00000,1,A,Indian Creek village,Illinois,462,545,545,545,544,545,544,539,538,535,533,535
071,17,097,41105,77668,00000,1,A,Lake Forest city (pt.),Illinois,1570,1580,1581,1579,1579,1582,1580,1575,1577,1595,1587,1582
071,17,097,43666,77668,00000,1,A,Lincolnshire village (pt.),Illinois,7245,7281,7287,7284,7271,7286,7290,7283,7274,7322,7905,7863
071,17,097,44524,77668,00000,1,A,Long Grove village (pt.),Illinois,4465,4443,4447,4441,4440,4465,4510,4502,4504,4496,4456,4433
071,17,097,48671,77668,00000,1,A,Mettawa village (pt.),Illinois,88,88,88,88,88,88,90,90,89,89,90,88
071,17,097,51349,77668,00000,1,A,Mundelein village (pt.),Illinois,1927,1911,1915,1918,1920,1931,1942,1946,1944,1939,1931,1924
071,17,097,64538,77668,00000,1,A,Riverwoods village (pt.),Illinois,2676,2689,2691,2685,2678,2682,2680,2671,2666,2651,2624,2607
071,17,097,77694,77668,00000,1,A,Vernon Hills village (pt.),Illinois,15516,15424,15440,15761,15732,15772,15934,16178,16204,16146,16381,16353
071,17,097,81087,77668,00000,1,A,Wheeling village (pt.),Illinois,6,0,0,0,0,0,0,0,0,0,0,0
071,17,097,99990,77668,00000,1,F,Balance of Vernon township,Illinois,5288,5293,5298,5288,5280,5288,5284,5262,5254,5235,5192,5168
061,17,097,00000,78877,00000,0,A,Warren township,Illinois,64841,64854,64910,64815,64712,64804,64756,64472,64347,64052,63585,63263
071,17,097,04303,78877,00000,1,A,Beach Park village (pt.),Illinois,0,3,3,3,3,3,3,3,3,3,3,3
071,17,097,31121,78877,00000,1,A,Grayslake village (pt.),Illinois,840,841,842,841,845,846,845,840,838,836,833,828
071,17,097,32018,78877,00000,1,A,Gurnee village (pt.),Illinois,31278,31215,31239,31176,31115,31146,31108,30952,30864,30701,30509,30356
071,17,097,43770,78877,00000,1,A,Lindenhurst village (pt.),Illinois,0,0,0,0,0,0,0,0,0,0,0,0
071,17,097,53559,78877,00000,1,A,North Chicago city (pt.),Illinois,A,0,0,0,0,0,0,0,0,0,0,0
071,17,097,55639,78877,00000,1,A,Old Mill Creek village (pt.),Illinois,16,16,16,16,16,16,16,16,16,16,16,16
071,17,097,57654,78877,00000,1,A,Park City city (pt.),Illinois,5424,5424,5432,5431,5422,5431,5430,5411,5412,5393,5355,5330
071,17,097,75081,78877,00000,1,A,Third Lake village (pt.),Illinois,227,224,224,224,224,224,224,225,222,224,219,218
071,17,097,78370,78877,00000,1,A,Wadsworth village (pt.),Illinois,328,326,326,326,325,326,326,324,323,322,319,317
071,17,097,79293,78877,00000,1,A,Waukegan city (pt.),Illinois,8822,8835,8843,8835,8824,8843,8841,8807,8795,8749,8664,8613
071,17,097,99990,78877,00000,1,F,Balance of Warren township,Illinois,17906,17970,17985,17963,17938,17969,17963,17894,17874,17808,17667,17582
061,17,097,00000,79280,00000,0,A,Wauconda township,Illinois,21730,21680,21765,22020,22305,22722,23072,23439,23823,23905,23789,23814
071,17,097,37894,79280,00000,1,A,Island Lake village (pt.),Illinois,3319,3297,3300,3293,3285,3288,3295,3311,3319,3316,3288,3274
071,17,097,40884,79280,00000,1,A,Lake Barrington village (pt.),Illinois,231,235,235,235,235,235,235,234,233,232,230,231
071,17,097,41326,79280,00000,1,A,Lakemoor village (pt.),Illinois,807,856,857,856,854,858,858,854,855,850,845,840
071,17,097,61216,79280,00000,1,A,Port Barrington village (pt.),Illinois,457,402,402,402,401,402,401,400,399,400,396,397
071,17,097,78227,79280,00000,1,A,Volo village (pt.),Illinois,1457,1515,1569,1782,2046,2368,2697,3137,3551,3720,3781,3909
071,17,097,79267,79280,00000,1,A,Wauconda village (pt.),Illinois,11565,11559,11583,11640,11678,11762,11780,11714,11682,11618,11509,11442
071,17,097,99990,79280,00000,1,F,Balance of Wauconda township,Illinois,3894,3816,3819,3812,3806,3809,3806,3789,3784,3769,3740,3721
061,17,097,00000,79306,00000,0,A,Waukegan township,Illinois,90893,90881,90936,90754,90545,90627,90518,90074,89848,89299,88345,87714
071,17,097,04303,79306,00000,1,A,Beach Park village (pt.),Illinois,2520,2494,2499,2504,2511,2526,2538,2537,2537,2533,2507,2487
071,17,097,32018,79306,00000,1,A,Gurnee village (pt.),Illinois,17,23,23,23,23,23,23,23,23,23,22,22
071,17,097,53559,79306,00000,1,A,North Chicago city (pt.),Illinois,8429,8422,8426,8398,8371,8369,8349,8293,8259,8206,8116,8055
071,17,097,57654,79306,00000,1,A,Park City city (pt.),Illinois,2146,2145,2149,2148,2143,2146,2147,2139,2139,2131,2118,2108
071,17,097,79293,79306,00000,1,A,Waukegan city (pt.),Illinois,76809,76814,76855,76699,76516,76583,76482,76108,75915,75435,74620,74086
071,17,097,99990,79306,00000,1,F,Balance of Waukegan township,Illinois,972,983,984,982,981,980,979,974,975,971,962,956
061,17,097,00000,80112,00000,0,A,West Deerfield township,Illinois,31077,31125,31156,31190,31206,31206,31269,31818,31779,31807,31592,31456
071,17,097,03610,80112,00000,1,A,Bannockburn village (pt.),Illinois,1583,1490,1491,1512,1547,1487,1508,1533,1510,1512,1511,1506
071,17,097,18992,80112,00000,1,A,Deerfield village (pt.),Illinois,16816,16831,16848,16870,16860,16897,16944,17518,17512,17459,17303,17215
071,17,097,34722,80112,00000,1,A,Highland Park city (pt.),Illinois,3868,3903,3909,3912,3919,3925,3922,3907,3899,3902,3885,3878
071,17,097,41105,80112,00000,1,A,Lake Forest city (pt.),Illinois,7485,7489,7495,7485,7474,7488,7485,7459,7460,7541,7510,7482
071,17,097,43666,80112,00000,1,A,Lincolnshire village (pt.),Illinois,30,27,27,27,27,27,27,27,27,27,30,30
071,17,097,64538,80112,00000,1,A,Riverwoods village (pt.),Illinois,984,982,983,981,977,982,981,976,974,970,961,955
071,17,097,99990,80112,00000,1,F,Balance of West Deerfield township,Illinois,311,403,403,403,402,400,402,398,397,396,392,390
061,17,097,00000,84233,00000,0,B,Zion township,Illinois,24413,24394,24412,24376,24316,24324,24273,24133,24048,23904,23653,23487
071,17,097,84220,84233,00000,1,A,Zion city,Illinois,24413,24394,24412,24376,24316,24324,24273,24133,24048,23904,23653,23487
050,17,099,00000,00000,00000,0,A,LaSalle County,Illinois,113924,113920,113823,113533,112918,112430,111660,111019,110215,109622,109159,108669
157,17,099,11982,00000,00000,0,A,Cedar Point village,Illinois,277,275,275,274,270,267,265,263,260,259,257,256
157,17,099,18459,00000,00000,0,A,Dalzell village (pt.),Illinois,0,0,0,0,0,0,0,0,0,0,0,0
157,17,099,18485,00000,00000,0,A,Dana village,Illinois,159,159,159,158,157,156,155,153,153,152,151,150
157,17,099,21540,00000,00000,0,A,Earlville city,Illinois,1701,1702,1701,1690,1677,1659,1644,1630,1621,1608,1598,1587
157,17,099,30757,00000,00000,0,A,Grand Ridge village,Illinois,560,563,562,557,554,546,543,536,536,533,528,525
157,17,099,38921,00000,00000,0,A,Kangley village,Illinois,251,251,251,250,248,244,242,240,239,235,234,233
157,17,099,42184,00000,00000,0,A,LaSalle city,Illinois,9609,9630,9616,9558,9480,9376,9300,9227,9162,9100,9046,8986
157,17,099,42756,00000,00000,0,A,Leland village,Illinois,977,977,976,969,963,956,948,938,933,926,919,914
157,17,099,42912,00000,00000,0,A,Leonore village,Illinois,130,130,130,129,128,127,126,125,125,124,123,123
157,17,099,44823,00000,00000,0,A,Lostant village,Illinois,498,506,506,503,498,493,490,486,486,483,483,480
157,17,099,47150,00000,00000,0,A,Marseilles city,Illinois,5094,5114,5109,5082,5057,5016,4989,4954,4920,4887,4865,4834
157,17,099,48333,00000,00000,0,A,Mendota city,Illinois,7372,7374,7366,7325,7382,7303,7244,7183,7137,7089,7040,6994
157,17,099,49308,00000,00000,0,A,Millington village (pt.),Illinois,420,421,421,419,416,415,412,409,407,404,403,400
157,17,099,51648,00000,00000,0,A,Naplate village,Illinois,496,496,496,493,490,485,482,481,478,475,473,470
157,17,099,54222,00000,00000,0,A,North Utica village,Illinois,1352,1346,1349,1363,1375,1364,1355,1345,1337,1332,1334,1336
157,17,099,55353,00000,00000,0,A,Oglesby city,Illinois,3791,3791,3788,3772,3740,3698,3669,3637,3607,3588,3574,3559
157,17,099,56926,00000,00000,0,A,Ottawa city,Illinois,18768,18818,18801,18699,18582,18535,18441,18338,18243,18171,18119,18063
157,17,099,59234,00000,00000,0,A,Peru city (pt.),Illinois,10295,10329,10321,10270,10198,10093,10024,9950,9890,9832,9796,9730
157,17,099,62757,00000,00000,0,A,Ransom village,Illinois,384,384,384,382,377,374,371,366,364,360,358,356
157,17,099,66443,00000,00000,0,A,Rutland village,Illinois,318,318,318,316,314,313,311,311,309,308,306,304
157,17,099,68640,00000,00000,0,A,Seneca village (pt.),Illinois,2365,2353,2351,2341,2323,2301,2288,2274,2263,2251,2244,2245
157,17,099,69277,00000,00000,0,A,Sheridan village,Illinois,2137,2136,2135,2353,2348,2757,2727,2713,2536,2532,2527,2520
157,17,099,70460,00000,00000,0,A,Somonauk village (pt.),Illinois,258,258,258,257,255,251,249,249,248,246,245,244
157,17,099,73170,00000,00000,0,A,Streator city (pt.),Illinois,13609,13927,13913,13846,13750,13598,13485,13364,13270,13176,13086,13044
157,17,099,75718,00000,00000,0,A,Tonica village,Illinois,768,768,767,764,759,750,742,735,730,724,721,715
157,17,099,76225,00000,00000,0,A,Troy Grove village,Illinois,250,250,250,249,247,245,243,243,242,241,240,238
157,17,099,79813,00000,00000,0,A,Wenona city (pt.),Illinois,8,8,8,8,8,8,8,8,8,8,8,7
157,17,099,99990,00000,00000,0,S,Balance of LaSalle County,Illinois,32077,31636,31612,31506,31322,31100,30907,30861,30711,30578,30481,30356
061,17,099,00000,00204,00000,0,A,Adams township,Illinois,1646,1646,1644,1634,1624,1613,1601,1591,1582,1571,1564,1555
071,17,099,42756,00204,00000,1,A,Leland village,Illinois,977,977,976,969,963,956,948,938,933,926,919,914
071,17,099,99990,00204,00000,1,F,Balance of Adams township,Illinois,669,669,668,665,661,657,653,653,649,645,645,641
061,17,099,00000,00763,00000,0,A,Allen township,Illinois,584,581,581,578,572,567,563,558,553,550,547,544
071,17,099,62757,00763,00000,1,A,Ransom village,Illinois,384,384,384,382,377,374,371,366,364,360,358,356
071,17,099,99990,00763,00000,1,F,Balance of Allen township,Illinois,200,197,197,196,195,193,192,192,189,190,189,188
061,17,099,00000,08583,00000,0,A,Brookfield township,Illinois,1060,1072,1071,1069,1065,1056,1049,1050,1045,1042,1039,1038
071,17,099,47150,08583,00000,1,A,Marseilles city (pt.),Illinois,118,118,118,117,117,115,115,117,116,115,115,114
071,17,099,68640,08583,00000,1,A,Seneca village (pt.),Illinois,94,94,94,94,93,92,91,91,90,90,89,89
071,17,099,99990,08583,00000,1,F,Balance of Brookfield township,Illinois,848,860,859,858,855,849,843,842,839,837,835,835
061,17,099,00000,09057,00000,0,A,Bruce township,Illinois,13185,13187,13174,13111,13024,12881,12777,12670,12583,12494,12414,12370
071,17,099,73170,09057,00000,1,A,Streator city (pt.),Illinois,11959,12066,12054,11996,11914,11779,11682,11579,11496,11413,11336,11298
071,17,099,99990,09057,00000,1,F,Balance of Bruce township,Illinois,1226,1121,1120,1115,1110,1102,1095,1091,1087,1081,1078,1072
061,17,099,00000,18784,00000,0,A,Dayton township,Illinois,2279,2366,2364,2358,2346,2337,2327,2322,2313,2307,2303,2299
071,17,099,56926,18784,00000,1,A,Ottawa city (pt.),Illinois,1213,1298,1297,1291,1286,1282,1279,1273,1268,1265,1262,1261
071,17,099,99990,18784,00000,1,F,Balance of Dayton township,Illinois,1066,1068,1067,1067,1060,1055,1048,1049,1045,1042,1041,1038
061,17,099,00000,19096,00000,0,A,Deer Park township,Illinois,492,492,492,489,486,484,481,479,479,476,474,473
071,17,099,54222,19096,00000,1,A,North Utica village (pt.),Illinois,0,0,0,0,0,0,0,0,0,0,0,0
071,17,099,99990,19096,00000,1,F,Balance of Deer Park township,Illinois,492,492,492,489,486,484,481,479,479,476,474,473
061,17,099,00000,19980,00000,0,A,Dimmick township,Illinois,737,737,736,733,728,724,719,719,713,710,707,705
071,17,099,42184,19980,00000,1,A,LaSalle city (pt.),Illinois,14,13,13,13,13,13,13,13,12,12,12,12
071,17,099,59234,19980,00000,1,A,Peru city (pt.),Illinois,42,42,42,42,41,41,41,41,40,40,40,40
071,17,099,99990,19980,00000,1,F,Balance of Dimmick township,Illinois,681,682,681,678,674,670,665,665,661,658,655,653
061,17,099,00000,21436,00000,0,A,Eagle township,Illinois,1697,1697,1695,1688,1676,1658,1644,1635,1624,1613,1603,1595
071,17,099,38921,21436,00000,1,A,Kangley village,Illinois,251,251,251,250,248,244,242,240,239,235,234,233
071,17,099,73170,21436,00000,1,A,Streator city (pt.),Illinois,700,718,717,714,708,699,694,687,681,678,672,669
071,17,099,99990,21436,00000,1,F,Balance of Eagle township,Illinois,746,728,727,724,720,715,708,708,704,700,697,693
061,17,099,00000,21527,00000,0,A,Earl township,Illinois,2595,2595,2593,2580,2562,2535,2517,2501,2487,2472,2460,2444
071,17,099,21540,21527,00000,1,A,Earlville city,Illinois,1701,1702,1701,1690,1677,1659,1644,1630,1621,1608,1598,1587
071,17,099,99990,21527,00000,1,F,Balance of Earl township,Illinois,894,893,892,890,885,876,873,871,866,864,862,857
061,17,099,00000,22424,00000,0,A,Eden township,Illinois,1471,1469,1468,1462,1450,1434,1424,1412,1401,1392,1385,1376
071,17,099,11982,22424,00000,1,A,Cedar Point village,Illinois,277,275,275,274,270,267,265,263,260,259,257,256
071,17,099,75718,22424,00000,1,A,Tonica village,Illinois,768,768,767,764,759,750,742,735,730,724,721,715
071,17,099,99990,22424,00000,1,F,Balance of Eden township,Illinois,426,426,426,424,421,417,417,414,411,409,407,405
061,17,099,00000,25284,00000,0,A,Fall River township,Illinois,763,754,753,752,747,742,738,736,734,730,729,725
071,17,099,56926,25284,00000,1,A,Ottawa city (pt.),Illinois,8,0,0,0,0,0,0,0,0,0,0,0
071,17,099,99990,25284,00000,1,F,Balance of Fall River township,Illinois,755,754,753,752,747,742,738,736,734,730,729,725
061,17,099,00000,25583,00000,0,A,Farm Ridge township,Illinois,918,921,920,913,908,899,891,884,882,877,870,868
071,17,099,30757,25583,00000,1,A,Grand Ridge village,Illinois,560,563,562,557,554,546,543,536,536,533,528,525
071,17,099,99990,25583,00000,1,F,Balance of Farm Ridge township,Illinois,358,358,358,356,354,353,348,348,346,344,342,343
061,17,099,00000,27845,00000,1,A,Freedom township,Illinois,663,663,662,659,655,649,647,645,641,638,635,631
061,17,099,00000,30744,00000,1,A,Grand Rapids township,Illinois,335,335,335,333,331,328,326,326,324,322,321,319
061,17,099,00000,31914,00000,0,A,Groveland township,Illinois,628,628,628,624,620,617,613,610,609,606,602,599
071,17,099,18485,31914,00000,1,A,Dana village,Illinois,159,159,159,158,157,156,155,153,153,152,151,150
071,17,099,66443,31914,00000,1,A,Rutland village,Illinois,318,318,318,316,314,313,311,311,309,308,306,304
071,17,099,99990,31914,00000,1,F,Balance of Groveland township,Illinois,151,151,151,150,149,148,147,146,147,146,145,145
061,17,099,00000,36100,00000,0,A,Hope township,Illinois,689,689,689,685,679,672,668,665,662,660,657,655
071,17,099,44823,36100,00000,1,A,Lostant village,Illinois,498,506,506,503,498,493,490,486,486,483,483,480
071,17,099,99990,36100,00000,1,F,Balance of Hope township,Illinois,191,183,183,182,181,179,178,179,176,177,174,175
061,17,099,00000,42197,00000,0,A,LaSalle township,Illinois,13565,13573,13555,13480,13369,13220,13112,13009,12914,12832,12762,12685
071,17,099,42184,42197,00000,1,A,LaSalle city (pt.),Illinois,9102,9113,9099,9043,8968,8867,8795,8724,8663,8603,8550,8492
071,17,099,55353,42197,00000,1,A,Oglesby city,Illinois,3791,3791,3788,3772,3740,3698,3669,3637,3607,3588,3574,3559
071,17,099,99990,42197,00000,1,F,Balance of LaSalle township,Illinois,672,669,668,665,661,655,648,648,644,641,638,634
061,17,099,00000,46448,00000,0,A,Manlius township,Illinois,6275,6271,6265,6238,6199,6148,6113,6075,6039,6004,5982,5963
071,17,099,47150,46448,00000,1,A,Marseilles city (pt.),Illinois,3076,3097,3094,3078,3062,3038,3021,2999,2978,2960,2946,2928
071,17,099,68640,46448,00000,1,A,Seneca village (pt.),Illinois,2271,2259,2257,2247,2230,2209,2197,2183,2173,2161,2155,2156
071,17,099,99990,46448,00000,1,F,Balance of Manlius township,Illinois,928,915,914,913,907,901,895,893,888,883,881,879
061,17,099,00000,48346,00000,0,A,Mendota township,Illinois,7534,7529,7520,7480,7529,7448,7387,7331,7283,7233,7185,7135
071,17,099,48333,48346,00000,1,A,Mendota city (pt.),Illinois,6897,6895,6887,6849,6902,6827,6771,6714,6670,6623,6578,6532
071,17,099,99990,48346,00000,1,F,Balance of Mendota township,Illinois,637,634,633,631,627,621,616,617,613,610,607,603
061,17,099,00000,48463,00000,1,A,Meriden township,Illinois,324,324,324,322,320,317,315,315,313,312,310,306
061,17,099,00000,49204,00000,1,A,Miller township,Illinois,633,624,623,621,617,613,609,608,604,601,600,597
061,17,099,00000,49646,00000,0,A,Mission township,Illinois,3972,3975,3973,4186,4170,4569,4529,4511,4328,4314,4306,4293
071,17,099,49308,49646,00000,1,A,Millington village (pt.),Illinois,336,340,340,338,336,336,333,331,329,327,326,324
071,17,099,69277,49646,00000,1,A,Sheridan village,Illinois,2137,2136,2135,2353,2348,2757,2727,2713,2536,2532,2527,2520
071,17,099,99990,49646,00000,1,F,Balance of Mission township,Illinois,1499,1499,1498,1495,1486,1476,1469,1467,1463,1455,1453,1449
061,17,099,00000,54248,00000,0,A,Northville township,Illinois,7410,7404,7401,7378,7335,7285,7244,7234,7204,7175,7155,7129
071,17,099,49308,54248,00000,1,A,Millington village (pt.),Illinois,84,81,81,81,80,79,79,78,78,77,77,76
071,17,099,70460,54248,00000,1,A,Somonauk village (pt.),Illinois,258,258,258,257,255,251,249,249,248,246,245,244
071,17,099,99990,54248,00000,1,S,Balance of Northville township,Illinois,7068,7065,7062,7040,7000,6955,6916,6907,6878,6852,6833,6809
061,17,099,00000,56224,00000,1,A,Ophir township,Illinois,508,508,508,505,502,497,494,493,490,487,487,485
061,17,099,00000,56731,00000,0,A,Osage township,Illinois,279,277,277,276,274,271,270,270,268,267,266,263
071,17,099,79813,56731,00000,1,A,Wenona city (pt.),Illinois,8,8,8,8,8,8,8,8,8,8,8,7
071,17,099,99990,56731,00000,1,F,Balance of Osage township,Illinois,271,269,269,268,266,263,262,262,260,259,258,256
061,17,099,00000,56939,00000,0,A,Ottawa township,Illinois,11766,11684,11673,11610,11532,11491,11426,11364,11305,11254,11218,11178
071,17,099,51648,56939,00000,1,A,Naplate village,Illinois,496,496,496,493,490,485,482,481,478,475,473,470
071,17,099,56926,56939,00000,1,A,Ottawa city (pt.),Illinois,10003,9917,9907,9850,9784,9757,9704,9646,9596,9552,9524,9491
071,17,099,99990,56939,00000,1,F,Balance of Ottawa township,Illinois,1267,1271,1270,1267,1258,1249,1240,1237,1231,1227,1221,1217
061,17,099,00000,56965,00000,0,A,Otter Creek township,Illinois,2970,2974,2971,2959,2940,2917,2896,2881,2865,2850,2834,2824
071,17,099,73170,56965,00000,1,A,Streator city (pt.),Illinois,950,1143,1142,1136,1128,1120,1109,1098,1093,1085,1078,1077
071,17,099,99990,56965,00000,1,F,Balance of Otter Creek township,Illinois,2020,1831,1829,1823,1812,1797,1787,1783,1772,1765,1756,1747
061,17,099,00000,59247,00000,0,A,Peru township,Illinois,10732,10724,10716,10663,10590,10484,10410,10336,10275,10217,10180,10112
071,17,099,18459,59247,00000,1,A,Dalzell village (pt.),Illinois,0,0,0,0,0,0,0,0,0,0,0,0
071,17,099,42184,59247,00000,1,A,LaSalle city (pt.),Illinois,112,116,116,116,116,116,115,115,115,115,115,115
071,17,099,59234,59247,00000,1,A,Peru city (pt.),Illinois,10253,10287,10279,10228,10157,10052,9983,9909,9850,9792,9756,9690
071,17,099,99990,59247,00000,1,F,Balance of Peru township,Illinois,367,321,321,319,317,316,312,312,310,310,309,307
061,17,099,00000,63576,00000,0,A,Richland township,Illinois,379,379,379,377,374,371,368,368,366,364,362,360
071,17,099,42912,63576,00000,1,A,Leonore village,Illinois,130,130,130,129,128,127,126,125,125,124,123,123
071,17,099,99990,63576,00000,1,F,Balance of Richland township,Illinois,249,249,249,248,246,244,242,243,241,240,239,237
061,17,099,00000,66456,00000,0,A,Rutland township,Illinois,3698,3649,3646,3629,3612,3585,3566,3550,3528,3510,3495,3477
071,17,099,47150,66456,00000,1,A,Marseilles city (pt.),Illinois,1900,1899,1897,1887,1878,1863,1853,1838,1826,1812,1804,1792
071,17,099,56926,66456,00000,1,A,Ottawa city (pt.),Illinois,129,102,102,101,101,100,99,101,98,100,99,99
071,17,099,99990,66456,00000,1,F,Balance of Rutland township,Illinois,1669,1648,1647,1641,1633,1622,1614,1611,1604,1598,1592,1586
061,17,099,00000,68692,00000,1,A,Serena township,Illinois,1138,1136,1135,1132,1125,1117,1109,1109,1102,1096,1093,1090
061,17,099,00000,71110,00000,0,A,South Ottawa township,Illinois,8290,8345,8338,8296,8248,8225,8182,8140,8101,8069,8048,8021
071,17,099,56926,71110,00000,1,A,Ottawa city (pt.),Illinois,7415,7501,7495,7457,7411,7396,7359,7318,7281,7254,7234,7212
071,17,099,99990,71110,00000,1,F,Balance of South Ottawa township,Illinois,875,844,843,839,837,829,823,822,820,815,814,809
061,17,099,00000,76238,00000,0,A,Troy Grove township,Illinois,1333,1342,1341,1337,1335,1326,1317,1311,1307,1302,1296,1291
071,17,099,48333,76238,00000,1,A,Mendota city (pt.),Illinois,475,479,479,476,480,476,473,469,467,466,462,462
071,17,099,76225,76238,00000,1,A,Troy Grove village,Illinois,250,250,250,249,247,245,243,243,242,241,240,238
071,17,099,99990,76238,00000,1,F,Balance of Troy Grove township,Illinois,608,613,612,612,608,605,601,599,598,595,594,591
061,17,099,00000,77096,00000,0,A,Utica township,Illinois,2052,2048,2051,2061,2068,2051,2037,2025,2013,2004,2003,2002
071,17,099,42184,77096,00000,1,A,LaSalle city (pt.),Illinois,379,386,386,384,381,378,375,373,370,368,367,365
071,17,099,54222,77096,00000,1,A,North Utica village (pt.),Illinois,1352,1346,1349,1363,1375,1364,1355,1345,1337,1332,1334,1336
071,17,099,99990,77096,00000,1,F,Balance of Utica township,Illinois,321,316,316,314,312,309,307,307,306,304,302,301
061,17,099,00000,77623,00000,1,A,Vermillion township,Illinois,387,387,387,385,382,381,379,378,376,374,374,372
061,17,099,00000,78487,00000,0,A,Wallace township,Illinois,491,489,489,486,483,481,478,477,474,471,469,469
071,17,099,56926,78487,00000,1,A,Ottawa city (pt.),Illinois,0,0,0,0,0,0,0,0,0,0,0,0
071,17,099,99990,78487,00000,1,F,Balance of Wallace township,Illinois,491,489,489,486,483,481,478,477,474,471,469,469
061,17,099,00000,78682,00000,0,A,Waltham township,Illinois,446,446,446,444,441,437,434,431,428,426,424,421
071,17,099,42184,78682,00000,1,A,LaSalle city (pt.),Illinois,2,2,2,2,2,2,2,2,2,2,2,2
071,17,099,54222,78682,00000,1,A,North Utica village (pt.),Illinois,0,0,0,0,0,0,0,0,0,0,0,0
071,17,099,99990,78682,00000,1,F,Balance of Waltham township,Illinois,444,444,444,442,439,435,432,429,426,424,422,419
050,17,101,00000,00000,00000,0,A,Lawrence County,Illinois,16833,16903,16940,16901,16728,16728,16562,16465,16182,16027,15813,15678
157,17,101,08186,00000,00000,0,A,Bridgeport city,Illinois,1886,1909,1916,1911,1895,1873,1844,1829,1799,1769,1731,1705
157,17,101,42405,00000,00000,0,A,Lawrenceville city,Illinois,4348,4420,4429,4410,4361,4381,4378,4406,4408,4407,4391,4399
157,17,101,66404,00000,00000,0,A,Russellville village,Illinois,94,94,94,94,93,92,92,91,90,88,86,86
157,17,101,66833,00000,00000,0,A,St. Francisville city,Illinois,697,697,699,697,691,683,673,665,656,646,631,622
157,17,101,73703,00000,00000,0,A,Sumner city,Illinois,3174,3176,3178,3178,3134,3216,3193,3153,3014,3004,2992,2980
157,17,101,99990,00000,00000,0,F,Balance of Lawrence County,Illinois,6634,6607,6624,6611,6554,6483,6382,6321,6215,6113,5982,5886
061,17,101,00000,00906,00000,1,A,Allison township,Illinois,267,267,268,267,264,262,258,255,251,247,241,236
061,17,101,00000,07198,00000,1,A,Bond township,Illinois,685,685,687,685,679,671,661,656,645,634,621,611
061,17,101,00000,08199,00000,0,A,Bridgeport township,Illinois,2420,2410,2418,2412,2392,2364,2328,2307,2269,2232,2184,2150
071,17,101,08186,08199,00000,1,A,Bridgeport city (pt.),Illinois,1865,1860,1867,1862,1847,1825,1797,1782,1753,1724,1687,1661
071,17,101,99990,08199,00000,1,F,Balance of Bridgeport township,Illinois,555,550,551,550,545,539,531,525,516,508,497,489
061,17,101,00000,14299,00000,0,A,Christy township,Illinois,3774,3774,3778,3776,3727,3800,3771,3722,3574,3555,3531,3511
071,17,101,73703,14299,00000,1,A,Sumner city,Illinois,3174,3176,3178,3178,3134,3216,3193,3153,3014,3004,2992,2980
071,17,101,99990,14299,00000,1,F,Balance of Christy township,Illinois,600,598,600,598,593,584,578,569,560,551,539,531
061,17,101,00000,19395,00000,0,A,Denison township,Illinois,1558,1558,1562,1560,1546,1529,1506,1491,1468,1445,1414,1393
071,17,101,66833,19395,00000,1,A,St. Francisville city,Illinois,697,697,699,697,691,683,673,665,656,646,631,622
071,17,101,99990,19395,00000,1,F,Balance of Denison township,Illinois,861,861,863,863,855,846,833,826,812,799,783,771
061,17,101,00000,42379,00000,0,A,Lawrence township,Illinois,6521,6601,6615,6593,6527,6525,6490,6499,6468,6434,6375,6355
071,17,101,08186,42379,00000,1,A,Bridgeport city (pt.),Illinois,21,49,49,49,48,48,47,47,46,45,44,44
071,17,101,42405,42379,00000,1,A,Lawrenceville city,Illinois,4348,4420,4429,4410,4361,4381,4378,4406,4408,4407,4391,4399
071,17,101,99990,42379,00000,1,F,Balance of Lawrence township,Illinois,2152,2132,2137,2134,2118,2096,2065,2046,2014,1982,1940,1912
061,17,101,00000,45200,00000,1,A,Lukin township,Illinois,429,429,430,429,425,421,412,410,401,394,385,379
061,17,101,00000,59377,00000,1,A,Petty township,Illinois,729,729,731,729,722,715,703,696,684,671,656,644
061,17,101,00000,66378,00000,0,A,Russell township,Illinois,450,450,451,450,446,441,433,429,422,415,406,399
071,17,101,66404,66378,00000,1,A,Russellville village,Illinois,94,94,94,94,93,92,92,91,90,88,86,86
071,17,101,99990,66378,00000,1,F,Balance of Russell township,Illinois,356,356,357,356,353,349,341,338,332,327,320,313
050,17,103,00000,00000,00000,0,A,Lee County,Illinois,36031,36038,35983,35609,35216,35121,34910,34521,34494,34540,34296,34096
157,17,103,01270,00000,00000,0,A,Amboy city,Illinois,2500,2511,2507,2473,2438,2416,2404,2375,2361,2359,2339,2321
157,17,103,02583,00000,00000,0,A,Ashton village,Illinois,972,972,970,956,941,932,926,914,908,907,898,891
157,17,103,15989,00000,00000,0,A,Compton village,Illinois,303,303,302,299,295,292,291,288,287,287,285,283
157,17,103,20162,00000,00000,0,A,Dixon city,Illinois,15733,15766,15742,15613,15511,15564,15437,15242,15293,15315,15209,15115
157,17,103,27689,00000,00000,0,A,Franklin Grove village,Illinois,1021,1015,1014,999,985,976,970,959,955,954,945,938
157,17,103,32967,00000,00000,0,A,Harmon village,Illinois,120,119,119,117,116,115,114,113,113,113,112,111
157,17,103,42587,00000,00000,0,A,Lee village (pt.),Illinois,202,206,206,203,200,199,198,196,195,195,194,190
157,17,103,51947,00000,00000,0,A,Nelson village,Illinois,170,170,170,168,165,164,163,161,161,161,160,159
157,17,103,58226,00000,00000,0,A,Paw Paw village,Illinois,870,924,923,908,896,887,883,872,866,865,856,848
157,17,103,64746,00000,00000,0,A,Rochelle city (pt.),Illinois,0,0,0,0,0,0,0,0,0,0,0,0
157,17,103,72624,00000,00000,0,A,Steward village,Illinois,256,256,256,252,249,247,246,243,242,242,241,241
157,17,103,73287,00000,00000,0,A,Sublette village,Illinois,449,449,448,444,436,433,431,429,427,427,424,421
157,17,103,80008,00000,00000,0,A,West Brooklyn village,Illinois,142,142,142,140,138,137,137,135,134,134,133,133
157,17,103,99990,00000,00000,0,F,Balance of Lee County,Illinois,13293,13205,13184,13037,12846,12759,12710,12594,12552,12581,12500,12445
061,17,103,00000,01101,00000,0,A,Alto township,Illinois,565,565,564,559,549,545,543,539,537,537,534,532
071,17,103,72624,01101,00000,1,A,Steward village,Illinois,256,256,256,252,249,247,246,243,242,242,241,241
071,17,103,99990,01101,00000,1,F,Balance of Alto township,Illinois,309,309,308,307,300,298,297,296,295,295,293,291
061,17,103,00000,01283,00000,0,A,Amboy township,Illinois,3108,3108,3103,3063,3021,2994,2980,2947,2930,2931,2906,2887
071,17,103,01270,01283,00000,1,A,Amboy city (pt.),Illinois,2500,2511,2507,2473,2438,2416,2404,2375,2361,2359,2339,2321
071,17,103,99990,01283,00000,1,F,Balance of Amboy township,Illinois,608,597,596,590,583,578,576,572,569,572,567,566
061,17,103,00000,02596,00000,0,A,Ashton township,Illinois,1185,1185,1183,1166,1148,1137,1131,1116,1109,1109,1098,1090
071,17,103,02583,02596,00000,1,A,Ashton village,Illinois,972,972,970,956,941,932,926,914,908,907,898,891
071,17,103,99990,02596,00000,1,F,Balance of Ashton township,Illinois,213,213,213,210,207,205,205,202,201,202,200,199
061,17,103,00000,07679,00000,1,A,Bradford township,Illinois,324,324,323,319,315,313,311,308,306,307,304,303
061,17,103,00000,08654,00000,0,A,Brooklyn township,Illinois,793,793,791,782,771,765,762,754,750,751,747,743
071,17,103,15989,08654,00000,1,A,Compton village,Illinois,303,303,302,299,295,292,291,288,287,287,285,283
071,17,103,80008,08654,00000,1,A,West Brooklyn village,Illinois,142,142,142,140,138,137,137,135,134,134,133,133
071,17,103,99990,08654,00000,1,F,Balance of Brooklyn township,Illinois,348,348,347,343,338,336,334,331,329,330,329,327
061,17,103,00000,20175,00000,0,A,Dixon township,Illinois,17993,17978,17951,17797,17661,17701,17565,17350,17393,17420,17299,17196
071,17,103,20162,20175,00000,1,A,Dixon city (pt.),Illinois,15692,15721,15697,15569,15467,15521,15392,15199,15249,15271,15165,15071
071,17,103,99990,20175,00000,1,F,Balance of Dixon township,Illinois,2301,2257,2254,2228,2194,2180,2173,2151,2144,2149,2134,2125
061,17,103,00000,21865,00000,1,A,East Grove township,Illinois,256,256,256,252,249,247,246,243,244,245,243,241
061,17,103,00000,27695,00000,0,A,Franklin Grove township,Illinois,1416,1420,1418,1398,1379,1367,1359,1344,1338,1338,1326,1316
071,17,103,27689,27695,00000,1,A,Franklin Grove village,Illinois,1021,1015,1014,999,985,976,970,959,955,954,945,938
071,17,103,99990,27695,00000,1,F,Balance of Franklin Grove township,Illinois,395,405,404,399,394,391,389,385,383,384,381,378
061,17,103,00000,32447,00000,1,A,Hamilton township,Illinois,205,205,205,202,199,198,197,195,194,194,193,191
061,17,103,00000,32980,00000,0,A,Harmon township,Illinois,378,378,378,372,368,365,363,359,358,358,355,353
071,17,103,32967,32980,00000,1,A,Harmon village,Illinois,120,119,119,117,116,115,114,113,113,113,112,111
071,17,103,99990,32980,00000,1,F,Balance of Harmon township,Illinois,258,259,259,255,252,250,249,246,245,245,243,242
061,17,103,00000,42613,00000,1,A,Lee Center township,Illinois,593,593,592,586,576,574,572,568,565,566,563,560
061,17,103,00000,46890,00000,0,A,Marion township,Illinois,232,232,232,229,226,224,223,220,219,220,218,217
071,17,103,01270,46890,00000,1,A,Amboy city (pt.),Illinois,0,0,0,0,0,0,0,0,0,0,0,0
071,17,103,99990,46890,00000,1,F,Balance of Marion township,Illinois,232,232,232,229,226,224,223,220,219,220,218,217
061,17,103,00000,47644,00000,1,A,May township,Illinois,304,304,303,300,295,293,292,289,288,288,286,284
061,17,103,00000,51557,00000,1,A,Nachusa township,Illinois,493,493,492,486,480,476,475,469,468,468,464,462
061,17,103,00000,51960,00000,0,A,Nelson township,Illinois,874,874,873,864,849,845,841,834,831,833,829,825
071,17,103,51947,51960,00000,1,A,Nelson village,Illinois,170,170,170,168,165,164,163,161,161,161,160,159
071,17,103,99990,51960,00000,1,F,Balance of Nelson township,Illinois,704,704,703,696,684,681,678,673,670,672,669,666
061,17,103,00000,57316,00000,1,A,Palmyra township,Illinois,2906,2906,2902,2874,2832,2813,2804,2781,2776,2783,2769,2759
061,17,103,00000,63407,00000,0,A,Reynolds township,Illinois,297,297,297,293,289,287,285,282,283,283,281,280
071,17,103,64746,63407,00000,1,A,Rochelle city (pt.),Illinois,0,0,0,0,0,0,0,0,0,0,0,0
071,17,103,99990,63407,00000,1,F,Balance of Reynolds township,Illinois,297,297,297,293,289,287,285,282,283,283,281,280
061,17,103,00000,70694,00000,0,A,South Dixon township,Illinois,918,936,935,924,910,903,901,892,889,890,886,881
071,17,103,20162,70694,00000,1,A,Dixon city (pt.),Illinois,41,45,45,44,44,43,45,43,44,44,44,44
071,17,103,99990,70694,00000,1,F,Balance of South Dixon township,Illinois,877,891,890,880,866,860,856,849,845,846,842,837
061,17,103,00000,73300,00000,0,A,Sublette township,Illinois,776,776,774,766,754,748,745,740,736,737,733,728
071,17,103,73287,73300,00000,1,A,Sublette village,Illinois,449,449,448,444,436,433,431,429,427,427,424,421
071,17,103,99990,73300,00000,1,F,Balance of Sublette township,Illinois,327,327,326,322,318,315,314,311,309,310,309,307
061,17,103,00000,78110,00000,1,A,Viola township,Illinois,351,351,350,346,341,339,337,336,335,335,332,330
061,17,103,00000,81971,00000,0,A,Willow Creek township,Illinois,688,688,687,678,669,664,661,654,651,651,647,643
071,17,103,42587,81971,00000,1,A,Lee village (pt.),Illinois,202,206,206,203,200,199,198,196,195,195,194,190
071,17,103,99990,81971,00000,1,F,Balance of Willow Creek township,Illinois,486,482,481,475,469,465,463,458,456,456,453,453
061,17,103,00000,83674,00000,0,A,Wyoming township,Illinois,1376,1376,1374,1353,1335,1323,1317,1301,1294,1296,1283,1275
071,17,103,58226,83674,00000,1,A,Paw Paw village,Illinois,870,924,923,908,896,887,883,872,866,865,856,848
071,17,103,99990,83674,00000,1,F,Balance of Wyoming township,Illinois,506,452,451,445,439,436,434,429,428,431,427,427
050,17,105,00000,00000,00000,0,A,Livingston County,Illinois,38950,38945,38854,38805,38511,37394,37036,36605,36107,36124,35714,35648
157,17,105,10916,00000,00000,0,A,Campus village,Illinois,166,166,166,166,165,162,160,158,158,158,156,157
157,17,105,12710,00000,00000,0,A,Chatsworth town,Illinois,1205,1212,1209,1205,1193,1178,1161,1146,1137,1136,1119,1115
157,17,105,16405,00000,00000,0,A,Cornell village,Illinois,467,486,485,486,484,481,475,469,466,464,458,455
157,17,105,18030,00000,00000,0,A,Cullom village,Illinois,555,566,565,564,557,551,542,537,532,532,523,522
157,17,105,21358,00000,00000,0,A,Dwight village (pt.),Illinois,4254,4256,4245,4240,4205,4158,4101,4063,4039,4038,3987,3978
157,17,105,24062,00000,00000,0,A,Emington village,Illinois,117,117,117,117,115,115,113,112,111,111,110,108
157,17,105,24764,00000,00000,0,A,Fairbury city,Illinois,3757,3813,3803,3805,3778,3741,3695,3658,3638,3639,3631,3622
157,17,105,26311,00000,00000,0,A,Flanagan village,Illinois,1110,1114,1111,1110,1100,1087,1082,1080,1075,1075,1064,1064
157,17,105,27026,00000,00000,0,A,Forrest village,Illinois,1220,1219,1216,1212,1199,1191,1180,1167,1158,1157,1139,1135
157,17,105,44576,00000,00000,0,A,Long Point village,Illinois,226,226,225,225,223,221,218,218,217,217,214,214
157,17,105,55171,00000,00000,0,A,Odell village,Illinois,1046,1039,1036,1035,1024,1011,1000,988,981,981,966,964
157,17,105,61015,00000,00000,0,A,Pontiac city,Illinois,11931,11930,11904,11944,11966,12014,11968,11767,11405,11409,11275,11253
157,17,105,63056,00000,00000,0,A,Reddick village (pt.),Illinois,19,22,22,22,22,22,21,21,21,21,21,21
157,17,105,67795,00000,00000,0,A,Saunemin village,Illinois,420,429,428,430,426,422,416,412,410,410,405,404
157,17,105,73131,00000,00000,0,A,Strawn village,Illinois,100,99,99,99,98,97,95,95,94,94,93,93
157,17,105,73170,00000,00000,0,A,Streator city (pt.),Illinois,101,74,74,74,73,72,71,71,70,71,68,69
157,17,105,99990,00000,00000,0,F,Balance of Livingston County,Illinois,12256,12177,12149,12071,11883,10871,10738,10643,10595,10611,10485,10474
061,17,105,00000,01348,00000,0,A,Amity township,Illinois,866,866,864,865,859,852,841,834,827,828,814,813
071,17,105,16405,01348,00000,1,A,Cornell village,Illinois,467,486,485,486,484,481,475,469,466,464,458,455
071,17,105,99990,01348,00000,1,F,Balance of Amity township,Illinois,399,380,379,379,375,371,366,365,361,364,356,358
061,17,105,00000,03194,00000,1,A,Avoca township,Illinois,405,405,404,403,403,398,393,390,387,388,382,382
061,17,105,00000,04780,00000,1,A,Belle Prairie township,Illinois,135,133,133,133,131,130,128,127,126,126,127,127
061,17,105,00000,08888,00000,0,A,Broughton township,Illinois,313,313,312,312,310,306,303,299,298,298,294,293
071,17,105,10916,08888,00000,1,A,Campus village (pt.),Illinois,40,40,40,40,40,39,39,38,38,38,38,37
071,17,105,24062,08888,00000,1,A,Emington village (pt.),Illinois,66,66,66,66,65,65,64,63,63,63,62,60
071,17,105,99990,08888,00000,1,F,Balance of Broughton township,Illinois,207,207,206,206,205,202,200,198,197,197,194,196
061,17,105,00000,12606,00000,0,A,Charlotte township,Illinois,136,136,136,135,134,133,131,130,129,129,128,127
071,17,105,12710,12606,00000,1,A,Chatsworth town (pt.),Illinois,0,0,0,0,0,0,0,0,0,0,0,0
071,17,105,99990,12606,00000,1,F,Balance of Charlotte township,Illinois,136,136,136,135,134,133,131,130,129,129,128,127
061,17,105,00000,12723,00000,0,A,Chatsworth township,Illinois,1366,1366,1363,1358,1345,1328,1310,1296,1283,1282,1263,1259
071,17,105,12710,12723,00000,1,A,Chatsworth town (pt.),Illinois,1205,1212,1209,1205,1193,1178,1161,1146,1137,1136,1119,1115
071,17,105,99990,12723,00000,1,F,Balance of Chatsworth township,Illinois,161,154,154,153,152,150,149,150,146,146,144,144
061,17,105,00000,21371,00000,0,A,Dwight township,Illinois,4494,4494,4482,4477,4440,4391,4331,4290,4267,4267,4210,4201
071,17,105,21358,21371,00000,1,A,Dwight village (pt.),Illinois,4254,4256,4245,4240,4205,4158,4101,4063,4039,4038,3987,3978
071,17,105,99990,21371,00000,1,F,Balance of Dwight township,Illinois,240,238,237,237,235,233,230,227,228,229,223,223
061,17,105,00000,24309,00000,1,A,Eppards Point township,Illinois,427,427,426,425,422,421,416,413,410,411,406,405
061,17,105,00000,24426,00000,1,A,Esmen township,Illinois,326,326,325,325,322,319,317,311,310,310,306,305
061,17,105,00000,25700,00000,0,A,Fayette township,Illinois,271,270,270,269,267,264,260,258,256,257,253,253
071,17,105,73131,25700,00000,1,A,Strawn village,Illinois,100,99,99,99,98,97,95,95,94,94,93,93
071,17,105,99990,25700,00000,1,F,Balance of Fayette township,Illinois,171,171,171,170,169,167,165,163,162,163,160,160
061,17,105,00000,27039,00000,0,A,Forrest township,Illinois,1605,1605,1601,1596,1580,1568,1552,1539,1528,1527,1504,1499
071,17,105,27026,27039,00000,1,A,Forrest village (pt.),Illinois,1220,1219,1216,1212,1199,1191,1180,1167,1158,1157,1139,1135
071,17,105,99990,27039,00000,1,F,Balance of Forrest township,Illinois,385,386,385,384,381,377,372,372,370,370,365,364
061,17,105,00000,29106,00000,1,A,Germanville township,Illinois,67,69,69,69,68,67,67,66,66,66,65,65
061,17,105,00000,37244,00000,0,A,Indian Grove township,Illinois,4297,4298,4287,4291,4257,4218,4166,4124,4102,4103,4091,4082
071,17,105,24764,37244,00000,1,A,Fairbury city,Illinois,3757,3813,3803,3805,3778,3741,3695,3658,3638,3639,3631,3622
071,17,105,99990,37244,00000,1,F,Balance of Indian Grove township,Illinois,540,485,484,486,479,477,471,466,464,464,460,460
061,17,105,00000,44589,00000,0,A,Long Point township,Illinois,498,500,498,500,496,491,484,480,477,478,471,473
071,17,105,44576,44589,00000,1,A,Long Point village,Illinois,226,226,225,225,223,221,218,218,217,217,214,214
071,17,105,99990,44589,00000,1,F,Balance of Long Point township,Illinois,272,274,273,275,273,270,266,262,260,261,257,259
061,17,105,00000,51895,00000,0,A,Nebraska township,Illinois,1433,1433,1429,1428,1416,1399,1391,1386,1379,1380,1365,1364
071,17,105,26311,51895,00000,1,A,Flanagan village,Illinois,1110,1114,1111,1110,1100,1087,1082,1080,1075,1075,1064,1064
071,17,105,99990,51895,00000,1,F,Balance of Nebraska township,Illinois,323,319,318,318,316,312,309,306,304,305,301,300
061,17,105,00000,52077,00000,1,A,Nevada township,Illinois,1335,1335,1334,1254,1142,227,224,222,221,221,220,220
061,17,105,00000,52883,00000,0,A,Newtown township,Illinois,733,740,738,739,735,728,718,713,712,712,705,705
071,17,105,73170,52883,00000,1,A,Streator city (pt.),Illinois,A,3,3,3,3,3,3,3,3,3,3,3
071,17,105,99990,52883,00000,1,F,Balance of Newtown township,Illinois,A,737,735,736,732,725,715,710,709,709,702,702
061,17,105,00000,55184,00000,0,A,Odell township,Illinois,1276,1276,1272,1271,1258,1245,1229,1214,1206,1206,1188,1186
071,17,105,55171,55184,00000,1,A,Odell village,Illinois,1046,1039,1036,1035,1024,1011,1000,988,981,981,966,964
071,17,105,99990,55184,00000,1,F,Balance of Odell township,Illinois,230,237,236,236,234,234,229,226,225,225,222,222
061,17,105,00000,57056,00000,1,A,Owego township,Illinois,328,328,327,327,327,323,319,316,314,314,310,310
061,17,105,00000,59780,00000,1,A,Pike township,Illinois,240,240,239,239,237,235,231,229,228,228,225,225
061,17,105,00000,60612,00000,0,A,Pleasant Ridge township,Illinois,252,252,251,251,249,246,243,241,239,240,239,236
071,17,105,27026,60612,00000,1,A,Forrest village (pt.),Illinois,0,0,0,0,0,0,0,0,0,0,0,0
071,17,105,99990,60612,00000,1,F,Balance of Pleasant Ridge township,Illinois,252,252,251,251,249,246,243,241,239,240,239,236
061,17,105,00000,61028,00000,0,A,Pontiac township,Illinois,13049,13049,13020,13063,13078,13119,13060,12849,12486,12493,12348,12326
071,17,105,61015,61028,00000,1,A,Pontiac city,Illinois,11931,11930,11904,11944,11966,12014,11968,11767,11405,11409,11275,11253
071,17,105,99990,61028,00000,1,F,Balance of Pontiac township,Illinois,1118,1119,1116,1119,1112,1105,1092,1082,1081,1084,1073,1073
061,17,105,00000,63017,00000,0,A,Reading township,Illinois,2046,2034,2031,2032,2017,2000,1975,1957,1950,1954,1930,1929
071,17,105,73170,63017,00000,1,A,Streator city (pt.),Illinois,101,71,71,71,70,69,68,68,67,68,65,66
071,17,105,99990,63017,00000,1,F,Balance of Reading township,Illinois,1945,1963,1960,1961,1947,1931,1907,1889,1883,1886,1865,1863
061,17,105,00000,65520,00000,1,A,Rooks Creek township,Illinois,567,567,566,567,563,556,551,546,543,544,536,535
061,17,105,00000,65988,00000,0,A,Round Grove township,Illinois,371,369,368,368,367,363,357,354,353,353,348,348
071,17,105,10916,65988,00000,1,A,Campus village (pt.),Illinois,126,126,126,126,125,123,121,120,120,120,118,120
071,17,105,63056,65988,00000,1,A,Reddick village (pt.),Illinois,19,22,22,22,22,22,21,21,21,21,21,21
071,17,105,99990,65988,00000,1,F,Balance of Round Grove township,Illinois,226,221,220,220,220,218,215,213,212,212,209,207
061,17,105,00000,67808,00000,0,A,Saunemin township,Illinois,666,666,664,666,660,654,645,638,635,637,629,628
071,17,105,67795,67808,00000,1,A,Saunemin village,Illinois,420,429,428,430,426,422,416,412,410,410,405,404
071,17,105,99990,67808,00000,1,F,Balance of Saunemin township,Illinois,246,237,236,236,234,232,229,226,225,227,224,224
061,17,105,00000,73482,00000,0,A,Sullivan township,Illinois,724,724,723,721,713,705,694,688,682,682,673,670
071,17,105,18030,73482,00000,1,A,Cullom village,Illinois,555,566,565,564,557,551,542,537,532,532,523,522
071,17,105,99990,73482,00000,1,F,Balance of Sullivan township,Illinois,169,158,158,157,156,154,152,151,150,150,150,148
061,17,105,00000,73781,00000,1,A,Sunbury township,Illinois,229,229,228,228,226,224,223,221,220,220,217,216
061,17,105,00000,76680,00000,0,A,Union township,Illinois,240,240,240,239,237,235,231,230,228,228,225,225
071,17,105,24062,76680,00000,1,A,Emington village (pt.),Illinois,51,51,51,51,50,50,49,49,48,48,48,48
071,17,105,99990,76680,00000,1,F,Balance of Union township,Illinois,189,189,189,188,187,185,182,181,180,180,177,177
061,17,105,00000,78409,00000,1,A,Waldo township,Illinois,255,255,254,254,252,249,246,244,245,242,242,241
050,17,107,00000,00000,00000,0,A,Logan County,Illinois,30305,30305,30283,30270,30358,29826,29660,29284,29166,29034,28912,28618
157,17,107,02752,00000,00000,0,A,Atlanta city,Illinois,1692,1694,1692,1692,1681,1673,1662,1646,1639,1631,1620,1600
157,17,107,08472,00000,00000,0,A,Broadwell village,Illinois,145,145,145,145,143,143,142,141,140,140,139,136
157,17,107,23269,00000,00000,0,A,Elkhart village,Illinois,405,407,407,407,406,404,402,399,397,393,395,390
157,17,107,23971,00000,00000,0,A,Emden village,Illinois,485,485,484,481,479,481,479,477,473,471,468,460
157,17,107,33318,00000,00000,0,A,Hartsburg village,Illinois,314,314,314,315,312,309,307,303,302,300,297,307
157,17,107,42249,00000,00000,0,A,Latham village,Illinois,380,388,388,387,381,380,375,372,373,370,369,364
157,17,107,43536,00000,00000,0,A,Lincoln city,Illinois,14504,14549,14533,14490,14734,14201,14087,13949,13822,13753,13685,13524
157,17,107,48853,00000,00000,0,A,Middletown village,Illinois,324,322,322,323,318,317,315,312,312,310,307,304
157,17,107,51128,00000,00000,0,A,Mount Pulaski city,Illinois,1566,1563,1562,1553,1538,1533,1520,1505,1499,1489,1481,1464
157,17,107,52545,00000,00000,0,A,New Holland village,Illinois,269,282,282,281,278,277,276,276,273,272,271,268
157,17,107,67613,00000,00000,0,A,San Jose village (pt.),Illinois,242,242,242,241,239,238,237,238,237,233,232,230
157,17,107,99990,00000,00000,0,F,Balance of Logan County,Illinois,9979,9914,9912,9955,9849,9870,9858,9666,9699,9672,9648,9571
061,17,107,00000,00360,00000,1,A,Aetna township,Illinois,535,537,536,537,532,531,528,523,522,520,518,512
061,17,107,00000,02765,00000,0,A,Atlanta township,Illinois,1926,1926,1924,1923,1910,1901,1889,1871,1863,1855,1845,1820
071,17,107,02752,02765,00000,1,A,Atlanta city,Illinois,1692,1694,1692,1692,1681,1673,1662,1646,1639,1631,1620,1600
071,17,107,99990,02765,00000,1,F,Balance of Atlanta township,Illinois,234,232,232,231,229,228,227,225,224,224,225,220
061,17,107,00000,08485,00000,0,A,Broadwell township,Illinois,3549,3551,3551,3602,3546,3582,3595,3450,3499,3494,3493,3486
071,17,107,08472,08485,00000,1,A,Broadwell village,Illinois,145,145,145,145,143,143,142,141,140,140,139,136
071,17,107,43536,08485,00000,1,A,Lincoln city (pt.),Illinois,0,6,6,6,6,6,6,6,6,6,6,6
071,17,107,99990,08485,00000,1,F,Balance of Broadwell township,Illinois,3404,3400,3400,3451,3397,3433,3447,3303,3353,3348,3348,3344
061,17,107,00000,13126,00000,1,A,Chester township,Illinois,669,669,670,669,663,662,659,656,654,651,649,641
061,17,107,00000,16496,00000,0,A,Corwin township,Illinois,643,639,639,639,633,631,627,622,621,618,616,610
071,17,107,48853,16496,00000,1,A,Middletown village,Illinois,324,322,322,323,318,317,315,312,312,310,307,304
071,17,107,99990,16496,00000,1,F,Balance of Corwin township,Illinois,319,317,317,316,315,314,312,310,309,308,309,306
061,17,107,00000,21982,00000,0,A,East Lincoln township,Illinois,8813,8813,8804,8785,9090,8586,8509,8422,8317,8276,8234,8138
071,17,107,43536,21982,00000,1,A,Lincoln city (pt.),Illinois,7981,8012,8004,7984,8295,7793,7721,7638,7535,7497,7458,7371
071,17,107,99990,21982,00000,1,F,Balance of East Lincoln township,Illinois,832,801,800,801,795,793,788,784,782,779,776,767
061,17,107,00000,23282,00000,0,A,Elkhart township,Illinois,511,511,511,511,506,507,504,500,498,495,495,489
071,17,107,23269,23282,00000,1,A,Elkhart village (pt.),Illinois,231,233,233,234,232,231,230,228,227,225,226,223
071,17,107,99990,23282,00000,1,F,Balance of Elkhart township,Illinois,280,278,278,277,274,276,274,272,271,270,269,266
061,17,107,00000,24049,00000,1,A,Eminence township,Illinois,421,421,420,420,418,416,414,411,410,408,406,402
061,17,107,00000,36789,00000,0,A,Hurlbut township,Illinois,305,305,305,304,303,302,300,298,297,294,295,291
071,17,107,23269,36789,00000,1,A,Elkhart village (pt.),Illinois,174,174,174,173,174,173,172,171,170,168,169,167
071,17,107,99990,36789,00000,1,F,Balance of Hurlbut township,Illinois,131,131,131,131,129,129,128,127,127,126,126,124
061,17,107,00000,40624,00000,0,A,Laenna township,Illinois,584,584,584,582,574,573,569,562,563,561,557,550
071,17,107,42249,40624,00000,1,A,Latham village,Illinois,380,388,388,387,381,380,375,372,373,370,369,364
071,17,107,99990,40624,00000,1,F,Balance of Laenna township,Illinois,204,196,196,195,193,193,194,190,190,191,188,186
061,17,107,00000,41144,00000,1,A,Lake Fork township,Illinois,154,154,154,153,152,151,151,149,149,148,148,146
061,17,107,00000,51141,00000,0,A,Mount Pulaski township,Illinois,2100,2100,2098,2090,2070,2063,2050,2031,2023,2011,2001,1978
071,17,107,51128,51141,00000,1,A,Mount Pulaski city,Illinois,1566,1563,1562,1553,1538,1533,1520,1505,1499,1489,1481,1464
071,17,107,99990,51141,00000,1,F,Balance of Mount Pulaski township,Illinois,534,537,536,537,532,530,530,526,524,522,520,514
061,17,107,00000,56289,00000,1,A,Oran township,Illinois,378,378,378,377,373,372,372,369,368,366,363,359
061,17,107,00000,56705,00000,0,A,Orvil township,Illinois,1068,1068,1067,1064,1057,1055,1049,1041,1035,1030,1023,1022
071,17,107,23971,56705,00000,1,A,Emden village,Illinois,485,485,484,481,479,481,479,477,473,471,468,460
071,17,107,33318,56705,00000,1,A,Hartsburg village,Illinois,314,314,314,315,312,309,307,303,302,300,297,307
071,17,107,99990,56705,00000,1,F,Balance of Orvil township,Illinois,269,269,269,268,266,265,263,261,260,259,258,255
061,17,107,00000,61574,00000,0,A,Prairie Creek township,Illinois,487,487,487,487,483,481,479,478,476,471,469,465
071,17,107,67613,61574,00000,1,A,San Jose village (pt.),Illinois,242,242,242,241,239,238,237,238,237,233,232,230
071,17,107,99990,61574,00000,1,F,Balance of Prairie Creek township,Illinois,245,245,245,246,244,243,242,240,239,238,237,235
061,17,107,00000,69290,00000,0,A,Sheridan township,Illinois,477,475,475,473,469,467,465,463,460,458,456,451
071,17,107,52545,69290,00000,1,A,New Holland village,Illinois,269,282,282,281,278,277,276,276,273,272,271,268
071,17,107,99990,69290,00000,1,F,Balance of Sheridan township,Illinois,208,193,193,192,191,190,189,187,187,186,185,183
061,17,107,00000,80593,00000,0,A,West Lincoln township,Illinois,7685,7687,7680,7654,7579,7546,7500,7438,7411,7378,7344,7258
071,17,107,43536,80593,00000,1,A,Lincoln city (pt.),Illinois,6523,6531,6523,6500,6433,6402,6360,6305,6281,6250,6221,6147
071,17,107,99990,80593,00000,1,F,Balance of West Lincoln township,Illinois,1162,1156,1157,1154,1146,1144,1140,1133,1130,1128,1123,1111
050,17,109,00000,00000,00000,0,A,McDonough County,Illinois,32612,32616,32634,32521,32558,32253,31799,31449,30907,30373,29984,29682
157,17,109,03675,00000,00000,0,A,Bardolph village,Illinois,251,251,251,250,251,249,246,245,242,238,235,232
157,17,109,06470,00000,00000,0,A,Blandinsville village,Illinois,651,649,650,646,646,642,633,629,622,611,601,595
157,17,109,10110,00000,00000,0,A,Bushnell city,Illinois,3117,3111,3113,3103,3105,3085,3050,3030,2996,2939,2899,2866
157,17,109,15378,00000,00000,0,A,Colchester city,Illinois,1401,1390,1391,1388,1390,1381,1367,1358,1344,1319,1301,1288
157,17,109,30458,00000,00000,0,A,Good Hope village,Illinois,396,396,396,395,395,393,386,383,380,375,367,364
157,17,109,37439,00000,00000,0,A,Industry village,Illinois,478,478,478,477,477,472,467,463,459,450,442,438
157,17,109,45889,00000,00000,0,A,Macomb city,Illinois,19288,19298,19309,19237,19263,19043,18739,18479,18080,17790,17576,17413
157,17,109,60833,00000,00000,0,A,Plymouth village (pt.),Illinois,2,2,2,2,2,2,2,2,2,2,2,2
157,17,109,61548,00000,00000,0,A,Prairie City village,Illinois,379,380,380,379,379,377,371,369,365,359,354,351
157,17,109,68198,00000,00000,0,A,Sciota village,Illinois,61,61,61,61,61,61,60,59,59,58,57,56
157,17,109,74665,00000,00000,0,A,Tennessee village,Illinois,115,115,115,115,115,114,113,112,111,109,109,108
157,17,109,99990,00000,00000,0,F,Balance of McDonough County,Illinois,6473,6485,6488,6468,6474,6434,6365,6320,6247,6123,6041,5969
061,17,109,00000,05638,00000,1,A,Bethel township,Illinois,327,325,325,324,324,323,319,317,313,308,301,298
061,17,109,00000,06483,00000,0,A,Blandinsville township,Illinois,846,846,847,842,843,837,827,821,812,795,784,775
071,17,109,06470,06483,00000,1,A,Blandinsville village (pt.),Illinois,611,611,612,608,608,604,596,592,585,575,565,560
071,17,109,99990,06483,00000,1,F,Balance of Blandinsville township,Illinois,235,235,235,234,235,233,231,229,227,220,219,215
061,17,109,00000,10123,00000,0,A,Bushnell township,Illinois,3272,3265,3267,3257,3259,3238,3201,3180,3144,3085,3043,3008
071,17,109,10110,10123,00000,1,A,Bushnell city,Illinois,3117,3111,3113,3103,3105,3085,3050,3030,2996,2939,2899,2866
071,17,109,99990,10123,00000,1,F,Balance of Bushnell township,Illinois,155,154,154,154,154,153,151,150,148,146,144,142
061,17,109,00000,12333,00000,1,A,Chalmers township,Illinois,686,682,683,680,681,677,672,666,660,647,639,632
061,17,109,00000,15391,00000,0,A,Colchester township,Illinois,1837,1841,1842,1838,1840,1829,1810,1799,1781,1748,1726,1707
071,17,109,15378,15391,00000,1,A,Colchester city,Illinois,1401,1390,1391,1388,1390,1381,1367,1358,1344,1319,1301,1288
071,17,109,99990,15391,00000,1,F,Balance of Colchester township,Illinois,436,451,451,450,450,448,443,441,437,429,425,419
061,17,109,00000,22996,00000,1,A,Eldorado township,Illinois,134,134,134,134,134,133,132,131,129,127,124,122
061,17,109,00000,24101,00000,1,A,Emmet township,Illinois,1288,1300,1301,1297,1298,1290,1276,1268,1253,1230,1214,1201
061,17,109,00000,35333,00000,0,A,Hire township,Illinois,229,229,229,229,229,228,225,223,221,217,214,210
071,17,109,06470,35333,00000,1,A,Blandinsville village (pt.),Illinois,40,38,38,38,38,38,37,37,37,36,36,35
071,17,109,99990,35333,00000,1,F,Balance of Hire township,Illinois,189,191,191,191,191,190,188,186,184,181,178,175
061,17,109,00000,37452,00000,0,A,Industry township,Illinois,733,731,731,729,729,723,715,709,701,687,676,670
071,17,109,37439,37452,00000,1,A,Industry village,Illinois,478,478,478,477,477,472,467,463,459,450,442,438
071,17,109,99990,37452,00000,1,F,Balance of Industry township,Illinois,255,253,253,252,252,251,248,246,242,237,234,232
061,17,109,00000,41820,00000,0,A,Lamoine township,Illinois,516,516,517,515,515,512,507,503,495,486,479,474
071,17,109,60833,41820,00000,1,A,Plymouth village (pt.),Illinois,2,2,2,2,2,2,2,2,2,2,2,2
071,17,109,99990,41820,00000,1,F,Balance of Lamoine township,Illinois,514,514,515,513,513,510,505,501,493,484,477,472
061,17,109,00000,45902,00000,0,A,Macomb township,Illinois,502,498,498,496,498,494,488,485,480,470,464,458
071,17,109,03675,45902,00000,1,A,Bardolph village (pt.),Illinois,249,249,249,248,249,247,244,243,240,236,233,230
071,17,109,99990,45902,00000,1,F,Balance of Macomb township,Illinois,253,249,249,248,249,247,244,242,240,234,231,228
061,17,109,00000,45915,00000,0,B,Macomb City township,Illinois,19288,19298,19309,19237,19263,19043,18739,18479,18080,17790,17576,17413
071,17,109,45889,45915,00000,1,A,Macomb city,Illinois,19288,19298,19309,19237,19263,19043,18739,18479,18080,17790,17576,17413
061,17,109,00000,50738,00000,0,A,Mound township,Illinois,283,283,283,282,282,281,278,276,273,266,262,260
071,17,109,03675,50738,00000,1,A,Bardolph village (pt.),Illinois,2,2,2,2,2,2,2,2,2,2,2,2
071,17,109,99990,50738,00000,1,F,Balance of Mound township,Illinois,281,281,281,280,280,279,276,274,271,264,260,258
061,17,109,00000,52792,00000,1,A,New Salem township,Illinois,369,369,369,368,368,364,360,357,354,347,342,337
061,17,109,00000,61561,00000,0,A,Prairie City township,Illinois,510,523,523,522,522,519,511,508,503,494,488,483
071,17,109,61548,61561,00000,1,A,Prairie City village,Illinois,379,380,380,379,379,377,371,369,365,359,354,351
071,17,109,99990,61561,00000,1,F,Balance of Prairie City township,Illinois,131,143,143,143,143,142,140,139,138,135,134,132
061,17,109,00000,68211,00000,0,A,Sciota township,Illinois,539,532,532,530,531,528,520,515,511,502,494,487
071,17,109,30458,68211,00000,1,A,Good Hope village (pt.),Illinois,252,252,252,251,251,250,245,243,241,237,233,231
071,17,109,68198,68211,00000,1,A,Sciota village,Illinois,61,61,61,61,61,61,60,59,59,58,57,56
071,17,109,99990,68211,00000,1,F,Balance of Sciota township,Illinois,226,219,219,218,219,217,215,213,211,207,204,200
061,17,109,00000,68250,00000,1,A,Scotland township,Illinois,448,437,437,436,436,434,427,426,419,411,406,402
061,17,109,00000,74678,00000,0,A,Tennessee township,Illinois,336,338,338,337,338,335,332,329,326,320,317,314
071,17,109,74665,74678,00000,1,A,Tennessee village,Illinois,115,115,115,115,115,114,113,112,111,109,109,108
071,17,109,99990,74678,00000,1,F,Balance of Tennessee township,Illinois,221,223,223,222,223,221,219,217,215,211,208,206
061,17,109,00000,78591,00000,0,A,Walnut Grove township,Illinois,469,469,469,468,468,465,460,457,452,443,435,431
071,17,109,30458,78591,00000,1,A,Good Hope village (pt.),Illinois,144,144,144,144,144,143,141,140,139,138,134,133
071,17,109,99990,78591,00000,1,F,Balance of Walnut Grove township,Illinois,325,325,325,324,324,322,319,317,313,305,301,298
050,17,111,00000,00000,00000,0,A,McHenry County,Illinois,308760,308882,309112,308504,308230,307605,307404,307572,307159,307815,308251,307774
157,17,111,00685,00000,00000,0,A,Algonquin village (pt.),Illinois,21613,21602,21609,21522,21436,21706,21628,21710,21992,22018,22031,22084
157,17,111,03883,00000,00000,0,A,Barrington Hills village (pt.),Illinois,1309,1311,1311,1307,1302,1296,1300,1299,1293,1292,1293,1290
157,17,111,09531,00000,00000,0,A,Bull Valley village,Illinois,1077,1111,1111,1108,1104,1094,1088,1090,1083,1085,1082,1084
157,17,111,11592,00000,00000,0,A,Cary village,Illinois,18271,18341,18348,18274,18197,18071,18023,17993,17903,17877,17836,18067
157,17,111,17887,00000,00000,0,A,Crystal Lake city,Illinois,40743,40752,40766,40618,40469,40375,40439,40332,40118,40069,39993,39829
157,17,111,27442,00000,00000,0,A,Fox Lake village (pt.),Illinois,497,500,500,498,497,493,489,491,488,488,491,488
157,17,111,27533,00000,00000,0,A,Fox River Grove village (pt.),Illinois,4367,4280,4279,4259,4239,4204,4188,4171,4147,4138,4127,4102
157,17,111,31667,00000,00000,0,A,Greenwood village,Illinois,255,235,235,234,233,232,231,228,229,227,227,226
157,17,111,33331,00000,00000,0,A,Harvard city,Illinois,9447,9435,9436,9397,9354,9279,9237,9204,9150,9132,9112,9060
157,17,111,33851,00000,00000,0,A,Hebron village,Illinois,1216,1202,1202,1198,1192,1187,1190,1186,1181,1181,1181,1183
157,17,111,35515,00000,00000,0,A,Holiday Hills village,Illinois,610,604,604,602,598,594,589,588,585,582,582,579
157,17,111,36750,00000,00000,0,A,Huntley village (pt.),Illinois,18496,18576,18626,18820,19096,19589,19951,20359,20637,21084,21424,21325
157,17,111,37894,00000,00000,0,A,Island Lake village (pt.),Illinois,4761,4774,4776,4756,4737,4707,4709,4741,4745,4763,4762,4746
157,17,111,38479,00000,00000,0,A,Johnsburg village,Illinois,6337,6431,6439,6439,6431,6397,6389,6402,6371,6378,6382,6368
157,17,111,41183,00000,00000,0,A,Lake in the Hills village,Illinois,28965,28948,28962,28857,29041,28850,28792,28871,28742,28756,28743,28634
157,17,111,41326,00000,00000,0,A,Lakemoor village (pt.),Illinois,2549,2549,2550,2541,2559,2543,2534,2527,2510,2509,2506,2495
157,17,111,41651,00000,00000,0,A,Lakewood village,Illinois,3811,3811,3812,3795,3784,3770,3759,3790,3864,3905,3970,4001
157,17,111,45616,00000,00000,0,A,McCullom Lake village,Illinois,1049,1053,1053,1047,1041,1035,1029,1024,1017,1016,1012,1008
157,17,111,45694,00000,00000,0,A,McHenry city,Illinois,26992,27039,27059,26960,26865,26701,26634,26631,26634,26810,27005,27061
157,17,111,46786,00000,00000,0,A,Marengo city,Illinois,7648,7665,7673,7643,7618,7571,7540,7514,7478,7466,7468,7437
157,17,111,55041,00000,00000,0,A,Oakwood Hills village,Illinois,2083,2076,2077,2080,2076,2069,2060,2052,2043,2042,2036,2028
157,17,111,61216,00000,00000,0,A,Port Barrington village (pt.),Illinois,923,988,988,985,981,972,972,969,965,968,968,969
157,17,111,61678,00000,00000,0,A,Prairie Grove village,Illinois,1904,1987,1988,1978,1974,1958,1955,1946,1938,1939,1937,1931
157,17,111,63641,00000,00000,0,A,Richmond village,Illinois,1874,1865,1871,1887,1893,1885,1888,1892,1892,1900,1903,1904
157,17,111,64135,00000,00000,0,A,Ringwood village,Illinois,836,838,838,835,833,827,822,819,818,815,817,813
157,17,111,72052,00000,00000,0,A,Spring Grove village,Illinois,5778,5781,5783,5771,5764,5730,5726,5714,5690,5708,5719,5706
157,17,111,76160,00000,00000,0,A,Trout Valley village,Illinois,537,531,531,529,528,524,522,518,516,516,515,513
157,17,111,76706,00000,00000,0,A,Union village,Illinois,580,580,580,576,574,570,566,564,559,559,556,553
157,17,111,82855,00000,00000,0,A,Wonder Lake village,Illinois,4026,4032,4033,4019,4001,3971,3952,3937,3912,3905,3894,3882
157,17,111,83349,00000,00000,0,A,Woodstock city,Illinois,24770,24794,24858,24998,25099,25166,25178,25192,25144,25214,25267,25240
157,17,111,99990,00000,00000,0,F,Balance of McHenry County,Illinois,65436,65191,65214,64971,64714,64239,64024,63818,63515,63473,63412,63168
061,17,111,00000,00607,00000,0,A,Alden township,Illinois,1402,1400,1401,1396,1389,1380,1373,1369,1363,1362,1360,1355
071,17,111,33331,00607,00000,1,A,Harvard city (pt.),Illinois,13,0,0,0,0,0,0,0,0,0,0,0
071,17,111,99990,00607,00000,1,F,Balance of Alden township,Illinois,1389,1400,1401,1396,1389,1380,1373,1369,1363,1362,1360,1355
061,17,111,00000,00698,00000,0,A,Algonquin township,Illinois,88389,88479,88508,88160,87940,87771,87615,87571,87456,87412,87311,87371
071,17,111,00685,00698,00000,1,A,Algonquin village (pt.),Illinois,17888,17877,17883,17809,17736,17959,17893,17957,18189,18210,18219,18259
071,17,111,03883,00698,00000,1,A,Barrington Hills village (pt.),Illinois,1309,1311,1311,1307,1302,1296,1300,1299,1293,1292,1293,1290
071,17,111,11592,00698,00000,1,A,Cary village,Illinois,18271,18341,18348,18274,18197,18071,18023,17993,17903,17877,17836,18067
071,17,111,17887,00698,00000,1,A,Crystal Lake city (pt.),Illinois,22877,23014,23022,22938,22855,22799,22837,22778,22657,22630,22587,22496
071,17,111,27533,00698,00000,1,A,Fox River Grove village (pt.),Illinois,4367,4280,4279,4259,4239,4204,4188,4171,4147,4138,4127,4102
071,17,111,41183,00698,00000,1,A,Lake in the Hills village (pt.),Illinois,12822,12817,12822,12771,12850,12761,12730,12762,12701,12703,12693,12639
071,17,111,41651,00698,00000,1,A,Lakewood village (pt.),Illinois,230,227,227,226,226,224,223,225,229,232,236,238
071,17,111,55041,00698,00000,1,A,Oakwood Hills village (pt.),Illinois,53,46,46,46,46,45,45,45,45,45,45,45
071,17,111,61216,00698,00000,1,A,Port Barrington village (pt.),Illinois,131,144,144,144,143,142,142,141,141,141,140,142
071,17,111,76160,00698,00000,1,A,Trout Valley village,Illinois,537,531,531,529,528,524,522,518,516,516,515,513
071,17,111,99990,00698,00000,1,F,Balance of Algonquin township,Illinois,9904,9891,9895,9857,9818,9746,9712,9682,9635,9628,9620,9580
061,17,111,00000,10032,00000,0,A,Burton township,Illinois,5003,5003,5005,4989,4977,4944,4935,4922,4898,4906,4912,4898
071,17,111,27442,10032,00000,1,A,Fox Lake village (pt.),Illinois,497,500,500,498,497,493,489,491,488,488,491,488
071,17,111,72052,10032,00000,1,A,Spring Grove village (pt.),Illinois,2712,2719,2720,2713,2710,2693,2693,2686,2673,2681,2687,2681
071,17,111,99990,10032,00000,1,F,Balance of Burton township,Illinois,1794,1784,1785,1778,1770,1758,1753,1745,1737,1737,1734,1729
061,17,111,00000,12892,00000,0,A,Chemung township,Illinois,9134,9138,9139,9100,9056,8986,8946,8913,8861,8843,8824,8778
071,17,111,33331,12892,00000,1,A,Harvard city (pt.),Illinois,7733,7734,7734,7701,7664,7603,7567,7538,7492,7478,7460,7418
071,17,111,99990,12892,00000,1,F,Balance of Chemung township,Illinois,1401,1404,1405,1399,1392,1383,1379,1375,1369,1365,1364,1360
061,17,111,00000,16314,00000,0,A,Coral township,Illinois,3552,3555,3556,3544,3532,3509,3498,3488,3473,3473,3471,3459
071,17,111,46786,16314,00000,1,A,Marengo city (pt.),Illinois,22,22,22,22,22,22,22,22,22,21,21,21
071,17,111,76706,16314,00000,1,A,Union village,Illinois,580,580,580,576,574,570,566,564,559,559,556,553
071,17,111,99990,16314,00000,1,F,Balance of Coral township,Illinois,2950,2953,2954,2946,2936,2917,2910,2902,2892,2893,2894,2885
061,17,111,00000,20396,00000,0,A,Dorr township,Illinois,20911,20928,20975,21061,21115,21134,21127,21128,21077,21125,21162,21131
071,17,111,09531,20396,00000,1,A,Bull Valley village (pt.),Illinois,333,377,377,376,375,370,369,370,366,368,367,366
071,17,111,17887,20396,00000,1,A,Crystal Lake city (pt.),Illinois,423,414,414,413,411,412,410,409,407,407,407,405
071,17,111,41651,20396,00000,1,A,Lakewood village (pt.),Illinois,164,176,176,175,175,174,173,176,179,179,183,185
071,17,111,83349,20396,00000,1,A,Woodstock city (pt.),Illinois,17324,17324,17370,17468,17537,17581,17586,17594,17558,17605,17642,17621
071,17,111,99990,20396,00000,1,F,Balance of Dorr township,Illinois,2667,2637,2638,2629,2617,2597,2589,2579,2567,2566,2563,2554
061,17,111,00000,21111,00000,0,A,Dunham township,Illinois,2844,2834,2835,2825,2813,2792,2782,2773,2760,2755,2752,2737
071,17,111,33331,21111,00000,1,A,Harvard city (pt.),Illinois,1701,1701,1702,1696,1690,1676,1670,1666,1658,1654,1652,1642
071,17,111,99990,21111,00000,1,S,Balance of Dunham township,Illinois,1143,1133,1133,1129,1123,1116,1112,1107,1102,1101,1100,1095
061,17,111,00000,30666,00000,0,A,Grafton township,Illinois,53137,53111,53176,53248,53564,53959,54282,54751,55021,55511,55892,55731
071,17,111,00685,30666,00000,1,A,Algonquin village (pt.),Illinois,3725,3725,3726,3713,3700,3747,3735,3753,3803,3808,3812,3825
071,17,111,17887,30666,00000,1,A,Crystal Lake city (pt.),Illinois,9387,9368,9371,9338,9306,9286,9302,9279,9231,9220,9205,9166
071,17,111,36750,30666,00000,1,A,Huntley village (pt.),Illinois,18496,18576,18626,18820,19096,19589,19951,20359,20637,21084,21424,21325
071,17,111,41183,30666,00000,1,A,Lake in the Hills village (pt.),Illinois,16143,16131,16140,16086,16191,16089,16062,16109,16041,16053,16050,15995
071,17,111,41651,30666,00000,1,A,Lakewood village (pt.),Illinois,3417,3408,3409,3394,3383,3372,3363,3389,3456,3494,3551,3578
071,17,111,99990,30666,00000,1,F,Balance of Grafton township,Illinois,1969,1903,1904,1897,1888,1876,1869,1862,1853,1852,1850,1842
061,17,111,00000,31680,00000,0,A,Greenwood township,Illinois,13990,13940,13960,13973,13974,13943,13920,13903,13857,13869,13874,13847
071,17,111,09531,31680,00000,1,A,Bull Valley village (pt.),Illinois,406,388,388,387,385,383,379,381,379,379,378,379
071,17,111,31667,31680,00000,1,A,Greenwood village,Illinois,255,235,235,234,233,232,231,228,229,227,227,226
071,17,111,82855,31680,00000,1,A,Wonder Lake village (pt.),Illinois,2709,2702,2703,2693,2684,2664,2652,2642,2627,2623,2617,2609
071,17,111,83349,31680,00000,1,A,Woodstock city (pt.),Illinois,6778,6806,6824,6862,6891,6912,6918,6923,6912,6932,6949,6943
071,17,111,99990,31680,00000,1,F,Balance of Greenwood township,Illinois,3842,3809,3810,3797,3781,3752,3740,3729,3710,3708,3703,3690
061,17,111,00000,33305,00000,0,A,Hartland township,Illinois,2031,2043,2044,2037,2030,2016,2009,2004,1996,1992,1992,1984
071,17,111,83349,33305,00000,1,A,Woodstock city (pt.),Illinois,4,4,4,4,4,4,4,4,4,4,4,4
071,17,111,99990,33305,00000,1,F,Balance of Hartland township,Illinois,2027,2039,2040,2033,2026,2012,2005,2000,1992,1988,1988,1980
061,17,111,00000,33864,00000,0,A,Hebron township,Illinois,2356,2359,2359,2351,2341,2326,2326,2319,2308,2308,2309,2306
071,17,111,33851,33864,00000,1,A,Hebron village,Illinois,1216,1202,1202,1198,1192,1187,1190,1186,1181,1181,1181,1183
071,17,111,99990,33864,00000,1,F,Balance of Hebron township,Illinois,1140,1157,1157,1153,1149,1139,1136,1133,1127,1127,1128,1123
061,17,111,00000,45707,00000,0,A,McHenry township,Illinois,47653,47668,47695,47535,47387,47072,46929,46867,46732,46846,46964,46905
071,17,111,09531,45707,00000,1,A,Bull Valley village (pt.),Illinois,50,40,40,40,40,39,39,39,39,39,39,39
071,17,111,38479,45707,00000,1,A,Johnsburg village,Illinois,6337,6431,6439,6439,6431,6397,6389,6402,6371,6378,6382,6368
071,17,111,41326,45707,00000,1,A,Lakemoor village (pt.),Illinois,1873,1885,1886,1879,1894,1882,1875,1870,1859,1858,1856,1848
071,17,111,45616,45707,00000,1,A,McCullom Lake village,Illinois,1049,1053,1053,1047,1041,1035,1029,1024,1017,1016,1012,1008
071,17,111,45694,45707,00000,1,A,McHenry city (pt.),Illinois,20595,20575,20590,20512,20436,20309,20256,20251,20252,20383,20529,20567
071,17,111,64135,45707,00000,1,A,Ringwood village,Illinois,836,838,838,835,833,827,822,819,818,815,817,813
071,17,111,72052,45707,00000,1,A,Spring Grove village (pt.),Illinois,0,0,0,0,0,0,0,0,0,0,0,0
071,17,111,82855,45707,00000,1,A,Wonder Lake village (pt.),Illinois,1317,1330,1330,1326,1317,1307,1300,1295,1285,1282,1277,1273
071,17,111,99990,45707,00000,1,F,Balance of McHenry township,Illinois,15596,15516,15519,15457,15395,15276,15219,15167,15091,15075,15052,14989
061,17,111,00000,46799,00000,0,A,Marengo township,Illinois,7564,7561,7568,7540,7514,7463,7434,7406,7371,7365,7364,7336
071,17,111,46786,46799,00000,1,A,Marengo city (pt.),Illinois,6225,6214,6221,6197,6176,6136,6109,6087,6058,6050,6051,6026
071,17,111,99990,46799,00000,1,F,Balance of Marengo township,Illinois,1339,1347,1347,1343,1338,1327,1325,1319,1313,1315,1313,1310
061,17,111,00000,54495,00000,0,A,Nunda township,Illinois,38245,38324,38341,38207,38078,37860,37799,37748,37623,37667,37677,37581
071,17,111,09531,54495,00000,1,A,Bull Valley village (pt.),Illinois,288,306,306,305,304,302,301,300,299,299,298,300
071,17,111,17887,54495,00000,1,A,Crystal Lake city (pt.),Illinois,8056,7956,7959,7929,7897,7878,7890,7866,7823,7812,7794,7762
071,17,111,35515,54495,00000,1,A,Holiday Hills village,Illinois,610,604,604,602,598,594,589,588,585,582,582,579
071,17,111,37894,54495,00000,1,A,Island Lake village (pt.),Illinois,4761,4774,4776,4756,4737,4707,4709,4741,4745,4763,4762,4746
071,17,111,41326,54495,00000,1,A,Lakemoor village (pt.),Illinois,676,664,664,662,665,661,659,657,651,651,650,647
071,17,111,45694,54495,00000,1,A,McHenry city (pt.),Illinois,6397,6464,6469,6448,6429,6392,6378,6380,6382,6427,6476,6494
071,17,111,55041,54495,00000,1,A,Oakwood Hills village (pt.),Illinois,2030,2030,2031,2034,2030,2024,2015,2007,1998,1997,1991,1983
071,17,111,61216,54495,00000,1,A,Port Barrington village (pt.),Illinois,792,844,844,841,838,830,830,828,824,827,828,827
071,17,111,61678,54495,00000,1,A,Prairie Grove village,Illinois,1904,1987,1988,1978,1974,1958,1955,1946,1938,1939,1937,1931
071,17,111,99990,54495,00000,1,F,Balance of Nunda township,Illinois,12731,12695,12700,12652,12606,12514,12473,12435,12378,12370,12359,12312
061,17,111,00000,63654,00000,0,A,Richmond township,Illinois,6683,6677,6685,6689,6685,6649,6643,6637,6618,6635,6643,6630
071,17,111,63641,63654,00000,1,A,Richmond village,Illinois,1874,1865,1871,1887,1893,1885,1888,1892,1892,1900,1903,1904
071,17,111,72052,63654,00000,1,A,Spring Grove village (pt.),Illinois,3066,3062,3063,3058,3054,3037,3033,3028,3017,3027,3032,3025
071,17,111,99990,63654,00000,1,F,Balance of Richmond township,Illinois,1743,1750,1751,1744,1738,1727,1722,1717,1709,1708,1708,1701
061,17,111,00000,64096,00000,0,A,Riley township,Illinois,2922,2931,2933,2921,2912,2893,2884,2876,2862,2861,2860,2848
071,17,111,46786,64096,00000,1,A,Marengo city (pt.),Illinois,1401,1429,1430,1424,1420,1413,1409,1405,1398,1395,1396,1390
071,17,111,99990,64096,00000,1,F,Balance of Riley township,Illinois,1521,1502,1503,1497,1492,1480,1475,1471,1464,1466,1464,1458
061,17,111,00000,68653,00000,0,A,Seneca township,Illinois,2944,2931,2932,2928,2923,2908,2902,2897,2883,2885,2884,2877
071,17,111,46786,68653,00000,1,A,Marengo city (pt.),Illinois,0,0,0,0,0,0,0,0,0,0,0,0
071,17,111,83349,68653,00000,1,A,Woodstock city (pt.),Illinois,664,660,660,664,667,669,670,671,670,673,672,672
071,17,111,99990,68653,00000,1,F,Balance of Seneca township,Illinois,2280,2271,2272,2264,2256,2239,2232,2226,2213,2212,2212,2205
050,17,113,00000,00000,00000,0,A,McLean County,Illinois,169572,169577,169810,170909,172721,175037,174105,173141,173070,172754,172410,171517
157,17,113,01361,00000,00000,0,A,Anchor village,Illinois,146,146,146,146,147,148,146,145,144,144,141,140
157,17,113,02342,00000,00000,0,A,Arrowsmith village,Illinois,294,289,289,289,288,291,287,284,283,279,278,276
157,17,113,04897,00000,00000,0,A,Bellflower village,Illinois,357,359,359,360,359,362,357,352,351,349,347,344
157,17,113,06613,00000,00000,0,A,Bloomington city,Illinois,76610,76724,76848,77308,78020,79269,78901,78414,78343,78134,77804,77330
157,17,113,11215,00000,00000,0,A,Carlock village,Illinois,552,552,554,555,557,573,562,561,563,565,561,557
157,17,113,12931,00000,00000,0,A,Chenoa city,Illinois,1785,1785,1785,1788,1791,1806,1779,1765,1758,1746,1737,1723
157,17,113,15495,00000,00000,0,A,Colfax village,Illinois,1061,1059,1059,1058,1059,1067,1053,1043,1036,1028,1022,1013
157,17,113,16210,00000,00000,0,A,Cooksville village,Illinois,182,189,189,189,188,190,187,186,185,184,183,179
157,17,113,18537,00000,00000,0,A,Danvers village,Illinois,1154,1154,1154,1153,1154,1165,1147,1136,1128,1119,1110,1100
157,17,113,20643,00000,00000,0,A,Downs village,Illinois,1005,994,994,993,996,1005,989,981,975,969,958,951
157,17,113,23555,00000,00000,0,A,Ellsworth village,Illinois,195,192,192,192,191,193,190,189,192,193,196,198
157,17,113,23737,00000,00000,0,A,El Paso city (pt.),Illinois,0,0,0,0,0,0,0,0,0,0,0,0
157,17,113,31732,00000,00000,0,A,Gridley village,Illinois,1432,1432,1432,1444,1460,1471,1449,1438,1432,1422,1410,1398
157,17,113,34449,00000,00000,0,A,Heyworth village,Illinois,2841,2837,2840,2860,2886,2932,2912,2894,2897,2884,2885,2867
157,17,113,36438,00000,00000,0,A,Hudson village,Illinois,1838,1840,1840,1840,1852,1875,1858,1847,1844,1837,1826,1813
157,17,113,42971,00000,00000,0,A,Le Roy city,Illinois,3560,3550,3552,3567,3578,3614,3587,3564,3546,3539,3522,3493
157,17,113,43094,00000,00000,0,A,Lexington city,Illinois,2060,2053,2053,2059,2065,2082,2061,2052,2050,2044,2031,2026
157,17,113,45811,00000,00000,0,A,McLean village,Illinois,830,832,832,831,833,839,828,819,815,808,801,795
157,17,113,53234,00000,00000,0,A,Normal town,Illinois,52497,52549,52643,53119,54025,54667,54517,54294,54391,54452,54629,54469
157,17,113,67912,00000,00000,0,A,Saybrook village,Illinois,693,693,693,692,694,701,691,688,683,679,673,668
157,17,113,72260,00000,00000,0,A,Stanford village,Illinois,596,619,619,618,620,623,615,608,610,609,605,598
157,17,113,75822,00000,00000,0,A,Towanda village,Illinois,480,483,483,482,483,488,479,475,471,468,466,462
157,17,113,99990,00000,00000,0,F,Balance of McLean County,Illinois,19404,19246,19254,19366,19475,19676,19510,19406,19373,19302,19225,19117
061,17,113,00000,00893,00000,0,A,Allin township,Illinois,919,924,924,926,929,935,923,916,916,916,908,901
071,17,113,72260,00893,00000,1,A,Stanford village,Illinois,596,619,619,618,620,623,615,608,610,609,605,598
071,17,113,99990,00893,00000,1,F,Balance of Allin township,Illinois,323,305,305,308,309,312,308,308,306,307,303,303
061,17,113,00000,01374,00000,0,A,Anchor township,Illinois,286,286,286,286,288,290,288,286,285,284,282,280
071,17,113,01361,01374,00000,1,A,Anchor village,Illinois,146,146,146,146,147,148,146,145,144,144,141,140
071,17,113,99990,01374,00000,1,F,Balance of Anchor township,Illinois,140,140,140,140,141,142,142,141,141,140,141,140
061,17,113,00000,02369,00000,0,A,Arrowsmith township,Illinois,502,495,495,495,498,502,496,491,489,487,484,481
071,17,113,02342,02369,00000,1,A,Arrowsmith village,Illinois,294,289,289,289,288,291,287,284,283,279,278,276
071,17,113,99990,02369,00000,1,F,Balance of Arrowsmith township,Illinois,208,206,206,206,210,211,209,207,206,208,206,205
061,17,113,00000,04910,00000,0,A,Bellflower township,Illinois,585,585,585,586,588,594,586,581,579,576,572,568
071,17,113,04897,04910,00000,1,A,Bellflower village,Illinois,357,359,359,360,359,362,357,352,351,349,347,344
071,17,113,99990,04910,00000,1,F,Balance of Bellflower township,Illinois,228,226,226,226,229,232,229,229,228,227,225,224
061,17,113,00000,06626,00000,1,A,Bloomington township,Illinois,2851,2847,2849,2864,2878,2908,2881,2866,2861,2848,2835,2820
061,17,113,00000,06639,00000,0,B,Bloomington City township,Illinois,76610,76724,76848,77308,78020,79269,78901,78414,78343,78134,77804,77330
071,17,113,06613,06639,00000,1,A,Bloomington city,Illinois,76610,76724,76848,77308,78020,79269,78901,78414,78343,78134,77804,77330
061,17,113,00000,06743,00000,0,A,Blue Mound township,Illinois,441,445,445,445,448,452,448,445,443,440,438,434
071,17,113,16210,06743,00000,1,A,Cooksville village,Illinois,182,189,189,189,188,190,187,186,185,184,183,179
071,17,113,99990,06743,00000,1,F,Balance of Blue Mound township,Illinois,259,256,256,256,260,262,261,259,258,256,255,255
061,17,113,00000,12905,00000,0,A,Cheney's Grove township,Illinois,997,997,997,999,1002,1012,1000,994,988,982,977,970
071,17,113,67912,12905,00000,1,A,Saybrook village,Illinois,693,693,693,692,694,701,691,688,683,679,673,668
071,17,113,99990,12905,00000,1,F,Balance of Cheney's Grove township,Illinois,304,304,304,307,308,311,309,306,305,303,304,302
061,17,113,00000,12944,00000,0,A,Chenoa township,Illinois,2074,2074,2074,2080,2083,2101,2072,2056,2048,2036,2025,2009
071,17,113,12931,12944,00000,1,A,Chenoa city,Illinois,1785,1785,1785,1788,1791,1806,1779,1765,1758,1746,1737,1723
071,17,113,99990,12944,00000,1,F,Balance of Chenoa township,Illinois,289,289,289,292,292,295,293,291,290,290,288,286
061,17,113,00000,17705,00000,1,A,Cropsey township,Illinois,222,222,222,225,225,228,225,223,224,223,222,220
061,17,113,00000,18381,00000,1,A,Dale township,Illinois,1233,1213,1213,1220,1228,1240,1230,1225,1222,1218,1213,1207
061,17,113,00000,18550,00000,0,A,Danvers township,Illinois,1925,1925,1925,1928,1934,1952,1926,1911,1903,1889,1878,1863
071,17,113,18537,18550,00000,1,A,Danvers village,Illinois,1154,1154,1154,1153,1154,1165,1147,1136,1128,1119,1110,1100
071,17,113,99990,18550,00000,1,F,Balance of Danvers township,Illinois,771,771,771,775,780,787,779,775,775,770,768,763
061,17,113,00000,18732,00000,0,A,Dawson township,Illinois,590,592,592,593,595,601,595,591,592,594,594,593
071,17,113,23555,18732,00000,1,A,Ellsworth village,Illinois,195,192,192,192,191,193,190,189,192,193,196,198
071,17,113,99990,18732,00000,1,F,Balance of Dawson township,Illinois,395,400,400,401,404,408,405,402,400,401,398,395
061,17,113,00000,20656,00000,0,A,Downs township,Illinois,1266,1251,1251,1253,1257,1269,1251,1241,1236,1229,1219,1210
071,17,113,20643,20656,00000,1,A,Downs village (pt.),Illinois,904,890,890,889,892,900,885,878,872,867,859,853
071,17,113,99990,20656,00000,1,F,Balance of Downs township,Illinois,362,361,361,364,365,369,366,363,364,362,360,357
061,17,113,00000,20838,00000,0,A,Dry Grove township,Illinois,1572,1572,1572,1582,1590,1607,1593,1586,1584,1578,1573,1564
071,17,113,53234,20838,00000,1,A,Normal town (pt.),Illinois,1,1,1,1,1,1,1,1,1,1,1,1
071,17,113,99990,20838,00000,1,F,Balance of Dry Grove township,Illinois,1571,1571,1571,1581,1589,1606,1592,1585,1583,1577,1572,1563
061,17,113,00000,24140,00000,0,A,Empire township,Illinois,4093,4093,4095,4113,4126,4170,4138,4110,4093,4083,4062,4032
071,17,113,42971,24140,00000,1,A,Le Roy city,Illinois,3560,3550,3552,3567,3578,3614,3587,3564,3546,3539,3522,3493
071,17,113,99990,24140,00000,1,F,Balance of Empire township,Illinois,533,543,543,546,548,556,551,546,547,544,540,539
061,17,113,00000,28209,00000,1,A,Funks Grove township,Illinois,245,245,245,248,248,251,248,248,247,245,244,242
061,17,113,00000,31745,00000,0,A,Gridley township,Illinois,1913,1911,1911,1926,1944,1959,1934,1921,1913,1903,1888,1873
071,17,113,23737,31745,00000,1,A,El Paso city (pt.),Illinois,0,0,0,0,0,0,0,0,0,0,0,0
071,17,113,31732,31745,00000,1,A,Gridley village,Illinois,1432,1432,1432,1444,1460,1471,1449,1438,1432,1422,1410,1398
071,17,113,99990,31745,00000,1,F,Balance of Gridley township,Illinois,481,479,479,482,484,488,485,483,481,481,478,475
061,17,113,00000,36451,00000,0,A,Hudson township,Illinois,2571,2564,2564,2569,2583,2615,2592,2577,2573,2562,2548,2532
071,17,113,36438,36451,00000,1,A,Hudson village,Illinois,1838,1840,1840,1840,1852,1875,1858,1847,1844,1837,1826,1813
071,17,113,99990,36451,00000,1,F,Balance of Hudson township,Illinois,733,724,724,729,731,740,734,730,729,725,722,719
061,17,113,00000,42353,00000,1,A,Lawndale township,Illinois,158,158,158,158,159,162,160,159,158,157,158,157
061,17,113,00000,43107,00000,0,A,Lexington township,Illinois,2399,2396,2396,2403,2412,2432,2409,2397,2394,2388,2373,2366
071,17,113,43094,43107,00000,1,A,Lexington city (pt.),Illinois,2060,2053,2053,2059,2065,2082,2061,2052,2050,2044,2031,2026
071,17,113,99990,43107,00000,1,F,Balance of Lexington township,Illinois,339,343,343,344,347,350,348,345,344,344,342,340
061,17,113,00000,47215,00000,0,A,Martin township,Illinois,1289,1287,1287,1289,1291,1301,1284,1272,1266,1257,1250,1239
071,17,113,15495,47215,00000,1,A,Colfax village,Illinois,1061,1059,1059,1058,1059,1067,1053,1043,1036,1028,1022,1013
071,17,113,99990,47215,00000,1,F,Balance of Martin township,Illinois,228,228,228,231,232,234,231,229,230,229,228,226
061,17,113,00000,49971,00000,0,A,Money Creek township,Illinois,1085,1085,1085,1091,1097,1109,1098,1094,1091,1088,1083,1077
071,17,113,43094,49971,00000,1,A,Lexington city (pt.),Illinois,0,0,0,0,0,0,0,0,0,0,0,0
071,17,113,99990,49971,00000,1,F,Balance of Money Creek township,Illinois,1085,1085,1085,1091,1097,1109,1098,1094,1091,1088,1083,1077
061,17,113,00000,50972,00000,0,A,Mount Hope township,Illinois,1103,1103,1103,1105,1108,1116,1102,1093,1088,1079,1073,1063
071,17,113,45811,50972,00000,1,A,McLean village,Illinois,830,832,832,831,833,839,828,819,815,808,801,795
071,17,113,99990,50972,00000,1,F,Balance of Mount Hope township,Illinois,273,271,271,274,275,277,274,274,273,271,272,268
061,17,113,00000,53247,00000,0,A,Normal township,Illinois,52560,52561,52655,53128,54033,54676,54523,54297,54396,54454,54631,54471
071,17,113,53234,53247,00000,1,A,Normal town (pt.),Illinois,52273,52327,52421,52894,53796,54436,54286,54062,54160,54219,54398,54239
071,17,113,99990,53247,00000,1,F,Balance of Normal township,Illinois,287,234,234,234,237,240,237,235,236,235,233,232
061,17,113,00000,55782,00000,0,A,Old Town township,Illinois,3010,3017,3020,3036,3054,3086,3062,3046,3042,3030,3018,3002
071,17,113,20643,55782,00000,1,A,Downs village (pt.),Illinois,101,104,104,104,104,105,104,103,103,102,99,98
071,17,113,99990,55782,00000,1,F,Balance of Old Town township,Illinois,2909,2913,2916,2932,2950,2981,2958,2943,2939,2928,2919,2904
061,17,113,00000,62692,00000,0,A,Randolph township,Illinois,4375,4376,4382,4409,4446,4506,4476,4451,4452,4433,4430,4403
071,17,113,34449,62692,00000,1,A,Heyworth village,Illinois,2841,2837,2840,2860,2886,2932,2912,2894,2897,2884,2885,2867
071,17,113,99990,62692,00000,1,F,Balance of Randolph township,Illinois,1534,1539,1542,1549,1560,1574,1564,1557,1555,1549,1545,1536
061,17,113,00000,75835,00000,0,A,Towanda township,Illinois,1296,1227,1227,1232,1239,1253,1240,1232,1227,1223,1219,1210
071,17,113,53234,75835,00000,1,A,Normal town (pt.),Illinois,223,221,221,224,228,230,230,231,230,232,230,229
071,17,113,75822,75835,00000,1,A,Towanda village,Illinois,480,483,483,482,483,488,479,475,471,468,466,462
071,17,113,99990,75835,00000,1,F,Balance of Towanda township,Illinois,593,523,523,526,528,535,531,526,526,523,523,519
061,17,113,00000,79904,00000,1,A,West township,Illinois,216,216,216,219,219,221,218,217,218,217,215,214
061,17,113,00000,81321,00000,0,A,White Oak township,Illinois,899,899,901,903,908,927,914,911,911,914,907,901
071,17,113,11215,81321,00000,1,A,Carlock village,Illinois,552,552,554,555,557,573,562,561,563,565,561,557
071,17,113,99990,81321,00000,1,F,Balance of White Oak township,Illinois,347,347,347,348,351,354,352,350,348,349,346,344
061,17,113,00000,83804,00000,1,A,Yates township,Illinois,287,287,287,290,291,293,292,290,288,287,287,285
050,17,115,00000,00000,00000,0,A,Macon County,Illinois,110768,110777,110787,110684,110134,109561,108515,107343,106383,105399,104504,104009
157,17,115,01972,00000,00000,0,A,Argenta village,Illinois,947,939,941,940,932,926,917,905,900,890,881,877
157,17,115,06756,00000,00000,0,A,Blue Mound village,Illinois,1158,1156,1156,1158,1147,1140,1126,1112,1102,1087,1077,1072
157,17,115,18823,00000,00000,0,A,Decatur city,Illinois,76122,76131,76105,75922,75449,74955,74155,73265,72510,71790,71136,70746
157,17,115,27091,00000,00000,0,A,Forsyth village,Illinois,3490,3487,3500,3547,3570,3574,3587,3577,3551,3521,3491,3479
157,17,115,33227,00000,00000,0,A,Harristown village,Illinois,1367,1371,1371,1366,1358,1350,1341,1331,1321,1309,1299,1292
157,17,115,44498,00000,00000,0,A,Long Creek village,Illinois,1328,1331,1331,1336,1333,1330,1326,1310,1305,1293,1280,1273
157,17,115,45941,00000,00000,0,A,Macon city,Illinois,1138,1151,1151,1158,1162,1162,1152,1140,1136,1127,1118,1112
157,17,115,47072,00000,00000,0,A,Maroa city,Illinois,1801,1801,1801,1800,1792,1779,1763,1747,1736,1725,1711,1711
157,17,115,51206,00000,00000,0,A,Mount Zion village,Illinois,5833,5842,5857,5884,5874,5918,5888,5859,5849,5817,5797,5795
157,17,115,52961,00000,00000,0,A,Niantic village,Illinois,707,707,707,706,699,695,685,678,671,665,657,655
157,17,115,56471,00000,00000,0,A,Oreana village,Illinois,875,878,878,876,869,862,850,841,835,825,816,811
157,17,115,78916,00000,00000,0,A,Warrensburg village,Illinois,1210,1213,1213,1208,1199,1193,1178,1164,1153,1143,1132,1126
157,17,115,99990,00000,00000,0,F,Balance of Macon County,Illinois,14792,14770,14776,14783,14750,14677,14547,14414,14314,14207,14109,14060
061,17,115,00000,03051,00000,1,A,Austin township,Illinois,214,214,214,214,214,211,211,209,207,205,204,203
061,17,115,00000,06769,00000,1,A,Blue Mound township,Illinois,890,885,885,886,885,880,873,864,860,852,847,844
061,17,115,00000,18836,00000,0,A,Decatur township,Illinois,52915,52925,52903,52782,52456,52111,51562,50925,50350,49843,49381,49097
071,17,115,18823,18836,00000,1,A,Decatur city (pt.),Illinois,52227,52252,52230,52108,51784,51442,50900,50269,49699,49197,48740,48459
071,17,115,33227,18836,00000,1,A,Harristown village (pt.),Illinois,11,15,15,15,15,15,15,14,14,14,14,14
071,17,115,99990,18836,00000,1,F,Balance of Decatur township,Illinois,677,658,658,659,657,654,647,642,637,632,627,624
061,17,115,00000,27988,00000,0,A,Friends Creek township,Illinois,1450,1450,1452,1450,1441,1433,1418,1401,1395,1380,1367,1361
071,17,115,01972,27988,00000,1,A,Argenta village,Illinois,947,939,941,940,932,926,917,905,900,890,881,877
071,17,115,99990,27988,00000,1,F,Balance of Friends Creek township,Illinois,503,511,511,510,509,507,501,496,495,490,486,484
061,17,115,00000,33240,00000,0,A,Harristown township,Illinois,1921,1921,1921,1917,1906,1897,1882,1867,1854,1837,1822,1815
071,17,115,18823,33240,00000,1,A,Decatur city (pt.),Illinois,0,0,0,0,0,0,0,0,0,0,0,0
071,17,115,33227,33240,00000,1,A,Harristown village (pt.),Illinois,1356,1356,1356,1351,1343,1335,1326,1317,1307,1295,1285,1278
071,17,115,99990,33240,00000,1,F,Balance of Harristown township,Illinois,565,565,565,566,563,562,556,550,547,542,537,537
061,17,115,00000,34527,00000,0,A,Hickory Point township,Illinois,18523,18523,18534,18544,18479,18395,18252,18084,17941,17781,17631,17553
071,17,115,18823,34527,00000,1,A,Decatur city (pt.),Illinois,13716,13735,13733,13694,13609,13526,13379,13233,13125,13002,12890,12827
071,17,115,27091,34527,00000,1,A,Forsyth village,Illinois,3490,3487,3500,3547,3570,3574,3587,3577,3551,3521,3491,3479
071,17,115,99990,34527,00000,1,F,Balance of Hickory Point township,Illinois,1317,1301,1301,1303,1300,1295,1286,1274,1265,1258,1250,1247
061,17,115,00000,37023,00000,0,A,Illini township,Illinois,1469,1469,1469,1466,1456,1448,1430,1416,1403,1391,1378,1371
071,17,115,78916,37023,00000,1,A,Warrensburg village,Illinois,1210,1213,1213,1208,1199,1193,1178,1164,1153,1143,1132,1126
071,17,115,99990,37023,00000,1,F,Balance of Illini township,Illinois,259,256,256,258,257,255,252,252,250,248,246,245
061,17,115,00000,44511,00000,0,A,Long Creek township,Illinois,10679,10677,10677,10667,10615,10558,10456,10343,10266,10169,10080,10032
071,17,115,18823,44511,00000,1,A,Decatur city (pt.),Illinois,6479,6478,6476,6459,6415,6370,6297,6223,6170,6105,6047,6014
071,17,115,44498,44511,00000,1,A,Long Creek village,Illinois,1328,1331,1331,1336,1333,1330,1326,1310,1305,1293,1280,1273
071,17,115,51206,44511,00000,1,A,Mount Zion village (pt.),Illinois,455,460,460,462,463,466,461,460,459,455,454,453
071,17,115,99990,44511,00000,1,F,Balance of Long Creek township,Illinois,2417,2408,2410,2410,2404,2392,2372,2350,2332,2316,2299,2292
061,17,115,00000,47085,00000,0,A,Maroa township,Illinois,2100,2100,2100,2098,2091,2076,2057,2038,2025,2011,1997,1996
071,17,115,47072,47085,00000,1,A,Maroa city,Illinois,1801,1801,1801,1800,1792,1779,1763,1747,1736,1725,1711,1711
071,17,115,99990,47085,00000,1,F,Balance of Maroa township,Illinois,299,299,299,298,299,297,294,291,289,286,286,285
061,17,115,00000,51219,00000,0,A,Mount Zion township,Illinois,7131,7131,7146,7173,7156,7190,7149,7106,7086,7045,7015,7007
071,17,115,51206,51219,00000,1,A,Mount Zion village (pt.),Illinois,5378,5382,5397,5422,5411,5452,5427,5399,5390,5362,5343,5342
071,17,115,99990,51219,00000,1,F,Balance of Mount Zion township,Illinois,1753,1749,1749,1751,1745,1738,1722,1707,1696,1683,1672,1665
061,17,115,00000,52974,00000,0,A,Niantic township,Illinois,842,844,844,843,835,830,821,810,802,795,788,784
071,17,115,52961,52974,00000,1,A,Niantic village,Illinois,707,707,707,706,699,695,685,678,671,665,657,655
071,17,115,99990,52974,00000,1,F,Balance of Niantic township,Illinois,135,137,137,137,136,135,136,132,131,130,131,129
061,17,115,00000,54859,00000,0,A,Oakley township,Illinois,1082,1082,1082,1082,1081,1075,1063,1054,1047,1039,1030,1026
071,17,115,18823,54859,00000,1,A,Decatur city (pt.),Illinois,30,30,30,30,30,30,29,29,29,29,28,28
071,17,115,99990,54859,00000,1,F,Balance of Oakley township,Illinois,1052,1052,1052,1052,1051,1045,1034,1025,1018,1010,1002,998
061,17,115,00000,60677,00000,0,A,Pleasant View township,Illinois,1481,1481,1481,1482,1472,1463,1446,1429,1416,1401,1389,1382
071,17,115,06756,60677,00000,1,A,Blue Mound village,Illinois,1158,1156,1156,1158,1147,1140,1126,1112,1102,1087,1077,1072
071,17,115,99990,60677,00000,1,F,Balance of Pleasant View township,Illinois,323,325,325,324,325,323,320,317,314,314,312,310
061,17,115,00000,70967,00000,0,A,South Macon township,Illinois,1457,1459,1459,1465,1470,1468,1456,1441,1435,1423,1412,1405
071,17,115,45941,70967,00000,1,A,Macon city,Illinois,1138,1151,1151,1158,1162,1162,1152,1140,1136,1127,1118,1112
071,17,115,99990,70967,00000,1,F,Balance of South Macon township,Illinois,319,308,308,307,308,306,304,301,299,296,294,293
061,17,115,00000,71357,00000,0,A,South Wheatland township,Illinois,4143,4145,4147,4146,4130,4105,4065,4025,3995,3963,3931,3917
071,17,115,18823,71357,00000,1,A,Decatur city (pt.),Illinois,1653,1617,1617,1614,1605,1593,1577,1558,1547,1532,1520,1514
071,17,115,99990,71357,00000,1,F,Balance of South Wheatland township,Illinois,2490,2528,2530,2532,2525,2512,2488,2467,2448,2431,2411,2403
061,17,115,00000,81464,00000,0,A,Whitmore township,Illinois,4471,4471,4473,4469,4447,4421,4374,4331,4301,4264,4232,4216
071,17,115,18823,81464,00000,1,A,Decatur city (pt.),Illinois,2017,2019,2019,2017,2006,1994,1973,1953,1940,1925,1911,1904
071,17,115,56471,81464,00000,1,A,Oreana village,Illinois,875,878,878,876,869,862,850,841,835,825,816,811
071,17,115,99990,81464,00000,1,F,Balance of Whitmore township,Illinois,1579,1574,1576,1576,1572,1565,1551,1537,1526,1514,1505,1501
050,17,117,00000,00000,00000,0,A,Macoupin County,Illinois,47765,47763,47797,47739,47054,46680,46208,45876,45691,45505,45318,44926
157,17,117,05209,00000,00000,0,A,Benld city,Illinois,1556,1556,1557,1550,1526,1513,1492,1477,1463,1452,1441,1422
157,17,117,08264,00000,00000,0,A,Brighton village (pt.),Illinois,1946,1945,1949,1950,1923,1916,1902,1884,1874,1865,1861,1846
157,17,117,09577,00000,00000,0,A,Bunker Hill city,Illinois,1774,1787,1788,1785,1762,1748,1731,1721,1712,1708,1700,1687
157,17,117,11202,00000,00000,0,A,Carlinville city,Illinois,5917,5917,5920,5904,5813,5747,5693,5652,5612,5581,5543,5481
157,17,117,13165,00000,00000,0,A,Chesterfield village,Illinois,188,188,188,188,185,184,181,180,179,178,179,177
157,17,117,20370,00000,00000,0,A,Dorchester village,Illinois,151,151,151,151,149,147,146,144,142,140,140,138
157,17,117,21410,00000,00000,0,A,Eagarville village,Illinois,127,127,127,127,125,124,123,122,121,120,119,120
157,17,117,21852,00000,00000,0,A,East Gillespie village,Illinois,270,270,270,270,271,270,269,267,267,266,264,262
157,17,117,29236,00000,00000,0,A,Gillespie city,Illinois,3319,3322,3324,3311,3260,3233,3195,3160,3168,3147,3122,3088
157,17,117,29392,00000,00000,0,A,Girard city,Illinois,2103,2103,2104,2104,2076,2061,2043,2030,2023,2020,2014,2000
157,17,117,34423,00000,00000,0,A,Hettick village,Illinois,181,182,182,182,179,177,175,174,175,174,173,171
157,17,117,41214,00000,00000,0,A,Lake Ka-Ho village,Illinois,237,236,236,236,232,230,228,226,224,223,222,221
157,17,117,48138,00000,00000,0,A,Medora village (pt.),Illinois,417,417,417,417,410,407,405,402,399,396,396,390
157,17,117,49802,00000,00000,0,A,Modesto village,Illinois,189,189,189,189,186,185,184,181,180,181,180,178
157,17,117,50920,00000,00000,0,A,Mount Clare village,Illinois,278,281,281,281,277,274,271,269,269,268,266,263
157,17,117,51024,00000,00000,0,A,Mount Olive city,Illinois,2099,2106,2107,2103,2069,2048,2020,2003,1990,1977,1963,1939
157,17,117,53039,00000,00000,0,A,Nilwood town,Illinois,239,239,239,241,238,236,233,231,232,231,231,229
157,17,117,57329,00000,00000,0,A,Palmyra village,Illinois,698,698,698,696,687,682,676,673,667,667,666,659
157,17,117,66196,00000,00000,0,A,Royal Lakes village,Illinois,197,197,197,198,194,194,192,190,189,188,187,185
157,17,117,67873,00000,00000,0,A,Sawyerville village,Illinois,279,279,279,279,275,272,271,269,267,268,266,266
157,17,117,68406,00000,00000,0,A,Scottville village,Illinois,116,116,116,116,114,113,112,111,110,110,111,110
157,17,117,69563,00000,00000,0,A,Shipman town,Illinois,624,624,625,623,614,609,605,600,598,595,593,587
157,17,117,72234,00000,00000,0,A,Standard City village,Illinois,152,152,152,152,150,148,148,147,147,146,145,145
157,17,117,72403,00000,00000,0,A,Staunton city,Illinois,5139,5232,5237,5240,5165,5120,5061,5024,5021,4998,4981,4954
157,17,117,78149,00000,00000,0,A,Virden city (pt.),Illinois,3274,3368,3370,3368,3319,3294,3262,3240,3226,3216,3205,3180
157,17,117,81191,00000,00000,0,A,White City village,Illinois,232,232,232,232,228,231,228,226,231,229,232,230
157,17,117,82218,00000,00000,0,A,Wilsonville village,Illinois,586,586,586,587,579,574,568,563,561,560,559,553
157,17,117,99990,00000,00000,0,F,Balance of Macoupin County,Illinois,15477,15263,15276,15259,15048,14943,14794,14710,14644,14601,14559,14445
061,17,117,00000,03792,00000,0,A,Barr township,Illinois,329,330,330,332,327,324,322,322,319,320,321,317
071,17,117,34423,03792,00000,1,A,Hettick village (pt.),Illinois,73,74,74,74,73,72,71,71,70,70,70,69
071,17,117,99990,03792,00000,1,F,Balance of Barr township,Illinois,256,256,256,258,254,252,251,251,249,250,251,248
061,17,117,00000,06067,00000,1,A,Bird township,Illinois,308,308,308,307,303,301,297,295,295,293,292,289
061,17,117,00000,08277,00000,0,A,Brighton township,Illinois,4039,4042,4050,4047,3992,3968,3935,3905,3886,3871,3862,3831
071,17,117,08264,08277,00000,1,A,Brighton village (pt.),Illinois,1946,1945,1949,1950,1923,1916,1902,1884,1874,1865,1861,1846
071,17,117,99990,08277,00000,1,F,Balance of Brighton township,Illinois,2093,2097,2101,2097,2069,2052,2033,2021,2012,2006,2001,1985
061,17,117,00000,09135,00000,0,A,Brushy Mound township,Illinois,714,714,715,713,703,699,691,687,684,681,679,673
071,17,117,11202,09135,00000,1,A,Carlinville city (pt.),Illinois,0,0,0,0,0,0,0,0,0,0,0,0
071,17,117,99990,09135,00000,1,F,Balance of Brushy Mound township,Illinois,714,714,715,713,703,699,691,687,684,681,679,673
061,17,117,00000,09590,00000,0,A,Bunker Hill township,Illinois,3346,3346,3348,3347,3302,3280,3250,3229,3217,3210,3200,3176
071,17,117,09577,09590,00000,1,A,Bunker Hill city,Illinois,1774,1787,1788,1785,1762,1748,1731,1721,1712,1708,1700,1687
071,17,117,99990,09590,00000,1,F,Balance of Bunker Hill township,Illinois,1572,1559,1560,1562,1540,1532,1519,1508,1505,1502,1500,1489
061,17,117,00000,10357,00000,0,A,Cahokia township,Illinois,3378,3378,3380,3370,3320,3294,3255,3223,3205,3187,3165,3133
071,17,117,05209,10357,00000,1,A,Benld city (pt.),Illinois,1556,1556,1557,1550,1526,1513,1492,1477,1463,1452,1441,1422
071,17,117,21410,10357,00000,1,A,Eagarville village,Illinois,127,127,127,127,125,124,123,122,121,120,119,120
071,17,117,21852,10357,00000,1,A,East Gillespie village (pt.),Illinois,83,83,83,83,84,83,84,81,82,82,81,81
071,17,117,29236,10357,00000,1,A,Gillespie city (pt.),Illinois,589,589,589,586,578,573,566,559,560,557,551,546
071,17,117,41214,10357,00000,1,A,Lake Ka-Ho village,Illinois,237,236,236,236,232,230,228,226,224,223,222,221
071,17,117,99990,10357,00000,1,F,Balance of Cahokia township,Illinois,786,787,788,788,775,771,762,758,755,753,751,743
061,17,117,00000,11209,00000,0,A,Carlinville township,Illinois,6665,6665,6669,6651,6549,6479,6417,6372,6329,6295,6254,6187
071,17,117,11202,11209,00000,1,A,Carlinville city (pt.),Illinois,5917,5917,5920,5904,5813,5747,5693,5652,5612,5581,5543,5481
071,17,117,99990,11209,00000,1,F,Balance of Carlinville township,Illinois,748,748,749,747,736,732,724,720,717,714,711,706
061,17,117,00000,13178,00000,0,A,Chesterfield township,Illinois,855,855,855,857,843,837,829,825,820,817,816,808
071,17,117,13165,13178,00000,1,A,Chesterfield village,Illinois,188,188,188,188,185,184,181,180,179,178,179,177
071,17,117,48138,13178,00000,1,A,Medora village (pt.),Illinois,291,291,291,291,286,284,283,281,279,277,278,273
071,17,117,99990,13178,00000,1,F,Balance of Chesterfield township,Illinois,376,376,376,378,372,369,365,364,362,362,359,358
061,17,117,00000,20383,00000,0,A,Dorchester township,Illinois,1550,1547,1548,1547,1525,1512,1498,1487,1479,1475,1472,1458
071,17,117,20370,20383,00000,1,A,Dorchester village (pt.),Illinois,68,68,68,68,67,66,66,65,65,64,64,63
071,17,117,72403,20383,00000,1,A,Staunton city (pt.),Illinois,37,72,72,72,71,70,69,69,68,68,68,67
071,17,117,82218,20383,00000,1,A,Wilsonville village,Illinois,586,586,586,587,579,574,568,563,561,560,559,553
071,17,117,99990,20383,00000,1,F,Balance of Dorchester township,Illinois,859,821,822,820,808,802,795,790,785,783,781,775
061,17,117,00000,29249,00000,0,A,Gillespie township,Illinois,3882,3885,3887,3876,3821,3791,3748,3714,3716,3692,3669,3630
071,17,117,05209,29249,00000,1,A,Benld city (pt.),Illinois,0,0,0,0,0,0,0,0,0,0,0,0
071,17,117,20370,29249,00000,1,A,Dorchester village (pt.),Illinois,83,83,83,83,82,81,80,79,77,76,76,75
071,17,117,21852,29249,00000,1,A,East Gillespie village (pt.),Illinois,187,187,187,187,187,187,185,186,185,184,183,181
071,17,117,29236,29249,00000,1,A,Gillespie city (pt.),Illinois,2730,2733,2735,2725,2682,2660,2629,2601,2608,2590,2571,2542
071,17,117,50920,29249,00000,1,A,Mount Clare village,Illinois,278,281,281,281,277,274,271,269,269,268,266,263
071,17,117,99990,29249,00000,1,F,Balance of Gillespie township,Illinois,604,601,601,600,593,589,583,579,577,574,573,569
061,17,117,00000,29405,00000,0,A,Girard township,Illinois,2466,2466,2467,2466,2433,2415,2393,2380,2370,2365,2357,2340
071,17,117,29392,29405,00000,1,A,Girard city,Illinois,2103,2103,2104,2104,2076,2061,2043,2030,2023,2020,2014,2000
071,17,117,99990,29405,00000,1,F,Balance of Girard township,Illinois,363,363,363,362,357,354,350,350,347,345,343,340
061,17,117,00000,35242,00000,0,A,Hillyard township,Illinois,686,684,684,684,674,670,662,659,654,651,648,644
071,17,117,66196,35242,00000,1,A,Royal Lakes village,Illinois,197,197,197,198,194,194,192,190,189,188,187,185
071,17,117,69563,35242,00000,1,A,Shipman town (pt.),Illinois,8,8,8,8,8,8,8,8,8,8,7,7
071,17,117,99990,35242,00000,1,F,Balance of Hillyard township,Illinois,481,479,479,478,472,468,462,461,457,455,454,452
061,17,117,00000,35996,00000,1,A,Honey Point township,Illinois,155,155,155,155,153,151,150,148,147,147,147,146
061,17,117,00000,51037,00000,0,A,Mount Olive township,Illinois,3274,3271,3273,3269,3218,3192,3154,3130,3118,3102,3088,3057
071,17,117,51024,51037,00000,1,A,Mount Olive city,Illinois,2099,2106,2107,2103,2069,2048,2020,2003,1990,1977,1963,1939
071,17,117,67873,51037,00000,1,A,Sawyerville village,Illinois,279,279,279,279,275,272,271,269,267,268,266,266
071,17,117,81191,51037,00000,1,A,White City village,Illinois,232,232,232,232,228,231,228,226,231,229,232,230
071,17,117,99990,51037,00000,1,F,Balance of Mount Olive township,Illinois,664,654,655,655,646,641,635,632,630,628,627,622
061,17,117,00000,53052,00000,0,A,Nilwood township,Illinois,637,637,637,639,630,625,619,613,613,611,609,605
071,17,117,53039,53052,00000,1,A,Nilwood town (pt.),Illinois,235,235,235,237,234,232,229,227,228,227,227,225
071,17,117,72234,53052,00000,1,A,Standard City village (pt.),Illinois,131,131,131,131,129,128,128,127,127,126,125,126
071,17,117,99990,53052,00000,1,F,Balance of Nilwood township,Illinois,271,271,271,271,267,265,262,259,258,258,257,254
061,17,117,00000,54040,00000,1,A,North Otter township,Illinois,816,816,817,815,803,798,791,784,781,778,775,769
061,17,117,00000,54053,00000,0,A,North Palmyra township,Illinois,854,854,854,852,841,834,826,822,816,815,812,804
071,17,117,49802,54053,00000,1,A,Modesto village,Illinois,189,189,189,189,186,185,184,181,180,181,180,178
071,17,117,57329,54053,00000,1,A,Palmyra village (pt.),Illinois,344,344,344,343,339,336,332,332,329,328,328,324
071,17,117,99990,54053,00000,1,F,Balance of North Palmyra township,Illinois,321,321,321,320,316,313,310,309,307,306,304,302
061,17,117,00000,60924,00000,1,A,Polk township,Illinois,563,565,565,566,558,555,549,546,545,544,542,538
061,17,117,00000,68419,00000,0,A,Scottville township,Illinois,333,333,333,333,328,325,321,321,318,317,317,314
071,17,117,68406,68419,00000,1,A,Scottville village,Illinois,116,116,116,116,114,113,112,111,110,110,111,110
071,17,117,99990,68419,00000,1,F,Balance of Scottville township,Illinois,217,217,217,217,214,212,209,210,208,207,206,204
061,17,117,00000,69121,00000,0,A,Shaws Point township,Illinois,532,532,532,531,526,521,515,513,512,510,509,505
071,17,117,72234,69121,00000,1,A,Standard City village (pt.),Illinois,21,21,21,21,21,20,20,20,20,20,20,19
071,17,117,99990,69121,00000,1,F,Balance of Shaws Point township,Illinois,511,511,511,510,505,501,495,493,492,490,489,486
061,17,117,00000,69576,00000,0,A,Shipman township,Illinois,1433,1431,1433,1429,1408,1397,1384,1375,1367,1362,1356,1345
071,17,117,48138,69576,00000,1,A,Medora village (pt.),Illinois,126,126,126,126,124,123,122,121,120,119,118,117
071,17,117,69563,69576,00000,1,A,Shipman town (pt.),Illinois,616,616,617,615,606,601,597,592,590,587,586,580
071,17,117,99990,69576,00000,1,F,Balance of Shipman township,Illinois,691,689,690,688,678,673,665,662,657,656,652,648
061,17,117,00000,71123,00000,0,A,South Otter township,Illinois,465,465,465,464,458,454,451,447,447,444,444,439
071,17,117,53039,71123,00000,1,A,Nilwood town (pt.),Illinois,4,4,4,4,4,4,4,4,4,4,4,4
071,17,117,99990,71123,00000,1,F,Balance of South Otter township,Illinois,461,461,461,460,454,450,447,443,443,440,440,435
061,17,117,00000,71136,00000,0,A,South Palmyra township,Illinois,747,747,747,746,736,731,725,719,716,714,712,707
071,17,117,34423,71136,00000,1,A,Hettick village (pt.),Illinois,108,108,108,108,106,105,104,103,105,104,103,102
071,17,117,57329,71136,00000,1,A,Palmyra village (pt.),Illinois,354,354,354,353,348,346,344,341,338,339,338,335
071,17,117,99990,71136,00000,1,F,Balance of South Palmyra township,Illinois,285,285,285,285,282,280,277,275,273,271,271,270
061,17,117,00000,72416,00000,0,A,Staunton township,Illinois,5795,5798,5804,5805,5722,5675,5610,5570,5564,5540,5522,5492
071,17,117,72403,72416,00000,1,A,Staunton city (pt.),Illinois,5102,5160,5165,5168,5094,5050,4992,4955,4953,4930,4913,4887
071,17,117,99990,72416,00000,1,F,Balance of Staunton township,Illinois,693,638,639,637,628,625,618,615,611,610,609,605
061,17,117,00000,78162,00000,0,A,Virden township,Illinois,3671,3667,3669,3666,3613,3586,3551,3528,3512,3503,3490,3462
071,17,117,78149,78162,00000,1,A,Virden city (pt.),Illinois,3274,3368,3370,3368,3319,3294,3262,3240,3226,3216,3205,3180
071,17,117,99990,78162,00000,1,F,Balance of Virden township,Illinois,397,299,299,298,294,292,289,288,286,287,285,282
061,17,117,00000,80229,00000,1,A,Western Mound township,Illinois,272,272,272,272,268,266,265,262,261,261,260,257
050,17,119,00000,00000,00000,0,A,Madison County,Illinois,269282,269298,269310,268636,268072,267268,266566,265996,265641,265251,264026,262966
157,17,119,00737,00000,00000,0,A,Alhambra village,Illinois,681,681,681,680,677,674,670,667,663,661,657,650
157,17,119,01114,00000,00000,0,A,Alton city,Illinois,27865,27932,27898,27702,27505,27380,27194,27001,26865,26707,26467,26208
157,17,119,05599,00000,00000,0,A,Bethalto village,Illinois,9521,9516,9516,9494,9458,9419,9372,9330,9307,9314,9277,9210
157,17,119,15599,00000,00000,0,A,Collinsville city (pt.),Illinois,22573,22680,22662,22515,22416,22285,22135,22020,21936,21971,21802,21652
157,17,119,21553,00000,00000,0,A,East Alton village,Illinois,6301,6274,6267,6230,6190,6142,6186,6141,6105,6068,6015,5954
157,17,119,22697,00000,00000,0,A,Edwardsville city,Illinois,24293,24410,24408,24410,24615,24749,24882,25098,25164,25102,24984,25233
157,17,119,24933,00000,00000,0,A,Fairmont City village (pt.),Illinois,47,47,47,47,46,46,46,46,46,45,45,45
157,17,119,29639,00000,00000,0,A,Glen Carbon village,Illinois,12934,12917,12920,12937,12897,12904,12912,12916,12925,12948,12892,12850
157,17,119,30094,00000,00000,0,A,Godfrey village,Illinois,17982,17989,17988,17958,17898,17825,17741,17695,17668,17611,17510,17400
157,17,119,30926,00000,00000,0,A,Granite City city,Illinois,29849,29798,29789,29693,29519,29334,29137,28979,28837,28671,28428,28158
157,17,119,30978,00000,00000,0,A,Grantfork village,Illinois,337,351,351,349,347,345,343,344,342,344,344,343
157,17,119,32408,00000,00000,0,A,Hamel village,Illinois,816,816,815,818,819,816,814,814,814,815,812,810
157,17,119,33279,00000,00000,0,A,Hartford village,Illinois,1429,1431,1430,1417,1406,1398,1390,1383,1378,1369,1355,1341
157,17,119,34670,00000,00000,0,A,Highland city,Illinois,9919,9928,9967,9934,9908,9869,9903,9848,9830,9821,9829,9834
157,17,119,44160,00000,00000,0,A,Livingston village,Illinois,858,858,857,851,844,839,833,828,823,818,812,804
157,17,119,45993,00000,00000,0,A,Madison city (pt.),Illinois,3891,3898,3895,3874,3956,3929,3900,3872,3852,3829,3796,3758
157,17,119,46864,00000,00000,0,A,Marine village,Illinois,960,973,972,965,960,957,951,946,940,934,927,922
157,17,119,47397,00000,00000,0,A,Maryville village,Illinois,7487,7558,7602,7732,7865,7839,7890,7954,7956,7960,7971,7952
157,17,119,52415,00000,00000,0,A,New Douglas village,Illinois,319,319,319,321,321,318,316,314,313,312,309,307
157,17,119,59709,00000,00000,0,A,Pierron village (pt.),Illinois,60,60,60,60,59,59,59,58,58,58,57,57
157,17,119,61067,00000,00000,0,A,Pontoon Beach village,Illinois,5836,5861,5859,5832,5806,5776,5747,5726,5713,5700,5679,5641
157,17,119,66131,00000,00000,0,A,Roxana village,Illinois,1542,1543,1540,1529,1519,1507,1495,1484,1473,1464,1450,1434
157,17,119,66859,00000,00000,0,A,St. Jacob village,Illinois,1098,1137,1141,1150,1166,1175,1185,1208,1255,1264,1294,1319
157,17,119,71240,00000,00000,0,A,South Roxana village,Illinois,2053,2086,2085,2070,2057,2051,2043,2028,2018,2008,2000,1991
157,17,119,76199,00000,00000,0,A,Troy city,Illinois,9888,9949,9964,10000,10005,10044,10053,10083,10142,10232,10296,10375
157,17,119,77473,00000,00000,0,A,Venice city,Illinois,1890,1891,1890,1879,1912,1944,1928,1914,1903,1894,1874,1858
157,17,119,81815,00000,00000,0,A,Williamson village,Illinois,230,230,230,229,227,224,223,222,221,220,218,215
157,17,119,83271,00000,00000,0,A,Wood River city,Illinois,10657,10633,10621,10546,10477,10409,10335,10265,10222,10221,10145,10051
157,17,119,83505,00000,00000,0,A,Worden village,Illinois,1044,1070,1072,1075,1067,1059,1057,1053,1056,1056,1049,1041
157,17,119,99990,00000,00000,0,F,Balance of Madison County,Illinois,56922,56462,56464,56339,56130,55952,55826,55759,55816,55834,55732,55553
061,17,119,00000,00750,00000,0,A,Alhambra township,Illinois,1674,1677,1676,1672,1667,1661,1654,1650,1648,1644,1638,1629
071,17,119,00737,00750,00000,1,A,Alhambra village,Illinois,681,681,681,680,677,674,670,667,663,661,657,650
071,17,119,99990,00750,00000,1,F,Balance of Alhambra township,Illinois,993,996,995,992,990,987,984,983,985,983,981,979
061,17,119,00000,01127,00000,0,B,Alton township,Illinois,27865,27932,27898,27702,27505,27380,27194,27001,26865,26707,26467,26208
071,17,119,01114,01127,00000,1,A,Alton city,Illinois,27865,27932,27898,27702,27505,27380,27194,27001,26865,26707,26467,26208
061,17,119,00000,14260,00000,0,A,Chouteau township,Illinois,8226,8224,8220,8187,8148,8117,8089,8063,8054,8035,8009,7970
071,17,119,22697,14260,00000,1,A,Edwardsville city (pt.),Illinois,13,13,13,13,13,13,13,13,13,13,12,12
071,17,119,30926,14260,00000,1,A,Granite City city (pt.),Illinois,105,102,102,101,101,100,100,99,99,98,98,97
071,17,119,33279,14260,00000,1,A,Hartford village (pt.),Illinois,849,851,850,843,837,832,827,823,820,815,807,798
071,17,119,45993,14260,00000,1,A,Madison city (pt.),Illinois,0,0,0,0,0,0,0,0,0,0,0,0
071,17,119,61067,14260,00000,1,A,Pontoon Beach village (pt.),Illinois,750,731,730,727,723,719,715,714,711,708,706,700
071,17,119,66131,14260,00000,1,A,Roxana village (pt.),Illinois,65,70,70,70,69,69,68,68,68,67,67,66
071,17,119,71240,14260,00000,1,A,South Roxana village,Illinois,2053,2086,2085,2070,2057,2051,2043,2028,2018,2008,2000,1991
071,17,119,99990,14260,00000,1,F,Balance of Chouteau township,Illinois,4391,4371,4370,4363,4348,4333,4323,4318,4325,4326,4319,4306
061,17,119,00000,15612,00000,0,A,Collinsville township,Illinois,36265,36348,36372,36342,36352,36175,36061,36002,35924,35965,35792,35603
071,17,119,15599,15612,00000,1,A,Collinsville city (pt.),Illinois,22534,22641,22623,22476,22377,22247,22097,21982,21898,21933,21765,21615
071,17,119,29639,15612,00000,1,A,Glen Carbon village (pt.),Illinois,303,352,352,352,352,350,350,350,351,352,349,349
071,17,119,47397,15612,00000,1,A,Maryville village,Illinois,7487,7558,7602,7732,7865,7839,7890,7954,7956,7960,7971,7952
071,17,119,61067,15612,00000,1,A,Pontoon Beach village (pt.),Illinois,157,165,165,164,163,162,161,160,160,159,158,157
071,17,119,76199,15612,00000,1,A,Troy city (pt.),Illinois,2,0,0,0,0,0,0,0,0,0,0,0
071,17,119,99990,15612,00000,1,F,Balance of Collinsville township,Illinois,5782,5632,5630,5618,5595,5577,5563,5556,5559,5561,5549,5530
061,17,119,00000,22710,00000,0,A,Edwardsville township,Illinois,37657,37617,37620,37635,37782,37912,38042,38253,38328,38292,38127,38316
071,17,119,22697,22710,00000,1,A,Edwardsville city (pt.),Illinois,23117,23192,23191,23193,23387,23513,23639,23847,23911,23851,23739,23976
071,17,119,29639,22710,00000,1,A,Glen Carbon village (pt.),Illinois,12631,12565,12568,12585,12545,12554,12562,12566,12574,12596,12543,12501
071,17,119,61067,22710,00000,1,A,Pontoon Beach village (pt.),Illinois,14,5,5,5,5,5,5,5,5,5,5,5
071,17,119,66131,22710,00000,1,A,Roxana village (pt.),Illinois,16,16,16,16,16,16,16,16,15,15,15,15
071,17,119,99990,22710,00000,1,F,Balance of Edwardsville township,Illinois,1879,1839,1840,1836,1829,1824,1820,1819,1823,1825,1825,1819
061,17,119,00000,27130,00000,0,A,Fort Russell township,Illinois,9146,9149,9150,9132,9098,9070,9043,9021,9020,9025,9002,8962
071,17,119,05599,27130,00000,1,A,Bethalto village (pt.),Illinois,3530,3556,3556,3548,3536,3523,3505,3490,3482,3485,3472,3448
071,17,119,66131,27130,00000,1,A,Roxana village (pt.),Illinois,21,15,15,15,15,15,15,15,15,14,14,14
071,17,119,83271,27130,00000,1,A,Wood River city (pt.),Illinois,10,17,17,17,17,17,17,17,16,16,16,16
071,17,119,99990,27130,00000,1,F,Balance of Fort Russell township,Illinois,5585,5561,5562,5552,5530,5515,5506,5499,5507,5510,5500,5484
061,17,119,00000,27182,00000,0,A,Foster township,Illinois,4091,3984,3984,3974,3960,3948,3937,3933,3938,3939,3932,3920
071,17,119,05599,27182,00000,1,A,Bethalto village (pt.),Illinois,8,8,8,8,8,8,8,8,8,8,8,8
071,17,119,99990,27182,00000,1,F,Balance of Foster township,Illinois,4083,3976,3976,3966,3952,3940,3929,3925,3930,3931,3924,3912
061,17,119,00000,30107,00000,0,B,Godfrey township,Illinois,17982,17989,17988,17958,17898,17825,17741,17695,17668,17611,17510,17400
071,17,119,30094,30107,00000,1,A,Godfrey village,Illinois,17982,17989,17988,17958,17898,17825,17741,17695,17668,17611,17510,17400
061,17,119,00000,30939,00000,0,A,Granite City township,Illinois,27188,27149,27139,27054,26893,26722,26540,26396,26266,26114,25890,25643
071,17,119,30926,30939,00000,1,A,Granite City city (pt.),Illinois,27188,27149,27139,27054,26893,26722,26540,26396,26266,26114,25890,25643
061,17,119,00000,32421,00000,0,A,Hamel township,Illinois,2526,2530,2530,2529,2524,2514,2510,2508,2510,2512,2507,2499
071,17,119,32408,32421,00000,1,A,Hamel village,Illinois,816,816,815,818,819,816,814,814,814,815,812,810
071,17,119,99990,32421,00000,1,F,Balance of Hamel township,Illinois,1710,1714,1715,1711,1705,1698,1696,1694,1696,1697,1695,1689
061,17,119,00000,33981,00000,0,A,Helvetia township,Illinois,8646,8654,8680,8653,8627,8596,8615,8573,8557,8552,8552,8551
071,17,119,34670,33981,00000,1,A,Highland city (pt.),Illinois,7035,7052,7079,7056,7036,7008,7032,6993,6978,6972,6976,6980
071,17,119,99990,33981,00000,1,F,Balance of Helvetia township,Illinois,1611,1602,1601,1597,1591,1588,1583,1580,1579,1580,1576,1571
061,17,119,00000,38245,00000,0,A,Jarvis township,Illinois,14232,14235,14250,14275,14266,14289,14290,14316,14378,14467,14521,14585
071,17,119,76199,38245,00000,1,A,Troy city (pt.),Illinois,9569,9632,9647,9682,9686,9723,9734,9763,9820,9909,9969,10048
071,17,119,99990,38245,00000,1,F,Balance of Jarvis township,Illinois,4663,4603,4603,4593,4580,4566,4556,4553,4558,4558,4552,4537
061,17,119,00000,42652,00000,0,A,Leef township,Illinois,628,628,628,627,624,620,619,618,618,619,616,616
071,17,119,30978,42652,00000,1,A,Grantfork village (pt.),Illinois,188,193,193,192,191,190,189,190,189,189,190,188
071,17,119,99990,42652,00000,1,F,Balance of Leef township,Illinois,440,435,435,435,433,430,430,428,429,430,426,428
061,17,119,00000,46877,00000,0,A,Marine township,Illinois,2243,2240,2238,2229,2220,2213,2204,2198,2195,2191,2180,2172
071,17,119,34670,46877,00000,1,A,Highland city (pt.),Illinois,0,0,0,0,0,0,0,0,0,0,0,0
071,17,119,46864,46877,00000,1,A,Marine village,Illinois,960,973,972,965,960,957,951,946,940,934,927,922
071,17,119,99990,46877,00000,1,F,Balance of Marine township,Illinois,1283,1267,1266,1264,1260,1256,1253,1252,1255,1257,1253,1250
061,17,119,00000,50465,00000,1,A,Moro township,Illinois,3551,3524,3524,3516,3505,3492,3486,3481,3485,3487,3482,3470
061,17,119,00000,51583,00000,0,A,Nameoki township,Illinois,12685,12671,12671,12628,12591,12531,12479,12439,12419,12394,12344,12271
071,17,119,15599,51583,00000,1,A,Collinsville city (pt.),Illinois,39,39,39,39,39,38,38,38,38,38,37,37
071,17,119,24933,51583,00000,1,A,Fairmont City village (pt.),Illinois,47,47,47,47,46,46,46,46,46,45,45,45
071,17,119,30926,51583,00000,1,A,Granite City city (pt.),Illinois,2476,2465,2466,2457,2444,2431,2417,2404,2393,2380,2361,2340
071,17,119,45993,51583,00000,1,A,Madison city (pt.),Illinois,689,694,693,690,705,699,695,690,687,683,678,670
071,17,119,61067,51583,00000,1,A,Pontoon Beach village (pt.),Illinois,4915,4960,4959,4936,4915,4890,4866,4847,4837,4828,4810,4779
071,17,119,99990,51583,00000,1,F,Balance of Nameoki township,Illinois,4519,4466,4467,4459,4442,4427,4417,4414,4418,4420,4413,4400
061,17,119,00000,52428,00000,0,A,New Douglas township,Illinois,509,509,509,512,509,507,504,501,501,500,497,494
071,17,119,52415,52428,00000,1,A,New Douglas village,Illinois,319,319,319,321,321,318,316,314,313,312,309,307
071,17,119,99990,52428,00000,1,F,Balance of New Douglas township,Illinois,190,190,190,191,188,189,188,187,188,188,188,187
061,17,119,00000,55834,00000,0,A,Olive township,Illinois,1785,1789,1787,1779,1766,1756,1748,1740,1734,1729,1718,1706
071,17,119,44160,55834,00000,1,A,Livingston village,Illinois,858,858,857,851,844,839,833,828,823,818,812,804
071,17,119,81815,55834,00000,1,A,Williamson village,Illinois,230,230,230,229,227,224,223,222,221,220,218,215
071,17,119,99990,55834,00000,1,F,Balance of Olive township,Illinois,697,701,700,699,695,693,692,690,690,691,688,687
061,17,119,00000,56068,00000,0,A,Omphghent township,Illinois,2381,2401,2404,2402,2390,2377,2369,2365,2368,2367,2360,2346
071,17,119,83505,56068,00000,1,A,Worden village,Illinois,1044,1070,1072,1075,1067,1059,1057,1053,1056,1056,1049,1041
071,17,119,99990,56068,00000,1,F,Balance of Omphghent township,Illinois,1337,1331,1332,1327,1323,1318,1312,1312,1312,1311,1311,1305
061,17,119,00000,60014,00000,0,A,Pin Oak township,Illinois,3916,3907,3907,3903,3905,3910,3909,3916,3922,3924,3917,3923
071,17,119,22697,60014,00000,1,A,Edwardsville city (pt.),Illinois,1163,1205,1204,1204,1215,1223,1230,1238,1240,1238,1233,1245
071,17,119,76199,60014,00000,1,A,Troy city (pt.),Illinois,317,317,317,318,319,321,319,320,322,323,327,327
071,17,119,99990,60014,00000,1,F,Balance of Pin Oak township,Illinois,2436,2385,2386,2381,2371,2366,2360,2358,2360,2363,2357,2351
061,17,119,00000,66872,00000,0,A,St. Jacob township,Illinois,2578,2570,2576,2579,2591,2594,2602,2622,2672,2680,2708,2727
071,17,119,66859,66872,00000,1,A,St. Jacob village,Illinois,1098,1137,1141,1150,1166,1175,1185,1208,1255,1264,1294,1319
071,17,119,99990,66872,00000,1,F,Balance of St. Jacob township,Illinois,1480,1433,1435,1429,1425,1419,1417,1414,1417,1416,1414,1408
061,17,119,00000,67275,00000,0,A,Saline township,Illinois,6321,6329,6342,6324,6305,6283,6288,6270,6268,6271,6266,6259
071,17,119,30978,67275,00000,1,A,Grantfork village (pt.),Illinois,149,158,158,157,156,155,154,154,153,155,154,155
071,17,119,34670,67275,00000,1,A,Highland city (pt.),Illinois,2884,2876,2888,2878,2872,2861,2871,2855,2852,2849,2853,2854
071,17,119,59709,67275,00000,1,A,Pierron village (pt.),Illinois,60,60,60,60,59,59,59,58,58,58,57,57
071,17,119,99990,67275,00000,1,F,Balance of Saline township,Illinois,3228,3235,3236,3229,3218,3208,3204,3203,3205,3209,3202,3193
061,17,119,00000,77486,00000,0,A,Venice township,Illinois,5650,5678,5675,5644,5741,5750,5709,5671,5642,5612,5565,5516
071,17,119,30926,77486,00000,1,A,Granite City city (pt.),Illinois,80,82,82,81,81,81,80,80,79,79,79,78
071,17,119,45993,77486,00000,1,A,Madison city (pt.),Illinois,3202,3204,3202,3184,3251,3230,3205,3182,3165,3146,3118,3088
071,17,119,77473,77486,00000,1,A,Venice city,Illinois,1890,1891,1890,1879,1912,1944,1928,1914,1903,1894,1874,1858
071,17,119,99990,77486,00000,1,F,Balance of Venice township,Illinois,478,501,501,500,497,495,496,495,495,493,494,492
061,17,119,00000,83284,00000,0,A,Wood River township,Illinois,31537,31564,31542,31380,31205,31026,30933,30764,30661,30614,30426,30180
071,17,119,05599,83284,00000,1,A,Bethalto village (pt.),Illinois,5983,5952,5952,5938,5914,5888,5859,5832,5817,5821,5797,5754
071,17,119,21553,83284,00000,1,A,East Alton village,Illinois,6301,6274,6267,6230,6190,6142,6186,6141,6105,6068,6015,5954
071,17,119,33279,83284,00000,1,A,Hartford village (pt.),Illinois,580,580,580,574,569,566,563,560,558,554,548,543
071,17,119,66131,83284,00000,1,A,Roxana village (pt.),Illinois,1440,1442,1439,1428,1419,1407,1396,1385,1375,1368,1354,1339
071,17,119,83271,83284,00000,1,A,Wood River city (pt.),Illinois,10647,10616,10604,10529,10460,10392,10318,10248,10206,10205,10129,10035
071,17,119,99990,83284,00000,1,F,Balance of Wood River township,Illinois,6586,6700,6700,6681,6653,6631,6611,6598,6600,6598,6583,6555
050,17,121,00000,00000,00000,0,A,Marion County,Illinois,39437,39437,39416,39141,39008,38669,38555,38359,38045,37726,37381,37205
157,17,121,00919,00000,00000,0,A,Alma village,Illinois,320,321,321,319,317,315,314,312,311,309,304,303
157,17,121,12151,00000,00000,0,A,Central City village,Illinois,1172,1172,1171,1167,1163,1155,1150,1146,1139,1129,1120,1115
157,17,121,12164,00000,00000,0,A,Centralia city (pt.),Illinois,10403,10400,10391,10302,10252,10155,10114,10043,9949,9854,9759,9715
157,17,121,25375,00000,00000,0,A,Farina village (pt.),Illinois,0,0,0,0,0,0,0,0,0,0,0,0
157,17,121,37933,00000,00000,0,A,Iuka village,Illinois,489,486,486,482,483,479,477,477,473,469,467,464
157,17,121,38791,00000,00000,0,A,Junction City village,Illinois,482,482,484,481,479,475,476,476,472,470,468,466
157,17,121,39324,00000,00000,0,A,Kell village,Illinois,219,217,217,215,215,213,212,213,209,208,206,207
157,17,121,40117,00000,00000,0,A,Kinmundy city,Illinois,796,795,794,791,788,781,780,777,771,764,759,755
157,17,121,55210,00000,00000,0,A,Odin village,Illinois,1076,1076,1075,1066,1063,1052,1048,1042,1035,1025,1015,1009
157,17,121,58057,00000,00000,0,A,Patoka village,Illinois,584,578,577,576,574,567,565,564,558,553,549,547
157,17,121,67236,00000,00000,0,A,Salem city,Illinois,7485,7446,7439,7382,7351,7291,7266,7218,7153,7091,7011,6971
157,17,121,67444,00000,00000,0,A,Sandoval village,Illinois,1274,1276,1275,1268,1264,1251,1248,1243,1235,1225,1217,1214
157,17,121,77681,00000,00000,0,A,Vernon village,Illinois,129,123,123,122,122,122,122,120,120,119,118,118
157,17,121,78604,00000,00000,0,A,Walnut Hill village,Illinois,108,108,108,107,107,106,106,105,104,103,104,104
157,17,121,78721,00000,00000,0,A,Wamac city (pt.),Illinois,519,519,518,515,513,507,506,501,497,493,488,484
157,17,121,99990,00000,00000,0,F,Balance of Marion County,Illinois,14381,14438,14437,14348,14317,14200,14171,14122,14019,13914,13796,13733
061,17,121,00000,00932,00000,0,A,Alma township,Illinois,836,834,834,828,827,821,818,813,808,802,795,791
071,17,121,00919,00932,00000,1,A,Alma village,Illinois,320,321,321,319,317,315,314,312,311,309,304,303
071,17,121,99990,00932,00000,1,F,Balance of Alma township,Illinois,516,513,513,509,510,506,504,501,497,493,491,488
061,17,121,00000,11436,00000,1,A,Carrigan township,Illinois,380,380,380,379,378,375,374,374,371,370,366,364
061,17,121,00000,12177,00000,0,A,Centralia township,Illinois,15042,15044,15033,14917,14854,14718,14665,14573,14446,14313,14181,14115
071,17,121,12151,12177,00000,1,A,Central City village,Illinois,1172,1172,1171,1167,1163,1155,1150,1146,1139,1129,1120,1115
071,17,121,12164,12177,00000,1,A,Centralia city (pt.),Illinois,10403,10400,10391,10302,10252,10155,10114,10043,9949,9854,9759,9715
071,17,121,78604,12177,00000,1,A,Walnut Hill village,Illinois,108,108,108,107,107,106,106,105,104,103,104,104
071,17,121,78721,12177,00000,1,A,Wamac city (pt.),Illinois,519,519,518,515,513,507,506,501,497,493,488,484
071,17,121,99990,12177,00000,1,F,Balance of Centralia township,Illinois,2840,2845,2845,2826,2819,2795,2789,2778,2757,2734,2710,2697
061,17,121,00000,27195,00000,1,A,Foster township,Illinois,379,379,379,376,375,372,369,369,364,361,357,355
061,17,121,00000,32187,00000,0,A,Haines township,Illinois,1002,1000,999,994,994,985,982,981,974,968,961,958
071,17,121,39324,32187,00000,1,A,Kell village,Illinois,219,217,217,215,215,213,212,213,209,208,206,207
071,17,121,99990,32187,00000,1,F,Balance of Haines township,Illinois,783,783,782,779,779,772,770,768,765,760,755,751
061,17,121,00000,37946,00000,0,A,Iuka township,Illinois,999,999,1001,993,992,984,983,980,974,968,961,956
071,17,121,37933,37946,00000,1,A,Iuka village,Illinois,489,486,486,482,483,479,477,477,473,469,467,464
071,17,121,99990,37946,00000,1,F,Balance of Iuka township,Illinois,510,513,515,511,509,505,506,503,501,499,494,492
061,17,121,00000,40130,00000,0,A,Kinmundy township,Illinois,1186,1188,1187,1181,1177,1166,1164,1162,1152,1142,1133,1128
071,17,121,40117,40130,00000,1,A,Kinmundy city,Illinois,796,795,794,791,788,781,780,777,771,764,759,755
071,17,121,99990,40130,00000,1,F,Balance of Kinmundy township,Illinois,390,393,393,390,389,385,384,385,381,378,374,373
061,17,121,00000,47826,00000,0,A,Meacham township,Illinois,375,375,375,372,371,368,367,365,362,357,353,351
071,17,121,25375,47826,00000,1,A,Farina village (pt.),Illinois,0,0,0,0,0,0,0,0,0,0,0,0
071,17,121,99990,47826,00000,1,F,Balance of Meacham township,Illinois,375,375,375,372,371,368,367,365,362,357,353,351
061,17,121,00000,55223,00000,0,A,Odin township,Illinois,1722,1722,1720,1709,1704,1688,1684,1675,1665,1652,1635,1628
071,17,121,55210,55223,00000,1,A,Odin village,Illinois,1076,1076,1075,1066,1063,1052,1048,1042,1035,1025,1015,1009
071,17,121,99990,55223,00000,1,F,Balance of Odin township,Illinois,646,646,645,643,641,636,636,633,630,627,620,619
061,17,121,00000,56055,00000,1,A,Omega township,Illinois,501,501,501,497,498,494,492,490,486,484,479,477
061,17,121,00000,58070,00000,0,A,Patoka township,Illinois,1038,1038,1037,1032,1029,1019,1017,1012,1003,994,986,983
071,17,121,58057,58070,00000,1,A,Patoka village,Illinois,584,578,577,576,574,567,565,564,558,553,549,547
071,17,121,77681,58070,00000,1,A,Vernon village,Illinois,129,123,123,122,122,122,122,120,120,119,118,118
071,17,121,99990,58070,00000,1,F,Balance of Patoka township,Illinois,325,337,337,334,333,330,330,328,325,322,319,318
061,17,121,00000,62445,00000,1,A,Raccoon township,Illinois,1541,1541,1542,1533,1528,1517,1513,1509,1499,1488,1477,1470
061,17,121,00000,65455,00000,1,A,Romine township,Illinois,514,514,514,510,508,504,505,502,498,494,491,489
061,17,121,00000,67249,00000,0,A,Salem township,Illinois,9286,9286,9280,9212,9180,9104,9076,9025,8948,8873,8784,8735
071,17,121,67236,67249,00000,1,A,Salem city (pt.),Illinois,7432,7393,7386,7329,7299,7239,7214,7166,7102,7040,6963,6921
071,17,121,99990,67249,00000,1,F,Balance of Salem township,Illinois,1854,1893,1894,1883,1881,1865,1862,1859,1846,1833,1821,1814
061,17,121,00000,67457,00000,0,A,Sandoval township,Illinois,2322,2320,2320,2307,2299,2279,2276,2268,2251,2235,2219,2212
071,17,121,38791,67457,00000,1,A,Junction City village,Illinois,482,482,484,481,479,475,476,476,472,470,468,466
071,17,121,67444,67457,00000,1,A,Sandoval village,Illinois,1274,1276,1275,1268,1264,1251,1248,1243,1235,1225,1217,1214
071,17,121,99990,67457,00000,1,F,Balance of Sandoval township,Illinois,566,562,561,558,556,553,552,549,544,540,534,532
061,17,121,00000,72598,00000,1,A,Stevenson township,Illinois,1301,1301,1300,1293,1291,1280,1277,1273,1265,1254,1244,1238
061,17,121,00000,75744,00000,0,A,Tonti township,Illinois,1013,1015,1014,1008,1003,995,993,988,979,971,959,955
071,17,121,67236,75744,00000,1,A,Salem city (pt.),Illinois,53,53,53,53,52,52,52,52,51,51,48,50
071,17,121,99990,75744,00000,1,F,Balance of Tonti township,Illinois,960,962,961,955,951,943,941,936,928,920,911,905
050,17,123,00000,00000,00000,0,A,Marshall County,Illinois,12640,12646,12637,12487,12259,12128,11966,11925,11881,11668,11483,11438
157,17,123,34163,00000,00000,0,A,Henry city,Illinois,2464,2464,2462,2427,2383,2355,2325,2317,2304,2259,2220,2209
157,17,123,36150,00000,00000,0,A,Hopewell village,Illinois,410,410,412,412,409,405,402,403,409,402,395,398
157,17,123,40559,00000,00000,0,A,Lacon city,Illinois,1937,1945,1943,1916,1878,1856,1829,1822,1813,1779,1748,1739
157,17,123,42171,00000,00000,0,A,La Rose village,Illinois,144,144,144,142,139,138,136,136,135,133,131,130
157,17,123,71422,00000,00000,0,A,Sparland village,Illinois,406,406,405,401,393,391,386,383,381,375,371,367
157,17,123,75653,00000,00000,0,A,Toluca city,Illinois,1414,1414,1413,1394,1365,1349,1331,1325,1318,1294,1275,1269
157,17,123,77395,00000,00000,0,A,Varna village,Illinois,384,384,383,379,372,370,365,362,361,354,349,347
157,17,123,79007,00000,00000,0,A,Washburn village (pt.),Illinois,74,74,74,73,72,71,70,70,70,68,67,67
157,17,123,79813,00000,00000,0,A,Wenona city (pt.),Illinois,1048,1048,1047,1034,1012,997,982,980,974,955,938,931
157,17,123,99990,00000,00000,0,F,Balance of Marshall County,Illinois,4359,4357,4354,4309,4236,4196,4140,4127,4116,4049,3989,3981
061,17,123,00000,04949,00000,0,A,Bell Plain township,Illinois,400,398,398,393,385,383,376,376,374,367,361,360
071,17,123,42171,04949,00000,1,A,La Rose village,Illinois,144,144,144,142,139,138,136,136,135,133,131,130
071,17,123,99990,04949,00000,1,F,Balance of Bell Plain township,Illinois,256,254,254,251,246,245,240,240,239,234,230,230
061,17,123,00000,05235,00000,0,A,Bennington township,Illinois,1669,1669,1668,1646,1612,1593,1572,1565,1557,1529,1506,1500
071,17,123,75653,05235,00000,1,A,Toluca city (pt.),Illinois,1412,1412,1411,1392,1363,1347,1329,1323,1316,1292,1273,1267
071,17,123,99990,05235,00000,1,F,Balance of Bennington township,Illinois,257,257,257,254,249,246,243,242,241,237,233,233
061,17,123,00000,24569,00000,0,A,Evans township,Illinois,1322,1322,1321,1304,1277,1262,1243,1238,1231,1208,1187,1179
071,17,123,75653,24569,00000,1,A,Toluca city (pt.),Illinois,2,2,2,2,2,2,2,2,2,2,2,2
071,17,123,79813,24569,00000,1,A,Wenona city (pt.),Illinois,1048,1048,1047,1034,1012,997,982,980,974,955,938,931
071,17,123,99990,24569,00000,1,F,Balance of Evans township,Illinois,272,272,272,268,263,263,259,256,255,251,247,246
061,17,123,00000,34176,00000,0,A,Henry township,Illinois,2700,2700,2698,2662,2613,2585,2552,2543,2529,2483,2442,2430
071,17,123,34163,34176,00000,1,A,Henry city,Illinois,2464,2464,2462,2427,2383,2355,2325,2317,2304,2259,2220,2209
071,17,123,99990,34176,00000,1,F,Balance of Henry township,Illinois,236,236,236,235,230,230,227,226,225,224,222,221
061,17,123,00000,36152,00000,1,A,Hopewell township,Illinois,562,562,561,557,547,542,535,534,533,525,517,516
061,17,123,00000,40572,00000,0,A,Lacon township,Illinois,2501,2509,2506,2475,2428,2400,2366,2360,2349,2306,2268,2260
071,17,123,40559,40572,00000,1,A,Lacon city,Illinois,1937,1945,1943,1916,1878,1856,1829,1822,1813,1779,1748,1739
071,17,123,99990,40572,00000,1,F,Balance of Lacon township,Illinois,564,564,563,559,550,544,537,538,536,527,520,521
061,17,123,00000,42093,00000,1,A,La Prairie township,Illinois,364,364,364,359,352,348,344,343,342,336,330,327
061,17,123,00000,63589,00000,0,A,Richland township,Illinois,446,446,446,440,434,429,424,421,419,411,407,406
071,17,123,79007,63589,00000,1,A,Washburn village (pt.),Illinois,74,74,74,73,72,71,70,70,70,68,67,67
071,17,123,99990,63589,00000,1,F,Balance of Richland township,Illinois,372,372,372,367,362,358,354,351,349,343,340,339
061,17,123,00000,64668,00000,0,A,Roberts township,Illinois,925,925,923,914,899,891,879,875,872,857,844,841
071,17,123,77395,64668,00000,1,A,Varna village,Illinois,384,384,383,379,372,370,365,362,361,354,349,347
071,17,123,99990,64668,00000,1,F,Balance of Roberts township,Illinois,541,541,540,535,527,521,514,513,511,503,495,494
061,17,123,00000,67691,00000,1,A,Saratoga township,Illinois,286,286,286,282,277,274,270,270,269,264,260,259
061,17,123,00000,72585,00000,0,A,Steuben township,Illinois,1163,1163,1164,1157,1140,1130,1118,1115,1120,1101,1085,1085
071,17,123,36150,72585,00000,1,A,Hopewell village,Illinois,410,410,412,412,409,405,402,403,409,402,395,398
071,17,123,71422,72585,00000,1,A,Sparland village,Illinois,406,406,405,401,393,391,386,383,381,375,371,367
071,17,123,99990,72585,00000,1,F,Balance of Steuben township,Illinois,347,347,347,344,338,334,330,329,330,324,319,320
061,17,123,00000,81230,00000,1,A,Whitefield township,Illinois,302,302,302,298,295,291,287,285,286,281,276,275
050,17,125,00000,00000,00000,0,A,Mason County,Illinois,14666,14666,14651,14471,14322,14144,14103,13863,13675,13677,13533,13359
157,17,125,04156,00000,00000,0,A,Bath village,Illinois,333,333,332,329,325,321,321,314,309,313,310,308
157,17,125,22151,00000,00000,0,A,Easton village,Illinois,321,321,321,317,312,308,305,300,295,295,292,287
157,17,125,26753,00000,00000,0,A,Forest City village,Illinois,246,246,246,243,240,240,239,233,230,230,228,225
157,17,125,33513,00000,00000,0,A,Havana city,Illinois,3301,3301,3298,3253,3219,3176,3165,3111,3066,3062,3027,2987
157,17,125,39857,00000,00000,0,A,Kilbourne village,Illinois,302,302,302,298,295,294,291,286,282,283,280,276
157,17,125,46383,00000,00000,0,A,Manito village,Illinois,1642,1647,1645,1623,1607,1582,1579,1549,1527,1525,1508,1486
157,17,125,47475,00000,00000,0,A,Mason City city,Illinois,2343,2343,2340,2309,2283,2251,2242,2204,2175,2173,2148,2119
157,17,125,67613,00000,00000,0,A,San Jose village (pt.),Illinois,400,400,399,395,393,388,387,381,374,374,370,364
157,17,125,75757,00000,00000,0,A,Topeka village,Illinois,76,76,76,75,74,73,73,72,71,71,70,70
157,17,125,99990,00000,00000,0,F,Balance of Mason County,Illinois,5702,5697,5692,5629,5574,5511,5501,5413,5346,5351,5300,5237
061,17,125,00000,00844,00000,0,A,Allens Grove township,Illinois,586,586,585,579,575,568,566,557,548,548,540,534
071,17,125,67613,00844,00000,1,A,San Jose village (pt.),Illinois,400,400,399,395,393,388,387,381,374,374,370,364
071,17,125,99990,00844,00000,1,F,Balance of Allens Grove township,Illinois,186,186,186,184,182,180,179,176,174,174,170,170
061,17,125,00000,04169,00000,0,A,Bath township,Illinois,866,866,864,857,848,837,837,822,812,816,810,802
071,17,125,04156,04169,00000,1,A,Bath village,Illinois,333,333,332,329,325,321,321,314,309,313,310,308
071,17,125,99990,04169,00000,1,F,Balance of Bath township,Illinois,533,533,532,528,523,516,516,508,503,503,500,494
061,17,125,00000,17250,00000,1,A,Crane Creek township,Illinois,136,136,136,134,133,131,131,129,127,127,126,124
061,17,125,00000,26766,00000,0,A,Forest City township,Illinois,522,522,522,515,510,506,505,495,488,488,484,477
071,17,125,26753,26766,00000,1,A,Forest City village,Illinois,246,246,246,243,240,240,239,233,230,230,228,225
071,17,125,99990,26766,00000,1,F,Balance of Forest City township,Illinois,276,276,276,272,270,266,266,262,258,258,256,252
061,17,125,00000,33526,00000,0,A,Havana township,Illinois,4816,4816,4811,4750,4701,4642,4627,4550,4486,4485,4436,4379
071,17,125,33513,33526,00000,1,A,Havana city,Illinois,3301,3301,3298,3253,3219,3176,3165,3111,3066,3062,3027,2987
071,17,125,99990,33526,00000,1,F,Balance of Havana township,Illinois,1515,1515,1513,1497,1482,1466,1462,1439,1420,1423,1409,1392
061,17,125,00000,39870,00000,0,A,Kilbourne township,Illinois,504,504,504,497,492,489,486,477,471,472,467,461
071,17,125,39857,39870,00000,1,A,Kilbourne village,Illinois,302,302,302,298,295,294,291,286,282,283,280,276
071,17,125,99990,39870,00000,1,F,Balance of Kilbourne township,Illinois,202,202,202,199,197,195,195,191,189,189,187,185
061,17,125,00000,45265,00000,1,A,Lynchburg township,Illinois,277,277,277,273,271,268,268,264,260,260,258,254
061,17,125,00000,46396,00000,0,A,Manito township,Illinois,2466,2466,2463,2434,2409,2376,2372,2329,2299,2297,2274,2243
071,17,125,46383,46396,00000,1,A,Manito village,Illinois,1642,1647,1645,1623,1607,1582,1579,1549,1527,1525,1508,1486
071,17,125,99990,46396,00000,1,F,Balance of Manito township,Illinois,824,819,818,811,802,794,793,780,772,772,766,757
061,17,125,00000,47482,00000,0,A,Mason City township,Illinois,2633,2633,2630,2595,2566,2531,2521,2479,2446,2444,2417,2384
071,17,125,47475,47482,00000,1,A,Mason City city,Illinois,2343,2343,2340,2309,2283,2251,2242,2204,2175,2173,2148,2119
071,17,125,99990,47482,00000,1,F,Balance of Mason City township,Illinois,290,290,290,286,283,280,279,275,271,271,269,265
061,17,125,00000,58629,00000,1,A,Pennsylvania township,Illinois,206,206,206,203,201,199,198,195,192,193,191,188
061,17,125,00000,62419,00000,0,A,Quiver township,Illinois,900,900,899,890,881,871,870,856,846,847,840,829
071,17,125,75757,62419,00000,1,A,Topeka village,Illinois,76,76,76,75,74,73,73,72,71,71,70,70
071,17,125,99990,62419,00000,1,F,Balance of Quiver township,Illinois,824,824,823,815,807,798,797,784,775,776,770,759
061,17,125,00000,67353,00000,1,A,Salt Creek township,Illinois,228,228,228,225,223,220,220,216,213,213,211,209
061,17,125,00000,69329,00000,0,A,Sherman township,Illinois,526,526,526,519,512,506,502,494,487,487,479,475
071,17,125,22151,69329,00000,1,A,Easton village,Illinois,321,321,321,317,312,308,305,300,295,295,292,287
071,17,125,99990,69329,00000,1,F,Balance of Sherman township,Illinois,205,205,205,202,200,198,197,194,192,192,187,188
050,17,127,00000,00000,00000,0,A,Massac County,Illinois,15429,15431,15380,15281,15066,14847,14756,14567,14440,14291,14023,13772
157,17,127,08706,00000,00000,1,A,Brookport city,Illinois,984,980,976,970,954,938,881,870,868,859,840,826
157,17,127,38674,00000,00000,1,A,Joppa village,Illinois,360,338,337,335,331,323,325,320,317,316,309,303
157,17,127,48645,00000,00000,1,A,Metropolis city,Illinois,6537,6580,6557,6509,6413,6354,6364,6280,6221,6153,6056,5945
157,17,127,99990,00000,00000,1,F,Balance of Massac County,Illinois,7548,7533,7510,7467,7368,7232,7186,7097,7034,6963,6818,6698
050,17,129,00000,00000,00000,0,A,Menard County,Illinois,12705,12705,12696,12698,12691,12572,12508,12356,12398,12293,12289,12196
157,17,129,02674,00000,00000,1,A,Athens city,Illinois,1988,1993,1990,1990,1984,1966,1957,1932,1939,1926,1928,1908
157,17,129,31576,00000,00000,1,A,Greenview village,Illinois,778,778,777,775,773,763,758,745,745,735,731,724
157,17,129,54625,00000,00000,1,A,Oakford village,Illinois,286,286,286,286,287,284,282,278,280,277,277,276
157,17,129,59312,00000,00000,1,A,Petersburg city,Illinois,2260,2331,2328,2332,2321,2294,2277,2247,2250,2228,2229,2214
157,17,129,74379,00000,00000,1,A,Tallula village,Illinois,488,488,489,487,488,485,482,477,479,476,476,474
157,17,129,99990,00000,00000,1,F,Balance of Menard County,Illinois,6905,6829,6826,6828,6838,6780,6752,6677,6705,6651,6648,6600
050,17,131,00000,00000,00000,0,A,Mercer County,Illinois,16434,16434,16409,16316,16163,16075,15901,15746,15602,15608,15551,15437
157,17,131,00646,00000,00000,0,A,Aledo city,Illinois,3640,3648,3640,3617,3578,3615,3572,3533,3482,3476,3459,3432
157,17,131,00672,00000,00000,0,A,Alexis village (pt.),Illinois,333,333,332,331,328,324,321,318,314,314,313,309
157,17,131,38739,00000,00000,0,A,Joy village,Illinois,417,417,416,414,408,404,399,396,390,388,387,382
157,17,131,39298,00000,00000,0,A,Keithsburg city,Illinois,609,609,608,607,603,596,592,586,578,582,582,580
157,17,131,47527,00000,00000,0,A,Matherville village,Illinois,723,720,719,713,706,698,688,680,668,671,666,662
157,17,131,52220,00000,00000,0,A,New Boston city,Illinois,683,687,686,684,678,673,667,661,652,654,654,650
157,17,131,53793,00000,00000,0,A,North Henderson village,Illinois,187,187,187,186,184,182,180,178,176,176,175,174
157,17,131,63420,00000,00000,0,A,Reynolds village (pt.),Illinois,28,28,28,28,28,27,27,27,26,27,26,26
157,17,131,68458,00000,00000,0,A,Seaton village,Illinois,222,222,222,220,218,214,211,209,207,204,204,202
157,17,131,69368,00000,00000,0,A,Sherrard village,Illinois,640,640,641,635,629,621,614,606,596,598,596,594
157,17,131,78123,00000,00000,0,A,Viola village,Illinois,955,955,956,950,941,934,924,915,902,901,896,888
157,17,131,82309,00000,00000,0,A,Windsor village,Illinois,748,748,747,741,733,724,714,707,782,782,779,772
157,17,131,99990,00000,00000,0,F,Balance of Mercer County,Illinois,7249,7240,7227,7190,7129,7063,6992,6930,6829,6835,6814,6766
061,17,131,00000,00126,00000,0,A,Abington township,Illinois,392,392,392,389,385,379,375,371,367,364,363,360
071,17,131,68458,00126,00000,1,A,Seaton village,Illinois,222,222,222,220,218,214,211,209,207,204,204,202
071,17,131,99990,00126,00000,1,F,Balance of Abington township,Illinois,170,170,170,169,167,165,164,162,160,160,159,158
061,17,131,00000,20968,00000,1,A,Duncan township,Illinois,272,272,272,270,267,265,262,259,256,256,255,253
061,17,131,00000,23152,00000,1,A,Eliza township,Illinois,419,419,418,416,412,408,405,400,394,394,393,390
061,17,131,00000,31342,00000,0,A,Greene township,Illinois,1640,1640,1640,1630,1617,1603,1586,1573,1548,1550,1543,1531
071,17,131,78123,31342,00000,1,A,Viola village,Illinois,955,955,956,950,941,934,924,915,902,901,896,888
071,17,131,99990,31342,00000,1,F,Balance of Greene township,Illinois,685,685,684,680,676,669,662,658,646,649,647,643
061,17,131,00000,39311,00000,0,A,Keithsburg township,Illinois,687,687,686,684,680,672,667,660,651,655,655,653
071,17,131,39298,39311,00000,1,A,Keithsburg city,Illinois,609,609,608,607,603,596,592,586,578,582,582,580
071,17,131,99990,39311,00000,1,F,Balance of Keithsburg township,Illinois,78,78,78,77,77,76,75,74,73,73,73,73
061,17,131,00000,48398,00000,0,A,Mercer township,Illinois,4071,4074,4065,4040,3997,4032,3984,3941,3885,3879,3861,3829
071,17,131,00646,48398,00000,1,A,Aledo city,Illinois,3640,3648,3640,3617,3578,3615,3572,3533,3482,3476,3459,3432
071,17,131,99990,48398,00000,1,F,Balance of Mercer township,Illinois,431,426,425,423,419,417,412,408,403,403,402,397
061,17,131,00000,49256,00000,0,A,Millersburg township,Illinois,755,755,753,750,740,733,724,718,708,706,704,697
071,17,131,38739,49256,00000,1,A,Joy village,Illinois,417,417,416,414,408,404,399,396,390,388,387,382
071,17,131,99990,49256,00000,1,F,Balance of Millersburg township,Illinois,338,338,337,336,332,329,325,322,318,318,317,315
061,17,131,00000,52233,00000,0,A,New Boston township,Illinois,1204,1204,1202,1197,1188,1178,1166,1158,1142,1144,1142,1135
071,17,131,52220,52233,00000,1,A,New Boston city,Illinois,683,687,686,684,678,673,667,661,652,654,654,650
071,17,131,99990,52233,00000,1,F,Balance of New Boston township,Illinois,521,517,516,513,510,505,499,497,490,490,488,485
061,17,131,00000,53806,00000,0,A,North Henderson township,Illinois,421,421,421,418,414,410,405,402,396,397,395,393
071,17,131,00672,53806,00000,1,A,Alexis village (pt.),Illinois,8,8,8,8,8,8,8,8,8,8,8,8
071,17,131,53793,53806,00000,1,A,North Henderson village,Illinois,187,187,187,186,184,182,180,178,176,176,175,174
071,17,131,99990,53806,00000,1,F,Balance of North Henderson township,Illinois,226,226,226,224,222,220,217,216,212,213,212,211
061,17,131,00000,55405,00000,1,A,Ohio Grove township,Illinois,279,279,278,277,274,272,269,266,262,262,262,260
061,17,131,00000,59182,00000,0,A,Perryton township,Illinois,474,474,473,471,467,461,456,452,445,446,442,439
071,17,131,63420,59182,00000,1,A,Reynolds village (pt.),Illinois,25,25,25,25,25,24,24,24,23,24,23,23
071,17,131,99990,59182,00000,1,F,Balance of Perryton township,Illinois,449,449,448,446,442,437,432,428,422,422,419,416
061,17,131,00000,61795,00000,0,A,Preemption township,Illinois,1783,1780,1777,1765,1751,1732,1713,1696,1670,1673,1665,1654
071,17,131,47527,61795,00000,1,A,Matherville village,Illinois,723,720,719,713,706,698,688,680,668,671,666,662
071,17,131,63420,61795,00000,1,A,Reynolds village (pt.),Illinois,3,3,3,3,3,3,3,3,3,3,3,3
071,17,131,99990,61795,00000,1,F,Balance of Preemption township,Illinois,1057,1057,1055,1049,1042,1031,1022,1013,999,999,996,989
061,17,131,00000,63628,00000,0,A,Richland Grove township,Illinois,2300,2300,2298,2286,2266,2244,2219,2199,2166,2169,2164,2150
071,17,131,69368,63628,00000,1,A,Sherrard village,Illinois,640,640,641,635,629,621,614,606,596,598,596,594
071,17,131,99990,63628,00000,1,F,Balance of Richland Grove township,Illinois,1660,1660,1657,1651,1637,1623,1605,1593,1570,1571,1568,1556
061,17,131,00000,64551,00000,0,A,Rivoli township,Illinois,1142,1142,1140,1132,1120,1107,1095,1083,1152,1153,1149,1139
071,17,131,82309,64551,00000,1,A,Windsor village,Illinois,748,748,747,741,733,724,714,707,782,782,779,772
071,17,131,99990,64551,00000,1,F,Balance of Rivoli township,Illinois,394,394,393,391,387,383,381,376,370,371,370,367
061,17,131,00000,73339,00000,0,A,Suez township,Illinois,595,595,594,591,585,579,575,568,560,560,558,554
071,17,131,00672,73339,00000,1,A,Alexis village (pt.),Illinois,325,325,324,323,320,316,313,310,306,306,305,301
071,17,131,99990,73339,00000,1,F,Balance of Suez township,Illinois,270,270,270,268,265,263,262,258,254,254,253,253
050,17,133,00000,00000,00000,0,A,Monroe County,Illinois,32957,32949,32994,33214,33260,33457,33540,33739,33913,34179,34373,34637
157,17,133,15833,00000,00000,1,A,Columbia city (pt.),Illinois,9672,9662,9689,9789,9845,9950,10033,10115,10196,10277,10392,10477
157,17,133,21254,00000,00000,1,A,Dupo village (pt.),Illinois,A,0,0,0,0,0,0,0,0,0,0,0
157,17,133,28170,00000,00000,1,A,Fults village,Illinois,26,26,26,26,26,26,26,26,26,28,25,28
157,17,133,33877,00000,00000,1,A,Hecker village (pt.),Illinois,481,486,486,485,483,480,482,482,482,480,476,478
157,17,133,46058,00000,00000,1,A,Maeystown village,Illinois,157,159,159,159,160,160,159,161,161,163,162,162
157,17,133,77265,00000,00000,1,A,Valmeyer village,Illinois,1263,1250,1252,1260,1257,1256,1255,1258,1256,1257,1248,1248
157,17,133,79150,00000,00000,1,A,Waterloo city,Illinois,9811,9982,9994,10070,10083,10124,10117,10183,10249,10381,10470,10578
157,17,133,99990,00000,00000,1,F,Balance of Monroe County,Illinois,11547,11384,11388,11425,11406,11461,11468,11514,11543,11593,11600,11666
050,17,135,00000,00000,00000,0,A,Montgomery County,Illinois,30104,30105,30097,29864,29616,29362,29449,29192,29061,28781,28691,28414
157,17,135,10149,00000,00000,0,A,Butler village,Illinois,180,175,175,173,174,172,170,171,170,168,167,165
157,17,135,15209,00000,00000,0,A,Coalton village,Illinois,304,304,304,303,299,301,298,295,293,290,291,286
157,17,135,15352,00000,00000,0,A,Coffeen city,Illinois,685,685,684,678,675,675,668,662,660,652,650,644
157,17,135,20318,00000,00000,0,A,Donnellson village (pt.),Illinois,202,202,202,200,199,199,197,195,193,191,190,188
157,17,135,25440,00000,00000,0,A,Farmersville village,Illinois,724,717,716,710,706,706,699,693,688,681,678,671
157,17,135,26077,00000,00000,0,A,Fillmore village,Illinois,330,330,330,327,327,326,323,320,318,314,313,310
157,17,135,33357,00000,00000,0,A,Harvel village (pt.),Illinois,161,162,162,160,161,161,159,158,157,155,155,153
157,17,135,35047,00000,00000,0,A,Hillsboro city,Illinois,6207,6216,6214,6180,6045,5825,6160,6073,6073,6031,6015,5970
157,17,135,37738,00000,00000,0,A,Irving village,Illinois,495,495,495,490,488,486,481,477,474,469,467,462
157,17,135,43965,00000,00000,0,A,Litchfield city,Illinois,6939,7159,7157,7094,7061,7052,6976,6924,6883,6808,6786,6715
157,17,135,53169,00000,00000,0,A,Nokomis city,Illinois,2256,2256,2255,2235,2225,2219,2195,2178,2166,2142,2133,2110
157,17,135,55418,00000,00000,0,A,Ohlman village,Illinois,135,135,135,134,133,133,131,130,129,128,127,126
157,17,135,57498,00000,00000,0,A,Panama village (pt.),Illinois,202,202,202,200,199,198,196,195,193,189,189,187
157,17,135,62965,00000,00000,0,A,Raymond village,Illinois,1006,1004,1003,995,989,986,977,970,964,952,949,942
157,17,135,68120,00000,00000,0,A,Schram City village,Illinois,586,588,588,582,579,578,572,567,563,557,555,550
157,17,135,74561,00000,00000,0,A,Taylor Springs village,Illinois,690,692,692,686,685,684,679,673,671,664,664,659
157,17,135,78383,00000,00000,0,A,Waggoner village,Illinois,266,266,266,263,262,264,261,259,257,254,253,253
157,17,135,78656,00000,00000,0,A,Walshville village,Illinois,64,64,64,63,63,63,64,62,63,63,62,62
157,17,135,79826,00000,00000,0,A,Wenonah village,Illinois,37,37,37,37,36,36,36,36,35,35,35,35
157,17,135,82725,00000,00000,0,A,Witt city,Illinois,903,903,902,894,890,889,877,870,865,855,852,843
157,17,135,99990,00000,00000,0,F,Balance of Montgomery County,Illinois,7732,7513,7514,7460,7420,7409,7330,7284,7246,7183,7160,7083
061,17,135,00000,02960,00000,0,A,Audubon township,Illinois,552,552,552,547,544,543,536,534,530,525,522,517
071,17,135,55418,02960,00000,1,A,Ohlman village,Illinois,135,135,135,134,133,133,131,130,129,128,127,126
071,17,135,99990,02960,00000,1,F,Balance of Audubon township,Illinois,417,417,417,413,411,410,405,404,401,397,395,391
061,17,135,00000,07107,00000,0,A,Bois D'Arc township,Illinois,956,956,955,947,941,941,931,923,917,907,903,894
071,17,135,25440,07107,00000,1,A,Farmersville village,Illinois,724,717,716,710,706,706,699,693,688,681,678,671
071,17,135,99990,07107,00000,1,F,Balance of Bois D'Arc township,Illinois,232,239,239,237,235,235,232,230,229,226,225,223
061,17,135,00000,10175,00000,0,A,Butler Grove township,Illinois,775,770,770,763,761,758,750,744,742,733,730,722
071,17,135,10149,10175,00000,1,A,Butler village,Illinois,180,175,175,173,174,172,170,171,170,168,167,165
071,17,135,35047,10175,00000,1,A,Hillsboro city (pt.),Illinois,159,161,161,160,159,158,156,155,154,152,152,150
071,17,135,99990,10175,00000,1,F,Balance of Butler Grove township,Illinois,436,434,434,430,428,428,424,418,418,413,411,407
061,17,135,00000,21761,00000,0,A,East Fork township,Illinois,4138,2567,2567,2578,2430,2216,2584,2516,2538,2517,2512,2491
071,17,135,15352,21761,00000,1,A,Coffeen city,Illinois,685,685,684,678,675,675,668,662,660,652,650,644
071,17,135,20318,21761,00000,1,A,Donnellson village (pt.),Illinois,86,86,86,85,85,85,84,83,82,81,81,80
071,17,135,35047,21761,00000,1,A,Hillsboro city (pt.),Illinois,2015,439,439,467,328,115,503,452,484,483,482,481
071,17,135,68120,21761,00000,1,A,Schram City village,Illinois,586,588,588,582,579,578,572,567,563,557,555,550
071,17,135,99990,21761,00000,1,F,Balance of East Fork township,Illinois,766,769,770,766,763,763,757,752,749,744,744,736
061,17,135,00000,26904,00000,0,A,Fillmore Consolidated township,Illinois,A,860,860,852,849,847,838,831,825,818,815,807
071,17,135,26077,26904,00000,1,A,Fillmore village,Illinois,A,330,330,327,327,326,323,320,318,314,313,310
071,17,135,99990,26904,00000,1,F,Balance of Fillmore Consolidated township,Illinois,A,530,530,525,522,521,515,511,507,504,502,497
061,17,135,00000,31836,00000,0,A,Grisham township,Illinois,629,629,629,623,619,620,613,609,604,598,596,589
071,17,135,20318,31836,00000,1,A,Donnellson village (pt.),Illinois,116,116,116,115,114,114,113,112,111,110,109,108
071,17,135,57498,31836,00000,1,A,Panama village (pt.),Illinois,202,202,202,200,199,198,196,195,193,189,189,187
071,17,135,99990,31836,00000,1,F,Balance of Grisham township,Illinois,311,311,311,308,306,308,304,302,300,299,298,294
061,17,135,00000,33370,00000,0,A,Harvel township,Illinois,243,244,244,241,242,242,239,237,236,233,232,230
071,17,135,33357,33370,00000,1,A,Harvel village (pt.),Illinois,161,162,162,160,161,161,159,158,157,155,155,153
071,17,135,99990,33370,00000,1,F,Balance of Harvel township,Illinois,82,82,82,81,81,81,80,79,79,78,77,77
061,17,135,00000,35060,00000,0,A,Hillsboro township,Illinois,5501,7069,7069,6995,6995,6988,6924,6880,6841,6789,6772,6717
071,17,135,35047,35060,00000,1,A,Hillsboro city (pt.),Illinois,4018,5597,5595,5534,5539,5533,5483,5448,5417,5378,5363,5321
071,17,135,74561,35060,00000,1,A,Taylor Springs village,Illinois,690,692,692,686,685,684,679,673,671,664,664,659
071,17,135,99990,35060,00000,1,F,Balance of Hillsboro township,Illinois,793,780,782,775,771,771,762,759,753,747,745,737
061,17,135,00000,37751,00000,0,A,Irving township,Illinois,1006,1012,1012,1004,1000,996,985,979,973,963,961,949
071,17,135,35047,37751,00000,1,A,Hillsboro city (pt.),Illinois,15,19,19,19,19,19,18,18,18,18,18,18
071,17,135,37738,37751,00000,1,A,Irving village,Illinois,495,495,495,490,488,486,481,477,474,469,467,462
071,17,135,99990,37751,00000,1,F,Balance of Irving township,Illinois,496,498,498,495,493,491,486,484,481,476,476,469
061,17,135,00000,53182,00000,0,A,Nokomis township,Illinois,2939,2939,2938,2914,2897,2892,2861,2839,2822,2791,2782,2751
071,17,135,15209,53182,00000,1,A,Coalton village,Illinois,304,304,304,303,299,301,298,295,293,290,291,286
071,17,135,53169,53182,00000,1,A,Nokomis city,Illinois,2256,2256,2255,2235,2225,2219,2195,2178,2166,2142,2133,2110
071,17,135,79826,53182,00000,1,A,Wenonah village,Illinois,37,37,37,37,36,36,36,36,35,35,35,35
071,17,135,82725,53182,00000,1,A,Witt city (pt.),Illinois,5,5,5,5,5,5,5,5,5,5,5,5
071,17,135,99990,53182,00000,1,F,Balance of Nokomis township,Illinois,337,337,337,334,332,331,327,325,323,319,318,315
061,17,135,00000,53949,00000,0,A,North Litchfield township,Illinois,5148,5148,5145,5101,5077,5068,5015,4975,4946,4892,4874,4822
071,17,135,43965,53949,00000,1,A,Litchfield city (pt.),Illinois,4200,4425,4423,4383,4362,4355,4308,4274,4247,4199,4183,4138
071,17,135,99990,53949,00000,1,F,Balance of North Litchfield township,Illinois,948,723,722,718,715,713,707,701,699,693,691,684
061,17,135,00000,60183,00000,0,A,Pitman township,Illinois,508,508,508,503,500,502,496,492,489,483,481,479
071,17,135,78383,60183,00000,1,A,Waggoner village,Illinois,266,266,266,263,262,264,261,259,257,254,253,253
071,17,135,99990,60183,00000,1,F,Balance of Pitman township,Illinois,242,242,242,240,238,238,235,233,232,229,228,226
061,17,135,00000,62978,00000,0,A,Raymond township,Illinois,1200,1207,1206,1198,1191,1188,1177,1168,1160,1149,1145,1134
071,17,135,62965,62978,00000,1,A,Raymond village (pt.),Illinois,968,971,970,962,956,954,945,938,932,921,918,909
071,17,135,99990,62978,00000,1,F,Balance of Raymond township,Illinois,232,236,236,236,235,234,232,230,228,228,227,225
061,17,135,00000,66092,00000,1,A,Rountree township,Illinois,240,240,240,238,236,236,233,231,230,229,228,226
061,17,135,00000,70928,00000,0,A,South Litchfield township,Illinois,3408,3408,3407,3381,3365,3361,3325,3304,3286,3254,3245,3213
071,17,135,43965,70928,00000,1,A,Litchfield city (pt.),Illinois,2739,2734,2734,2711,2699,2697,2668,2650,2636,2609,2603,2577
071,17,135,99990,70928,00000,1,F,Balance of South Litchfield township,Illinois,669,674,673,670,666,664,657,654,650,645,642,636
061,17,135,00000,78669,00000,0,A,Walshville township,Illinois,347,347,347,345,344,343,341,339,338,335,335,332
071,17,135,78656,78669,00000,1,A,Walshville village,Illinois,64,64,64,63,63,63,64,62,63,63,62,62
071,17,135,99990,78669,00000,1,F,Balance of Walshville township,Illinois,283,283,283,282,281,280,277,277,275,272,273,270
061,17,135,00000,82738,00000,0,A,Witt township,Illinois,1163,1163,1162,1152,1146,1144,1129,1120,1116,1103,1097,1085
071,17,135,82725,82738,00000,1,A,Witt city (pt.),Illinois,898,898,897,889,885,884,872,865,860,850,847,838
071,17,135,99990,82738,00000,1,F,Balance of Witt township,Illinois,265,265,265,263,261,260,257,255,256,253,250,247
061,17,135,00000,84129,00000,0,A,Zanesville township,Illinois,491,486,486,482,479,477,472,471,468,462,461,456
071,17,135,62965,84129,00000,1,A,Raymond village (pt.),Illinois,38,33,33,33,33,32,32,32,32,31,31,33
071,17,135,99990,84129,00000,1,F,Balance of Zanesville township,Illinois,453,453,453,449,446,445,440,439,436,431,430,423
050,17,137,00000,00000,00000,0,A,Morgan County,Illinois,35547,35545,35503,35481,35317,35000,34673,34673,34632,34245,34027,33658
157,17,137,12528,00000,00000,1,A,Chapin village,Illinois,512,512,511,512,507,504,502,500,495,489,486,478
157,17,137,16054,00000,00000,1,A,Concord village,Illinois,167,167,167,167,166,164,164,163,161,157,156,154
157,17,137,27663,00000,00000,1,A,Franklin village,Illinois,610,638,637,637,632,628,625,623,617,609,605,598
157,17,137,38115,00000,00000,1,A,Jacksonville city,Illinois,19446,19444,19419,19392,19361,19175,18916,18964,19087,18886,18771,18603
157,17,137,45369,00000,00000,1,A,Lynnville village,Illinois,117,119,119,119,118,117,117,116,115,114,113,111
157,17,137,48424,00000,00000,1,A,Meredosia village,Illinois,1044,1046,1045,1045,1035,1024,1020,1017,1004,992,986,972
157,17,137,51479,00000,00000,1,A,Murrayville village,Illinois,587,587,586,587,582,577,573,573,565,558,555,548
157,17,137,70889,00000,00000,1,A,South Jacksonville village,Illinois,3331,3331,3327,3325,3294,3267,3250,3234,3207,3170,3145,3102
157,17,137,79358,00000,00000,1,A,Waverly city,Illinois,1307,1297,1296,1292,1279,1267,1260,1252,1237,1221,1211,1194
157,17,137,83336,00000,00000,1,A,Woodson village,Illinois,512,513,512,513,511,507,505,503,500,494,491,485
157,17,137,99990,00000,00000,1,F,Balance of Morgan County,Illinois,7914,7891,7884,7892,7832,7770,7741,7728,7644,7555,7508,7413
050,17,139,00000,00000,00000,0,A,Moultrie County,Illinois,14846,14852,14859,14856,14874,14796,14751,14743,14610,14701,14648,14501
157,17,139,00867,00000,00000,0,A,Allenville village,Illinois,148,150,150,149,149,147,148,148,145,145,144,141
157,17,139,02414,00000,00000,0,A,Arthur village (pt.),Illinois,814,813,813,812,810,805,799,798,789,789,782,770
157,17,139,05612,00000,00000,0,A,Bethany village,Illinois,1352,1356,1355,1348,1340,1324,1312,1302,1282,1280,1262,1239
157,17,139,18446,00000,00000,0,A,Dalton City village,Illinois,544,546,546,543,542,537,530,527,519,517,512,501
157,17,139,28807,00000,00000,0,A,Gays village,Illinois,281,281,281,280,276,274,272,270,263,264,261,254
157,17,139,45044,00000,00000,0,A,Lovington village,Illinois,1130,1120,1119,1113,1110,1099,1087,1078,1060,1058,1045,1026
157,17,139,73495,00000,00000,0,A,Sullivan city,Illinois,4440,4450,4452,4453,4462,4445,4438,4444,4418,4461,4464,4433
157,17,139,99990,00000,00000,0,F,Balance of Moultrie County,Illinois,6137,6136,6143,6158,6185,6165,6165,6176,6134,6187,6178,6137
061,17,139,00000,20344,00000,0,A,Dora township,Illinois,802,806,806,804,805,797,790,788,778,778,772,759
071,17,139,18446,20344,00000,1,A,Dalton City village,Illinois,544,546,546,543,542,537,530,527,519,517,512,501
071,17,139,99990,20344,00000,1,F,Balance of Dora township,Illinois,258,260,260,261,263,260,260,261,259,261,260,258
061,17,139,00000,22099,00000,0,A,East Nelson township,Illinois,1055,1057,1059,1060,1062,1058,1057,1060,1052,1059,1056,1047
071,17,139,00867,22099,00000,1,A,Allenville village,Illinois,148,150,150,149,149,147,148,148,145,145,144,141
071,17,139,99990,22099,00000,1,F,Balance of East Nelson township,Illinois,907,907,909,911,913,911,909,912,907,914,912,906
061,17,139,00000,38609,00000,1,A,Jonathan Creek township,Illinois,990,991,991,994,999,997,996,997,989,997,997,991
061,17,139,00000,45057,00000,0,A,Lovington township,Illinois,1623,1619,1618,1614,1612,1600,1589,1581,1559,1562,1550,1526
071,17,139,45044,45057,00000,1,A,Lovington village,Illinois,1130,1120,1119,1113,1110,1099,1087,1078,1060,1058,1045,1026
071,17,139,99990,45057,00000,1,F,Balance of Lovington township,Illinois,493,499,499,501,502,501,502,503,499,504,505,500
061,17,139,00000,45083,00000,0,A,Lowe township,Illinois,1723,1728,1731,1730,1733,1722,1720,1720,1703,1710,1700,1683
071,17,139,02414,45083,00000,1,A,Arthur village (pt.),Illinois,814,813,813,812,810,805,799,798,789,789,782,770
071,17,139,99990,45083,00000,1,F,Balance of Lowe township,Illinois,909,915,918,918,923,917,921,922,914,921,918,913
061,17,139,00000,47124,00000,0,A,Marrowbone township,Illinois,1730,1724,1723,1717,1710,1693,1680,1670,1649,1650,1632,1605
071,17,139,05612,47124,00000,1,A,Bethany village,Illinois,1352,1356,1355,1348,1340,1324,1312,1302,1282,1280,1262,1239
071,17,139,99990,47124,00000,1,F,Balance of Marrowbone township,Illinois,378,368,368,369,370,369,368,368,367,370,370,366
061,17,139,00000,73508,00000,0,A,Sullivan township,Illinois,6263,6269,6273,6280,6296,6275,6268,6278,6240,6299,6300,6258
071,17,139,73495,73508,00000,1,A,Sullivan city,Illinois,4440,4450,4452,4453,4462,4445,4438,4444,4418,4461,4464,4433
071,17,139,99990,73508,00000,1,F,Balance of Sullivan township,Illinois,1823,1819,1821,1827,1834,1830,1830,1834,1822,1838,1836,1825
061,17,139,00000,81451,00000,0,A,Whitley township,Illinois,660,658,658,657,657,654,651,649,640,646,641,632
071,17,139,28807,81451,00000,1,A,Gays village,Illinois,281,281,281,280,276,274,272,270,263,264,261,254
071,17,139,99990,81451,00000,1,F,Balance of Whitley township,Illinois,379,377,377,377,381,380,379,379,377,382,380,378
050,17,141,00000,00000,00000,0,A,Ogle County,Illinois,53497,53490,53414,53064,52776,52266,51931,51559,51148,50993,50781,50643
157,17,141,00295,00000,00000,0,A,Adeline village,Illinois,85,85,85,84,84,83,82,82,81,81,80,80
157,17,141,10240,00000,00000,0,A,Byron city,Illinois,3753,3834,3831,3795,3785,3747,3723,3708,3679,3680,3670,3668
157,17,141,17471,00000,00000,0,A,Creston village,Illinois,662,667,666,667,668,664,663,658,649,649,650,647
157,17,141,18719,00000,00000,0,A,Davis Junction village,Illinois,2373,2362,2361,2354,2341,2318,2307,2292,2277,2283,2312,2344
157,17,141,27065,00000,00000,0,A,Forreston village,Illinois,1446,1438,1436,1420,1412,1396,1385,1373,1362,1355,1345,1341
157,17,141,34982,00000,00000,0,A,Hillcrest village,Illinois,1326,1318,1316,1304,1293,1281,1273,1261,1249,1242,1234,1225
157,17,141,42457,00000,00000,0,A,Leaf River village,Illinois,443,443,442,438,434,430,425,422,416,413,410,406
157,17,141,50062,00000,00000,0,A,Monroe Center village,Illinois,471,471,470,466,461,456,454,450,444,442,437,435
157,17,141,50998,00000,00000,0,A,Mount Morris village,Illinois,2998,3009,3003,2979,2958,2926,2903,2876,2849,2833,2812,2794
157,17,141,56484,00000,00000,0,A,Oregon city,Illinois,3721,3713,3706,3668,3645,3605,3580,3557,3520,3504,3486,3470
157,17,141,60937,00000,00000,0,A,Polo city,Illinois,2355,2347,2341,2315,2301,2279,2261,2240,2216,2203,2185,2171
157,17,141,64746,00000,00000,0,A,Rochelle city (pt.),Illinois,9574,9574,9555,9577,9516,9416,9348,9274,9184,9147,9080,9052
157,17,141,65000,00000,00000,0,A,Rockford city (pt.),Illinois,A,3,3,3,3,3,3,3,3,3,3,3
157,17,141,72702,00000,00000,0,A,Stillman Valley village,Illinois,1120,1120,1118,1108,1099,1088,1079,1069,1057,1053,1056,1053
157,17,141,99990,00000,00000,0,F,Balance of Ogle County,Illinois,23170,23106,23081,22886,22776,22574,22445,22294,22162,22105,22021,21954
061,17,141,00000,08784,00000,1,A,Brookville township,Illinois,241,241,241,238,237,235,233,232,231,231,229,228
061,17,141,00000,09421,00000,0,A,Buffalo township,Illinois,2813,2813,2806,2776,2759,2733,2712,2688,2660,2647,2627,2610
071,17,141,60937,09421,00000,1,A,Polo city,Illinois,2355,2347,2341,2315,2301,2279,2261,2240,2216,2203,2185,2171
071,17,141,99990,09421,00000,1,F,Balance of Buffalo township,Illinois,458,466,465,461,458,454,451,448,444,444,442,439
061,17,141,00000,10253,00000,0,A,Byron township,Illinois,6563,6563,6558,6499,6477,6417,6380,6347,6304,6298,6281,6272
071,17,141,10240,10253,00000,1,A,Byron city (pt.),Illinois,3746,3761,3758,3723,3713,3675,3653,3638,3610,3611,3601,3599
071,17,141,99990,10253,00000,1,F,Balance of Byron township,Illinois,2817,2802,2800,2776,2764,2742,2727,2709,2694,2687,2680,2673
061,17,141,00000,19382,00000,0,A,Dement township,Illinois,989,989,988,987,985,980,975,969,960,958,958,953
071,17,141,17471,19382,00000,1,A,Creston village,Illinois,662,667,666,667,668,664,663,658,649,649,650,647
071,17,141,34982,19382,00000,1,A,Hillcrest village (pt.),Illinois,2,2,2,2,2,2,2,2,2,2,2,2
071,17,141,64746,19382,00000,1,A,Rochelle city (pt.),Illinois,81,81,81,82,80,81,79,79,79,78,78,78
071,17,141,99990,19382,00000,1,F,Balance of Dement township,Illinois,244,239,239,236,235,233,231,230,230,229,228,226
061,17,141,00000,21501,00000,1,A,Eagle Point township,Illinois,227,227,227,225,223,221,220,218,216,217,216,215
061,17,141,00000,26298,00000,0,A,Flagg township,Illinois,13562,13562,13540,13528,13448,13311,13224,13125,13009,12962,12881,12839
071,17,141,34982,26298,00000,1,A,Hillcrest village (pt.),Illinois,1310,1310,1308,1296,1285,1273,1265,1253,1241,1234,1226,1217
071,17,141,64746,26298,00000,1,A,Rochelle city (pt.),Illinois,9493,9493,9474,9495,9436,9335,9269,9195,9105,9069,9002,8974
071,17,141,99990,26298,00000,1,F,Balance of Flagg township,Illinois,2759,2759,2758,2737,2727,2703,2690,2677,2663,2659,2653,2648
061,17,141,00000,27078,00000,0,A,Forreston township,Illinois,2080,2080,2077,2055,2044,2021,2004,1987,1973,1964,1950,1943
071,17,141,27065,27078,00000,1,A,Forreston village (pt.),Illinois,1446,1438,1436,1420,1412,1396,1385,1373,1362,1355,1345,1341
071,17,141,99990,27078,00000,1,F,Balance of Forreston township,Illinois,634,642,641,635,632,625,619,614,611,609,605,602
061,17,141,00000,30718,00000,1,A,Grand Detour township,Illinois,698,695,694,687,684,679,675,669,665,663,660,657
061,17,141,00000,40650,00000,1,A,Lafayette township,Illinois,170,170,170,168,167,166,165,163,162,161,160,162
061,17,141,00000,42470,00000,0,A,Leaf River township,Illinois,1137,1137,1135,1124,1117,1106,1097,1089,1079,1074,1066,1062
071,17,141,42457,42470,00000,1,A,Leaf River village,Illinois,443,443,442,438,434,430,425,422,416,413,410,406
071,17,141,99990,42470,00000,1,F,Balance of Leaf River township,Illinois,694,694,693,686,683,676,672,667,663,661,656,656
061,17,141,00000,43549,00000,1,A,Lincoln township,Illinois,481,481,480,476,473,468,466,462,458,456,453,454
061,17,141,00000,45382,00000,1,A,Lynnville township,Illinois,642,642,641,635,631,625,622,617,614,611,608,607
061,17,141,00000,46903,00000,0,A,Marion township,Illinois,4135,4135,4128,4095,4073,4036,4011,3981,3951,3939,3933,3919
071,17,141,10240,46903,00000,1,A,Byron city (pt.),Illinois,7,17,17,17,17,17,16,16,16,16,16,16
071,17,141,72702,46903,00000,1,A,Stillman Valley village (pt.),Illinois,1120,1120,1118,1108,1099,1088,1079,1069,1057,1053,1056,1053
071,17,141,99990,46903,00000,1,F,Balance of Marion township,Illinois,3008,2998,2993,2970,2957,2931,2916,2896,2878,2870,2861,2850
061,17,141,00000,47358,00000,0,A,Maryland township,Illinois,535,535,534,529,527,521,518,514,511,510,506,506
071,17,141,00295,47358,00000,1,A,Adeline village,Illinois,85,85,85,84,84,83,82,82,81,81,80,80
071,17,141,27065,47358,00000,1,A,Forreston village (pt.),Illinois,0,0,0,0,0,0,0,0,0,0,0,0
071,17,141,99990,47358,00000,1,F,Balance of Maryland township,Illinois,450,450,449,445,443,438,436,432,430,429,426,426
061,17,141,00000,50049,00000,0,A,Monroe township,Illinois,1563,1563,1560,1548,1540,1525,1516,1506,1496,1490,1483,1479
071,17,141,50062,50049,00000,1,A,Monroe Center village,Illinois,471,471,470,466,461,456,454,450,444,442,437,435
071,17,141,99990,50049,00000,1,F,Balance of Monroe township,Illinois,1092,1092,1090,1082,1079,1069,1062,1056,1052,1048,1046,1044
061,17,141,00000,51011,00000,0,A,Mount Morris township,Illinois,3968,3972,3967,3934,3907,3866,3837,3805,3772,3755,3730,3710
071,17,141,50998,51011,00000,1,A,Mount Morris village,Illinois,2998,3009,3003,2979,2958,2926,2903,2876,2849,2833,2812,2794
071,17,141,99990,51011,00000,1,F,Balance of Mount Morris township,Illinois,970,963,964,955,949,940,934,929,923,922,918,916
061,17,141,00000,56504,00000,0,A,Oregon-Nashua township,Illinois,4909,4909,4900,4853,4823,4772,4740,4710,4665,4644,4623,4602
071,17,141,56484,56504,00000,1,A,Oregon city,Illinois,3721,3713,3706,3668,3645,3605,3580,3557,3520,3504,3486,3470
071,17,141,99990,56504,00000,1,F,Balance of Oregon-Nashua township,Illinois,1188,1196,1194,1185,1178,1167,1160,1153,1145,1140,1137,1132
061,17,141,00000,59897,00000,1,A,Pine Creek township,Illinois,758,755,754,749,745,738,733,728,723,721,719,715
061,17,141,00000,59975,00000,1,A,Pine Rock township,Illinois,985,985,983,976,971,962,956,949,942,941,938,933
061,17,141,00000,65182,00000,0,A,Rockvale township,Illinois,1770,1769,1769,1753,1744,1730,1721,1711,1699,1695,1689,1686
071,17,141,10240,65182,00000,1,A,Byron city (pt.),Illinois,A,56,56,55,55,55,54,54,53,53,53,53
071,17,141,99990,65182,00000,1,F,Balance of Rockvale township,Illinois,A,1713,1713,1698,1689,1675,1667,1657,1646,1642,1636,1633
061,17,141,00000,68302,00000,0,A,Scott township,Illinois,3181,3181,3179,3164,3147,3118,3102,3079,3059,3065,3089,3118
071,17,141,18719,68302,00000,1,A,Davis Junction village,Illinois,2373,2362,2361,2354,2341,2318,2307,2292,2277,2283,2312,2344
071,17,141,65000,68302,00000,1,A,Rockford city (pt.),Illinois,A,3,3,3,3,3,3,3,3,3,3,3
071,17,141,72702,68302,00000,1,A,Stillman Valley village (pt.),Illinois,0,0,0,0,0,0,0,0,0,0,0,0
071,17,141,99990,68302,00000,1,F,Balance of Scott township,Illinois,808,816,815,807,803,797,792,784,779,779,774,771
061,17,141,00000,74535,00000,1,A,Taylor township,Illinois,963,959,958,950,945,938,932,927,921,917,915,911
061,17,141,00000,81399,00000,0,A,White Rock township,Illinois,738,738,737,730,726,719,715,709,705,703,698,695
071,17,141,34982,81399,00000,1,A,Hillcrest village (pt.),Illinois,14,6,6,6,6,6,6,6,6,6,6,6
071,17,141,99990,81399,00000,1,F,Balance of White Rock township,Illinois,724,732,731,724,720,713,709,703,699,697,692,689
061,17,141,00000,83492,00000,1,A,Woosung township,Illinois,389,389,388,385,383,379,377,374,373,371,369,367
050,17,143,00000,00000,00000,0,A,Peoria County,Illinois,186494,186496,186222,186754,187317,188643,187512,186481,185043,182525,180620,179179
157,17,143,04039,00000,00000,0,A,Bartonville village,Illinois,6471,6481,6467,6453,6461,6487,6437,6394,6334,6246,6178,6113
157,17,143,04871,00000,00000,0,A,Bellevue village,Illinois,1978,2002,1999,2001,2008,2016,2011,1997,1981,1955,1938,2049
157,17,143,08303,00000,00000,0,A,Brimfield village,Illinois,868,868,869,868,870,875,866,861,852,840,835,828
157,17,143,14117,00000,00000,0,A,Chillicothe city,Illinois,6097,6095,6089,6117,6128,6180,6143,6236,6209,6132,6074,6012
157,17,143,21176,00000,00000,0,A,Dunlap village,Illinois,1386,1500,1497,1502,1505,1518,1510,1501,1493,1475,1458,1448
157,17,143,23698,00000,00000,0,A,Elmwood city,Illinois,2097,2097,2093,2096,2103,2119,2106,2094,2080,2054,2030,2011
157,17,143,25531,00000,00000,0,A,Farmington city (pt.),Illinois,0,0,0,0,0,0,0,0,0,0,0,0
157,17,143,29483,00000,00000,0,A,Glasford village,Illinois,1022,1019,1017,1014,1014,1020,1008,1002,992,976,965,957
157,17,143,32668,00000,00000,0,A,Hanna City village,Illinois,1225,1238,1236,1239,1242,1253,1246,1240,1231,1216,1202,1192
157,17,143,40091,00000,00000,0,A,Kingston Mines village,Illinois,302,302,302,301,302,301,299,295,293,289,286,282
157,17,143,46643,00000,00000,0,A,Mapleton village,Illinois,270,271,271,270,271,270,275,279,277,273,271,269
157,17,143,54404,00000,00000,0,A,Norwood village,Illinois,478,479,478,480,481,484,480,480,476,470,463,459
157,17,143,58447,00000,00000,0,A,Pekin city (pt.),Illinois,0,0,0,0,0,0,0,0,0,0,0,0
157,17,143,59000,00000,00000,0,A,Peoria city,Illinois,115007,115150,114980,115426,115798,116646,115955,115183,114227,112618,111449,110417
157,17,143,59026,00000,00000,0,A,Peoria Heights village (pt.),Illinois,6087,6079,6067,6050,6052,6073,6017,5976,5924,5836,5770,5779
157,17,143,61925,00000,00000,0,A,Princeville village,Illinois,1738,1743,1740,1741,1742,1754,1745,1729,1718,1692,1679,1672
157,17,143,80736,00000,00000,0,A,West Peoria city,Illinois,4458,4699,4691,4698,4710,4740,4697,4663,4619,4552,4501,4455
157,17,143,99990,00000,00000,0,F,Balance of Peoria County,Illinois,37010,36473,36426,36498,36630,36907,36717,36551,36337,35901,35521,35236
061,17,143,00000,00477,00000,0,A,Akron township,Illinois,1068,1066,1064,1066,1068,1077,1072,1063,1057,1042,1033,1029
071,17,143,61925,00477,00000,1,A,Princeville village (pt.),Illinois,703,703,702,704,705,709,707,700,697,687,681,680
071,17,143,99990,00477,00000,1,F,Balance of Akron township,Illinois,365,363,362,362,363,368,365,363,360,355,352,349
061,17,143,00000,08316,00000,0,A,Brimfield township,Illinois,1235,1235,1235,1234,1239,1246,1235,1227,1218,1199,1190,1180
071,17,143,08303,08316,00000,1,A,Brimfield village (pt.),Illinois,868,868,869,868,870,875,866,861,852,840,835,828
071,17,143,99990,08316,00000,1,F,Balance of Brimfield township,Illinois,367,367,366,366,369,371,369,366,366,359,355,352
061,17,143,00000,14130,00000,0,A,Chillicothe township,Illinois,8364,8366,8356,8389,8405,8474,8425,8504,8463,8357,8274,8193
071,17,143,14117,14130,00000,1,A,Chillicothe city (pt.),Illinois,6097,6095,6089,6117,6128,6180,6143,6236,6209,6132,6074,6012
071,17,143,99990,14130,00000,1,F,Balance of Chillicothe township,Illinois,2267,2271,2267,2272,2277,2294,2282,2268,2254,2225,2200,2181
061,17,143,00000,23711,00000,0,A,Elmwood township,Illinois,2598,2598,2593,2598,2606,2625,2608,2596,2578,2545,2516,2493
071,17,143,23698,23711,00000,1,A,Elmwood city,Illinois,2097,2097,2093,2096,2103,2119,2106,2094,2080,2054,2030,2011
071,17,143,99990,23711,00000,1,F,Balance of Elmwood township,Illinois,501,501,500,502,503,506,502,502,498,491,486,482
061,17,143,00000,32304,00000,0,A,Hallock township,Illinois,1600,1598,1595,1599,1605,1616,1610,1600,1591,1572,1554,1541
071,17,143,14117,32304,00000,1,A,Chillicothe city (pt.),Illinois,0,0,0,0,0,0,0,0,0,0,0,0
071,17,143,99990,32304,00000,1,F,Balance of Hallock township,Illinois,1600,1598,1595,1599,1605,1616,1610,1600,1591,1572,1554,1541
061,17,143,00000,35645,00000,0,A,Hollis township,Illinois,1881,1873,1870,1873,1880,1892,1888,1885,1874,1853,1833,1818
071,17,143,04039,35645,00000,1,A,Bartonville village (pt.),Illinois,16,16,16,16,16,16,16,16,16,16,15,15
071,17,143,46643,35645,00000,1,A,Mapleton village,Illinois,270,271,271,270,271,270,275,279,277,273,271,269
071,17,143,58447,35645,00000,1,A,Pekin city (pt.),Illinois,0,0,0,0,0,0,0,0,0,0,0,0
071,17,143,99990,35645,00000,1,F,Balance of Hollis township,Illinois,1595,1586,1583,1587,1593,1606,1597,1590,1581,1564,1547,1534
061,17,143,00000,38765,00000,0,A,Jubilee township,Illinois,1695,1698,1695,1699,1706,1720,1711,1704,1694,1674,1655,1644
071,17,143,08303,38765,00000,1,A,Brimfield village (pt.),Illinois,0,0,0,0,0,0,0,0,0,0,0,0
071,17,143,99990,38765,00000,1,F,Balance of Jubilee township,Illinois,1695,1698,1695,1699,1706,1720,1711,1704,1694,1674,1655,1644
061,17,143,00000,39818,00000,0,A,Kickapoo township,Illinois,7158,7114,7107,7136,7168,7230,7198,7164,7120,7032,6968,6914
071,17,143,59000,39818,00000,1,A,Peoria city (pt.),Illinois,3895,3857,3853,3873,3891,3928,3910,3889,3860,3810,3774,3743
071,17,143,99990,39818,00000,1,F,Balance of Kickapoo township,Illinois,3263,3257,3254,3263,3277,3302,3288,3275,3260,3222,3194,3171
061,17,143,00000,43523,00000,0,A,Limestone township,Illinois,19705,19494,19463,19471,19521,19635,19518,19415,19271,19027,18826,18784
071,17,143,04039,43523,00000,1,A,Bartonville village (pt.),Illinois,6455,6465,6451,6437,6445,6471,6421,6378,6318,6230,6163,6098
071,17,143,04871,43523,00000,1,A,Bellevue village,Illinois,1978,2002,1999,2001,2008,2016,2011,1997,1981,1955,1938,2049
071,17,143,54404,43523,00000,1,A,Norwood village,Illinois,478,479,478,480,481,484,480,480,476,470,463,459
071,17,143,80736,43523,00000,1,A,West Peoria city (pt.),Illinois,A,10,10,10,10,10,10,10,10,10,10,10
071,17,143,99990,43523,00000,1,F,Balance of Limestone township,Illinois,10794,10538,10525,10543,10577,10654,10596,10550,10486,10362,10252,10168
061,17,143,00000,44342,00000,0,A,Logan township,Illinois,3192,3198,3195,3201,3211,3237,3219,3203,3184,3145,3110,3084
071,17,143,32668,44342,00000,1,A,Hanna City village,Illinois,1225,1238,1236,1239,1242,1253,1246,1240,1231,1216,1202,1192
071,17,143,99990,44342,00000,1,F,Balance of Logan township,Illinois,1967,1960,1959,1962,1969,1984,1973,1963,1953,1929,1908,1892
061,17,143,00000,48099,00000,0,A,Medina township,Illinois,12564,12509,12495,12542,12601,12709,12647,12588,12507,12352,12228,12132
071,17,143,59000,48099,00000,1,A,Peoria city (pt.),Illinois,6119,6211,6203,6237,6271,6327,6298,6266,6221,6139,6080,6031
071,17,143,99990,48099,00000,1,F,Balance of Medina township,Illinois,6445,6298,6292,6305,6330,6382,6349,6322,6286,6213,6148,6101
061,17,143,00000,49113,00000,1,A,Millbrook township,Illinois,488,488,487,487,488,493,489,486,483,476,472,468
061,17,143,00000,59013,00000,0,A,Peoria City township,Illinois,104409,104498,104341,104731,105047,105799,105159,104444,103566,102097,101029,100084
071,17,143,59000,59013,00000,1,A,Peoria city (pt.),Illinois,104409,104498,104341,104731,105047,105799,105159,104444,103566,102097,101029,100084
071,17,143,99990,59013,00000,1,F,Balance of Peoria City township,Illinois,0,0,0,0,0,0,0,0,0,0,0,0
061,17,143,00000,61938,00000,0,A,Princeville township,Illinois,1628,1630,1627,1628,1630,1641,1632,1619,1607,1586,1570,1560
071,17,143,61925,61938,00000,1,A,Princeville village (pt.),Illinois,1035,1040,1038,1037,1037,1045,1038,1029,1021,1005,998,992
071,17,143,99990,61938,00000,1,F,Balance of Princeville township,Illinois,593,590,589,591,593,596,594,590,586,581,572,568
061,17,143,00000,62510,00000,0,A,Radnor township,Illinois,3613,3613,3609,3617,3631,3658,3640,3621,3600,3553,3515,3486
071,17,143,21176,62510,00000,1,A,Dunlap village,Illinois,1386,1500,1497,1502,1505,1518,1510,1501,1493,1475,1458,1448
071,17,143,59000,62510,00000,1,A,Peoria city (pt.),Illinois,584,584,583,585,589,592,588,584,580,572,566,559
071,17,143,99990,62510,00000,1,F,Balance of Radnor township,Illinois,1643,1529,1529,1530,1537,1548,1542,1536,1527,1506,1491,1479
061,17,143,00000,63771,00000,0,A,Richwoods township,Illinois,6089,6081,6069,6052,6054,6075,6019,5978,5926,5838,5772,5781
071,17,143,59000,63771,00000,1,A,Peoria city (pt.),Illinois,0,0,0,0,0,0,0,0,0,0,0,0
071,17,143,59026,63771,00000,1,A,Peoria Heights village (pt.),Illinois,6087,6079,6067,6050,6052,6073,6017,5976,5924,5836,5770,5779
071,17,143,99990,63771,00000,1,F,Balance of Richwoods township,Illinois,2,2,2,2,2,2,2,2,2,2,2,2
061,17,143,00000,65715,00000,1,A,Rosefield township,Illinois,1217,1216,1214,1218,1221,1229,1223,1218,1211,1195,1184,1174
061,17,143,00000,75289,00000,0,A,Timber township,Illinois,2511,2511,2507,2504,2511,2524,2504,2489,2468,2435,2407,2385
071,17,143,29483,75289,00000,1,A,Glasford village,Illinois,1022,1019,1017,1014,1014,1020,1008,1002,992,976,965,957
071,17,143,40091,75289,00000,1,A,Kingston Mines village,Illinois,302,302,302,301,302,301,299,295,293,289,286,282
071,17,143,99990,75289,00000,1,F,Balance of Timber township,Illinois,1187,1190,1188,1189,1195,1203,1197,1192,1183,1170,1156,1146
061,17,143,00000,76121,00000,0,A,Trivoli township,Illinois,1021,1021,1019,1021,1025,1033,1028,1024,1016,1005,993,984
071,17,143,25531,76121,00000,1,A,Farmington city (pt.),Illinois,0,0,0,0,0,0,0,0,0,0,0,0
071,17,143,99990,76121,00000,1,F,Balance of Trivoli township,Illinois,1021,1021,1019,1021,1025,1033,1028,1024,1016,1005,993,984
061,17,143,00000,80749,00000,0,A,West Peoria township,Illinois,4458,4689,4681,4688,4700,4730,4687,4653,4609,4542,4491,4445
071,17,143,04039,80749,00000,1,A,Bartonville village (pt.),Illinois,0,0,0,0,0,0,0,0,0,0,0,0
071,17,143,80736,80749,00000,1,A,West Peoria city (pt.),Illinois,4458,4689,4681,4688,4700,4730,4687,4653,4609,4542,4491,4445
071,17,143,99990,80749,00000,1,F,Balance of West Peoria township,Illinois,0,0,0,0,0,0,0,0,0,0,0,0
050,17,145,00000,00000,00000,0,A,Perry County,Illinois,22350,22346,22315,22263,21846,21714,21541,21521,21391,21281,21144,20916
157,17,145,18225,00000,00000,1,A,Cutler village,Illinois,441,441,440,437,434,430,424,424,421,419,417,413
157,17,145,21267,00000,00000,1,A,Du Quoin city,Illinois,6109,6108,6099,6064,6014,5994,5894,5844,5820,5783,5739,5670
157,17,145,59884,00000,00000,1,A,Pinckneyville city,Illinois,5648,5650,5644,5679,5398,5407,5437,5528,5456,5438,5412,5372
157,17,145,66924,00000,00000,1,A,St. Johns village,Illinois,219,219,219,219,217,215,213,212,213,211,211,208
157,17,145,74444,00000,00000,1,A,Tamaroa village,Illinois,638,638,637,635,629,622,616,612,610,608,604,597
157,17,145,81867,00000,00000,1,A,Willisville village,Illinois,633,633,632,628,622,615,609,605,601,600,594,587
157,17,145,99990,00000,00000,1,F,Balance of Perry County,Illinois,8662,8657,8644,8601,8532,8431,8348,8296,8270,8222,8167,8069
050,17,147,00000,00000,00000,0,A,Piatt County,Illinois,16729,16725,16709,16679,16501,16429,16409,16350,16524,16422,16366,16344
157,17,147,02882,00000,00000,0,A,Atwood village (pt.),Illinois,619,617,616,613,606,597,597,592,597,590,584,580
157,17,147,05144,00000,00000,0,A,Bement village,Illinois,1730,1728,1726,1737,1719,1697,1688,1677,1692,1680,1676,1667
157,17,147,12268,00000,00000,0,A,Cerro Gordo village,Illinois,1403,1430,1428,1418,1398,1381,1377,1368,1378,1364,1350,1347
157,17,147,14442,00000,00000,0,A,Cisco village,Illinois,261,256,256,254,251,248,248,247,249,247,243,242
157,17,147,19200,00000,00000,0,A,De Land village,Illinois,446,446,446,445,440,433,432,430,433,430,427,425
157,17,147,32499,00000,00000,0,A,Hammond village,Illinois,509,509,508,503,498,490,489,484,488,484,479,479
157,17,147,37998,00000,00000,0,A,Ivesdale village (pt.),Illinois,0,0,0,0,0,0,0,0,0,0,0,0
157,17,147,46487,00000,00000,0,A,Mansfield village,Illinois,906,1006,1005,997,984,970,965,962,969,959,952,948
157,17,147,50244,00000,00000,0,A,Monticello city,Illinois,5548,5554,5550,5526,5469,5517,5517,5500,5573,5547,5547,5534
157,17,147,99990,00000,00000,0,F,Balance of Piatt County,Illinois,5307,5179,5174,5186,5136,5096,5096,5090,5145,5121,5108,5122
061,17,147,00000,05157,00000,0,A,Bement township,Illinois,1893,1893,1891,1903,1881,1859,1851,1839,1856,1843,1839,1829
071,17,147,05144,05157,00000,1,A,Bement village,Illinois,1730,1728,1726,1737,1719,1697,1688,1677,1692,1680,1676,1667
071,17,147,37998,05157,00000,1,A,Ivesdale village (pt.),Illinois,0,0,0,0,0,0,0,0,0,0,0,0
071,17,147,99990,05157,00000,1,F,Balance of Bement township,Illinois,163,165,165,166,162,162,163,162,164,163,163,162
061,17,147,00000,06808,00000,0,A,Blue Ridge township,Illinois,1480,1480,1479,1470,1454,1435,1431,1426,1437,1425,1417,1414
071,17,147,46487,06808,00000,1,A,Mansfield village,Illinois,906,1006,1005,997,984,970,965,962,969,959,952,948
071,17,147,99990,06808,00000,1,F,Balance of Blue Ridge township,Illinois,574,474,474,473,470,465,466,464,468,466,465,466
061,17,147,00000,12275,00000,0,A,Cerro Gordo township,Illinois,2046,2044,2041,2032,2008,1985,1980,1970,1988,1971,1954,1953
071,17,147,12268,12275,00000,1,A,Cerro Gordo village,Illinois,1403,1430,1428,1418,1398,1381,1377,1368,1378,1364,1350,1347
071,17,147,99990,12275,00000,1,F,Balance of Cerro Gordo township,Illinois,643,614,613,614,610,604,603,602,610,607,604,606
061,17,147,00000,30523,00000,0,A,Goose Creek township,Illinois,790,790,790,789,780,771,769,768,774,770,765,764
071,17,147,19200,30523,00000,1,A,De Land village,Illinois,446,446,446,445,440,433,432,430,433,430,427,425
071,17,147,99990,30523,00000,1,F,Balance of Goose Creek township,Illinois,344,344,344,344,340,338,337,338,341,340,338,339
061,17,147,00000,50257,00000,0,A,Monticello township,Illinois,5906,5906,5901,5880,5820,5863,5862,5845,5922,5892,5892,5880
071,17,147,50244,50257,00000,1,A,Monticello city (pt.),Illinois,5373,5383,5379,5356,5301,5348,5349,5332,5404,5376,5377,5365
071,17,147,99990,50257,00000,1,F,Balance of Monticello township,Illinois,533,523,522,524,519,515,513,513,518,516,515,515
061,17,147,00000,67587,00000,0,A,Sangamon township,Illinois,2357,2357,2355,2361,2338,2320,2323,2319,2344,2335,2329,2336
071,17,147,50244,67587,00000,1,A,Monticello city (pt.),Illinois,175,171,171,170,168,169,168,168,169,171,170,169
071,17,147,99990,67587,00000,1,F,Balance of Sangamon township,Illinois,2182,2186,2184,2191,2170,2151,2155,2151,2175,2164,2159,2167
061,17,147,00000,76888,00000,0,A,Unity township,Illinois,1418,1416,1414,1406,1391,1372,1371,1362,1373,1360,1349,1346
071,17,147,02882,76888,00000,1,A,Atwood village (pt.),Illinois,619,617,616,613,606,597,597,592,597,590,584,580
071,17,147,32499,76888,00000,1,A,Hammond village,Illinois,509,509,508,503,498,490,489,484,488,484,479,479
071,17,147,99990,76888,00000,1,F,Balance of Unity township,Illinois,290,290,290,290,287,285,285,286,288,286,286,287
061,17,147,00000,81906,00000,0,A,Willow Branch township,Illinois,839,839,838,838,829,824,822,821,830,826,821,822
071,17,147,14442,81906,00000,1,A,Cisco village,Illinois,261,256,256,254,251,248,248,247,249,247,243,242
071,17,147,99990,81906,00000,1,F,Balance of Willow Branch township,Illinois,578,583,582,584,578,576,574,574,581,579,578,580
050,17,149,00000,00000,00000,0,A,Pike County,Illinois,16430,16430,16394,16348,16234,16071,15956,15795,15742,15668,15595,15561
157,17,149,03948,00000,00000,0,A,Barry city,Illinois,1318,1318,1315,1313,1303,1289,1275,1269,1264,1260,1250,1247
157,17,149,04247,00000,00000,0,A,Baylis village,Illinois,205,205,204,204,202,200,198,198,197,198,197,196
157,17,149,19681,00000,00000,0,A,Detroit village,Illinois,83,83,83,82,82,81,80,80,80,79,81,81
157,17,149,22957,00000,00000,0,A,El Dara village,Illinois,78,78,78,78,77,76,75,75,75,77,76,76
157,17,149,26480,00000,00000,0,A,Florence village,Illinois,38,38,38,38,37,37,37,37,38,38,38,37
157,17,149,31771,00000,00000,0,A,Griggsville city,Illinois,1226,1226,1223,1217,1208,1193,1182,1176,1171,1163,1154,1150
157,17,149,36516,00000,00000,0,A,Hull village,Illinois,461,461,460,458,455,448,444,442,441,439,434,433
157,17,149,39922,00000,00000,0,A,Kinderhook village,Illinois,216,216,215,215,213,213,211,210,210,208,209,208
157,17,149,49477,00000,00000,0,A,Milton village,Illinois,271,271,270,272,270,267,267,266,265,266,266,266
157,17,149,51882,00000,00000,0,A,Nebo village,Illinois,340,340,339,338,336,332,329,330,331,329,327,328
157,17,149,52311,00000,00000,0,A,New Canton town,Illinois,359,359,358,357,354,353,349,348,349,347,345,346
157,17,149,52805,00000,00000,0,A,New Salem village,Illinois,137,137,137,138,137,136,135,134,134,133,135,134
157,17,149,58343,00000,00000,0,A,Pearl village,Illinois,138,138,138,137,136,135,134,133,133,132,131,132
157,17,149,59156,00000,00000,0,A,Perry village,Illinois,397,397,396,397,394,388,384,388,389,387,383,382
157,17,149,60222,00000,00000,0,A,Pittsfield city,Illinois,4576,4596,4587,4571,4541,4495,4486,4352,4318,4291,4268,4254
157,17,149,60534,00000,00000,0,A,Pleasant Hill village,Illinois,966,964,962,960,953,943,936,933,933,930,926,925
157,17,149,75419,00000,00000,0,A,Time village,Illinois,23,23,23,23,23,22,22,22,22,22,22,22
157,17,149,77187,00000,00000,0,A,Valley City village,Illinois,13,13,13,13,13,13,13,13,12,12,13,13
157,17,149,99990,00000,00000,0,F,Balance of Pike County,Illinois,5585,5567,5555,5537,5500,5450,5399,5389,5380,5357,5340,5331
061,17,149,00000,02791,00000,1,A,Atlas township,Illinois,563,563,562,560,556,550,546,545,543,540,539,539
061,17,149,00000,03974,00000,0,A,Barry township,Illinois,1675,1675,1671,1668,1655,1638,1620,1613,1607,1601,1591,1587
071,17,149,03948,03974,00000,1,A,Barry city (pt.),Illinois,1318,1318,1315,1313,1303,1289,1275,1269,1264,1260,1250,1247
071,17,149,39922,03974,00000,1,A,Kinderhook village (pt.),Illinois,0,0,0,0,0,0,0,0,0,0,0,0
071,17,149,99990,03974,00000,1,F,Balance of Barry township,Illinois,357,357,356,355,352,349,345,344,343,341,341,340
061,17,149,00000,12359,00000,1,A,Chambersburg township,Illinois,200,200,200,199,197,195,193,193,192,191,190,190
061,17,149,00000,14390,00000,1,A,Cincinnati township,Illinois,31,29,29,29,29,28,28,28,28,28,28,27
061,17,149,00000,19577,00000,0,A,Derry township,Illinois,247,247,247,246,244,241,239,238,238,239,237,236
071,17,149,22957,19577,00000,1,A,El Dara village,Illinois,78,78,78,78,77,76,75,75,75,77,76,76
071,17,149,99990,19577,00000,1,F,Balance of Derry township,Illinois,169,169,169,168,167,165,164,163,163,162,161,160
061,17,149,00000,19694,00000,0,A,Detroit township,Illinois,312,312,312,310,309,306,304,303,304,302,302,301
071,17,149,19681,19694,00000,1,A,Detroit village,Illinois,83,83,83,82,82,81,80,80,80,79,81,81
071,17,149,26480,19694,00000,1,A,Florence village,Illinois,38,38,38,38,37,37,37,37,38,38,38,37
071,17,149,99990,19694,00000,1,F,Balance of Detroit township,Illinois,191,191,191,190,190,188,187,186,186,185,183,183
061,17,149,00000,24972,00000,1,A,Fairmount township,Illinois,188,188,188,187,186,185,184,183,182,183,182,183
061,17,149,00000,26415,00000,0,A,Flint township,Illinois,96,91,91,90,90,91,91,90,89,89,89,89
071,17,149,77187,26415,00000,1,A,Valley City village,Illinois,13,13,13,13,13,13,13,13,12,12,13,13
071,17,149,99990,26415,00000,1,F,Balance of Flint township,Illinois,83,78,78,77,77,78,78,77,77,77,76,76
061,17,149,00000,31784,00000,0,A,Griggsville township,Illinois,1430,1435,1431,1425,1414,1397,1384,1378,1372,1365,1355,1350
071,17,149,31771,31784,00000,1,A,Griggsville city,Illinois,1226,1226,1223,1217,1208,1193,1182,1176,1171,1163,1154,1150
071,17,149,99990,31784,00000,1,F,Balance of Griggsville township,Illinois,204,209,208,208,206,204,202,202,201,202,201,200
061,17,149,00000,32070,00000,0,A,Hadley township,Illinois,262,262,261,260,259,256,255,255,254,253,253,252
071,17,149,03948,32070,00000,1,A,Barry city (pt.),Illinois,0,0,0,0,0,0,0,0,0,0,0,0
071,17,149,99990,32070,00000,1,F,Balance of Hadley township,Illinois,262,262,261,260,259,256,255,255,254,253,253,252
061,17,149,00000,32863,00000,0,A,Hardin township,Illinois,212,212,212,211,210,207,205,204,206,205,204,203
071,17,149,75419,32863,00000,1,A,Time village,Illinois,23,23,23,23,23,22,22,22,22,22,22,22
071,17,149,99990,32863,00000,1,F,Balance of Hardin township,Illinois,189,189,189,188,187,185,183,182,184,183,182,181
061,17,149,00000,39935,00000,0,A,Kinderhook township,Illinois,840,842,840,837,831,822,815,811,810,805,800,797
071,17,149,36516,39935,00000,1,A,Hull village,Illinois,461,461,460,458,455,448,444,442,441,439,434,433
071,17,149,39922,39935,00000,1,A,Kinderhook village (pt.),Illinois,216,216,215,215,213,213,211,210,210,208,209,208
071,17,149,99990,39935,00000,1,F,Balance of Kinderhook township,Illinois,163,165,165,164,163,161,160,159,159,158,157,156
061,17,149,00000,43003,00000,1,A,Levee township,Illinois,47,47,47,47,46,46,45,45,45,45,45,45
061,17,149,00000,47241,00000,1,A,Martinsburg township,Illinois,419,419,418,417,416,411,408,406,407,405,405,404
061,17,149,00000,50192,00000,0,A,Montezuma township,Illinois,540,542,540,541,537,534,529,529,528,527,526,527
071,17,149,49477,50192,00000,1,A,Milton village,Illinois,271,271,270,272,270,267,267,266,265,266,266,266
071,17,149,99990,50192,00000,1,F,Balance of Montezuma township,Illinois,269,271,270,269,267,267,262,263,263,261,260,261
061,17,149,00000,52259,00000,0,A,Newburg township,Illinois,949,951,949,946,939,928,923,921,916,912,906,904
071,17,149,60222,52259,00000,1,A,Pittsfield city (pt.),Illinois,446,468,467,466,462,456,456,455,452,450,447,444
071,17,149,99990,52259,00000,1,F,Balance of Newburg township,Illinois,503,483,482,480,477,472,467,466,464,462,459,460
061,17,149,00000,52818,00000,0,A,New Salem township,Illinois,573,573,571,572,567,562,556,557,555,554,554,553
071,17,149,04247,52818,00000,1,A,Baylis village,Illinois,205,205,204,204,202,200,198,198,197,198,197,196
071,17,149,52805,52818,00000,1,A,New Salem village,Illinois,137,137,137,138,137,136,135,134,134,133,135,134
071,17,149,99990,52818,00000,1,F,Balance of New Salem township,Illinois,231,231,230,230,228,226,223,225,224,223,222,223
061,17,149,00000,58356,00000,0,A,Pearl township,Illinois,282,280,280,278,276,274,271,270,271,269,267,268
071,17,149,58343,58356,00000,1,A,Pearl village,Illinois,138,138,138,137,136,135,134,133,133,132,131,132
071,17,149,99990,58356,00000,1,F,Balance of Pearl township,Illinois,144,142,142,141,140,139,137,137,138,137,136,136
061,17,149,00000,59169,00000,0,A,Perry township,Illinois,594,594,593,593,588,580,575,578,578,575,572,571
071,17,149,59156,59169,00000,1,A,Perry village,Illinois,397,397,396,397,394,388,384,388,389,387,383,382
071,17,149,99990,59169,00000,1,F,Balance of Perry township,Illinois,197,197,197,196,194,192,191,190,189,188,189,189
061,17,149,00000,60235,00000,0,A,Pittsfield township,Illinois,4477,4475,4466,4450,4421,4378,4366,4232,4200,4175,4153,4141
071,17,149,60222,60235,00000,1,A,Pittsfield city (pt.),Illinois,4130,4128,4120,4105,4079,4039,4030,3897,3866,3841,3821,3810
071,17,149,99990,60235,00000,1,F,Balance of Pittsfield township,Illinois,347,347,346,345,342,339,336,335,334,334,332,331
061,17,149,00000,60547,00000,0,A,Pleasant Hill township,Illinois,1259,1261,1258,1255,1246,1235,1223,1221,1221,1216,1212,1210
071,17,149,60534,60547,00000,1,A,Pleasant Hill village,Illinois,966,964,962,960,953,943,936,933,933,930,926,925
071,17,149,99990,60547,00000,1,F,Balance of Pleasant Hill township,Illinois,293,297,296,295,293,292,287,288,288,286,286,285
061,17,149,00000,60651,00000,0,A,Pleasant Vale township,Illinois,573,573,571,570,565,562,556,554,555,552,550,549
071,17,149,52311,60651,00000,1,A,New Canton town,Illinois,359,359,358,357,354,353,349,348,349,347,345,346
071,17,149,99990,60651,00000,1,F,Balance of Pleasant Vale township,Illinois,214,214,213,213,211,209,207,206,206,205,205,203
061,17,149,00000,65936,00000,1,A,Ross township,Illinois,70,70,70,70,69,68,68,69,69,68,68,68
061,17,149,00000,71617,00000,0,A,Spring Creek township,Illinois,591,589,587,587,584,577,572,572,572,569,567,567
071,17,149,51882,71617,00000,1,A,Nebo village,Illinois,340,340,339,338,336,332,329,330,331,329,327,328
071,17,149,99990,71617,00000,1,F,Balance of Spring Creek township,Illinois,251,249,248,249,248,245,243,242,241,240,240,239
050,17,151,00000,00000,00000,0,A,Pope County,Illinois,4470,4474,4474,4498,4459,4457,4375,4291,4182,4183,4184,4177
157,17,151,22398,00000,00000,1,A,Eddyville village,Illinois,101,103,103,102,101,102,101,100,98,98,98,98
157,17,151,30133,00000,00000,1,A,Golconda city,Illinois,668,670,670,666,658,661,652,648,634,634,632,631
157,17,151,99990,00000,00000,1,F,Balance of Pope County,Illinois,3701,3701,3701,3730,3700,3694,3622,3543,3450,3451,3454,3448
050,17,153,00000,00000,00000,0,A,Pulaski County,Illinois,6161,6161,6126,5986,5962,5893,5797,5657,5604,5520,5434,5335
157,17,153,39077,00000,00000,1,A,Karnak village,Illinois,499,497,494,485,483,478,468,457,455,447,441,434
157,17,153,50751,00000,00000,1,A,Mound City city,Illinois,588,595,591,575,571,565,554,540,535,526,514,504
157,17,153,50777,00000,00000,1,A,Mounds city,Illinois,810,810,805,784,781,771,757,737,727,715,700,684
157,17,153,52467,00000,00000,1,A,New Grand Chain village,Illinois,210,210,209,204,203,201,198,193,191,188,186,182
157,17,153,55899,00000,00000,1,A,Olmsted village,Illinois,333,333,331,325,324,320,317,309,306,302,298,294
157,17,153,62211,00000,00000,1,A,Pulaski village,Illinois,206,206,205,198,197,195,192,187,185,182,179,175
157,17,153,76615,00000,00000,1,A,Ullin village,Illinois,463,466,463,451,451,444,437,427,422,415,408,400
157,17,153,99990,00000,00000,1,F,Balance of Pulaski County,Illinois,3052,3044,3028,2964,2952,2919,2874,2807,2783,2745,2708,2662
050,17,155,00000,00000,00000,0,A,Putnam County,Illinois,6006,6006,6012,5976,5910,5855,5832,5727,5710,5694,5736,5739
157,17,155,31017,00000,00000,0,A,Granville village,Illinois,1427,1427,1427,1414,1394,1378,1362,1331,1322,1312,1316,1308
157,17,155,34098,00000,00000,0,A,Hennepin village,Illinois,757,759,759,752,742,731,727,712,708,703,706,705
157,17,155,45850,00000,00000,0,A,McNabb village,Illinois,285,285,285,282,279,273,270,265,263,262,261,260
157,17,155,46110,00000,00000,0,A,Magnolia village,Illinois,260,260,260,258,254,249,258,253,249,247,248,248
157,17,155,46981,00000,00000,0,A,Mark village,Illinois,555,557,560,559,558,552,549,540,537,536,539,539
157,17,155,72221,00000,00000,0,A,Standard village,Illinois,220,222,222,220,215,212,211,206,205,204,205,203
157,17,155,99990,00000,00000,0,F,Balance of Putnam County,Illinois,2502,2496,2499,2491,2468,2460,2455,2420,2426,2430,2461,2476
061,17,155,00000,31030,00000,0,A,Granville township,Illinois,2934,2934,2937,2919,2887,2860,2839,2783,2773,2763,2780,2775
071,17,155,31017,31030,00000,1,A,Granville village,Illinois,1427,1427,1427,1414,1394,1378,1362,1331,1322,1312,1316,1308
071,17,155,46981,31030,00000,1,A,Mark village,Illinois,555,557,560,559,558,552,549,540,537,536,539,539
071,17,155,72221,31030,00000,1,A,Standard village,Illinois,220,222,222,220,215,212,211,206,205,204,205,203
071,17,155,99990,31030,00000,1,F,Balance of Granville township,Illinois,732,728,728,726,720,718,717,706,709,711,720,725
061,17,155,00000,34124,00000,0,A,Hennepin township,Illinois,1261,1261,1261,1254,1237,1225,1219,1198,1194,1190,1198,1200
071,17,155,34098,34124,00000,1,A,Hennepin village,Illinois,757,759,759,752,742,731,727,712,708,703,706,705
071,17,155,99990,34124,00000,1,F,Balance of Hennepin township,Illinois,504,502,502,502,495,494,492,486,486,487,492,495
061,17,155,00000,46123,00000,0,A,Magnolia township,Illinois,1066,1066,1068,1060,1049,1037,1042,1025,1021,1018,1026,1028
071,17,155,45850,46123,00000,1,A,McNabb village,Illinois,285,285,285,282,279,273,270,265,263,262,261,260
071,17,155,46110,46123,00000,1,A,Magnolia village,Illinois,260,260,260,258,254,249,258,253,249,247,248,248
071,17,155,99990,46123,00000,1,F,Balance of Magnolia township,Illinois,521,521,523,520,516,515,514,507,509,509,517,520
061,17,155,00000,68627,00000,1,A,Senachwine township,Illinois,745,745,746,743,737,733,732,721,722,723,732,736
050,17,157,00000,00000,00000,0,A,Randolph County,Illinois,33476,33480,33464,33425,33075,33175,33138,32806,32414,32297,32177,31782
157,17,157,03454,00000,00000,1,A,Baldwin village,Illinois,373,373,373,370,365,361,358,354,351,349,345,340
157,17,157,13139,00000,00000,1,A,Chester city,Illinois,8586,8586,8580,8622,8529,8659,8643,8562,8336,8309,8283,8213
157,17,157,16613,00000,00000,1,A,Coulterville village,Illinois,945,945,944,943,930,927,923,916,911,909,906,895
157,17,157,23503,00000,00000,1,A,Ellis Grove village,Illinois,363,370,370,370,364,362,360,358,355,355,353,348
157,17,157,24608,00000,00000,1,A,Evansville village,Illinois,701,701,703,703,693,687,682,673,667,662,658,647
157,17,157,39129,00000,00000,1,A,Kaskaskia village,Illinois,14,14,14,14,14,13,13,13,13,13,13,13
157,17,157,59104,00000,00000,1,A,Percy village,Illinois,970,978,977,973,961,958,953,942,937,934,931,919
157,17,157,61639,00000,00000,1,A,Prairie du Rocher village,Illinois,604,604,603,600,593,590,583,577,572,569,566,558
157,17,157,63043,00000,00000,1,A,Red Bud city,Illinois,3698,3697,3696,3684,3637,3621,3604,3571,3547,3536,3528,3480
157,17,157,65221,00000,00000,1,A,Rockwood village,Illinois,42,42,42,42,41,41,41,40,40,40,42,41
157,17,157,66287,00000,00000,1,A,Ruma village,Illinois,317,316,316,316,319,317,317,314,312,310,308,304
157,17,157,71448,00000,00000,1,A,Sparta city,Illinois,4302,4302,4301,4293,4306,4362,4460,4411,4375,4353,4334,4273
157,17,157,72468,00000,00000,1,A,Steeleville village,Illinois,2083,2084,2082,2067,2036,2024,2009,1987,1969,1961,1952,1925
157,17,157,75263,00000,00000,1,A,Tilden village,Illinois,934,934,933,932,918,915,911,901,896,895,892,881
157,17,157,99990,00000,00000,1,F,Balance of Randolph County,Illinois,9544,9534,9530,9496,9369,9338,9281,9187,9133,9102,9066,8945
050,17,159,00000,00000,00000,0,A,Richland County,Illinois,16233,16233,16194,16190,16134,16008,16020,15957,15829,15837,15695,15513
157,17,159,10448,00000,00000,0,A,Calhoun village,Illinois,172,172,172,171,171,169,170,169,167,168,168,166
157,17,159,14533,00000,00000,0,A,Claremont village,Illinois,176,174,173,173,174,171,171,173,171,171,170,170
157,17,159,53143,00000,00000,0,A,Noble village,Illinois,677,674,672,676,673,666,666,661,658,656,650,641
157,17,159,55912,00000,00000,0,A,Olney city,Illinois,9115,9094,9072,9065,9034,8965,8970,8929,8859,8859,8778,8674
157,17,159,57693,00000,00000,0,A,Parkersburg village,Illinois,199,208,207,207,208,207,207,206,205,205,203,200
157,17,159,99990,00000,00000,0,F,Balance of Richland County,Illinois,5894,5911,5898,5898,5874,5830,5836,5819,5769,5778,5726,5662
061,17,159,00000,07289,00000,1,A,Bonpas township,Illinois,390,390,389,389,387,384,384,383,380,380,376,372
061,17,159,00000,14546,00000,0,A,Claremont township,Illinois,855,855,852,854,852,846,847,848,840,843,838,831
071,17,159,14533,14546,00000,1,A,Claremont village,Illinois,176,174,173,173,174,171,171,173,171,171,170,170
071,17,159,99990,14546,00000,1,F,Balance of Claremont township,Illinois,679,681,679,681,678,675,676,675,669,672,668,661
061,17,159,00000,18862,00000,1,A,Decker township,Illinois,406,406,405,405,403,400,400,398,395,395,392,385
061,17,159,00000,19486,00000,1,A,Denver township,Illinois,411,411,410,409,408,405,403,401,397,398,392,387
061,17,159,00000,29028,00000,1,A,German township,Illinois,341,341,340,340,338,336,338,337,334,334,331,328
061,17,159,00000,46006,00000,0,A,Madison township,Illinois,819,819,817,815,815,808,810,806,799,800,795,785
071,17,159,10448,46006,00000,1,A,Calhoun village,Illinois,172,172,172,171,171,169,170,169,167,168,168,166
071,17,159,57693,46006,00000,1,A,Parkersburg village,Illinois,199,208,207,207,208,207,207,206,205,205,203,200
071,17,159,99990,46006,00000,1,F,Balance of Madison township,Illinois,448,439,438,437,436,432,433,431,427,427,424,419
061,17,159,00000,53156,00000,0,A,Noble township,Illinois,1430,1430,1426,1429,1421,1410,1409,1401,1391,1390,1375,1358
071,17,159,53143,53156,00000,1,A,Noble village,Illinois,677,674,672,676,673,666,666,661,658,656,650,641
071,17,159,99990,53156,00000,1,F,Balance of Noble township,Illinois,753,756,754,753,748,744,743,740,733,734,725,717
061,17,159,00000,55925,00000,0,A,Olney township,Illinois,10334,10334,10309,10303,10267,10186,10192,10148,10067,10068,9976,9859
071,17,159,55912,55925,00000,1,A,Olney city,Illinois,9115,9094,9072,9065,9034,8965,8970,8929,8859,8859,8778,8674
071,17,159,99990,55925,00000,1,F,Balance of Olney township,Illinois,1219,1240,1237,1238,1233,1221,1222,1219,1208,1209,1198,1185
061,17,159,00000,61847,00000,1,A,Preston township,Illinois,1247,1247,1246,1246,1243,1233,1237,1235,1226,1229,1220,1208
050,17,161,00000,00000,00000,0,A,Rock Island County,Illinois,147546,147541,147610,147457,147672,147650,147035,146094,144943,143828,142621,141879
157,17,161,01426,00000,00000,0,A,Andalusia village,Illinois,1178,1170,1173,1179,1190,1190,1184,1180,1169,1162,1154,1148
157,17,161,11150,00000,00000,0,A,Carbon Cliff village,Illinois,2134,2079,2080,2070,2069,2060,2048,2029,2008,1990,1970,1957
157,17,161,15235,00000,00000,0,A,Coal Valley village (pt.),Illinois,3585,3625,3631,3638,3665,3680,3690,3683,3663,3650,3627,3616
157,17,161,16366,00000,00000,0,A,Cordova village,Illinois,672,676,676,674,675,675,677,669,662,655,649,645
157,17,161,22073,00000,00000,0,A,East Moline city,Illinois,21302,21311,21313,21405,21558,21649,21555,21335,21140,20963,20771,20645
157,17,161,32564,00000,00000,0,A,Hampton village,Illinois,1863,1832,1833,1831,1832,1829,1820,1803,1784,1770,1752,1742
157,17,161,35073,00000,00000,0,A,Hillsdale village,Illinois,523,517,517,518,520,519,517,515,510,508,506,505
157,17,161,49009,00000,00000,0,A,Milan village,Illinois,5099,5193,5197,5188,5191,5183,5171,5139,5089,5063,5017,4991
157,17,161,49867,00000,00000,0,A,Moline city,Illinois,43483,43440,43469,43253,43214,43088,42825,42622,42238,41917,41566,41356
157,17,161,54703,00000,00000,0,A,Oak Grove village,Illinois,396,595,595,595,598,597,596,595,594,593,592,591
157,17,161,61223,00000,00000,0,A,Port Byron village,Illinois,1647,1642,1645,1651,1658,1655,1649,1642,1629,1623,1613,1607
157,17,161,62822,00000,00000,0,A,Rapids City village,Illinois,959,961,964,958,961,964,962,968,962,961,960,967
157,17,161,63420,00000,00000,0,A,Reynolds village (pt.),Illinois,511,515,515,511,511,510,505,501,494,490,484,481
157,17,161,65078,00000,00000,0,A,Rock Island city,Illinois,39018,38985,38978,38979,38932,38896,38778,38530,38160,37812,37431,37176
157,17,161,69979,00000,00000,0,A,Silvis city,Illinois,7479,7514,7519,7496,7531,7606,7560,7490,7581,7515,7479,7475
157,17,161,99990,00000,00000,0,F,Balance of Rock Island County,Illinois,17697,17486,17505,17511,17567,17549,17498,17393,17260,17156,17050,16977
061,17,161,00000,01439,00000,0,A,Andalusia township,Illinois,2299,2299,2305,2312,2326,2324,2317,2306,2287,2274,2261,2251
071,17,161,01426,01439,00000,1,A,Andalusia village,Illinois,1178,1170,1173,1179,1190,1190,1184,1180,1169,1162,1154,1148
071,17,161,99990,01439,00000,1,F,Balance of Andalusia township,Illinois,1121,1129,1132,1133,1136,1134,1133,1126,1118,1112,1107,1103
061,17,161,00000,06301,00000,0,A,Blackhawk township,Illinois,10019,10014,10022,10013,10025,10015,9991,9933,9845,9784,9702,9650
071,17,161,49009,06301,00000,1,A,Milan village (pt.),Illinois,5079,5186,5190,5181,5184,5176,5164,5132,5082,5056,5010,4984
071,17,161,49867,06301,00000,1,A,Moline city (pt.),Illinois,84,0,0,0,0,2,2,2,4,4,4,4
071,17,161,54703,06301,00000,1,A,Oak Grove village (pt.),Illinois,37,43,43,43,43,43,43,42,42,42,41,41
071,17,161,65078,06301,00000,1,A,Rock Island city (pt.),Illinois,2836,2821,2822,2822,2823,2821,2816,2803,2777,2755,2728,2711
071,17,161,99990,06301,00000,1,F,Balance of Blackhawk township,Illinois,1983,1964,1967,1967,1975,1973,1966,1954,1940,1927,1919,1910
061,17,161,00000,07549,00000,0,A,Bowling township,Illinois,3414,3414,3417,3418,3429,3428,3417,3399,3376,3357,3337,3326
071,17,161,49009,07549,00000,1,A,Milan village (pt.),Illinois,20,7,7,7,7,7,7,7,7,7,7,7
071,17,161,54703,07549,00000,1,A,Oak Grove village (pt.),Illinois,359,552,552,552,555,554,553,553,552,551,551,550
071,17,161,63420,07549,00000,1,A,Reynolds village (pt.),Illinois,0,0,0,0,0,0,0,0,0,0,0,0
071,17,161,99990,07549,00000,1,F,Balance of Bowling township,Illinois,3035,2855,2858,2859,2867,2867,2857,2839,2817,2799,2779,2769
061,17,161,00000,09512,00000,1,A,Buffalo Prairie township,Illinois,824,824,824,826,829,827,823,819,813,809,804,800
061,17,161,00000,10955,00000,0,A,Canoe Creek township,Illinois,711,711,711,711,713,714,712,708,701,698,694,692
071,17,161,35073,10955,00000,1,A,Hillsdale village,Illinois,523,517,517,518,520,519,517,515,510,508,506,505
071,17,161,99990,10955,00000,1,F,Balance of Canoe Creek township,Illinois,188,194,194,193,193,195,195,193,191,190,188,187
061,17,161,00000,15248,00000,0,A,Coal Valley township,Illinois,4408,4406,4412,4421,4448,4462,4470,4459,4431,4414,4385,4370
071,17,161,15235,15248,00000,1,A,Coal Valley village (pt.),Illinois,3585,3625,3631,3638,3665,3680,3690,3683,3663,3650,3627,3616
071,17,161,49867,15248,00000,1,A,Moline city (pt.),Illinois,37,26,26,26,26,26,26,26,25,25,25,25
071,17,161,99990,15248,00000,1,F,Balance of Coal Valley township,Illinois,786,755,755,757,757,756,754,750,743,739,733,729
061,17,161,00000,15326,00000,0,A,Coe township,Illinois,1657,1661,1664,1664,1672,1669,1663,1654,1642,1634,1624,1618
071,17,161,61223,15326,00000,1,A,Port Byron village (pt.),Illinois,379,376,376,378,380,380,378,377,374,374,373,371
071,17,161,99990,15326,00000,1,F,Balance of Coe township,Illinois,1278,1285,1288,1286,1292,1289,1285,1277,1268,1260,1251,1247
061,17,161,00000,16379,00000,0,A,Cordova township,Illinois,896,896,896,893,896,897,895,887,878,870,862,857
071,17,161,16366,16379,00000,1,A,Cordova village (pt.),Illinois,561,561,561,559,560,561,561,554,548,542,537,534
071,17,161,99990,16379,00000,1,F,Balance of Cordova township,Illinois,335,335,335,334,336,336,334,333,330,328,325,323
061,17,161,00000,20825,00000,1,A,Drury township,Illinois,797,797,797,797,800,798,797,790,785,779,775,771
061,17,161,00000,22632,00000,0,A,Edgington township,Illinois,1508,1507,1507,1505,1507,1505,1497,1487,1471,1462,1449,1441
071,17,161,63420,22632,00000,1,A,Reynolds village (pt.),Illinois,511,515,515,511,511,510,505,501,494,490,484,481
071,17,161,99990,22632,00000,1,F,Balance of Edgington township,Illinois,997,992,992,994,996,995,992,986,977,972,965,960
061,17,161,00000,32577,00000,0,A,Hampton township,Illinois,21711,21710,21725,21706,21746,21800,21693,21532,21497,21335,21193,21128
071,17,161,11150,32577,00000,1,A,Carbon Cliff village,Illinois,2134,2079,2080,2070,2069,2060,2048,2029,2008,1990,1970,1957
071,17,161,22073,32577,00000,1,A,East Moline city (pt.),Illinois,6253,6281,6280,6301,6293,6282,6253,6208,6150,6102,6051,6016
071,17,161,32564,32577,00000,1,A,Hampton village,Illinois,1863,1832,1833,1831,1832,1829,1820,1803,1784,1770,1752,1742
071,17,161,62822,32577,00000,1,A,Rapids City village (pt.),Illinois,949,951,954,948,951,954,952,958,952,951,950,957
071,17,161,69979,32577,00000,1,A,Silvis city,Illinois,7479,7514,7519,7496,7531,7606,7560,7490,7581,7515,7479,7475
071,17,161,99990,32577,00000,1,F,Balance of Hampton township,Illinois,3033,3053,3059,3060,3070,3069,3060,3044,3022,3007,2991,2981
061,17,161,00000,49880,00000,0,A,Moline township,Illinois,23529,23545,23557,23431,23401,23322,23171,23051,22834,22650,22453,22332
071,17,161,49867,49880,00000,1,A,Moline city (pt.),Illinois,23472,23493,23505,23379,23349,23270,23119,23000,22783,22600,22403,22282
071,17,161,65078,49880,00000,1,A,Rock Island city (pt.),Illinois,55,50,50,50,50,50,50,49,49,48,48,48
071,17,161,99990,49880,00000,1,S,Balance of Moline township,Illinois,2,2,2,2,2,2,2,2,2,2,2,2
061,17,161,00000,61236,00000,0,A,Port Byron township,Illinois,1446,1441,1444,1448,1453,1449,1446,1439,1428,1420,1410,1405
071,17,161,16366,61236,00000,1,A,Cordova village (pt.),Illinois,111,115,115,115,115,114,116,115,114,113,112,111
071,17,161,61223,61236,00000,1,A,Port Byron village (pt.),Illinois,1268,1266,1269,1273,1278,1275,1271,1265,1255,1249,1240,1236
071,17,161,62822,61236,00000,1,A,Rapids City village (pt.),Illinois,10,10,10,10,10,10,10,10,10,10,10,10
071,17,161,99990,61236,00000,1,F,Balance of Port Byron township,Illinois,57,50,50,50,50,50,49,49,49,48,48,48
061,17,161,00000,65091,00000,0,A,Rock Island township,Illinois,17776,17804,17798,17812,17785,17772,17709,17592,17427,17276,17112,17000
071,17,161,49867,65091,00000,1,A,Moline city (pt.),Illinois,0,0,0,0,0,0,0,0,0,0,0,0
071,17,161,65078,65091,00000,1,A,Rock Island city (pt.),Illinois,17629,17657,17651,17665,17638,17626,17563,17445,17281,17131,16968,16857
071,17,161,99990,65091,00000,1,S,Balance of Rock Island township,Illinois,147,147,147,147,147,146,146,147,146,145,144,143
061,17,161,00000,66300,00000,1,A,Rural township,Illinois,988,990,990,992,995,993,991,985,977,972,966,961
061,17,161,00000,70993,00000,0,A,South Moline township,Illinois,36399,36397,36418,36397,36554,36605,36423,36155,35838,35559,35254,35067
071,17,161,22073,70993,00000,1,A,East Moline city (pt.),Illinois,15046,15027,15030,15101,15262,15364,15299,15124,14987,14858,14717,14626
071,17,161,49867,70993,00000,1,A,Moline city (pt.),Illinois,19890,19921,19938,19848,19839,19790,19678,19594,19426,19288,19134,19045
071,17,161,65078,70993,00000,1,A,Rock Island city (pt.),Illinois,196,192,192,191,191,191,190,189,189,185,184,183
071,17,161,99990,70993,00000,1,F,Balance of South Moline township,Illinois,1267,1257,1258,1257,1262,1260,1256,1248,1236,1228,1219,1213
061,17,161,00000,71201,00000,0,A,South Rock Island township,Illinois,18407,18370,18368,18356,18335,18313,18265,18149,17968,17796,17605,17479
071,17,161,65078,71201,00000,1,A,Rock Island city (pt.),Illinois,18302,18265,18263,18251,18230,18208,18159,18044,17864,17693,17503,17377
071,17,161,99990,71201,00000,1,F,Balance of South Rock Island township,Illinois,105,105,105,105,105,105,106,105,104,103,102,102
061,17,161,00000,84246,00000,0,A,Zuma township,Illinois,757,755,755,755,758,757,755,749,745,739,735,731
071,17,161,22073,84246,00000,1,A,East Moline city (pt.),Illinois,3,3,3,3,3,3,3,3,3,3,3,3
071,17,161,99990,84246,00000,1,F,Balance of Zuma township,Illinois,754,752,752,752,755,754,752,746,742,736,732,728
050,17,163,00000,00000,00000,0,A,St. Clair County,Illinois,270056,270078,270353,270048,268673,266831,265941,264858,263187,262600,261360,259686
157,17,163,00958,00000,00000,0,A,Alorton village,Illinois,2002,2034,2033,2017,1998,1978,1963,1947,1937,1932,1920,1901
157,17,163,04845,00000,00000,0,A,Belleville city,Illinois,44478,44301,44288,43922,43503,43036,42679,42235,41873,41683,41341,40897
157,17,163,08667,00000,00000,0,A,Brooklyn village,Illinois,749,749,748,742,734,728,722,717,711,710,704,698
157,17,163,10370,00000,00000,0,A,Cahokia village,Illinois,15241,15238,15227,15073,14902,14720,14574,14407,14279,14189,14052,13880
157,17,163,11644,00000,00000,0,A,Caseyville village,Illinois,4245,4211,4262,4224,4184,4132,4102,4065,4038,4058,4099,4110
157,17,163,12203,00000,00000,0,A,Centreville city,Illinois,5309,5327,5326,5280,5227,5171,5136,5089,5042,5009,4959,4897
157,17,163,15599,00000,00000,0,A,Collinsville city (pt.),Illinois,3006,2974,2972,2940,2912,2880,2851,2821,2796,2799,2771,2743
157,17,163,15833,00000,00000,0,A,Columbia city (pt.),Illinois,35,36,36,36,35,37,37,37,36,36,36,36
157,17,163,21254,00000,00000,0,A,Dupo village (pt.),Illinois,4138,4179,4176,4145,4109,4063,4030,3995,3970,3952,3921,3877
157,17,163,21618,00000,00000,0,A,East Carondelet village,Illinois,499,504,504,499,494,493,489,484,480,478,476,473
157,17,163,22255,00000,00000,0,A,East St. Louis city,Illinois,27006,26935,26906,26719,26621,26562,26639,26754,26829,26650,26382,26047
157,17,163,24933,00000,00000,0,A,Fairmont City village (pt.),Illinois,2588,2582,2580,2560,2533,2508,2490,2470,2456,2447,2432,2408
157,17,163,25141,00000,00000,0,A,Fairview Heights city,Illinois,17078,17078,17100,17054,16969,16887,16877,16821,16696,16620,16488,16303
157,17,163,25713,00000,00000,0,A,Fayetteville village,Illinois,366,366,366,362,359,355,352,348,345,344,341,339
157,17,163,27806,00000,00000,0,A,Freeburg village,Illinois,4354,4400,4402,4421,4403,4355,4333,4302,4283,4292,4268,4242
157,17,163,33877,00000,00000,0,A,Hecker village (pt.),Illinois,0,0,0,0,0,0,0,0,0,0,0,0
157,17,163,42496,00000,00000,0,A,Lebanon city,Illinois,4418,4452,4462,4482,4449,4426,4688,4924,4324,4308,4274,4238
157,17,163,42860,00000,00000,0,A,Lenzburg village,Illinois,521,518,518,513,510,504,500,497,495,493,491,487
157,17,163,45993,00000,00000,0,A,Madison city (pt.),Illinois,0,0,0,0,0,0,0,0,0,0,0,0
157,17,163,46955,00000,00000,0,A,Marissa village,Illinois,1979,1978,1977,1957,1934,1909,1890,1869,1854,1843,1828,1806
157,17,163,47423,00000,00000,0,A,Mascoutah city,Illinois,7483,7509,7551,7669,7874,7882,7876,7993,7992,8013,8036,7994
157,17,163,49386,00000,00000,0,A,Millstadt village,Illinois,4011,4011,4016,4000,3967,3951,3948,3925,3907,3897,3884,3857
157,17,163,52116,00000,00000,0,A,New Athens village,Illinois,2054,2060,2061,2040,2020,1996,1977,1954,1937,1926,1908,1884
157,17,163,52142,00000,00000,0,A,New Baden village (pt.),Illinois,237,237,237,237,235,232,230,228,226,227,223,221
157,17,163,55249,00000,00000,0,A,O'Fallon city,Illinois,28281,28759,28797,29407,29311,29199,29128,29098,29153,29320,29557,29583
157,17,163,66989,00000,00000,0,A,St. Libory village,Illinois,615,614,614,612,608,606,605,605,611,608,609,603
157,17,163,67756,00000,00000,0,A,Sauget village,Illinois,159,181,181,179,177,175,174,172,171,170,168,168
157,17,163,69524,00000,00000,0,A,Shiloh village,Illinois,12651,12557,12598,12851,12977,13029,13078,13113,13121,13128,13131,13586
157,17,163,70252,00000,00000,0,A,Smithton village,Illinois,3693,3743,3751,3781,3791,3784,3789,3785,3784,3820,3835,3816
157,17,163,73547,00000,00000,0,A,Summerfield village,Illinois,451,431,431,427,422,418,414,410,407,402,401,395
157,17,163,74119,00000,00000,0,A,Swansea village,Illinois,13430,13454,13595,13725,13768,13717,13659,13572,13544,13511,13456,13350
157,17,163,79085,00000,00000,0,A,Washington Park village,Illinois,4196,4196,4192,4146,4102,4059,4027,3985,3965,3942,3907,3865
157,17,163,99990,00000,00000,0,F,Balance of St. Clair County,Illinois,54783,54464,54446,54028,53545,53039,52684,52236,51925,51793,51462,50982
061,17,163,00000,04845,00000,0,F,Belleville city,Illinois,A,44301,44288,43922,43503,43036,42679,42235,41873,41683,41341,40897
071,17,163,04845,04845,00000,1,A,Belleville city,Illinois,A,44301,44288,43922,43503,43036,42679,42235,41873,41683,41341,40897
061,17,163,00000,10968,00000,0,A,Canteen township,Illinois,10263,10268,10274,10183,10082,9980,9911,9821,9765,9732,9674,9588
071,17,163,11644,10968,00000,1,A,Caseyville village (pt.),Illinois,931,892,904,896,889,877,871,864,859,865,875,878
071,17,163,15599,10968,00000,1,A,Collinsville city (pt.),Illinois,23,0,0,0,0,0,0,0,0,0,0,0
071,17,163,24933,10968,00000,1,A,Fairmont City village (pt.),Illinois,2588,2582,2580,2560,2533,2508,2490,2470,2456,2447,2432,2408
071,17,163,25141,10968,00000,1,A,Fairview Heights city (pt.),Illinois,787,787,788,785,781,776,775,770,764,760,754,744
071,17,163,45993,10968,00000,1,A,Madison city (pt.),Illinois,0,0,0,0,0,0,0,0,0,0,0,0
071,17,163,79085,10968,00000,1,A,Washington Park village,Illinois,4196,4196,4192,4146,4102,4059,4027,3985,3965,3942,3907,3865
071,17,163,99990,10968,00000,1,F,Balance of Canteen township,Illinois,1738,1811,1810,1796,1777,1760,1748,1732,1721,1718,1706,1693
061,17,163,00000,11657,00000,0,A,Caseyville township,Illinois,31996,31980,32052,32059,31872,31674,31581,31440,31274,31254,31169,30972
071,17,163,11644,11657,00000,1,A,Caseyville village (pt.),Illinois,3314,3319,3358,3328,3295,3255,3231,3201,3179,3193,3224,3232
071,17,163,15599,11657,00000,1,A,Collinsville city (pt.),Illinois,2983,2974,2972,2940,2912,2880,2851,2821,2796,2799,2771,2743
071,17,163,25141,11657,00000,1,A,Fairview Heights city (pt.),Illinois,15775,15766,15787,15744,15666,15593,15583,15535,15420,15351,15229,15062
071,17,163,55249,11657,00000,1,A,O'Fallon city (pt.),Illinois,5749,5805,5814,5942,5925,5903,5892,5891,5905,5944,5998,6006
071,17,163,69524,11657,00000,1,A,Shiloh village (pt.),Illinois,392,393,395,400,401,402,404,402,402,402,402,415
071,17,163,74119,11657,00000,1,A,Swansea village (pt.),Illinois,237,274,277,280,281,279,278,275,274,274,272,270
071,17,163,99990,11657,00000,1,F,Balance of Caseyville township,Illinois,3546,3449,3449,3425,3392,3362,3342,3315,3298,3291,3273,3244
061,17,163,00000,12210,00000,0,A,Centreville township,Illinois,25386,25489,25474,25236,24963,24678,24463,24208,24005,23870,23652,23373
071,17,163,00958,12210,00000,1,A,Alorton village,Illinois,2002,2034,2033,2017,1998,1978,1963,1947,1937,1932,1920,1901
071,17,163,10370,12210,00000,1,A,Cahokia village (pt.),Illinois,15241,15238,15227,15073,14902,14720,14574,14407,14279,14189,14052,13880
071,17,163,12203,12210,00000,1,A,Centreville city,Illinois,5309,5327,5326,5280,5227,5171,5136,5089,5042,5009,4959,4897
071,17,163,67756,12210,00000,1,A,Sauget village,Illinois,159,181,181,179,177,175,174,172,171,170,168,168
071,17,163,99990,12210,00000,1,F,Balance of Centreville township,Illinois,2675,2709,2707,2687,2659,2634,2616,2593,2576,2570,2553,2527
061,17,163,00000,22268,00000,0,B,East St. Louis township,Illinois,27006,26935,26906,26719,26621,26562,26639,26754,26829,26650,26382,26047
071,17,163,22255,22268,00000,1,A,East St. Louis city,Illinois,27006,26935,26906,26719,26621,26562,26639,26754,26829,26650,26382,26047
061,17,163,00000,24205,00000,1,A,Engelmann township,Illinois,726,726,725,719,711,704,700,693,687,686,680,673
061,17,163,00000,25726,00000,0,A,Fayetteville township,Illinois,1668,1668,1668,1655,1644,1630,1620,1612,1610,1604,1597,1582
071,17,163,25713,25726,00000,1,A,Fayetteville village,Illinois,366,366,366,362,359,355,352,348,345,344,341,339
071,17,163,66989,25726,00000,1,A,St. Libory village,Illinois,615,614,614,612,608,606,605,605,611,608,609,603
071,17,163,99990,25726,00000,1,F,Balance of Fayetteville township,Illinois,687,688,688,681,677,669,663,659,654,652,647,640
061,17,163,00000,27819,00000,0,A,Freeburg township,Illinois,5109,5118,5119,5126,5095,5042,5012,4974,4951,4954,4927,4891
071,17,163,27806,27819,00000,1,A,Freeburg village (pt.),Illinois,3742,3770,3772,3789,3772,3731,3712,3685,3670,3677,3656,3634
071,17,163,47423,27819,00000,1,A,Mascoutah city (pt.),Illinois,0,0,0,0,0,0,0,0,0,0,0,0
071,17,163,99990,27819,00000,1,F,Balance of Freeburg township,Illinois,1367,1348,1347,1337,1323,1311,1300,1289,1281,1277,1271,1257
061,17,163,00000,42509,00000,0,A,Lebanon township,Illinois,4538,4533,4541,4548,4512,4481,4730,4953,4352,4334,4302,4265
071,17,163,42496,42509,00000,1,A,Lebanon city (pt.),Illinois,3425,3465,3473,3490,3464,3443,3702,3935,3342,3330,3304,3277
071,17,163,73547,42509,00000,1,A,Summerfield village,Illinois,451,431,431,427,422,418,414,410,407,402,401,395
071,17,163,99990,42509,00000,1,F,Balance of Lebanon township,Illinois,662,637,637,631,626,620,614,608,603,602,597,593
061,17,163,00000,42873,00000,0,A,Lenzburg township,Illinois,1047,1047,1047,1039,1031,1021,1015,1007,1003,1003,999,990
071,17,163,42860,42873,00000,1,A,Lenzburg village,Illinois,521,518,518,513,510,504,500,497,495,493,491,487
071,17,163,52116,42873,00000,1,A,New Athens village (pt.),Illinois,0,2,2,2,2,2,2,2,2,2,2,2
071,17,163,99990,42873,00000,1,F,Balance of Lenzburg township,Illinois,526,527,527,524,519,515,513,508,506,508,506,501
061,17,163,00000,46968,00000,0,A,Marissa township,Illinois,2468,2468,2467,2442,2414,2386,2363,2337,2318,2305,2288,2261
071,17,163,46955,46968,00000,1,A,Marissa village,Illinois,1979,1978,1977,1957,1934,1909,1890,1869,1854,1843,1828,1806
071,17,163,99990,46968,00000,1,F,Balance of Marissa township,Illinois,489,490,490,485,480,477,473,468,464,462,460,455
061,17,163,00000,47436,00000,0,A,Mascoutah township,Illinois,8217,8217,8259,8372,8571,8570,8561,8671,8665,8684,8702,8653
071,17,163,42496,47436,00000,1,A,Lebanon city (pt.),Illinois,A,0,0,0,0,0,0,0,0,0,0,0
071,17,163,47423,47436,00000,1,A,Mascoutah city (pt.),Illinois,7483,7509,7551,7669,7874,7882,7876,7993,7992,8013,8036,7994
071,17,163,52142,47436,00000,1,A,New Baden village (pt.),Illinois,237,237,237,237,235,232,230,228,226,227,223,221
071,17,163,99990,47436,00000,1,F,Balance of Mascoutah township,Illinois,497,471,471,466,462,456,455,450,447,444,443,438
061,17,163,00000,49399,00000,0,A,Millstadt township,Illinois,6718,6721,6724,6686,6628,6585,6564,6519,6485,6467,6437,6385
071,17,163,49386,49399,00000,1,A,Millstadt village,Illinois,4011,4011,4016,4000,3967,3951,3948,3925,3907,3897,3884,3857
071,17,163,99990,49399,00000,1,F,Balance of Millstadt township,Illinois,2707,2710,2708,2686,2661,2634,2616,2594,2578,2570,2553,2528
061,17,163,00000,52129,00000,0,A,New Athens township,Illinois,2657,2659,2660,2633,2607,2579,2555,2526,2507,2493,2470,2442
071,17,163,52116,52129,00000,1,A,New Athens village (pt.),Illinois,2054,2058,2059,2038,2018,1994,1975,1952,1935,1924,1906,1882
071,17,163,99990,52129,00000,1,F,Balance of New Athens township,Illinois,603,601,601,595,589,585,580,574,572,569,564,560
061,17,163,00000,55262,00000,0,A,O'Fallon township,Illinois,26053,26074,26106,26574,26467,26358,26288,26245,26266,26386,26549,26540
071,17,163,42496,55262,00000,1,A,Lebanon city (pt.),Illinois,993,987,989,992,985,983,986,989,982,978,970,961
071,17,163,55249,55262,00000,1,A,O'Fallon city (pt.),Illinois,22532,22954,22983,23465,23386,23296,23236,23207,23248,23376,23559,23577
071,17,163,69524,55262,00000,1,A,Shiloh village (pt.),Illinois,23,20,20,20,20,21,21,21,21,20,20,21
071,17,163,99990,55262,00000,1,F,Balance of O'Fallon township,Illinois,2505,2113,2114,2097,2076,2058,2045,2028,2015,2012,2000,1981
061,17,163,00000,61600,00000,0,A,Prairie Du Long township,Illinois,2244,2241,2242,2245,2235,2224,2217,2205,2198,2206,2203,2188
071,17,163,33877,61600,00000,1,A,Hecker village (pt.),Illinois,0,0,0,0,0,0,0,0,0,0,0,0
071,17,163,70252,61600,00000,1,A,Smithton village (pt.),Illinois,1130,1136,1138,1148,1150,1148,1149,1148,1147,1158,1161,1157
071,17,163,99990,61600,00000,1,F,Balance of Prairie Du Long township,Illinois,1114,1105,1104,1097,1085,1076,1068,1057,1051,1048,1042,1031
061,17,163,00000,66729,00000,0,A,St. Clair township,Illinois,35498,35754,35910,36048,35955,35782,35639,35432,35315,35246,35096,35099
071,17,163,25141,66729,00000,1,A,Fairview Heights city (pt.),Illinois,516,525,525,525,522,518,519,516,512,509,505,497
071,17,163,69524,66729,00000,1,A,Shiloh village (pt.),Illinois,6611,6698,6719,6848,6859,6883,6895,6896,6895,6899,6896,7144
071,17,163,74119,66729,00000,1,A,Swansea village (pt.),Illinois,13193,13180,13318,13445,13487,13438,13381,13297,13270,13237,13184,13080
071,17,163,99990,66729,00000,1,F,Balance of St. Clair township,Illinois,15178,15351,15348,15230,15087,14943,14844,14723,14638,14601,14511,14378
061,17,163,00000,69550,00000,0,A,Shiloh Valley township,Illinois,11631,11607,11621,11698,11791,11760,11757,11743,11718,11707,11676,11817
071,17,163,47423,69550,00000,1,A,Mascoutah city (pt.),Illinois,0,0,0,0,0,0,0,0,0,0,0,0
071,17,163,55249,69550,00000,1,A,O'Fallon city (pt.),Illinois,0,0,0,0,0,0,0,0,0,0,0,0
071,17,163,69524,69550,00000,1,A,Shiloh village (pt.),Illinois,5625,5446,5464,5583,5697,5723,5758,5794,5803,5807,5813,6006
071,17,163,99990,69550,00000,1,F,Balance of Shiloh Valley township,Illinois,6006,6161,6157,6115,6094,6037,5999,5949,5915,5900,5863,5811
061,17,163,00000,70265,00000,0,A,Smithton township,Illinois,4275,4295,4300,4315,4311,4290,4285,4269,4260,4284,4285,4257
071,17,163,27806,70265,00000,1,A,Freeburg village (pt.),Illinois,612,630,630,632,631,624,621,617,613,615,612,608
071,17,163,70252,70265,00000,1,A,Smithton village (pt.),Illinois,2563,2607,2613,2633,2641,2636,2640,2637,2637,2662,2674,2659
071,17,163,99990,70265,00000,1,F,Balance of Smithton township,Illinois,1100,1058,1057,1050,1039,1030,1024,1015,1010,1007,999,990
061,17,163,00000,72741,00000,0,A,Stites township,Illinois,749,749,748,742,734,728,722,717,711,710,704,698
071,17,163,08667,72741,00000,1,A,Brooklyn village,Illinois,749,749,748,742,734,728,722,717,711,710,704,698
071,17,163,24933,72741,00000,1,A,Fairmont City village (pt.),Illinois,0,0,0,0,0,0,0,0,0,0,0,0
071,17,163,45993,72741,00000,1,A,Madison city (pt.),Illinois,0,0,0,0,0,0,0,0,0,0,0,0
071,17,163,99990,72741,00000,1,F,Balance of Stites township,Illinois,0,0,0,0,0,0,0,0,0,0,0,0
061,17,163,00000,72988,00000,1,A,Stookey township,Illinois,10007,9903,9899,9819,9723,9627,9558,9475,9414,9384,9317,9225
061,17,163,00000,73456,00000,0,A,Sugar Loaf township,Illinois,7322,7325,7323,7268,7203,7134,7082,7022,6981,6958,6910,6843
071,17,163,10370,73456,00000,1,A,Cahokia village (pt.),Illinois,0,0,0,0,0,0,0,0,0,0,0,0
071,17,163,15833,73456,00000,1,A,Columbia city (pt.),Illinois,35,36,36,36,35,37,37,37,36,36,36,36
071,17,163,21254,73456,00000,1,A,Dupo village (pt.),Illinois,4138,4179,4176,4145,4109,4063,4030,3995,3970,3952,3921,3877
071,17,163,21618,73456,00000,1,A,East Carondelet village,Illinois,499,504,504,499,494,493,489,484,480,478,476,473
071,17,163,99990,73456,00000,1,F,Balance of Sugar Loaf township,Illinois,2650,2606,2607,2588,2565,2541,2526,2506,2495,2492,2477,2457
050,17,165,00000,00000,00000,0,A,Saline County,Illinois,24913,24915,24902,24907,24914,24803,24496,24495,24230,23963,23789,23491
157,17,165,11397,00000,00000,0,A,Carrier Mills village,Illinois,1653,1653,1653,1651,1651,1644,1623,1621,1603,1585,1573,1552
157,17,165,23009,00000,00000,0,A,Eldorado city,Illinois,4122,4148,4147,4146,4147,4128,4076,4077,4032,3987,3959,3910
157,17,165,28261,00000,00000,0,A,Galatia village,Illinois,933,933,932,932,932,928,917,918,906,897,890,880
157,17,165,33136,00000,00000,0,A,Harrisburg city,Illinois,9017,9025,9020,9022,9023,8983,8874,8874,8778,8682,8619,8513
157,17,165,51271,00000,00000,0,A,Muddy village,Illinois,68,69,69,69,69,69,68,68,67,64,64,63
157,17,165,62588,00000,00000,0,A,Raleigh village,Illinois,350,350,350,349,350,348,344,343,340,336,333,329
157,17,165,72884,00000,00000,0,A,Stonefort village (pt.),Illinois,130,130,130,130,130,129,128,129,128,127,126,124
157,17,165,99990,00000,00000,0,F,Balance of Saline County,Illinois,8640,8607,8601,8608,8612,8574,8466,8465,8376,8285,8225,8120
061,17,165,00000,09122,00000,1,A,Brushy township,Illinois,766,766,765,765,765,762,752,751,743,735,729,718
061,17,165,00000,11404,00000,0,A,Carrier Mills township,Illinois,2322,2326,2325,2326,2325,2316,2286,2286,2260,2235,2218,2191
071,17,165,11397,11404,00000,1,A,Carrier Mills village,Illinois,1653,1653,1653,1651,1651,1644,1623,1621,1603,1585,1573,1552
071,17,165,99990,11404,00000,1,F,Balance of Carrier Mills township,Illinois,669,673,672,675,674,672,663,665,657,650,645,639
061,17,165,00000,16535,00000,1,A,Cottage township,Illinois,219,219,219,217,217,216,213,213,210,208,207,204
061,17,165,00000,21709,00000,0,A,East Eldorado township,Illinois,5906,5910,5908,5908,5911,5885,5810,5811,5750,5685,5646,5575
071,17,165,23009,21709,00000,1,A,Eldorado city,Illinois,4122,4148,4147,4146,4147,4128,4076,4077,4032,3987,3959,3910
071,17,165,99990,21709,00000,1,F,Balance of East Eldorado township,Illinois,1784,1762,1761,1762,1764,1757,1734,1734,1718,1698,1687,1665
061,17,165,00000,28274,00000,0,A,Galatia township,Illinois,1230,1230,1229,1231,1231,1225,1211,1211,1198,1186,1179,1165
071,17,165,28261,28274,00000,1,A,Galatia village,Illinois,933,933,932,932,932,928,917,918,906,897,890,880
071,17,165,99990,28274,00000,1,F,Balance of Galatia township,Illinois,297,297,297,299,299,297,294,293,292,289,289,285
061,17,165,00000,33149,00000,0,A,Harrisburg township,Illinois,10790,10783,10777,10781,10781,10734,10603,10603,10488,10373,10297,10170
071,17,165,33136,33149,00000,1,A,Harrisburg city,Illinois,9017,9025,9020,9022,9023,8983,8874,8874,8778,8682,8619,8513
071,17,165,51271,33149,00000,1,A,Muddy village,Illinois,68,69,69,69,69,69,68,68,67,64,64,63
071,17,165,99990,33149,00000,1,F,Balance of Harrisburg township,Illinois,1705,1689,1688,1690,1689,1682,1661,1661,1643,1627,1614,1594
061,17,165,00000,37205,00000,1,A,Independence township,Illinois,1118,1118,1117,1117,1119,1114,1100,1099,1087,1075,1068,1053
061,17,165,00000,44485,00000,1,A,Long Branch township,Illinois,248,248,248,248,250,247,246,246,243,240,238,235
061,17,165,00000,50803,00000,1,A,Mountain township,Illinois,357,359,359,358,358,357,352,352,346,342,339,335
061,17,165,00000,62601,00000,0,A,Raleigh township,Illinois,1186,1185,1184,1185,1186,1180,1166,1165,1155,1142,1133,1119
071,17,165,62588,62601,00000,1,A,Raleigh village,Illinois,350,350,350,349,350,348,344,343,340,336,333,329
071,17,165,99990,62601,00000,1,F,Balance of Raleigh township,Illinois,836,835,834,836,836,832,822,822,815,806,800,790
061,17,165,00000,63030,00000,1,A,Rector township,Illinois,65,65,65,65,65,65,64,64,63,64,63,63
061,17,165,00000,72897,00000,0,A,Stonefort township,Illinois,408,408,408,408,408,406,401,402,398,394,391,385
071,17,165,72884,72897,00000,1,A,Stonefort village (pt.),Illinois,130,130,130,130,130,129,128,129,128,127,126,124
071,17,165,99990,72897,00000,1,F,Balance of Stonefort township,Illinois,278,278,278,278,278,277,273,273,270,267,265,261
061,17,165,00000,74509,00000,1,A,Tate township,Illinois,298,298,298,298,298,296,292,292,289,284,281,278
050,17,167,00000,00000,00000,0,A,Sangamon County,Illinois,197465,197465,197769,199038,199404,199141,199184,198898,198026,197072,195639,194672
157,17,167,02921,00000,00000,0,A,Auburn city,Illinois,4771,4813,4817,4832,4824,4814,4812,4784,4751,4707,4667,4623
157,17,167,05443,00000,00000,0,A,Berlin village,Illinois,180,176,176,179,178,178,177,177,177,176,174,174
157,17,167,09434,00000,00000,0,A,Buffalo village,Illinois,503,499,499,501,500,499,498,495,491,489,485,480
157,17,167,11033,00000,00000,0,A,Cantrall village,Illinois,139,139,139,140,139,139,139,138,137,138,137,133
157,17,167,12684,00000,00000,0,A,Chatham village,Illinois,11500,11732,11781,11956,12076,12188,12340,12465,12587,12775,12812,13008
157,17,167,14845,00000,00000,0,A,Clear Lake village,Illinois,229,223,223,224,226,225,225,226,224,222,222,220
157,17,167,18147,00000,00000,0,A,Curran village,Illinois,212,212,212,213,213,214,214,212,213,211,209,207
157,17,167,18745,00000,00000,0,A,Dawson village,Illinois,509,505,505,507,506,505,501,499,495,491,486,482
157,17,167,20045,00000,00000,0,A,Divernon village,Illinois,1172,1173,1174,1175,1172,1166,1161,1153,1142,1130,1117,1105
157,17,167,30835,00000,00000,0,A,Grandview village,Illinois,1441,1444,1445,1450,1450,1446,1442,1434,1424,1412,1398,1383
157,17,167,37127,00000,00000,0,A,Illiopolis village,Illinois,891,891,892,895,894,891,886,879,870,861,850,842
157,17,167,38375,00000,00000,0,A,Jerome village,Illinois,1656,1694,1695,1697,1691,1682,1676,1661,1645,1628,1608,1588
157,17,167,42769,00000,00000,0,A,Leland Grove city,Illinois,1503,1495,1507,1555,1552,1547,1539,1528,1515,1498,1480,1464
157,17,167,44173,00000,00000,0,A,Loami village,Illinois,745,743,744,753,757,759,762,762,761,762,754,750
157,17,167,48021,00000,00000,0,A,Mechanicsburg village,Illinois,590,595,598,605,609,609,615,639,653,664,668,661
157,17,167,52168,00000,00000,0,A,New Berlin village,Illinois,1346,1348,1354,1356,1364,1360,1356,1351,1349,1337,1331,1333
157,17,167,58174,00000,00000,0,A,Pawnee village,Illinois,2739,2749,2751,2762,2759,2751,2741,2731,2713,2693,2664,2640
157,17,167,60599,00000,00000,0,A,Pleasant Plains village,Illinois,802,801,802,807,806,806,806,804,803,801,796,791
157,17,167,64486,00000,00000,0,A,Riverton village,Illinois,3455,3466,3471,3494,3498,3494,3507,3500,3483,3482,3460,3434
157,17,167,64759,00000,00000,0,A,Rochester village,Illinois,3689,3695,3709,3752,3769,3768,3768,3772,3759,3743,3722,3709
157,17,167,69342,00000,00000,0,A,Sherman village,Illinois,4148,4148,4169,4262,4332,4407,4507,4593,4678,4713,4691,4679
157,17,167,70759,00000,00000,0,A,Southern View village,Illinois,1642,1662,1663,1664,1661,1654,1646,1636,1620,1604,1587,1570
157,17,167,71474,00000,00000,0,A,Spaulding village,Illinois,873,867,868,870,870,864,867,865,862,860,857,849
157,17,167,72000,00000,00000,0,A,Springfield city,Illinois,116250,116996,117138,117786,117928,117633,117489,117221,116536,115771,114840,114230
157,17,167,74860,00000,00000,0,A,Thayer village,Illinois,693,693,694,696,695,691,689,683,678,670,664,655
157,17,167,78149,00000,00000,0,A,Virden city (pt.),Illinois,151,157,157,158,157,157,157,156,155,153,152,150
157,17,167,81854,00000,00000,0,A,Williamsville village,Illinois,1476,1473,1477,1484,1490,1491,1489,1489,1490,1493,1491,1485
157,17,167,99990,00000,00000,0,F,Balance of Sangamon County,Illinois,34160,33076,33109,33265,33288,33203,33175,33045,32815,32588,32317,32027
061,17,167,00000,02928,00000,0,A,Auburn township,Illinois,6333,6333,6339,6361,6351,6334,6329,6293,6249,6189,6136,6075
071,17,167,02921,02928,00000,1,A,Auburn city,Illinois,4771,4813,4817,4832,4824,4814,4812,4784,4751,4707,4667,4623
071,17,167,74860,02928,00000,1,A,Thayer village,Illinois,693,693,694,696,695,691,689,683,678,670,664,655
071,17,167,78149,02928,00000,1,A,Virden city (pt.),Illinois,151,157,157,158,157,157,157,156,155,153,152,150
071,17,167,99990,02928,00000,1,F,Balance of Auburn township,Illinois,718,670,671,675,675,672,671,670,665,659,653,647
061,17,167,00000,03506,00000,0,A,Ball township,Illinois,6701,6567,6590,6673,6727,6774,6840,6888,6931,7002,7006,7078
071,17,167,12684,03506,00000,1,A,Chatham village (pt.),Illinois,4891,5072,5094,5170,5223,5272,5339,5393,5447,5528,5544,5629
071,17,167,99990,03506,00000,1,F,Balance of Ball township,Illinois,1810,1495,1496,1503,1504,1502,1501,1495,1484,1474,1462,1449
061,17,167,00000,09486,00000,1,A,Buffalo Hart township,Illinois,173,173,173,174,174,173,175,174,172,171,169,168
061,17,167,00000,11046,00000,0,A,Capital township,Illinois,115756,116825,116967,117613,117755,117460,117317,117050,116364,115600,114669,114061
071,17,167,72000,11046,00000,1,A,Springfield city (pt.),Illinois,115756,116825,116967,117613,117755,117460,117317,117050,116364,115600,114669,114061
061,17,167,00000,11579,00000,0,A,Cartwright township,Illinois,1482,1482,1484,1491,1491,1489,1490,1484,1478,1470,1461,1450
071,17,167,60599,11579,00000,1,A,Pleasant Plains village,Illinois,802,801,802,807,806,806,806,804,803,801,796,791
071,17,167,99990,11579,00000,1,F,Balance of Cartwright township,Illinois,680,681,682,684,685,683,684,680,675,669,665,659
061,17,167,00000,12697,00000,0,A,Chatham township,Illinois,6978,6997,7024,7124,7193,7255,7339,7411,7476,7580,7598,7706
071,17,167,12684,12697,00000,1,A,Chatham village (pt.),Illinois,6609,6657,6684,6783,6850,6913,6998,7069,7137,7244,7265,7376
071,17,167,99990,12697,00000,1,F,Balance of Chatham township,Illinois,369,340,340,341,343,342,341,342,339,336,333,330
061,17,167,00000,14858,00000,0,A,Clear Lake township,Illinois,8527,8520,8532,8577,8586,8570,8583,8562,8517,8490,8436,8371
071,17,167,14845,14858,00000,1,A,Clear Lake village,Illinois,229,223,223,224,226,225,225,226,224,222,222,220
071,17,167,64486,14858,00000,1,A,Riverton village,Illinois,3455,3466,3471,3494,3498,3494,3507,3500,3483,3482,3460,3434
071,17,167,71474,14858,00000,1,A,Spaulding village,Illinois,873,867,868,870,870,864,867,865,862,860,857,849
071,17,167,99990,14858,00000,1,F,Balance of Clear Lake township,Illinois,3970,3964,3970,3989,3992,3987,3984,3971,3948,3926,3897,3868
061,17,167,00000,16223,00000,1,A,Cooper township,Illinois,893,893,894,899,901,898,898,893,889,882,876,868
061,17,167,00000,16574,00000,1,A,Cotton Hill township,Illinois,902,908,909,914,913,912,910,907,901,893,887,879
061,17,167,00000,18160,00000,0,A,Curran township,Illinois,1586,1586,1587,1597,1598,1595,1596,1589,1580,1571,1558,1544
071,17,167,12684,18160,00000,1,A,Chatham village (pt.),Illinois,A,0,0,0,0,0,0,0,0,0,0,0
071,17,167,18147,18160,00000,1,A,Curran village,Illinois,212,212,212,213,213,214,214,212,213,211,209,207
071,17,167,99990,18160,00000,1,F,Balance of Curran township,Illinois,1374,1374,1375,1384,1385,1381,1382,1377,1367,1360,1349,1337
061,17,167,00000,20058,00000,0,A,Divernon township,Illinois,1510,1510,1511,1513,1510,1505,1499,1490,1476,1461,1445,1430
071,17,167,20045,20058,00000,1,A,Divernon village,Illinois,1172,1173,1174,1175,1172,1166,1161,1153,1142,1130,1117,1105
071,17,167,99990,20058,00000,1,F,Balance of Divernon township,Illinois,338,337,337,338,338,339,338,337,334,331,328,325
061,17,167,00000,25323,00000,0,A,Fancy Creek township,Illinois,5410,5410,5430,5517,5579,5638,5717,5782,5841,5860,5829,5800
071,17,167,11033,25323,00000,1,A,Cantrall village,Illinois,139,139,139,140,139,139,139,138,137,138,137,133
071,17,167,69342,25323,00000,1,A,Sherman village (pt.),Illinois,3442,3445,3463,3539,3599,3659,3740,3811,3882,3910,3893,3882
071,17,167,99990,25323,00000,1,F,Balance of Fancy Creek township,Illinois,1829,1826,1828,1838,1841,1840,1838,1833,1822,1812,1799,1785
061,17,167,00000,28651,00000,0,A,Gardner township,Illinois,4245,4279,4285,4303,4306,4297,4296,4277,4248,4220,4183,4145
071,17,167,72000,28651,00000,1,A,Springfield city (pt.),Illinois,0,0,0,0,0,0,0,0,0,0,0,0
071,17,167,99990,28651,00000,1,F,Balance of Gardner township,Illinois,4245,4279,4285,4303,4306,4297,4296,4277,4248,4220,4183,4145
061,17,167,00000,37140,00000,0,A,Illiopolis township,Illinois,1314,1314,1315,1320,1321,1314,1308,1301,1289,1276,1261,1250
071,17,167,37127,37140,00000,1,A,Illiopolis village,Illinois,891,891,892,895,894,891,886,879,870,861,850,842
071,17,167,99990,37140,00000,1,F,Balance of Illiopolis township,Illinois,423,423,423,425,427,423,422,422,419,415,411,408
061,17,167,00000,37881,00000,0,A,Island Grove township,Illinois,621,621,621,626,624,623,621,621,615,610,607,600
071,17,167,05443,37881,00000,1,A,Berlin village,Illinois,180,176,176,179,178,178,177,177,177,176,174,174
071,17,167,99990,37881,00000,1,F,Balance of Island Grove township,Illinois,441,445,445,447,446,445,444,444,438,434,433,426
061,17,167,00000,41976,00000,1,A,Lanesville township,Illinois,208,208,208,209,209,208,210,209,207,205,203,202
061,17,167,00000,44186,00000,0,A,Loami township,Illinois,1070,1070,1071,1081,1085,1086,1088,1089,1085,1084,1073,1066
071,17,167,44173,44186,00000,1,A,Loami village,Illinois,745,743,744,753,757,759,762,762,761,762,754,750
071,17,167,99990,44186,00000,1,F,Balance of Loami township,Illinois,325,327,327,328,328,327,326,327,324,322,319,316
061,17,167,00000,47618,00000,1,A,Maxwell township,Illinois,193,193,193,194,194,193,192,191,190,188,187,185
061,17,167,00000,48034,00000,0,A,Mechanicsburg township,Illinois,2293,2293,2297,2310,2314,2309,2311,2326,2327,2326,2315,2293
071,17,167,09434,48034,00000,1,A,Buffalo village,Illinois,503,499,499,501,500,499,498,495,491,489,485,480
071,17,167,18745,48034,00000,1,A,Dawson village,Illinois,509,505,505,507,506,505,501,499,495,491,486,482
071,17,167,48021,48034,00000,1,A,Mechanicsburg village,Illinois,590,595,598,605,609,609,615,639,653,664,668,661
071,17,167,99990,48034,00000,1,F,Balance of Mechanicsburg township,Illinois,691,694,695,697,699,696,697,693,688,682,676,670
061,17,167,00000,52181,00000,0,A,New Berlin township,Illinois,1524,1524,1530,1533,1541,1536,1531,1526,1522,1509,1503,1504
071,17,167,52168,52181,00000,1,A,New Berlin village,Illinois,1346,1348,1354,1356,1364,1360,1356,1351,1349,1337,1331,1333
071,17,167,99990,52181,00000,1,F,Balance of New Berlin township,Illinois,178,176,176,177,177,176,175,175,173,172,172,171
061,17,167,00000,58187,00000,0,A,Pawnee township,Illinois,3058,3058,3060,3072,3069,3060,3051,3037,3019,2997,2965,2938
071,17,167,58174,58187,00000,1,A,Pawnee village,Illinois,2739,2749,2751,2762,2759,2751,2741,2731,2713,2693,2664,2640
071,17,167,99990,58187,00000,1,F,Balance of Pawnee township,Illinois,319,309,309,310,310,309,310,306,306,304,301,298
061,17,167,00000,64772,00000,0,A,Rochester township,Illinois,5361,5302,5317,5368,5388,5382,5380,5378,5353,5326,5292,5265
071,17,167,64759,64772,00000,1,A,Rochester village,Illinois,3689,3695,3709,3752,3769,3768,3768,3772,3759,3743,3722,3709
071,17,167,72000,64772,00000,1,A,Springfield city (pt.),Illinois,A,2,2,2,2,2,2,2,2,2,2,2
071,17,167,99990,64772,00000,1,F,Balance of Rochester township,Illinois,1672,1605,1606,1614,1617,1612,1610,1604,1592,1581,1568,1554
061,17,167,00000,72013,00000,0,A,Springfield township,Illinois,6245,5729,5733,5759,5759,5742,5731,5704,5665,5624,5573,5519
071,17,167,30835,72013,00000,1,A,Grandview village,Illinois,1441,1444,1445,1450,1450,1446,1442,1434,1424,1412,1398,1383
071,17,167,69342,72013,00000,1,A,Sherman village (pt.),Illinois,8,8,8,8,8,8,9,9,9,9,9,9
071,17,167,72000,72013,00000,1,A,Springfield city (pt.),Illinois,481,168,168,170,170,170,169,168,169,168,168,166
071,17,167,99990,72013,00000,1,F,Balance of Springfield township,Illinois,4315,4109,4112,4131,4131,4118,4111,4093,4063,4035,3998,3961
061,17,167,00000,74340,00000,1,A,Talkington township,Illinois,189,189,189,190,190,189,188,187,186,185,183,181
061,17,167,00000,81776,00000,0,A,Williams township,Illinois,3446,3446,3454,3485,3502,3514,3529,3539,3545,3547,3528,3509
071,17,167,69342,81776,00000,1,A,Sherman village (pt.),Illinois,698,695,698,715,725,740,758,773,787,794,789,788
071,17,167,81854,81776,00000,1,A,Williamsville village,Illinois,1476,1473,1477,1484,1490,1491,1489,1489,1490,1493,1491,1485
071,17,167,99990,81776,00000,1,F,Balance of Williams township,Illinois,1272,1278,1279,1286,1287,1283,1282,1277,1268,1260,1248,1236
061,17,167,00000,83310,00000,0,A,Woodside township,Illinois,11447,11035,11056,11135,11124,11085,11055,10990,10901,10806,10696,10585
071,17,167,12684,83310,00000,1,A,Chatham village (pt.),Illinois,A,3,3,3,3,3,3,3,3,3,3,3
071,17,167,38375,83310,00000,1,A,Jerome village,Illinois,1656,1694,1695,1697,1691,1682,1676,1661,1645,1628,1608,1588
071,17,167,42769,83310,00000,1,A,Leland Grove city,Illinois,1503,1495,1507,1555,1552,1547,1539,1528,1515,1498,1480,1464
071,17,167,70759,83310,00000,1,A,Southern View village,Illinois,1642,1662,1663,1664,1661,1654,1646,1636,1620,1604,1587,1570
071,17,167,72000,83310,00000,1,A,Springfield city (pt.),Illinois,13,1,1,1,1,1,1,1,1,1,1,1
071,17,167,99990,83310,00000,1,F,Balance of Woodside township,Illinois,6633,6180,6187,6215,6216,6198,6190,6161,6117,6072,6017,5959
050,17,169,00000,00000,00000,0,A,Schuyler County,Illinois,7544,7544,7535,7464,7456,7392,7261,7151,7030,6948,6870,6768
157,17,169,08953,00000,00000,0,A,Browning village,Illinois,137,137,137,135,135,134,132,129,127,126,124,123
157,17,169,10695,00000,00000,0,A,Camden village,Illinois,86,86,86,85,85,84,83,81,80,81,80,78
157,17,169,44056,00000,00000,0,A,Littleton village,Illinois,181,181,181,179,179,177,174,171,168,166,162,160
157,17,169,66339,00000,00000,0,A,Rushville city,Illinois,3192,3199,3196,3163,3159,3130,3072,3021,2964,2928,2892,2847
157,17,169,99990,00000,00000,0,F,Balance of Schuyler County,Illinois,3948,3941,3935,3902,3898,3867,3800,3749,3691,3647,3612,3560
061,17,169,00000,03350,00000,1,A,Bainbridge township,Illinois,639,639,638,634,633,627,616,606,598,591,584,575
061,17,169,00000,06132,00000,1,A,Birmingham township,Illinois,151,151,151,149,149,148,145,144,142,140,139,137
061,17,169,00000,08693,00000,1,A,Brooklyn township,Illinois,216,216,215,214,213,211,208,204,201,198,196,193
061,17,169,00000,08966,00000,0,A,Browning township,Illinois,399,396,395,391,391,387,379,372,366,362,358,352
071,17,169,08953,08966,00000,1,A,Browning village,Illinois,137,137,137,135,135,134,132,129,127,126,124,123
071,17,169,99990,08966,00000,1,F,Balance of Browning township,Illinois,262,259,258,256,256,253,247,243,239,236,234,229
061,17,169,00000,09395,00000,0,A,Buena Vista township,Illinois,1849,1849,1846,1832,1830,1818,1789,1768,1741,1724,1708,1687
071,17,169,66339,09395,00000,1,A,Rushville city (pt.),Illinois,1024,1033,1031,1021,1020,1011,992,977,957,945,933,920
071,17,169,99990,09395,00000,1,F,Balance of Buena Vista township,Illinois,825,816,815,811,810,807,797,791,784,779,775,767
061,17,169,00000,10708,00000,0,A,Camden township,Illinois,229,229,229,226,226,224,220,216,213,212,210,206
071,17,169,10695,10708,00000,1,A,Camden village,Illinois,86,86,86,85,85,84,83,81,80,81,80,78
071,17,169,99990,10708,00000,1,F,Balance of Camden township,Illinois,143,143,143,141,141,140,137,135,133,131,130,128
061,17,169,00000,27793,00000,1,A,Frederick township,Illinois,176,179,179,177,177,175,172,169,166,162,160,158
061,17,169,00000,34462,00000,1,A,Hickory township,Illinois,154,154,154,152,152,151,148,146,143,140,138,136
061,17,169,00000,36776,00000,1,A,Huntsville township,Illinois,150,150,150,148,148,147,144,142,138,136,134,132
061,17,169,00000,44069,00000,0,A,Littleton township,Illinois,336,336,336,332,332,329,323,318,312,308,304,300
071,17,169,44056,44069,00000,1,A,Littleton village,Illinois,181,181,181,179,179,177,174,171,168,166,162,160
071,17,169,99990,44069,00000,1,F,Balance of Littleton township,Illinois,155,155,155,153,153,152,149,147,144,142,142,140
061,17,169,00000,54794,00000,1,A,Oakland township,Illinois,135,139,139,137,138,136,134,133,130,129,127,127
061,17,169,00000,66352,00000,0,A,Rushville township,Illinois,2722,2718,2716,2688,2684,2659,2610,2566,2520,2490,2460,2420
071,17,169,66339,66352,00000,1,A,Rushville city (pt.),Illinois,2168,2166,2165,2142,2139,2119,2080,2044,2007,1983,1959,1927
071,17,169,99990,66352,00000,1,F,Balance of Rushville township,Illinois,554,552,551,546,545,540,530,522,513,507,501,493
061,17,169,00000,83362,00000,1,A,Woodstock township,Illinois,388,388,387,384,383,380,373,367,360,356,352,345
050,17,171,00000,00000,00000,0,A,Scott County,Illinois,5355,5355,5327,5229,5287,5211,5170,5110,5052,4983,4927,4951
157,17,171,00997,00000,00000,1,A,Alsey village,Illinois,227,227,226,222,224,221,219,217,214,212,209,210
157,17,171,06899,00000,00000,1,A,Bluffs village,Illinois,715,715,711,698,706,694,689,680,673,664,654,659
157,17,171,24699,00000,00000,1,A,Exeter village,Illinois,65,65,65,63,64,63,63,62,61,61,60,60
157,17,171,29496,00000,00000,1,A,Glasgow village,Illinois,141,141,140,138,139,137,136,136,133,133,132,132
157,17,171,46331,00000,00000,1,A,Manchester village,Illinois,292,292,290,285,288,284,282,279,276,272,269,269
157,17,171,51661,00000,00000,1,A,Naples town,Illinois,130,130,129,127,128,127,126,124,123,119,118,119
157,17,171,82270,00000,00000,1,A,Winchester city,Illinois,1593,1593,1585,1555,1571,1549,1535,1516,1498,1477,1460,1467
157,17,171,99990,00000,00000,1,F,Balance of Scott County,Illinois,2192,2192,2181,2141,2167,2136,2120,2096,2074,2045,2025,2035
050,17,173,00000,00000,00000,0,A,Shelby County,Illinois,22363,22355,22354,22278,22203,22137,22102,21819,21733,21774,21726,21634
157,17,173,17055,00000,00000,0,A,Cowden village,Illinois,629,615,614,607,604,599,597,588,584,584,582,579
157,17,173,26116,00000,00000,0,A,Findlay village,Illinois,683,684,684,675,672,666,663,653,649,649,644,638
157,17,173,34332,00000,00000,0,A,Herrick village,Illinois,436,436,438,435,433,435,433,429,429,431,431,431
157,17,173,51232,00000,00000,0,A,Moweaqua village (pt.),Illinois,1820,1816,1813,1791,1781,1770,1763,1735,1722,1720,1713,1702
157,17,173,55132,00000,00000,0,A,Oconee village,Illinois,180,180,180,178,177,176,178,175,174,174,173,172
157,17,173,57472,00000,00000,0,A,Pana city (pt.),Illinois,196,193,193,191,190,189,189,187,187,186,186,186
157,17,173,69186,00000,00000,0,A,Shelbyville city,Illinois,4700,4687,4692,4724,4700,4670,4654,4583,4552,4551,4529,4495
157,17,173,69914,00000,00000,0,A,Sigel town,Illinois,373,373,372,368,364,362,361,358,356,358,357,355
157,17,173,72650,00000,00000,0,A,Stewardson village,Illinois,734,732,733,723,719,720,718,716,721,721,723,721
157,17,173,73040,00000,00000,0,A,Strasburg village,Illinois,467,467,466,461,457,455,455,448,443,443,441,439
157,17,173,75848,00000,00000,0,A,Tower Hill village,Illinois,611,611,612,610,610,609,607,598,594,594,594,588
157,17,173,82322,00000,00000,0,A,Windsor city,Illinois,1187,1187,1188,1183,1182,1182,1181,1165,1160,1162,1157,1151
157,17,173,99990,00000,00000,0,F,Balance of Shelby County,Illinois,10347,10374,10369,10332,10314,10304,10303,10184,10162,10201,10196,10177
061,17,173,00000,02466,00000,1,A,Ash Grove township,Illinois,479,479,478,477,476,475,476,469,468,471,469,468
061,17,173,00000,06002,00000,1,A,Big Spring township,Illinois,698,698,699,695,694,695,695,686,686,688,690,688
061,17,173,00000,14637,00000,1,A,Clarksburg township,Illinois,401,401,400,398,399,398,397,394,391,393,394,392
061,17,173,00000,15417,00000,1,A,Cold Spring township,Illinois,442,442,441,441,441,439,440,436,435,437,438,438
061,17,173,00000,20851,00000,0,A,Dry Point township,Illinois,1093,1090,1091,1081,1078,1075,1072,1058,1053,1058,1057,1053
071,17,173,17055,20851,00000,1,A,Cowden village,Illinois,629,615,614,607,604,599,597,588,584,584,582,579
071,17,173,99990,20851,00000,1,F,Balance of Dry Point township,Illinois,464,475,477,474,474,476,475,470,469,474,475,474
061,17,173,00000,26337,00000,1,A,Flat Branch township,Illinois,443,443,442,442,440,440,439,435,432,434,433,432
061,17,173,00000,34345,00000,0,A,Herrick township,Illinois,626,626,628,625,622,623,623,614,615,617,616,615
071,17,173,34332,34345,00000,1,A,Herrick village,Illinois,436,436,438,435,433,435,433,429,429,431,431,431
071,17,173,99990,34345,00000,1,F,Balance of Herrick township,Illinois,190,190,190,190,189,188,190,185,186,186,185,184
061,17,173,00000,35567,00000,1,A,Holland township,Illinois,420,420,419,419,417,417,416,412,411,411,412,411
061,17,173,00000,41690,00000,1,A,Lakewood township,Illinois,439,442,441,441,439,439,440,435,435,435,435,435
061,17,173,00000,51245,00000,0,A,Moweaqua township,Illinois,2003,1999,1996,1974,1963,1951,1944,1913,1899,1899,1892,1880
071,17,173,51232,51245,00000,1,A,Moweaqua village (pt.),Illinois,1820,1816,1813,1791,1781,1770,1763,1735,1722,1720,1713,1702
071,17,173,99990,51245,00000,1,F,Balance of Moweaqua township,Illinois,183,183,183,183,182,181,181,178,177,179,179,178
061,17,173,00000,55145,00000,0,A,Oconee township,Illinois,776,776,777,772,771,768,770,761,760,761,760,760
071,17,173,55132,55145,00000,1,A,Oconee village,Illinois,180,180,180,178,177,176,178,175,174,174,173,172
071,17,173,99990,55145,00000,1,F,Balance of Oconee township,Illinois,596,596,597,594,594,592,592,586,586,587,587,588
061,17,173,00000,55457,00000,0,A,Okaw township,Illinois,927,927,928,921,918,917,917,905,901,905,903,901
071,17,173,26116,55457,00000,1,A,Findlay village (pt.),Illinois,333,333,333,329,327,325,323,318,316,316,313,311
071,17,173,99990,55457,00000,1,F,Balance of Okaw township,Illinois,594,594,595,592,591,592,594,587,585,589,590,590
061,17,173,00000,58590,00000,1,A,Penn township,Illinois,107,107,107,106,107,107,106,105,104,104,104,103
061,17,173,00000,59663,00000,1,A,Pickaway township,Illinois,179,179,179,179,178,177,177,174,175,175,175,174
061,17,173,00000,61522,00000,0,A,Prairie township,Illinois,1247,1247,1247,1236,1230,1232,1229,1221,1225,1227,1227,1224
071,17,173,72650,61522,00000,1,A,Stewardson village,Illinois,734,732,733,723,719,720,718,716,721,721,723,721
071,17,173,73040,61522,00000,1,A,Strasburg village (pt.),Illinois,16,16,16,16,16,16,16,15,15,15,15,15
071,17,173,99990,61522,00000,1,F,Balance of Prairie township,Illinois,497,499,498,497,495,496,495,490,489,491,489,488
061,17,173,00000,63615,00000,0,A,Richland township,Illinois,762,763,762,755,750,748,748,737,732,732,729,728
071,17,173,73040,63615,00000,1,A,Strasburg village (pt.),Illinois,451,451,450,445,441,439,439,433,428,428,426,424
071,17,173,99990,63615,00000,1,F,Balance of Richland township,Illinois,311,312,312,310,309,309,309,304,304,304,303,304
061,17,173,00000,63836,00000,1,A,Ridge township,Illinois,427,427,426,426,424,424,425,420,420,422,422,420
061,17,173,00000,65637,00000,0,A,Rose township,Illinois,1848,1848,1850,1850,1845,1839,1836,1814,1807,1811,1807,1799
071,17,173,69186,65637,00000,1,A,Shelbyville city (pt.),Illinois,818,816,817,822,819,814,812,801,796,796,793,787
071,17,173,99990,65637,00000,1,F,Balance of Rose township,Illinois,1030,1032,1033,1028,1026,1025,1024,1013,1011,1015,1014,1012
061,17,173,00000,66313,00000,1,A,Rural township,Illinois,339,339,339,337,336,336,335,333,330,333,331,329
061,17,173,00000,69199,00000,0,A,Shelbyville township,Illinois,4739,4738,4741,4765,4742,4714,4700,4629,4602,4603,4583,4552
071,17,173,69186,69199,00000,1,A,Shelbyville city (pt.),Illinois,3882,3871,3875,3902,3881,3856,3842,3782,3756,3755,3736,3708
071,17,173,99990,69199,00000,1,F,Balance of Shelbyville township,Illinois,857,867,866,863,861,858,858,847,846,848,847,844
061,17,173,00000,69927,00000,0,A,Sigel township,Illinois,826,822,820,814,811,807,807,798,796,797,798,796
071,17,173,69914,69927,00000,1,A,Sigel town,Illinois,373,373,372,368,364,362,361,358,356,358,357,355
071,17,173,99990,69927,00000,1,F,Balance of Sigel township,Illinois,453,449,448,446,447,445,446,440,440,439,441,441
061,17,173,00000,75588,00000,0,A,Todds Point township,Illinois,441,442,442,436,434,432,430,424,422,422,419,417
071,17,173,26116,75588,00000,1,A,Findlay village (pt.),Illinois,350,351,351,346,345,341,340,335,333,333,331,327
071,17,173,99990,75588,00000,1,F,Balance of Todds Point township,Illinois,91,91,91,90,89,91,90,89,89,89,88,90
061,17,173,00000,75861,00000,0,A,Tower Hill township,Illinois,1227,1227,1227,1221,1221,1219,1215,1201,1196,1197,1196,1190
071,17,173,57472,75861,00000,1,A,Pana city (pt.),Illinois,196,193,193,191,190,189,189,187,187,186,186,186
071,17,173,75848,75861,00000,1,A,Tower Hill village,Illinois,611,611,612,610,610,609,607,598,594,594,594,588
071,17,173,99990,75861,00000,1,F,Balance of Tower Hill township,Illinois,420,423,422,420,421,421,419,416,415,417,416,416
061,17,173,00000,82335,00000,0,A,Windsor township,Illinois,1474,1473,1474,1467,1467,1465,1465,1445,1438,1442,1436,1429
071,17,173,82322,82335,00000,1,A,Windsor city,Illinois,1187,1187,1188,1183,1182,1182,1181,1165,1160,1162,1157,1151
071,17,173,99990,82335,00000,1,F,Balance of Windsor township,Illinois,287,286,286,284,285,283,284,280,278,280,279,278
050,17,175,00000,00000,00000,0,A,Stark County,Illinois,5994,5992,5969,5842,5739,5705,5601,5505,5512,5457,5418,5342
157,17,175,07692,00000,00000,0,A,Bradford village,Illinois,768,768,765,748,735,730,718,704,705,698,692,682
157,17,175,40676,00000,00000,0,A,La Fayette village,Illinois,223,223,222,218,214,213,209,203,206,204,202,200
157,17,175,75783,00000,00000,0,A,Toulon city,Illinois,1292,1292,1288,1261,1243,1235,1215,1196,1195,1184,1177,1161
157,17,175,83687,00000,00000,0,A,Wyoming city,Illinois,1429,1429,1422,1391,1368,1360,1333,1312,1315,1302,1292,1273
157,17,175,99990,00000,00000,0,F,Balance of Stark County,Illinois,2282,2280,2272,2224,2179,2167,2126,2090,2091,2069,2055,2026
061,17,175,00000,23646,00000,1,A,Elmira township,Illinois,319,317,316,310,304,301,297,290,291,288,286,282
061,17,175,00000,24478,00000,0,A,Essex township,Illinois,624,624,622,607,597,594,583,574,575,569,564,556
071,17,175,83687,24478,00000,1,A,Wyoming city (pt.),Illinois,426,426,425,414,407,405,397,391,392,390,386,380
071,17,175,99990,24478,00000,1,F,Balance of Essex township,Illinois,198,198,197,193,190,189,186,183,183,179,178,176
061,17,175,00000,30627,00000,0,A,Goshen township,Illinois,686,686,683,668,657,653,641,628,630,624,618,611
071,17,175,40676,30627,00000,1,A,La Fayette village,Illinois,223,223,222,218,214,213,209,203,206,204,202,200
071,17,175,75783,30627,00000,1,A,Toulon city (pt.),Illinois,203,203,202,198,195,194,190,187,186,184,182,180
071,17,175,99990,30627,00000,1,F,Balance of Goshen township,Illinois,260,260,259,252,248,246,242,238,238,236,234,231
061,17,175,00000,56783,00000,0,A,Osceola township,Illinois,1014,1014,1010,988,969,965,946,929,930,921,913,900
071,17,175,07692,56783,00000,1,A,Bradford village,Illinois,768,768,765,748,735,730,718,704,705,698,692,682
071,17,175,99990,56783,00000,1,F,Balance of Osceola township,Illinois,246,246,245,240,234,235,228,225,225,223,221,218
061,17,175,00000,58603,00000,1,A,Penn township,Illinois,354,354,353,346,338,336,329,324,325,321,319,315
061,17,175,00000,75796,00000,0,A,Toulon township,Illinois,2420,2420,2410,2360,2322,2307,2266,2230,2233,2210,2196,2166
071,17,175,75783,75796,00000,1,A,Toulon city (pt.),Illinois,1089,1089,1086,1063,1048,1041,1025,1009,1009,1000,995,981
071,17,175,83687,75796,00000,1,A,Wyoming city (pt.),Illinois,1003,1003,997,977,961,955,936,921,923,912,906,893
071,17,175,99990,75796,00000,1,F,Balance of Toulon township,Illinois,328,328,327,320,313,311,305,300,301,298,295,292
061,17,175,00000,77174,00000,1,A,Valley township,Illinois,293,293,292,286,279,278,273,268,268,266,264,260
061,17,175,00000,80489,00000,1,A,West Jersey township,Illinois,284,284,283,277,273,271,266,262,260,258,258,252
050,17,177,00000,00000,00000,0,A,Stephenson County,Illinois,47711,47708,47606,47323,46886,46671,46269,45668,45503,44997,44797,44498
157,17,177,12008,00000,00000,0,A,Cedarville village,Illinois,741,742,741,736,728,725,719,705,706,698,694,689
157,17,177,18342,00000,00000,0,A,Dakota village,Illinois,506,507,506,503,497,495,488,483,479,474,470,468
157,17,177,18706,00000,00000,0,A,Davis village,Illinois,677,677,676,669,664,661,653,646,642,635,630,627
157,17,177,27884,00000,00000,0,A,Freeport city,Illinois,25638,25634,25573,25390,25145,25004,24771,24446,24346,24066,23946,23775
157,17,177,29093,00000,00000,0,A,German Valley village,Illinois,463,457,456,451,447,448,442,437,436,429,427,425
157,17,177,42834,00000,00000,0,A,Lena village,Illinois,2912,2914,2908,2890,2866,2850,2825,2788,2782,2751,2740,2719
157,17,177,56341,00000,00000,0,A,Orangeville village,Illinois,793,807,805,798,792,789,780,771,767,759,759,752
157,17,177,58369,00000,00000,0,A,Pearl City village,Illinois,838,838,836,829,822,819,815,805,803,792,790,783
157,17,177,64044,00000,00000,0,A,Ridott village,Illinois,164,161,161,160,158,158,156,155,154,153,152,151
157,17,177,64837,00000,00000,0,A,Rock City village,Illinois,315,304,303,302,299,298,296,292,291,288,285,283
157,17,177,82543,00000,00000,0,A,Winslow village,Illinois,338,336,335,336,333,329,324,321,320,314,313,312
157,17,177,99990,00000,00000,0,F,Balance of Stephenson County,Illinois,14326,14331,14306,14259,14135,14095,14000,13819,13777,13638,13591,13514
061,17,177,00000,09226,00000,0,A,Buckeye township,Illinois,1359,1359,1356,1351,1337,1331,1321,1303,1300,1285,1281,1271
071,17,177,12008,09226,00000,1,A,Cedarville village (pt.),Illinois,421,417,416,414,408,406,403,396,395,391,390,386
071,17,177,56341,09226,00000,1,A,Orangeville village (pt.),Illinois,4,4,4,4,4,4,4,4,4,4,4,4
071,17,177,99990,09226,00000,1,F,Balance of Buckeye township,Illinois,934,938,936,933,925,921,914,903,901,890,887,881
061,17,177,00000,18355,00000,0,A,Dakota township,Illinois,815,815,813,809,800,797,790,779,774,766,761,757
071,17,177,18342,18355,00000,1,A,Dakota village,Illinois,506,507,506,503,497,495,488,483,479,474,470,468
071,17,177,99990,18355,00000,1,F,Balance of Dakota township,Illinois,309,308,307,306,303,302,302,296,295,292,291,289
061,17,177,00000,24413,00000,0,A,Erin township,Illinois,410,410,409,407,404,402,401,396,393,389,388,385
071,17,177,42834,24413,00000,1,A,Lena village (pt.),Illinois,2,2,2,2,2,2,2,2,2,2,2,2
071,17,177,99990,24413,00000,1,F,Balance of Erin township,Illinois,408,408,407,405,402,400,399,394,391,387,386,383
061,17,177,00000,26506,00000,1,A,Florence township,Illinois,1293,1293,1290,1285,1275,1272,1262,1244,1241,1228,1222,1215
061,17,177,00000,27897,00000,0,B,Freeport township,Illinois,25638,25634,25573,25390,25145,25004,24771,24446,24346,24066,23946,23775
071,17,177,27884,27897,00000,1,A,Freeport city,Illinois,25638,25634,25573,25390,25145,25004,24771,24446,24346,24066,23946,23775
061,17,177,00000,32902,00000,0,A,Harlem township,Illinois,2275,2273,2271,2264,2246,2241,2226,2198,2195,2176,2169,2160
071,17,177,12008,32902,00000,1,A,Cedarville village (pt.),Illinois,259,259,259,257,255,254,252,246,248,246,242,241
071,17,177,99990,32902,00000,1,F,Balance of Harlem township,Illinois,2016,2014,2012,2007,1991,1987,1974,1952,1947,1930,1927,1919
061,17,177,00000,38284,00000,1,A,Jefferson township,Illinois,268,268,268,266,264,263,261,257,257,254,253,252
061,17,177,00000,39610,00000,0,A,Kent township,Illinois,702,702,701,697,692,689,685,678,676,667,666,662
071,17,177,42834,39610,00000,1,A,Lena village (pt.),Illinois,116,118,118,118,117,117,117,117,116,116,116,116
071,17,177,99990,39610,00000,1,F,Balance of Kent township,Illinois,586,584,583,579,575,572,568,561,560,551,550,546
061,17,177,00000,41885,00000,0,A,Lancaster township,Illinois,1587,1585,1582,1574,1562,1556,1543,1524,1518,1502,1495,1487
071,17,177,12008,41885,00000,1,A,Cedarville village (pt.),Illinois,61,66,66,65,65,65,64,63,63,61,62,62
071,17,177,99990,41885,00000,1,F,Balance of Lancaster township,Illinois,1526,1519,1516,1509,1497,1491,1479,1461,1455,1441,1433,1425
061,17,177,00000,44758,00000,0,A,Loran township,Illinois,1442,1439,1436,1428,1413,1410,1402,1385,1379,1362,1358,1348
071,17,177,58369,44758,00000,1,A,Pearl City village,Illinois,838,838,836,829,822,819,815,805,803,792,790,783
071,17,177,99990,44758,00000,1,F,Balance of Loran township,Illinois,604,601,600,599,591,591,587,580,576,570,568,565
061,17,177,00000,56120,00000,0,A,Oneco township,Illinois,1331,1333,1330,1322,1312,1307,1293,1278,1273,1260,1258,1248
071,17,177,56341,56120,00000,1,A,Orangeville village (pt.),Illinois,789,803,801,794,788,785,776,767,763,755,755,748
071,17,177,99990,56120,00000,1,F,Balance of Oneco township,Illinois,542,530,529,528,524,522,517,511,510,505,503,500
061,17,177,00000,64057,00000,0,A,Ridott township,Illinois,1451,1451,1448,1440,1427,1425,1410,1392,1388,1372,1364,1357
071,17,177,29093,64057,00000,1,A,German Valley village,Illinois,463,457,456,451,447,448,442,437,436,429,427,425
071,17,177,64044,64057,00000,1,A,Ridott village,Illinois,164,161,161,160,158,158,156,155,154,153,152,151
071,17,177,99990,64057,00000,1,F,Balance of Ridott township,Illinois,824,833,831,829,822,819,812,800,798,790,785,781
061,17,177,00000,65065,00000,1,A,Rock Grove township,Illinois,1388,1388,1387,1383,1369,1367,1358,1342,1339,1325,1320,1315
061,17,177,00000,65143,00000,0,A,Rock Run township,Illinois,2247,2247,2243,2231,2213,2206,2188,2161,2152,2130,2120,2108
071,17,177,18706,65143,00000,1,A,Davis village,Illinois,677,677,676,669,664,661,653,646,642,635,630,627
071,17,177,64837,65143,00000,1,A,Rock City village,Illinois,315,304,303,302,299,298,296,292,291,288,285,283
071,17,177,99990,65143,00000,1,S,Balance of Rock Run township,Illinois,1255,1266,1264,1260,1250,1247,1239,1223,1219,1207,1205,1198
061,17,177,00000,69953,00000,1,A,Silver Creek township,Illinois,696,704,703,703,697,694,691,682,681,676,675,672
061,17,177,00000,78318,00000,1,A,Waddams township,Illinois,807,807,805,803,794,793,787,775,773,765,761,756
061,17,177,00000,80788,00000,0,A,West Point township,Illinois,3369,3369,3362,3341,3313,3294,3267,3221,3215,3178,3166,3141
071,17,177,42834,80788,00000,1,A,Lena village (pt.),Illinois,2794,2794,2788,2770,2747,2731,2706,2669,2664,2633,2622,2601
071,17,177,99990,80788,00000,1,F,Balance of West Point township,Illinois,575,575,574,571,566,563,561,552,551,545,544,540
061,17,177,00000,82556,00000,0,A,Winslow township,Illinois,633,631,629,629,623,620,613,607,603,596,594,589
071,17,177,82543,82556,00000,1,A,Winslow village,Illinois,338,336,335,336,333,329,324,321,320,314,313,312
071,17,177,99990,82556,00000,1,F,Balance of Winslow township,Illinois,295,295,294,293,290,291,289,286,283,282,281,277
050,17,179,00000,00000,00000,0,A,Tazewell County,Illinois,135394,135392,135486,135850,136127,136266,135353,134302,133932,133489,132450,131803
157,17,179,02206,00000,00000,0,A,Armington village,Illinois,343,347,347,347,345,344,341,333,331,330,325,323
157,17,179,17549,00000,00000,0,A,Creve Coeur village,Illinois,5451,5481,5481,5478,5473,5458,5407,5310,5274,5247,5203,5169
157,17,179,18940,00000,00000,0,A,Deer Creek village (pt.),Illinois,682,682,682,682,685,681,675,662,658,653,647,642
157,17,179,19226,00000,00000,0,A,Delavan city,Illinois,1689,1710,1710,1708,1707,1699,1682,1652,1653,1645,1629,1616
157,17,179,22164,00000,00000,0,A,East Peoria city,Illinois,23402,23454,23464,23497,23520,23506,23364,23044,22915,22806,22627,22546
157,17,179,30445,00000,00000,0,A,Goodfield village (pt.),Illinois,192,192,192,195,195,201,205,211,212,214,215,217
157,17,179,31563,00000,00000,0,A,Green Valley village,Illinois,709,686,686,683,684,680,674,663,657,654,646,643
157,17,179,36126,00000,00000,0,A,Hopedale village,Illinois,865,869,869,869,873,870,861,846,841,835,829,825
157,17,179,45785,00000,00000,0,A,Mackinaw village,Illinois,1950,1939,1942,1949,1953,1954,1944,1914,1919,1913,1896,1884
157,17,179,47111,00000,00000,0,A,Marquette Heights city,Illinois,2824,2820,2820,2820,2817,2806,2779,2730,2709,2691,2663,2645
157,17,179,49555,00000,00000,0,A,Minier village,Illinois,1252,1252,1252,1254,1257,1255,1244,1221,1214,1208,1198,1190
157,17,179,50621,00000,00000,0,A,Morton village,Illinois,16267,16355,16374,16447,16537,16649,16606,16407,16406,16425,16339,16277
157,17,179,54092,00000,00000,0,A,North Pekin village,Illinois,1573,1592,1592,1604,1617,1626,1614,1585,1573,1566,1550,1545
157,17,179,58447,00000,00000,0,A,Pekin city (pt.),Illinois,34094,34018,34017,34026,34044,33880,33614,32964,32748,32564,32251,32045
157,17,179,59026,00000,00000,0,A,Peoria Heights village (pt.),Illinois,0,0,0,0,0,0,0,0,0,0,0,0
157,17,179,71175,00000,00000,0,A,South Pekin village,Illinois,1146,1150,1150,1150,1153,1151,1141,1122,1116,1110,1101,1093
157,17,179,75965,00000,00000,0,A,Tremont village,Illinois,2236,2246,2246,2246,2246,2241,2219,2182,2165,2154,2135,2120
157,17,179,79033,00000,00000,0,A,Washington city,Illinois,15134,15231,15280,15452,15525,15742,15639,16461,16661,16672,16570,16516
157,17,179,99990,00000,00000,0,F,Balance of Tazewell County,Illinois,25585,25368,25382,25443,25496,25523,25344,24995,24880,24802,24626,24507
061,17,179,00000,07627,00000,1,A,Boynton township,Illinois,275,275,275,275,275,278,275,271,269,268,265,264
061,17,179,00000,14403,00000,0,A,Cincinnati township,Illinois,9506,9508,9511,9519,9531,9422,9362,9117,9034,8997,8933,8891
071,17,179,58447,14403,00000,1,A,Pekin city (pt.),Illinois,5734,5685,5685,5689,5694,5587,5556,5367,5303,5282,5247,5226
071,17,179,71175,14403,00000,1,A,South Pekin village,Illinois,1146,1150,1150,1150,1153,1151,1141,1122,1116,1110,1101,1093
071,17,179,99990,14403,00000,1,F,Balance of Cincinnati township,Illinois,2626,2673,2676,2680,2684,2684,2665,2628,2615,2605,2585,2572
061,17,179,00000,18953,00000,0,A,Deer Creek township,Illinois,1383,1383,1383,1388,1392,1393,1389,1376,1370,1364,1355,1349
071,17,179,18940,18953,00000,1,A,Deer Creek village (pt.),Illinois,682,682,682,682,685,681,675,662,658,653,647,642
071,17,179,30445,18953,00000,1,A,Goodfield village (pt.),Illinois,192,192,192,195,195,201,205,211,212,214,215,217
071,17,179,99990,18953,00000,1,F,Balance of Deer Creek township,Illinois,509,509,509,511,512,511,509,503,500,497,493,490
061,17,179,00000,19239,00000,0,A,Delavan township,Illinois,2061,2061,2061,2059,2058,2052,2032,1996,1995,1985,1966,1952
071,17,179,19226,19239,00000,1,A,Delavan city,Illinois,1689,1710,1710,1708,1707,1699,1682,1652,1653,1645,1629,1616
071,17,179,99990,19239,00000,1,F,Balance of Delavan township,Illinois,372,351,351,351,351,353,350,344,342,340,337,336
061,17,179,00000,19941,00000,1,A,Dillon township,Illinois,1000,1000,1000,1003,1006,1007,998,984,981,976,970,965
061,17,179,00000,23607,00000,0,A,Elm Grove township,Illinois,3093,3093,3093,3098,3103,3102,3077,3033,3015,3003,2980,2963
071,17,179,58447,23607,00000,1,A,Pekin city (pt.),Illinois,537,537,537,537,537,536,534,526,523,520,516,512
071,17,179,75965,23607,00000,1,A,Tremont village (pt.),Illinois,818,818,818,818,819,817,807,794,787,783,776,772
071,17,179,99990,23607,00000,1,F,Balance of Elm Grove township,Illinois,1738,1738,1738,1743,1747,1749,1736,1713,1705,1700,1688,1679
061,17,179,00000,26636,00000,0,A,Fondulac township,Illinois,13381,13354,13359,13380,13394,13386,13307,13126,13056,12996,12896,12849
071,17,179,22164,26636,00000,1,A,East Peoria city (pt.),Illinois,12291,12242,12247,12264,12274,12266,12193,12026,11960,11903,11810,11767
071,17,179,59026,26636,00000,1,A,Peoria Heights village (pt.),Illinois,0,0,0,0,0,0,0,0,0,0,0,0
071,17,179,99990,26636,00000,1,F,Balance of Fondulac township,Illinois,1090,1112,1112,1116,1120,1120,1114,1100,1096,1093,1086,1082
061,17,179,00000,31940,00000,0,A,Groveland township,Illinois,19526,19548,19556,19578,19594,19576,19428,19136,19031,18947,18794,18705
071,17,179,17549,31940,00000,1,A,Creve Coeur village (pt.),Illinois,4920,4950,4950,4947,4944,4930,4883,4795,4765,4740,4700,4671
071,17,179,22164,31940,00000,1,A,East Peoria city (pt.),Illinois,7446,7468,7471,7483,7491,7488,7441,7341,7300,7265,7210,7184
071,17,179,47111,31940,00000,1,A,Marquette Heights city (pt.),Illinois,1964,1962,1962,1962,1961,1954,1935,1900,1886,1875,1854,1842
071,17,179,50621,31940,00000,1,A,Morton village (pt.),Illinois,412,421,423,425,429,432,430,427,428,430,430,429
071,17,179,58447,31940,00000,1,A,Pekin city (pt.),Illinois,1016,1009,1009,1011,1012,1010,1003,987,983,978,968,963
071,17,179,99990,31940,00000,1,F,Balance of Groveland township,Illinois,3768,3738,3741,3750,3757,3762,3736,3686,3669,3659,3632,3616
061,17,179,00000,35359,00000,0,A,Hittle township,Illinois,591,591,591,591,592,590,585,573,569,567,562,559
071,17,179,02206,35359,00000,1,A,Armington village,Illinois,343,347,347,347,345,344,341,333,331,330,325,323
071,17,179,99990,35359,00000,1,F,Balance of Hittle township,Illinois,248,244,244,244,247,246,244,240,238,237,237,236
061,17,179,00000,36139,00000,0,A,Hopedale township,Illinois,1913,1912,1912,1915,1919,1917,1902,1872,1861,1853,1838,1829
071,17,179,36126,36139,00000,1,A,Hopedale village,Illinois,865,869,869,869,873,870,861,846,841,835,829,825
071,17,179,99990,36139,00000,1,F,Balance of Hopedale township,Illinois,1048,1043,1043,1046,1046,1047,1041,1026,1020,1018,1009,1004
061,17,179,00000,44017,00000,0,A,Little Mackinaw township,Illinois,1575,1575,1575,1577,1580,1580,1566,1540,1529,1524,1511,1502
071,17,179,49555,44017,00000,1,A,Minier village,Illinois,1252,1252,1252,1254,1257,1255,1244,1221,1214,1208,1198,1190
071,17,179,99990,44017,00000,1,F,Balance of Little Mackinaw township,Illinois,323,323,323,323,323,325,322,319,315,316,313,312
061,17,179,00000,45792,00000,0,A,Mackinaw township,Illinois,4454,4454,4460,4475,4484,4489,4462,4399,4395,4383,4350,4326
071,17,179,45785,45792,00000,1,A,Mackinaw village,Illinois,1950,1939,1942,1949,1953,1954,1944,1914,1919,1913,1896,1884
071,17,179,99990,45792,00000,1,F,Balance of Mackinaw township,Illinois,2504,2515,2518,2526,2531,2535,2518,2485,2476,2470,2454,2442
061,17,179,00000,46266,00000,1,A,Malone township,Illinois,220,220,220,220,220,222,220,216,215,214,212,211
061,17,179,00000,50634,00000,0,A,Morton township,Illinois,17036,17045,17062,17135,17225,17334,17286,17071,17065,17077,16984,16918
071,17,179,50621,50634,00000,1,A,Morton village (pt.),Illinois,15849,15928,15945,16016,16102,16211,16170,15974,15972,15989,15903,15842
071,17,179,99990,50634,00000,1,F,Balance of Morton township,Illinois,1187,1117,1117,1119,1123,1123,1116,1097,1093,1088,1081,1076
061,17,179,00000,58460,00000,0,A,Pekin township,Illinois,29807,29803,29802,29817,29838,29788,29538,29048,28878,28707,28415,28223
071,17,179,17549,58460,00000,1,A,Creve Coeur village (pt.),Illinois,531,531,531,531,529,528,524,515,509,507,503,498
071,17,179,47111,58460,00000,1,A,Marquette Heights city (pt.),Illinois,860,858,858,858,856,852,844,830,823,816,809,803
071,17,179,54092,58460,00000,1,A,North Pekin village,Illinois,1573,1592,1592,1604,1617,1626,1614,1585,1573,1566,1550,1545
071,17,179,58447,58460,00000,1,A,Pekin city (pt.),Illinois,26807,26787,26786,26789,26801,26747,26521,26084,25939,25784,25520,25344
071,17,179,99990,58460,00000,1,F,Balance of Pekin township,Illinois,36,35,35,35,35,35,35,34,34,34,33,33
061,17,179,00000,67483,00000,0,A,Sand Prairie township,Illinois,1441,1414,1414,1413,1415,1412,1400,1379,1371,1365,1353,1344
071,17,179,31563,67483,00000,1,A,Green Valley village,Illinois,709,686,686,683,684,680,674,663,657,654,646,643
071,17,179,99990,67483,00000,1,F,Balance of Sand Prairie township,Illinois,732,728,728,730,731,732,726,716,714,711,707,701
061,17,179,00000,72130,00000,1,A,Spring Lake township,Illinois,1887,1887,1889,1893,1897,1899,1885,1860,1851,1847,1833,1823
061,17,179,00000,75978,00000,0,A,Tremont township,Illinois,2641,2642,2642,2645,2648,2645,2625,2584,2570,2557,2538,2524
071,17,179,50621,75978,00000,1,A,Morton village (pt.),Illinois,6,6,6,6,6,6,6,6,6,6,6,6
071,17,179,75965,75978,00000,1,A,Tremont village (pt.),Illinois,1418,1428,1428,1428,1427,1424,1412,1388,1378,1371,1359,1348
071,17,179,99990,75978,00000,1,F,Balance of Tremont township,Illinois,1217,1208,1208,1211,1215,1215,1207,1190,1186,1180,1173,1170
061,17,179,00000,79046,00000,0,A,Washington township,Illinois,23604,23627,23681,23869,23956,24174,24016,24721,24877,24859,24695,24606
071,17,179,22164,79046,00000,1,A,East Peoria city (pt.),Illinois,3665,3744,3746,3750,3755,3752,3730,3677,3655,3638,3607,3595
071,17,179,50621,79046,00000,1,A,Morton village (pt.),Illinois,0,0,0,0,0,0,0,0,0,0,0,0
071,17,179,79033,79046,00000,1,A,Washington city,Illinois,15134,15231,15280,15452,15525,15742,15639,16461,16661,16672,16570,16516
071,17,179,99990,79046,00000,1,F,Balance of Washington township,Illinois,4805,4652,4655,4667,4676,4680,4647,4583,4561,4549,4518,4495
050,17,181,00000,00000,00000,0,A,Union County,Illinois,17808,17806,17731,17692,17608,17539,17402,17284,17105,16968,16832,16653
157,17,181,01205,00000,00000,1,A,Alto Pass village,Illinois,391,387,385,386,383,381,377,377,372,369,366,362
157,17,181,01543,00000,00000,1,A,Anna city,Illinois,4442,4439,4415,4398,4370,4341,4298,4273,4224,4187,4147,4100
157,17,181,15300,00000,00000,1,A,Cobden village,Illinois,1157,1145,1139,1131,1123,1116,1122,1111,1099,1091,1079,1064
157,17,181,20305,00000,00000,1,A,Dongola village,Illinois,726,724,722,721,717,715,708,703,696,690,685,678
157,17,181,38635,00000,00000,1,A,Jonesboro city,Illinois,1821,1831,1822,1813,1803,1790,1773,1762,1745,1731,1717,1700
157,17,181,49178,00000,00000,1,A,Mill Creek village,Illinois,65,67,67,66,66,68,68,67,66,66,65,64
157,17,181,99990,00000,00000,1,F,Balance of Union County,Illinois,9206,9213,9181,9177,9146,9128,9056,8991,8903,8834,8773,8685
050,17,183,00000,00000,00000,0,A,Vermilion County,Illinois,81625,81625,81640,81414,80862,80585,79783,79170,78494,77689,76702,75758
157,17,183,00880,00000,00000,0,A,Allerton village (pt.),Illinois,291,288,288,287,283,282,282,280,278,276,269,266
157,17,183,01242,00000,00000,0,A,Alvan village,Illinois,270,270,270,270,268,267,265,263,261,256,252,249
157,17,183,04689,00000,00000,0,A,Belgium village,Illinois,404,396,396,396,390,390,387,381,378,374,369,367
157,17,183,06184,00000,00000,0,A,Bismarck village,Illinois,579,579,579,576,572,570,563,559,552,547,539,530
157,17,183,11774,00000,00000,0,A,Catlin village,Illinois,2040,2044,2045,2045,2037,2039,2022,2004,1990,1967,1954,1926
157,17,183,18563,00000,00000,0,A,Danville city,Illinois,33027,33033,33033,32924,32708,32614,32225,31966,31689,31363,30890,30479
157,17,183,24985,00000,00000,0,A,Fairmount village,Illinois,642,642,642,641,637,635,627,625,618,612,603,596
157,17,183,26233,00000,00000,0,A,Fithian village,Illinois,485,485,485,482,479,482,476,474,469,464,457,449
157,17,183,28963,00000,00000,0,A,Georgetown city,Illinois,3474,3475,3474,3465,3438,3420,3385,3357,3325,3287,3233,3185
157,17,183,34137,00000,00000,0,A,Henning village,Illinois,251,251,251,251,247,246,244,242,240,238,235,234
157,17,183,36061,00000,00000,0,A,Hoopeston city,Illinois,5351,5358,5358,5341,5299,5274,5257,5213,5163,5107,5083,5009
157,17,183,37348,00000,00000,0,A,Indianola village,Illinois,276,276,276,275,274,273,271,269,267,264,260,257
157,17,183,51336,00000,00000,0,A,Muncie village,Illinois,146,146,146,146,145,144,141,142,141,138,140,138
157,17,183,55002,00000,00000,0,A,Oakwood village,Illinois,1595,1595,1596,1592,1582,1575,1562,1548,1539,1526,1504,1485
157,17,183,61366,00000,00000,0,A,Potomac village,Illinois,750,749,750,748,740,736,730,722,717,712,702,690
157,17,183,62744,00000,00000,0,A,Rankin village,Illinois,561,561,561,558,554,553,546,540,536,531,521,513
157,17,183,63862,00000,00000,0,A,Ridge Farm village,Illinois,882,887,888,883,875,871,861,855,847,836,822,812
157,17,183,65962,00000,00000,0,A,Rossville village,Illinois,1331,1331,1332,1327,1314,1307,1294,1283,1269,1255,1235,1217
157,17,183,69836,00000,00000,0,A,Sidell village,Illinois,617,617,617,613,609,605,600,593,589,581,572,563
157,17,183,75276,00000,00000,0,A,Tilton village,Illinois,2724,2714,2713,2703,2682,2667,2637,2615,2589,2560,2627,2686
157,17,183,80931,00000,00000,0,A,Westville village,Illinois,3202,3202,3203,3195,3174,3160,3125,3094,3066,3036,2985,2945
157,17,183,99990,00000,00000,0,F,Balance of Vermilion County,Illinois,22727,22726,22737,22696,22555,22475,22283,22145,21971,21759,21450,21162
061,17,183,00000,06678,00000,0,A,Blount township,Illinois,3428,3430,3432,3425,3433,3481,3362,3341,3312,3279,3229,3186
071,17,183,18563,06678,00000,1,A,Danville city (pt.),Illinois,1286,1289,1290,1285,1307,1362,1260,1249,1239,1225,1205,1188
071,17,183,99990,06678,00000,1,F,Balance of Blount township,Illinois,2142,2141,2142,2140,2126,2119,2102,2092,2073,2054,2024,1998
061,17,183,00000,10162,00000,0,A,Butler township,Illinois,992,992,992,988,979,977,966,958,948,939,923,910
071,17,183,62744,10162,00000,1,A,Rankin village,Illinois,561,561,561,558,554,553,546,540,536,531,521,513
071,17,183,99990,10162,00000,1,F,Balance of Butler township,Illinois,431,431,431,430,425,424,420,418,412,408,402,397
061,17,183,00000,11449,00000,0,A,Carroll township,Illinois,612,612,612,610,607,605,600,598,594,588,579,572
071,17,183,37348,11449,00000,1,A,Indianola village,Illinois,276,276,276,275,274,273,271,269,267,264,260,257
071,17,183,99990,11449,00000,1,F,Balance of Carroll township,Illinois,336,336,336,335,333,332,329,329,327,324,319,315
061,17,183,00000,11787,00000,0,A,Catlin township,Illinois,3300,3284,3286,3283,3268,3267,3241,3218,3193,3161,3133,3090
071,17,183,11774,11787,00000,1,A,Catlin village,Illinois,2040,2044,2045,2045,2037,2039,2022,2004,1990,1967,1954,1926
071,17,183,99990,11787,00000,1,F,Balance of Catlin township,Illinois,1260,1240,1241,1238,1231,1228,1219,1214,1203,1194,1179,1164
061,17,183,00000,18576,00000,0,A,Danville township,Illinois,32113,32127,32129,32031,31798,31651,31358,31120,30854,30544,30206,29909
071,17,183,04689,18576,00000,1,A,Belgium village (pt.),Illinois,223,223,223,223,221,219,219,215,213,211,208,208
071,17,183,18563,18576,00000,1,A,Danville city (pt.),Illinois,21402,21399,21397,21324,21165,21060,20872,20707,20530,20324,20028,19770
071,17,183,75276,18576,00000,1,A,Tilton village,Illinois,2724,2714,2713,2703,2682,2667,2637,2615,2589,2560,2627,2686
071,17,183,80931,18576,00000,1,A,Westville village (pt.),Illinois,267,267,267,267,265,264,257,253,251,249,245,242
071,17,183,99990,18576,00000,1,F,Balance of Danville township,Illinois,7497,7524,7529,7514,7465,7441,7373,7330,7271,7200,7098,7003
061,17,183,00000,23932,00000,0,A,Elwood township,Illinois,1647,1647,1648,1642,1632,1626,1610,1599,1586,1568,1545,1528
071,17,183,63862,23932,00000,1,A,Ridge Farm village,Illinois,882,887,888,883,875,871,861,855,847,836,822,812
071,17,183,99990,23932,00000,1,S,Balance of Elwood township,Illinois,765,760,760,759,757,755,749,744,739,732,723,716
061,17,183,00000,28976,00000,0,A,Georgetown township,Illinois,7901,7901,7902,7884,7826,7793,7716,7652,7583,7503,7384,7281
071,17,183,04689,28976,00000,1,A,Belgium village (pt.),Illinois,181,173,173,173,169,171,168,166,165,163,161,159
071,17,183,28963,28976,00000,1,A,Georgetown city,Illinois,3474,3475,3474,3465,3438,3420,3385,3357,3325,3287,3233,3185
071,17,183,80931,28976,00000,1,A,Westville village (pt.),Illinois,2935,2935,2936,2928,2909,2896,2868,2841,2815,2787,2740,2703
071,17,183,99990,28976,00000,1,F,Balance of Georgetown township,Illinois,1311,1318,1319,1318,1310,1306,1295,1288,1278,1266,1250,1234
061,17,183,00000,30965,00000,0,A,Grant township,Illinois,6028,6028,6028,6008,5961,5932,5909,5859,5804,5739,5704,5622
071,17,183,36061,30965,00000,1,A,Hoopeston city,Illinois,5351,5358,5358,5341,5299,5274,5257,5213,5163,5107,5083,5009
071,17,183,65962,30965,00000,1,A,Rossville village (pt.),Illinois,4,4,4,4,4,4,4,4,4,4,4,4
071,17,183,99990,30965,00000,1,F,Balance of Grant township,Illinois,673,666,666,663,658,654,648,642,637,628,617,609
061,17,183,00000,38180,00000,1,A,Jamaica township,Illinois,202,202,202,202,200,200,198,197,195,193,191,186
061,17,183,00000,44953,00000,1,A,Love township,Illinois,257,257,257,257,255,254,252,250,248,246,242,239
061,17,183,00000,45772,00000,1,A,McKendree township,Illinois,807,807,808,806,803,798,794,788,782,775,763,753
061,17,183,00000,48775,00000,0,A,Middlefork township,Illinois,1458,1458,1459,1456,1443,1437,1425,1412,1400,1388,1369,1348
071,17,183,61366,48775,00000,1,A,Potomac village,Illinois,750,749,750,748,740,736,730,722,717,712,702,690
071,17,183,99990,48775,00000,1,F,Balance of Middlefork township,Illinois,708,709,709,708,703,701,695,690,683,676,667,658
061,17,183,00000,52454,00000,0,A,Newell township,Illinois,13969,13969,13971,13933,13833,13775,13644,13538,13419,13278,13070,12886
071,17,183,06184,52454,00000,1,A,Bismarck village,Illinois,579,579,579,576,572,570,563,559,552,547,539,530
071,17,183,18563,52454,00000,1,A,Danville city (pt.),Illinois,10339,10345,10346,10315,10236,10192,10093,10010,9920,9814,9657,9521
071,17,183,99990,52454,00000,1,F,Balance of Newell township,Illinois,3051,3045,3046,3042,3025,3013,2988,2969,2947,2917,2874,2835
061,17,183,00000,55015,00000,0,A,Oakwood township,Illinois,3507,3504,3506,3496,3474,3462,3430,3406,3381,3347,3302,3255
071,17,183,26233,55015,00000,1,A,Fithian village,Illinois,485,485,485,482,479,482,476,474,469,464,457,449
071,17,183,51336,55015,00000,1,A,Muncie village,Illinois,146,146,146,146,145,144,141,142,141,138,140,138
071,17,183,55002,55015,00000,1,A,Oakwood village,Illinois,1595,1595,1596,1592,1582,1575,1562,1548,1539,1526,1504,1485
071,17,183,99990,55015,00000,1,F,Balance of Oakwood township,Illinois,1281,1278,1279,1276,1268,1261,1251,1242,1232,1219,1201,1183
061,17,183,00000,59832,00000,1,A,Pilot township,Illinois,587,590,590,589,585,583,578,575,570,565,556,547
061,17,183,00000,65949,00000,0,A,Ross township,Illinois,1617,1617,1618,1612,1598,1590,1574,1559,1550,1534,1512,1491
071,17,183,65962,65949,00000,1,A,Rossville village (pt.),Illinois,1327,1327,1328,1323,1310,1303,1290,1279,1265,1251,1231,1213
071,17,183,99990,65949,00000,1,F,Balance of Ross township,Illinois,290,290,290,289,288,287,284,280,285,283,281,278
061,17,183,00000,69849,00000,0,A,Sidell township,Illinois,1073,1073,1073,1068,1059,1053,1045,1034,1027,1016,997,983
071,17,183,00880,69849,00000,1,A,Allerton village (pt.),Illinois,291,288,288,287,283,282,282,280,278,276,269,266
071,17,183,69836,69849,00000,1,A,Sidell village,Illinois,617,617,617,613,609,605,600,593,589,581,572,563
071,17,183,99990,69849,00000,1,F,Balance of Sidell township,Illinois,165,168,168,168,167,166,163,161,160,159,156,154
061,17,183,00000,71227,00000,0,A,South Ross township,Illinois,1070,1070,1070,1069,1059,1056,1047,1037,1029,1017,1003,990
071,17,183,01242,71227,00000,1,A,Alvan village,Illinois,270,270,270,270,268,267,265,263,261,256,252,249
071,17,183,34137,71227,00000,1,A,Henning village,Illinois,251,251,251,251,247,246,244,242,240,238,235,234
071,17,183,99990,71227,00000,1,F,Balance of South Ross township,Illinois,549,549,549,548,544,543,538,532,528,523,516,507
061,17,183,00000,77304,00000,0,A,Vance township,Illinois,1057,1057,1057,1055,1049,1045,1034,1029,1019,1009,994,982
071,17,183,24985,77304,00000,1,A,Fairmount village,Illinois,642,642,642,641,637,635,627,625,618,612,603,596
071,17,183,99990,77304,00000,1,F,Balance of Vance township,Illinois,415,415,415,414,412,410,407,404,401,397,391,386
050,17,185,00000,00000,00000,0,A,Wabash County,Illinois,11947,11947,11916,11794,11686,11671,11599,11624,11542,11523,11523,11520
157,17,185,00815,00000,00000,1,A,Allendale village,Illinois,475,475,474,472,470,467,467,468,465,464,464,477
157,17,185,04936,00000,00000,1,A,Bellmont village,Illinois,276,276,275,273,270,270,269,269,267,267,267,267
157,17,185,39259,00000,00000,1,A,Keensburg village,Illinois,210,210,209,207,206,206,204,205,203,203,203,201
157,17,185,50868,00000,00000,1,A,Mount Carmel city,Illinois,7284,7299,7278,7202,7129,7117,7070,7078,7026,7011,7008,7001
157,17,185,99990,00000,00000,1,F,Balance of Wabash County,Illinois,3702,3687,3680,3640,3611,3611,3589,3604,3581,3578,3581,3574
050,17,187,00000,00000,00000,0,A,Warren County,Illinois,17707,17704,17713,17836,17749,17662,17712,17455,17294,17144,16992,16844
157,17,187,00672,00000,00000,0,A,Alexis village (pt.),Illinois,498,498,498,497,497,494,495,485,483,479,475,468
157,17,187,03207,00000,00000,0,A,Avon village (pt.),Illinois,2,2,2,2,2,2,2,2,2,2,2,2
157,17,187,40182,00000,00000,0,A,Kirkwood village,Illinois,714,714,715,713,713,711,713,700,697,689,680,675
157,17,187,44082,00000,00000,0,A,Little York village,Illinois,331,331,331,332,329,329,330,324,321,318,315,311
157,17,187,50010,00000,00000,0,A,Monmouth city,Illinois,9444,9424,9427,9518,9431,9359,9386,9261,9131,9046,8963,8886
157,17,187,65845,00000,00000,0,A,Roseville village,Illinois,989,949,950,949,948,945,945,929,924,916,907,898
157,17,187,99990,00000,00000,0,F,Balance of Warren County,Illinois,5729,5786,5790,5825,5829,5822,5841,5754,5736,5694,5650,5604
061,17,187,00000,05560,00000,1,A,Berwick township,Illinois,327,327,327,330,330,329,330,325,325,322,319,317
061,17,187,00000,15404,00000,1,A,Coldbrook township,Illinois,467,467,467,470,470,469,470,465,464,459,458,452
061,17,187,00000,23516,00000,1,A,Ellison township,Illinois,337,338,338,341,341,340,341,336,334,332,328,326
061,17,187,00000,26610,00000,1,A,Floyd township,Illinois,472,472,472,475,475,476,478,470,468,466,462,458
061,17,187,00000,31277,00000,0,A,Greenbush township,Illinois,533,527,528,530,531,531,534,525,523,520,516,512
071,17,187,03207,31277,00000,1,A,Avon village (pt.),Illinois,2,2,2,2,2,2,2,2,2,2,2,2
071,17,187,99990,31277,00000,1,F,Balance of Greenbush township,Illinois,531,525,526,528,529,529,532,523,521,518,514,510
061,17,187,00000,32226,00000,1,A,Hale township,Illinois,344,344,344,345,347,346,347,342,341,337,334,332
061,17,187,00000,39396,00000,0,A,Kelly township,Illinois,346,346,346,349,349,348,349,344,342,339,336,333
071,17,187,00672,39396,00000,1,A,Alexis village (pt.),Illinois,10,10,10,10,10,10,10,10,10,10,10,9
071,17,187,99990,39396,00000,1,F,Balance of Kelly township,Illinois,336,336,336,339,339,338,339,334,332,329,326,324
061,17,187,00000,42847,00000,1,A,Lenox township,Illinois,280,280,280,283,283,282,283,278,277,275,272,270
061,17,187,00000,50023,00000,0,A,Monmouth township,Illinois,10463,10463,10467,10564,10478,10404,10436,10295,10163,10071,9979,9894
071,17,187,50010,50023,00000,1,A,Monmouth city,Illinois,9444,9424,9427,9518,9431,9359,9386,9261,9131,9046,8963,8886
071,17,187,99990,50023,00000,1,F,Balance of Monmouth township,Illinois,1019,1039,1040,1046,1047,1045,1050,1034,1032,1025,1016,1008
061,17,187,00000,60898,00000,1,A,Point Pleasant township,Illinois,157,157,157,157,157,157,157,155,154,155,154,152
061,17,187,00000,65858,00000,0,A,Roseville township,Illinois,1213,1212,1213,1213,1213,1210,1211,1190,1184,1174,1163,1152
071,17,187,65845,65858,00000,1,A,Roseville village,Illinois,989,949,950,949,948,945,945,929,924,916,907,898
071,17,187,99990,65858,00000,1,F,Balance of Roseville township,Illinois,224,263,263,264,265,265,266,261,260,258,256,254
061,17,187,00000,72065,00000,0,A,Spring Grove township,Illinois,1013,1013,1015,1016,1017,1015,1017,1000,997,990,983,973
071,17,187,00672,72065,00000,1,A,Alexis village (pt.),Illinois,488,488,488,487,487,484,485,475,473,469,465,459
071,17,187,99990,72065,00000,1,F,Balance of Spring Grove township,Illinois,525,525,527,529,530,531,532,525,524,521,518,514
061,17,187,00000,73716,00000,0,A,Sumner township,Illinois,572,572,572,574,573,570,571,562,560,553,548,544
071,17,187,44082,73716,00000,1,A,Little York village,Illinois,331,331,331,332,329,329,330,324,321,318,315,311
071,17,187,99990,73716,00000,1,F,Balance of Sumner township,Illinois,241,241,241,242,244,241,241,238,239,235,233,233
061,17,187,00000,74093,00000,1,A,Swan township,Illinois,265,265,265,266,265,267,268,264,262,260,258,256
061,17,187,00000,75692,00000,0,A,Tompkins township,Illinois,918,921,922,923,920,918,920,904,900,891,882,873
071,17,187,40182,75692,00000,1,A,Kirkwood village,Illinois,714,714,715,713,713,711,713,700,697,689,680,675
071,17,187,99990,75692,00000,1,F,Balance of Tompkins township,Illinois,204,207,207,210,207,207,207,204,203,202,202,198
050,17,189,00000,00000,00000,0,A,Washington County,Illinois,14716,14716,14712,14576,14599,14414,14392,14262,14179,13963,13999,13887
157,17,189,00230,00000,00000,0,A,Addieville village,Illinois,252,252,252,248,253,249,247,245,245,240,241,238
157,17,189,02531,00000,00000,0,A,Ashley city,Illinois,536,536,535,528,527,517,515,510,506,495,495,490
157,17,189,12164,00000,00000,0,A,Centralia city (pt.),Illinois,4,4,4,4,4,4,4,4,4,4,4,4
157,17,189,20890,00000,00000,0,A,Du Bois village,Illinois,205,205,205,204,203,200,200,198,196,191,191,189
157,17,189,36347,00000,00000,0,A,Hoyleton village,Illinois,531,531,537,531,527,520,517,512,508,499,499,494
157,17,189,37777,00000,00000,0,A,Irvington village,Illinois,659,665,664,655,658,648,644,637,632,619,619,613
157,17,189,51700,00000,00000,0,A,Nashville city,Illinois,3258,3260,3254,3218,3209,3158,3150,3115,3095,3041,3041,3011
157,17,189,52714,00000,00000,0,A,New Minden village,Illinois,215,215,215,212,216,212,212,209,207,208,208,206
157,17,189,54586,00000,00000,0,A,Oakdale village,Illinois,221,210,210,209,209,208,207,205,204,202,202,200
157,17,189,55470,00000,00000,0,A,Okawville village,Illinois,1434,1434,1434,1424,1420,1409,1409,1400,1394,1369,1371,1360
157,17,189,62523,00000,00000,0,A,Radom village,Illinois,220,220,220,219,218,217,217,214,212,211,211,211
157,17,189,63719,00000,00000,0,A,Richview village,Illinois,253,262,261,258,258,254,251,250,248,246,246,243
157,17,189,77408,00000,00000,0,A,Venedy village,Illinois,138,138,138,138,138,136,138,136,135,133,135,133
157,17,189,78721,00000,00000,0,A,Wamac city (pt.),Illinois,118,115,115,113,113,111,111,110,109,107,107,106
157,17,189,99990,00000,00000,0,F,Balance of Washington County,Illinois,6672,6669,6668,6615,6646,6571,6570,6517,6484,6398,6429,6389
061,17,189,00000,02544,00000,0,A,Ashley township,Illinois,816,816,817,806,806,794,791,785,779,765,767,760
071,17,189,02531,02544,00000,1,A,Ashley city,Illinois,536,536,535,528,527,517,515,510,506,495,495,490
071,17,189,99990,02544,00000,1,F,Balance of Ashley township,Illinois,280,280,282,278,279,277,276,275,273,270,272,270
061,17,189,00000,04442,00000,0,A,Beaucoup township,Illinois,593,597,598,593,594,590,589,584,582,574,578,575
071,17,189,51700,04442,00000,1,A,Nashville city (pt.),Illinois,35,38,38,37,37,37,37,36,36,35,35,35
071,17,189,99990,04442,00000,1,F,Balance of Beaucoup township,Illinois,558,559,560,556,557,553,552,548,546,539,543,540
061,17,189,00000,07172,00000,1,A,Bolo township,Illinois,419,419,418,415,419,412,414,411,411,403,408,404
061,17,189,00000,17042,00000,0,A,Covington township,Illinois,418,418,417,414,418,411,405,403,400,395,397,395
071,17,189,51700,17042,00000,1,A,Nashville city (pt.),Illinois,0,0,0,0,0,0,0,0,0,0,0,0
071,17,189,52714,17042,00000,1,A,New Minden village (pt.),Illinois,89,89,89,88,90,88,88,87,86,87,87,86
071,17,189,99990,17042,00000,1,F,Balance of Covington township,Illinois,329,329,328,326,328,323,317,316,314,308,310,309
061,17,189,00000,20877,00000,0,A,Du Bois township,Illinois,748,748,749,743,744,735,734,728,723,713,715,710
071,17,189,20890,20877,00000,1,A,Du Bois village,Illinois,205,205,205,204,203,200,200,198,196,191,191,189
071,17,189,62523,20877,00000,1,A,Radom village,Illinois,220,220,220,219,218,217,217,214,212,211,211,211
071,17,189,99990,20877,00000,1,F,Balance of Du Bois township,Illinois,323,323,324,320,323,318,317,316,315,311,313,310
061,17,189,00000,36360,00000,0,A,Hoyleton township,Illinois,1142,1142,1147,1135,1135,1121,1119,1107,1098,1083,1083,1075
071,17,189,36347,36360,00000,1,A,Hoyleton village,Illinois,531,531,537,531,527,520,517,512,508,499,499,494
071,17,189,51700,36360,00000,1,A,Nashville city (pt.),Illinois,0,0,0,0,0,0,0,0,0,0,0,0
071,17,189,52714,36360,00000,1,A,New Minden village (pt.),Illinois,126,126,126,124,126,124,124,122,121,121,121,120
071,17,189,99990,36360,00000,1,F,Balance of Hoyleton township,Illinois,485,485,484,480,482,477,478,473,469,463,463,461
061,17,189,00000,37790,00000,0,A,Irvington township,Illinois,1285,1285,1283,1268,1274,1256,1253,1240,1230,1210,1213,1201
071,17,189,12164,37790,00000,1,A,Centralia city (pt.),Illinois,4,4,4,4,4,4,4,4,4,4,4,4
071,17,189,37777,37790,00000,1,A,Irvington village,Illinois,659,665,664,655,658,648,644,637,632,619,619,613
071,17,189,63719,37790,00000,1,A,Richview village (pt.),Illinois,0,1,1,1,1,1,1,1,1,1,1,1
071,17,189,78721,37790,00000,1,A,Wamac city (pt.),Illinois,118,115,115,113,113,111,111,110,109,107,107,106
071,17,189,99990,37790,00000,1,F,Balance of Irvington township,Illinois,504,500,499,495,498,492,493,488,484,479,482,477
061,17,189,00000,38453,00000,0,A,Johannisburg township,Illinois,511,511,510,506,509,501,502,499,495,488,488,485
071,17,189,77408,38453,00000,1,A,Venedy village (pt.),Illinois,3,3,3,3,3,3,3,3,3,3,3,3
071,17,189,99990,38453,00000,1,F,Balance of Johannisburg township,Illinois,508,508,507,503,506,498,499,496,492,485,485,482
061,17,189,00000,44108,00000,1,A,Lively Grove township,Illinois,688,688,689,682,685,679,680,674,669,662,664,660
061,17,189,00000,51713,00000,0,A,Nashville township,Illinois,3676,3672,3665,3627,3622,3566,3559,3520,3499,3440,3443,3411
071,17,189,51700,51713,00000,1,A,Nashville city (pt.),Illinois,3223,3222,3216,3181,3172,3121,3113,3079,3059,3006,3006,2976
071,17,189,99990,51713,00000,1,F,Balance of Nashville township,Illinois,453,450,449,446,450,445,446,441,440,434,437,435
061,17,189,00000,54599,00000,0,A,Oakdale township,Illinois,594,594,595,590,591,586,584,580,578,570,572,568
071,17,189,54586,54599,00000,1,A,Oakdale village,Illinois,221,210,210,209,209,208,207,205,204,202,202,200
071,17,189,99990,54599,00000,1,F,Balance of Oakdale township,Illinois,373,384,385,381,382,378,377,375,374,368,370,368
061,17,189,00000,55483,00000,0,A,Okawville township,Illinois,1987,1987,1989,1974,1973,1956,1956,1942,1936,1903,1907,1893
071,17,189,00230,55483,00000,1,A,Addieville village (pt.),Illinois,141,141,141,139,141,139,138,137,138,135,135,134
071,17,189,55470,55483,00000,1,A,Okawville village,Illinois,1434,1434,1434,1424,1420,1409,1409,1400,1394,1369,1371,1360
071,17,189,99990,55483,00000,1,F,Balance of Okawville township,Illinois,412,412,414,411,412,408,409,405,404,399,401,399
061,17,189,00000,59858,00000,1,A,Pilot Knob township,Illinois,555,555,554,552,553,547,548,542,540,533,535,532
061,17,189,00000,60807,00000,0,A,Plum Hill township,Illinois,537,537,536,531,535,529,527,523,519,512,515,511
071,17,189,00230,60807,00000,1,A,Addieville village (pt.),Illinois,111,111,111,109,112,110,109,108,107,105,106,104
071,17,189,99990,60807,00000,1,F,Balance of Plum Hill township,Illinois,426,426,425,422,423,419,418,415,412,407,409,407
061,17,189,00000,63732,00000,0,A,Richview township,Illinois,343,343,342,338,338,332,331,329,326,323,323,319
071,17,189,63719,63732,00000,1,A,Richview village (pt.),Illinois,253,261,260,257,257,253,250,249,247,245,245,242
071,17,189,99990,63732,00000,1,F,Balance of Richview township,Illinois,90,82,82,81,81,79,81,80,79,78,78,77
061,17,189,00000,77434,00000,0,A,Venedy township,Illinois,404,404,403,402,403,399,400,395,394,389,391,388
071,17,189,77408,77434,00000,1,A,Venedy village (pt.),Illinois,135,135,135,135,135,133,135,133,132,130,132,130
071,17,189,99990,77434,00000,1,F,Balance of Venedy township,Illinois,269,269,268,267,268,266,265,262,262,259,259,258
050,17,191,00000,00000,00000,0,A,Wayne County,Illinois,16760,16760,16738,16661,16656,16664,16594,16517,16542,16412,16326,16215
157,17,191,14455,00000,00000,0,A,Cisne village,Illinois,672,681,682,678,678,678,676,674,675,669,665,660
157,17,191,24816,00000,00000,0,A,Fairfield city,Illinois,5154,5150,5141,5110,5100,5099,5076,5038,5046,4998,4975,4936
157,17,191,30250,00000,00000,0,A,Golden Gate village,Illinois,68,68,68,68,68,68,67,67,67,66,66,65
157,17,191,38323,00000,00000,0,A,Jeffersonville village,Illinois,367,367,368,367,366,366,365,365,365,362,362,359
157,17,191,38531,00000,00000,0,A,Johnsonville village,Illinois,77,77,77,77,76,77,76,76,78,78,75,77
157,17,191,39233,00000,00000,0,A,Keenes village,Illinois,83,83,83,82,82,82,82,82,83,83,80,80
157,17,191,49347,00000,00000,0,A,Mill Shoals village (pt.),Illinois,0,0,0,0,0,0,0,0,0,0,0,0
157,17,191,50933,00000,00000,0,A,Mount Erie village,Illinois,88,85,85,84,84,84,84,84,84,83,84,83
157,17,191,70031,00000,00000,0,A,Sims village,Illinois,252,252,252,250,250,250,245,244,244,242,242,240
157,17,191,79436,00000,00000,0,A,Wayne City village,Illinois,1032,1029,1027,1022,1021,1022,1018,1014,1015,1006,999,993
157,17,191,99990,00000,00000,0,F,Balance of Wayne County,Illinois,8967,8968,8955,8923,8931,8938,8905,8873,8885,8825,8778,8722
061,17,191,00000,02297,00000,0,A,Arrington township,Illinois,409,409,409,406,406,406,400,398,398,395,394,389
071,17,191,70031,02297,00000,1,A,Sims village,Illinois,252,252,252,250,250,250,245,244,244,242,242,240
071,17,191,99990,02297,00000,1,F,Balance of Arrington township,Illinois,157,157,157,156,156,156,155,154,154,153,152,149
061,17,191,00000,03753,00000,0,A,Barnhill township,Illinois,597,597,596,595,595,595,593,591,594,589,587,583
071,17,191,49347,03753,00000,1,A,Mill Shoals village (pt.),Illinois,0,0,0,0,0,0,0,0,0,0,0,0
071,17,191,99990,03753,00000,1,F,Balance of Barnhill township,Illinois,597,597,596,595,595,595,593,591,594,589,587,583
061,17,191,00000,04559,00000,0,A,Bedford township,Illinois,1065,1065,1065,1059,1059,1061,1058,1054,1055,1048,1041,1034
071,17,191,14455,04559,00000,1,A,Cisne village,Illinois,672,681,682,678,678,678,676,674,675,669,665,660
071,17,191,99990,04559,00000,1,F,Balance of Bedford township,Illinois,393,384,383,381,381,383,382,380,380,379,376,374
061,17,191,00000,05521,00000,1,A,Berry township,Illinois,351,349,348,347,346,347,345,345,346,343,340,338
061,17,191,00000,05950,00000,0,A,Big Mound township,Illinois,1742,1742,1739,1732,1730,1730,1724,1714,1717,1704,1694,1684
071,17,191,24816,05950,00000,1,A,Fairfield city (pt.),Illinois,1133,1133,1131,1125,1123,1123,1119,1111,1113,1103,1098,1091
071,17,191,99990,05950,00000,1,F,Balance of Big Mound township,Illinois,609,609,608,607,607,607,605,603,604,601,596,593
061,17,191,00000,23685,00000,1,A,Elm River township,Illinois,276,276,276,274,274,274,273,271,272,267,266,264
061,17,191,00000,27364,00000,0,A,Four Mile township,Illinois,666,668,667,663,665,665,663,660,661,656,652,648
071,17,191,39233,27364,00000,1,A,Keenes village,Illinois,83,83,83,82,82,82,82,82,83,83,80,80
071,17,191,79436,27364,00000,1,A,Wayne City village (pt.),Illinois,4,4,4,4,4,4,4,4,4,4,4,4
071,17,191,99990,27364,00000,1,F,Balance of Four Mile township,Illinois,579,581,580,577,579,579,577,574,574,569,568,564
061,17,191,00000,28534,00000,1,A,Garden Hill township,Illinois,145,140,140,139,139,139,140,140,140,139,139,139
061,17,191,00000,31953,00000,0,A,Grover township,Illinois,3757,3757,3750,3731,3727,3728,3713,3690,3695,3665,3647,3621
071,17,191,24816,31953,00000,1,A,Fairfield city (pt.),Illinois,2838,2836,2831,2812,2807,2807,2793,2772,2774,2748,2734,2712
071,17,191,99990,31953,00000,1,F,Balance of Grover township,Illinois,919,921,919,919,920,921,920,918,921,917,913,909
061,17,191,00000,34501,00000,1,A,Hickory Hill township,Illinois,413,413,412,410,412,412,411,408,409,405,405,402
061,17,191,00000,37387,00000,0,A,Indian Prairie township,Illinois,626,626,625,624,623,624,621,618,621,616,611,608
071,17,191,38531,37387,00000,1,A,Johnsonville village,Illinois,77,77,77,77,76,77,76,76,78,78,75,77
071,17,191,99990,37387,00000,1,F,Balance of Indian Prairie township,Illinois,549,549,548,547,547,547,545,542,543,538,536,531
061,17,191,00000,38258,00000,0,A,Jasper township,Illinois,1769,1769,1766,1759,1758,1758,1751,1743,1745,1731,1721,1708
071,17,191,24816,38258,00000,1,A,Fairfield city (pt.),Illinois,718,726,725,721,718,717,714,708,709,701,698,689
071,17,191,99990,38258,00000,1,F,Balance of Jasper township,Illinois,1051,1043,1041,1038,1040,1041,1037,1035,1036,1030,1023,1019
061,17,191,00000,39285,00000,1,A,Keith township,Illinois,392,392,391,391,391,391,390,390,390,389,386,383
061,17,191,00000,41755,00000,0,A,Lamard township,Illinois,1422,1422,1421,1415,1416,1416,1409,1402,1405,1396,1391,1383
071,17,191,24816,41755,00000,1,A,Fairfield city (pt.),Illinois,465,455,454,452,452,452,450,447,450,446,445,444
071,17,191,38323,41755,00000,1,A,Jeffersonville village,Illinois,367,367,368,367,366,366,365,365,365,362,362,359
071,17,191,99990,41755,00000,1,F,Balance of Lamard township,Illinois,590,600,599,596,598,598,594,590,590,588,584,580
061,17,191,00000,42626,00000,0,A,Leech township,Illinois,465,465,464,462,462,462,460,459,460,455,453,449
071,17,191,30250,42626,00000,1,A,Golden Gate village,Illinois,68,68,68,68,68,68,67,67,67,66,66,65
071,17,191,99990,42626,00000,1,F,Balance of Leech township,Illinois,397,397,396,394,394,394,393,392,393,389,387,384
061,17,191,00000,47501,00000,1,A,Massilon township,Illinois,172,172,172,171,171,171,170,169,169,170,169,168
061,17,191,00000,50946,00000,0,A,Mount Erie township,Illinois,370,370,370,367,369,369,368,366,367,363,362,359
071,17,191,50933,50946,00000,1,A,Mount Erie village,Illinois,88,85,85,84,84,84,84,84,84,83,84,83
071,17,191,99990,50946,00000,1,F,Balance of Mount Erie township,Illinois,282,285,285,283,285,285,284,282,283,280,278,276
061,17,191,00000,56367,00000,1,A,Orchard township,Illinois,604,609,608,605,604,605,600,599,597,592,588,584
061,17,191,00000,56510,00000,0,A,Orel township,Illinois,1420,1420,1420,1413,1411,1413,1407,1403,1404,1392,1384,1376
071,17,191,79436,56510,00000,1,A,Wayne City village (pt.),Illinois,1028,1025,1023,1018,1017,1018,1014,1010,1011,1002,995,989
071,17,191,99990,56510,00000,1,F,Balance of Orel township,Illinois,392,395,397,395,394,395,393,393,393,390,389,387
061,17,191,00000,84194,00000,1,A,Zif township,Illinois,99,99,99,98,98,98,98,97,97,97,96,95
050,17,193,00000,00000,00000,0,A,White County,Illinois,14665,14665,14597,14590,14522,14434,14265,14204,14079,13903,13618,13537
157,17,193,09889,00000,00000,0,A,Burnt Prairie village,Illinois,52,52,52,52,51,51,51,50,50,49,48,48
157,17,193,11293,00000,00000,0,A,Carmi city,Illinois,5240,5244,5219,5214,5189,5157,5091,5063,5019,4951,4843,4811
157,17,193,17783,00000,00000,0,A,Crossville village,Illinois,745,750,746,746,742,736,726,722,716,707,692,689
157,17,193,24179,00000,00000,0,A,Enfield village,Illinois,596,596,593,593,590,587,581,578,574,567,556,552
157,17,193,31165,00000,00000,0,A,Grayville city (pt.),Illinois,930,932,928,925,919,914,903,899,891,880,867,861
157,17,193,47592,00000,00000,0,A,Maunie village,Illinois,139,139,138,138,138,137,135,137,135,133,130,130
157,17,193,49347,00000,00000,0,A,Mill Shoals village (pt.),Illinois,215,212,211,211,210,209,208,207,205,203,198,197
157,17,193,52506,00000,00000,0,A,New Haven village (pt.),Illinois,1,1,1,1,1,1,1,1,1,1,1,1
157,17,193,53403,00000,00000,0,A,Norris City village,Illinois,1275,1249,1243,1243,1236,1229,1216,1210,1199,1183,1158,1151
157,17,193,59520,00000,00000,0,A,Phillipstown village,Illinois,44,44,44,44,44,43,43,43,42,42,41,41
157,17,193,71643,00000,00000,0,A,Springerton village,Illinois,110,110,109,109,109,108,107,106,105,104,102,102
157,17,193,99990,00000,00000,0,F,Balance of White County,Illinois,5318,5336,5313,5314,5293,5262,5203,5188,5142,5083,4982,4954
061,17,193,00000,09902,00000,0,A,Burnt Prairie township,Illinois,345,345,344,343,341,339,334,334,329,325,318,315
071,17,193,09889,09902,00000,1,A,Burnt Prairie village,Illinois,52,52,52,52,51,51,51,50,50,49,48,48
071,17,193,99990,09902,00000,1,F,Balance of Burnt Prairie township,Illinois,293,293,292,291,290,288,283,284,279,276,270,267
061,17,193,00000,11306,00000,0,A,Carmi township,Illinois,6770,6770,6738,6734,6704,6661,6581,6548,6491,6405,6269,6230
071,17,193,11293,11306,00000,1,A,Carmi city (pt.),Illinois,5219,5223,5198,5193,5168,5136,5071,5043,4999,4931,4823,4792
071,17,193,99990,11306,00000,1,F,Balance of Carmi township,Illinois,1551,1547,1540,1541,1536,1525,1510,1505,1492,1474,1446,1438
061,17,193,00000,24088,00000,0,A,Emma township,Illinois,387,387,385,385,383,381,376,377,373,368,360,359
071,17,193,47592,24088,00000,1,A,Maunie village (pt.),Illinois,128,128,127,127,127,126,124,126,124,123,120,120
071,17,193,52506,24088,00000,1,A,New Haven village (pt.),Illinois,1,1,1,1,1,1,1,1,1,1,1,1
071,17,193,99990,24088,00000,1,F,Balance of Emma township,Illinois,258,258,257,257,255,254,251,250,248,244,239,238
061,17,193,00000,24192,00000,0,A,Enfield township,Illinois,905,905,900,900,896,891,882,877,870,860,843,837
071,17,193,24179,24192,00000,1,A,Enfield village,Illinois,596,596,593,593,590,587,581,578,574,567,556,552
071,17,193,99990,24192,00000,1,F,Balance of Enfield township,Illinois,309,309,307,307,306,304,301,299,296,293,287,285
061,17,193,00000,31069,00000,0,A,Gray township,Illinois,1141,1141,1136,1133,1126,1122,1109,1104,1094,1080,1063,1056
071,17,193,31165,31069,00000,1,A,Grayville city (pt.),Illinois,930,932,928,925,919,914,903,899,891,880,867,861
071,17,193,99990,31069,00000,1,F,Balance of Gray township,Illinois,211,209,208,208,207,208,206,205,203,200,196,195
061,17,193,00000,33591,00000,0,A,Hawthorne township,Illinois,275,275,274,274,273,271,267,266,264,260,256,253
071,17,193,11293,33591,00000,1,A,Carmi city (pt.),Illinois,21,21,21,21,21,21,20,20,20,20,20,19
071,17,193,47592,33591,00000,1,A,Maunie village (pt.),Illinois,11,11,11,11,11,11,11,11,11,10,10,10
071,17,193,99990,33591,00000,1,F,Balance of Hawthorne township,Illinois,243,243,242,242,241,239,236,235,233,230,226,224
061,17,193,00000,34228,00000,1,A,Heralds Prairie township,Illinois,594,594,591,591,588,585,578,575,570,563,551,548
061,17,193,00000,37231,00000,0,A,Indian Creek township,Illinois,2322,2322,2313,2312,2302,2289,2264,2257,2239,2212,2167,2157
071,17,193,53403,37231,00000,1,A,Norris City village,Illinois,1275,1249,1243,1243,1236,1229,1216,1210,1199,1183,1158,1151
071,17,193,99990,37231,00000,1,F,Balance of Indian Creek township,Illinois,1047,1073,1070,1069,1066,1060,1048,1047,1040,1029,1009,1006
061,17,193,00000,49360,00000,0,A,Mill Shoals township,Illinois,668,668,664,666,664,659,654,652,646,641,627,624
071,17,193,49347,49360,00000,1,A,Mill Shoals village (pt.),Illinois,215,212,211,211,210,209,208,207,205,203,198,197
071,17,193,71643,49360,00000,1,A,Springerton village,Illinois,110,110,109,109,109,108,107,106,105,104,102,102
071,17,193,99990,49360,00000,1,F,Balance of Mill Shoals township,Illinois,343,346,344,346,345,342,339,339,336,334,327,325
061,17,193,00000,59507,00000,0,A,Phillips township,Illinois,1258,1258,1252,1252,1245,1236,1220,1214,1203,1189,1164,1158
071,17,193,17783,59507,00000,1,A,Crossville village,Illinois,745,750,746,746,742,736,726,722,716,707,692,689
071,17,193,59520,59507,00000,1,A,Phillipstown village,Illinois,44,44,44,44,44,43,43,43,42,42,41,41
071,17,193,99990,59507,00000,1,F,Balance of Phillips township,Illinois,469,464,462,462,459,457,451,449,445,440,431,428
050,17,195,00000,00000,00000,0,A,Whiteside County,Illinois,58498,58501,58486,58286,57766,57468,57021,56919,56476,55955,55553,55175
157,17,195,00516,00000,00000,0,A,Albany village,Illinois,891,903,905,901,891,891,887,888,883,874,871,863
157,17,195,15469,00000,00000,0,A,Coleta village,Illinois,164,162,162,161,160,159,157,157,156,155,156,152
157,17,195,19031,00000,00000,0,A,Deer Grove village,Illinois,48,48,48,48,47,47,47,47,46,46,45,45
157,17,195,24374,00000,00000,0,A,Erie village,Illinois,1602,1603,1602,1594,1582,1569,1554,1552,1541,1523,1508,1499
157,17,195,28144,00000,00000,0,A,Fulton city,Illinois,3481,3482,3481,3463,3428,3406,3367,3358,3328,3297,3339,3315
157,17,195,45278,00000,00000,0,A,Lyndon village,Illinois,648,648,648,648,642,638,631,628,626,621,613,610
157,17,195,50530,00000,00000,0,A,Morrison city,Illinois,4188,4191,4190,4175,4138,4117,4147,4135,4098,4058,4019,3988
157,17,195,61977,00000,00000,0,A,Prophetstown city,Illinois,2080,2078,2077,2066,2044,2032,2007,2001,1986,1968,1950,1939
157,17,195,64928,00000,00000,0,A,Rock Falls city,Illinois,9266,9406,9398,9358,9260,9200,9085,9061,8978,8888,8807,8740
157,17,195,72546,00000,00000,0,A,Sterling city,Illinois,15370,15426,15415,15338,15198,15098,15011,14974,14851,14709,14575,14463
157,17,195,74470,00000,00000,0,A,Tampico village,Illinois,790,790,790,784,777,770,760,756,751,742,736,729
157,17,195,99990,00000,00000,0,F,Balance of Whiteside County,Illinois,19970,19764,19770,19750,19599,19541,19368,19362,19232,19074,18934,18832
061,17,195,00000,00529,00000,0,A,Albany township,Illinois,1076,1080,1082,1077,1068,1064,1058,1062,1054,1046,1039,1030
071,17,195,00516,00529,00000,1,A,Albany village (pt.),Illinois,882,888,890,886,876,876,872,873,869,860,857,849
071,17,195,99990,00529,00000,1,F,Balance of Albany township,Illinois,194,192,192,191,192,188,186,189,185,186,182,181
061,17,195,00000,15144,00000,1,A,Clyde township,Illinois,402,404,404,402,401,399,394,394,391,388,384,382
061,17,195,00000,15651,00000,0,A,Coloma township,Illinois,11371,11366,11359,11316,11204,11138,11005,10980,10884,10778,10684,10607
071,17,195,64928,15651,00000,1,A,Rock Falls city (pt.),Illinois,9266,9406,9398,9358,9260,9200,9085,9061,8978,8888,8807,8740
071,17,195,99990,15651,00000,1,F,Balance of Coloma township,Illinois,2105,1960,1961,1958,1944,1938,1920,1919,1906,1890,1877,1867
061,17,195,00000,24387,00000,0,A,Erie township,Illinois,2006,2009,2008,1998,1983,1970,1951,1948,1934,1913,1895,1883
071,17,195,24374,24387,00000,1,A,Erie village,Illinois,1602,1603,1602,1594,1582,1569,1554,1552,1541,1523,1508,1499
071,17,195,99990,24387,00000,1,F,Balance of Erie township,Illinois,404,406,406,404,401,401,397,396,393,390,387,384
061,17,195,00000,25817,00000,1,A,Fenton township,Illinois,536,537,537,537,532,531,526,525,523,519,515,512
061,17,195,00000,28157,00000,0,A,Fulton township,Illinois,4251,4250,4249,4230,4190,4167,4121,4112,4078,4041,4077,4051
071,17,195,28144,28157,00000,1,A,Fulton city (pt.),Illinois,3481,3482,3481,3463,3428,3406,3367,3358,3328,3297,3339,3315
071,17,195,99990,28157,00000,1,F,Balance of Fulton township,Illinois,770,768,768,767,762,761,754,754,750,744,738,736
061,17,195,00000,28586,00000,0,A,Garden Plain township,Illinois,1072,1066,1068,1066,1058,1055,1048,1047,1040,1032,1025,1021
071,17,195,00516,28586,00000,1,A,Albany village (pt.),Illinois,9,15,15,15,15,15,15,15,14,14,14,14
071,17,195,28144,28586,00000,1,A,Fulton city (pt.),Illinois,0,0,0,0,0,0,0,0,0,0,0,0
071,17,195,99990,28586,00000,1,F,Balance of Garden Plain township,Illinois,1063,1051,1053,1051,1043,1040,1033,1032,1026,1018,1011,1007
061,17,195,00000,28833,00000,0,A,Genesee township,Illinois,784,780,780,779,772,770,764,763,758,752,748,742
071,17,195,15469,28833,00000,1,A,Coleta village,Illinois,164,162,162,161,160,159,157,157,156,155,156,152
071,17,195,99990,28833,00000,1,F,Balance of Genesee township,Illinois,620,618,618,618,612,611,607,606,602,597,592,590
061,17,195,00000,32174,00000,0,A,Hahnaman township,Illinois,399,399,399,398,396,394,390,390,386,384,380,378
071,17,195,19031,32174,00000,1,A,Deer Grove village,Illinois,48,48,48,48,47,47,47,47,46,46,45,45
071,17,195,99990,32174,00000,1,F,Balance of Hahnaman township,Illinois,351,351,351,350,349,347,343,343,340,338,335,333
061,17,195,00000,36178,00000,0,A,Hopkins township,Illinois,2156,2146,2148,2144,2124,2118,2099,2097,2082,2064,2047,2034
071,17,195,72546,36178,00000,1,A,Sterling city (pt.),Illinois,0,0,0,0,0,0,0,0,0,0,0,0
071,17,195,99990,36178,00000,1,F,Balance of Hopkins township,Illinois,2156,2146,2148,2144,2124,2118,2099,2097,2082,2064,2047,2034
061,17,195,00000,36581,00000,1,A,Hume township,Illinois,411,411,411,411,408,408,403,403,402,398,395,395
061,17,195,00000,38700,00000,1,A,Jordan township,Illinois,899,899,898,898,889,887,877,877,870,863,856,850
061,17,195,00000,45291,00000,0,A,Lyndon township,Illinois,1057,1057,1057,1059,1052,1046,1036,1037,1032,1025,1018,1014
071,17,195,45278,45291,00000,1,A,Lyndon village (pt.),Illinois,648,648,648,648,642,638,631,628,626,621,613,610
071,17,195,99990,45291,00000,1,F,Balance of Lyndon township,Illinois,409,409,409,411,410,408,405,409,406,404,405,404
061,17,195,00000,50270,00000,0,A,Montmorency township,Illinois,2612,2612,2614,2611,2592,2586,2562,2562,2546,2524,2506,2493
071,17,195,64928,50270,00000,1,A,Rock Falls city (pt.),Illinois,A,0,0,0,0,0,0,0,0,0,0,0
071,17,195,99990,50270,00000,1,F,Balance of Montmorency township,Illinois,A,2612,2614,2611,2592,2586,2562,2562,2546,2524,2506,2493
061,17,195,00000,51076,00000,0,A,Mount Pleasant township,Illinois,4939,4946,4945,4929,4888,4865,4887,4877,4836,4790,4747,4713
071,17,195,50530,51076,00000,1,A,Morrison city (pt.),Illinois,4120,4132,4131,4116,4080,4059,4088,4076,4041,4002,3963,3932
071,17,195,99990,51076,00000,1,F,Balance of Mount Pleasant township,Illinois,819,814,814,813,808,806,799,801,795,788,784,781
061,17,195,00000,52857,00000,1,A,Newton township,Illinois,450,451,451,452,447,445,443,442,439,435,432,429
061,17,195,00000,61262,00000,1,A,Portland township,Illinois,422,424,424,424,421,418,416,415,412,409,406,403
061,17,195,00000,61990,00000,0,A,Prophetstown township,Illinois,2615,2624,2623,2612,2585,2570,2541,2534,2516,2493,2471,2455
071,17,195,45278,61990,00000,1,A,Lyndon village (pt.),Illinois,0,0,0,0,0,0,0,0,0,0,0,0
071,17,195,61977,61990,00000,1,A,Prophetstown city,Illinois,2080,2078,2077,2066,2044,2032,2007,2001,1986,1968,1950,1939
071,17,195,99990,61990,00000,1,F,Balance of Prophetstown township,Illinois,535,546,546,546,541,538,534,533,530,525,521,516
061,17,195,00000,72553,00000,0,A,Sterling township,Illinois,18035,18041,18031,17949,17791,17682,17575,17535,17394,17231,17080,16953
071,17,195,72546,72553,00000,1,A,Sterling city (pt.),Illinois,15370,15426,15415,15338,15198,15098,15011,14974,14851,14709,14575,14463
071,17,195,99990,72553,00000,1,F,Balance of Sterling township,Illinois,2665,2615,2616,2611,2593,2584,2564,2561,2543,2522,2505,2490
061,17,195,00000,74483,00000,0,A,Tampico township,Illinois,1148,1148,1148,1143,1130,1124,1110,1106,1098,1086,1077,1068
071,17,195,74470,74483,00000,1,A,Tampico village,Illinois,790,790,790,784,777,770,760,756,751,742,736,729
071,17,195,99990,74483,00000,1,F,Balance of Tampico township,Illinois,358,358,358,359,353,354,350,350,347,344,341,339
061,17,195,00000,76758,00000,0,A,Union Grove township,Illinois,1244,1233,1232,1233,1223,1220,1210,1209,1201,1190,1181,1176
071,17,195,50530,76758,00000,1,A,Morrison city (pt.),Illinois,68,59,59,59,58,58,59,59,57,56,56,56
071,17,195,99990,76758,00000,1,F,Balance of Union Grove township,Illinois,1176,1174,1173,1174,1165,1162,1151,1150,1144,1134,1125,1120
061,17,195,00000,77070,00000,1,A,Ustick township,Illinois,613,618,618,618,612,611,605,604,600,594,590,586
050,17,197,00000,00000,00000,0,A,Will County,Illinois,677560,677580,678824,680827,682477,683734,685158,685877,688328,690479,691149,690743
157,17,197,03012,00000,00000,0,A,Aurora city (pt.),Illinois,11471,11503,11524,11544,11564,11545,11552,11537,11618,11605,11576,11523
157,17,197,04585,00000,00000,0,A,Beecher village,Illinois,4359,4341,4357,4392,4420,4443,4444,4434,4435,4443,4434,4427
157,17,197,07133,00000,00000,0,A,Bolingbrook village (pt.),Illinois,71795,71793,71901,72199,72354,72305,72423,72529,72773,73379,73421,72934
157,17,197,07640,00000,00000,0,A,Braceville village (pt.),Illinois,1,1,1,1,1,1,1,1,1,1,1,1
157,17,197,07770,00000,00000,0,A,Braidwood city (pt.),Illinois,6191,6215,6231,6237,6243,6228,6224,6224,6225,6212,6198,6181
157,17,197,12476,00000,00000,0,A,Channahon village (pt.),Illinois,9345,9336,9356,9365,9377,9404,9399,9392,9421,9546,9732,9879
157,17,197,15170,00000,00000,0,A,Coal City village (pt.),Illinois,2,2,2,2,2,2,2,2,2,2,2,2
157,17,197,17458,00000,00000,0,A,Crest Hill city,Illinois,20837,20800,20824,21028,21013,21201,21231,20710,20643,20584,20498,20376
157,17,197,17523,00000,00000,0,A,Crete village (pt.),Illinois,8259,8230,8269,8267,8263,8233,8209,8178,8164,8124,8081,8023
157,17,197,19837,00000,00000,0,A,Diamond village (pt.),Illinois,19,17,17,17,17,17,17,17,17,17,17,17
157,17,197,23945,00000,00000,0,A,Elwood village,Illinois,2279,2278,2281,2280,2280,2273,2266,2260,2257,2251,2242,2226
157,17,197,27624,00000,00000,0,A,Frankfort village (pt.),Illinois,17782,17808,17846,17945,18054,18187,18414,18635,18842,18976,19144,19373
157,17,197,30120,00000,00000,0,A,Godley village (pt.),Illinois,552,552,553,576,591,612,623,637,654,668,680,695
157,17,197,35835,00000,00000,0,A,Homer Glen village (pt.),Illinois,24220,24210,24250,24297,24326,24295,24306,24330,24412,24514,24533,24472
157,17,197,38570,00000,00000,0,A,Joliet city (pt.),Illinois,137684,137519,137698,137854,138068,137657,137413,137172,137423,137335,137146,136791
157,17,197,42795,00000,00000,0,A,Lemont village (pt.),Illinois,3,15,15,15,15,15,15,15,15,15,15,15
157,17,197,44225,00000,00000,0,A,Lockport city,Illinois,24839,24819,24865,24955,25020,25020,25024,25076,25140,25317,25436,25615
157,17,197,46357,00000,00000,0,A,Manhattan village,Illinois,7051,7051,7090,7118,7140,7197,7305,7403,7553,7751,7983,8240
157,17,197,47540,00000,00000,0,A,Matteson village (pt.),Illinois,0,0,0,0,0,0,0,0,0,0,0,0
157,17,197,49607,00000,00000,0,A,Minooka village (pt.),Illinois,1803,1804,1810,1822,1838,1848,1858,1867,1880,1890,1888,1895
157,17,197,49854,00000,00000,0,A,Mokena village,Illinois,18740,18646,18688,18812,18932,19066,19315,19762,19929,20074,20172,20159
157,17,197,49945,00000,00000,0,A,Monee village,Illinois,5148,5113,5121,5126,5130,5116,5108,5093,5100,5084,5093,5061
157,17,197,51622,00000,00000,0,A,Naperville city (pt.),Illinois,47320,47319,47407,47499,47663,47745,48091,48287,48492,48596,48794,48883
157,17,197,52584,00000,00000,0,A,New Lenox village,Illinois,24394,24288,24337,24405,24586,24849,25288,25661,26082,26456,26727,26926
157,17,197,56640,00000,00000,0,A,Orland Park village (pt.),Illinois,184,184,184,184,185,187,188,187,190,189,189,187
157,17,197,56887,00000,00000,0,A,Oswego village (pt.),Illinois,A,0,0,0,0,0,0,0,0,0,0,0
157,17,197,57732,00000,00000,0,A,Park Forest village (pt.),Illinois,3303,3345,3351,3347,3345,3333,3320,3305,3297,3282,3263,3234
157,17,197,59052,00000,00000,0,A,Peotone village,Illinois,4142,4146,4152,4163,4161,4141,4141,4123,4140,4146,4133,4105
157,17,197,60287,00000,00000,0,A,Plainfield village (pt.),Illinois,37502,37818,37920,38114,38400,39664,39981,40343,40745,41611,41846,42082
157,17,197,64902,00000,00000,0,A,Rockdale village,Illinois,1976,1987,1990,1987,1983,1976,1967,1957,1950,1940,1927,1910
157,17,197,65442,00000,00000,0,A,Romeoville village,Illinois,39680,39652,39704,39800,39851,39798,39793,39731,39724,39616,39576,39746
157,17,197,67769,00000,00000,0,A,Sauk Village village (pt.),Illinois,0,0,0,0,0,0,0,0,0,0,0,0
157,17,197,69758,00000,00000,0,A,Shorewood village,Illinois,15615,15630,15708,16055,16227,16381,16585,16772,17004,17186,17321,17509
157,17,197,72520,00000,00000,0,A,Steger village (pt.),Illinois,5467,5451,5457,5452,5449,5425,5405,5381,5367,5336,5304,5258
157,17,197,74275,00000,00000,0,A,Symerton village,Illinois,87,91,91,93,94,93,93,93,93,92,90,91
157,17,197,75484,00000,00000,0,A,Tinley Park village (pt.),Illinois,7467,7497,7508,7516,7522,7504,7492,7480,7479,7458,7431,7388
157,17,197,76935,00000,00000,0,A,University Park village (pt.),Illinois,6856,6840,6848,6844,6844,6814,6792,6762,6748,6713,6676,6624
157,17,197,82101,00000,00000,0,A,Wilmington city,Illinois,5724,5757,5786,5785,5780,5760,5746,5728,5729,5713,5687,5653
157,17,197,83245,00000,00000,0,A,Woodridge village (pt.),Illinois,22,37,37,37,37,37,37,37,37,37,36,36
157,17,197,99990,00000,00000,0,F,Balance of Will County,Illinois,105441,105485,105645,105694,105702,105362,105090,104756,104747,104320,103857,103206
061,17,197,00000,12483,00000,0,A,Channahon township,Illinois,10322,10307,10329,10347,10374,10402,10406,10403,10438,10549,10694,10818
071,17,197,12476,12483,00000,1,A,Channahon village (pt.),Illinois,7733,7717,7732,7740,7748,7770,7766,7758,7779,7883,8033,8155
071,17,197,23945,12483,00000,1,A,Elwood village (pt.),Illinois,0,0,0,0,0,0,0,0,0,0,0,0
071,17,197,38570,12483,00000,1,A,Joliet city (pt.),Illinois,3,0,0,0,0,0,0,0,0,0,0,0
071,17,197,49607,12483,00000,1,A,Minooka village (pt.),Illinois,1803,1804,1810,1822,1838,1848,1858,1867,1880,1890,1888,1895
071,17,197,99990,12483,00000,1,F,Balance of Channahon township,Illinois,783,786,787,785,788,784,782,778,779,776,773,768
061,17,197,00000,17536,00000,0,A,Crete township,Illinois,23774,23721,23784,23788,23783,23699,23632,23549,23529,23426,23314,23154
071,17,197,17523,17536,00000,1,A,Crete village (pt.),Illinois,8259,8230,8269,8267,8263,8233,8209,8178,8164,8124,8081,8023
071,17,197,57732,17536,00000,1,A,Park Forest village (pt.),Illinois,1069,1034,1036,1036,1035,1032,1028,1025,1024,1020,1016,1009
071,17,197,67769,17536,00000,1,A,Sauk Village village (pt.),Illinois,0,0,0,0,0,0,0,0,0,0,0,0
071,17,197,72520,17536,00000,1,A,Steger village (pt.),Illinois,5467,5451,5457,5452,5449,5425,5405,5381,5367,5336,5304,5258
071,17,197,76935,17536,00000,1,A,University Park village (pt.),Illinois,342,342,343,343,343,342,341,337,337,336,334,332
071,17,197,99990,17536,00000,1,F,Balance of Crete township,Illinois,8637,8664,8679,8690,8693,8667,8649,8628,8637,8610,8579,8532
061,17,197,00000,18199,00000,0,A,Custer township,Illinois,1430,1432,1434,1435,1436,1432,1429,1425,1424,1418,1412,1405
071,17,197,07770,18199,00000,1,A,Braidwood city (pt.),Illinois,A,0,0,0,0,0,0,0,0,0,0,0
071,17,197,82101,18199,00000,1,A,Wilmington city (pt.),Illinois,51,53,53,53,53,53,53,53,53,52,52,52
071,17,197,99990,18199,00000,1,F,Balance of Custer township,Illinois,1379,1379,1381,1382,1383,1379,1376,1372,1371,1366,1360,1353
061,17,197,00000,21241,00000,0,A,Du Page township,Illinois,87793,87927,88059,88341,88493,88386,88456,88487,88707,89182,89159,88704
071,17,197,07133,21241,00000,1,A,Bolingbrook village (pt.),Illinois,65568,65651,65750,66018,66158,66109,66214,66306,66527,67078,67112,66663
071,17,197,42795,21241,00000,1,A,Lemont village (pt.),Illinois,3,3,3,3,3,3,3,3,3,3,3,3
071,17,197,51622,21241,00000,1,A,Naperville city (pt.),Illinois,7905,7974,7989,7994,8000,7978,7961,7938,7940,7910,7878,7831
071,17,197,65442,21241,00000,1,A,Romeoville village (pt.),Illinois,12690,12676,12692,12700,12704,12671,12657,12623,12620,12578,12561,12611
071,17,197,83245,21241,00000,1,A,Woodridge village (pt.),Illinois,22,37,37,37,37,37,37,37,37,37,36,36
071,17,197,99990,21241,00000,1,F,Balance of Du Page township,Illinois,1605,1586,1588,1589,1591,1588,1584,1580,1580,1576,1569,1560
061,17,197,00000,26519,00000,0,A,Florence township,Illinois,933,933,935,937,938,935,933,928,930,926,921,916
071,17,197,74275,26519,00000,1,A,Symerton village,Illinois,87,91,91,93,94,93,93,93,93,92,90,91
071,17,197,82101,26519,00000,1,A,Wilmington city (pt.),Illinois,369,358,359,359,359,358,357,356,358,357,356,353
071,17,197,99990,26519,00000,1,F,Balance of Florence township,Illinois,477,484,485,485,485,484,483,479,479,477,475,472
061,17,197,00000,27631,00000,0,A,Frankfort township,Illinois,57055,57051,57165,57398,57627,57827,58239,58820,59186,59379,59553,59641
071,17,197,27624,27631,00000,1,A,Frankfort village (pt.),Illinois,17736,17749,17787,17886,17995,18128,18353,18574,18781,18912,19080,19309
071,17,197,47540,27631,00000,1,A,Matteson village (pt.),Illinois,0,0,0,0,0,0,0,0,0,0,0,0
071,17,197,49854,27631,00000,1,A,Mokena village (pt.),Illinois,17375,17250,17290,17404,17513,17636,17866,18278,18431,18566,18656,18644
071,17,197,56640,27631,00000,1,A,Orland Park village (pt.),Illinois,184,184,184,184,185,187,188,187,190,189,189,187
071,17,197,75484,27631,00000,1,A,Tinley Park village (pt.),Illinois,7467,7497,7508,7516,7522,7504,7492,7480,7479,7458,7431,7388
071,17,197,99990,27631,00000,1,F,Balance of Frankfort township,Illinois,14293,14371,14396,14408,14412,14372,14340,14301,14305,14254,14197,14113
061,17,197,00000,31394,00000,0,A,Green Garden township,Illinois,4010,4023,4029,4035,4037,4026,4020,4008,4011,3997,3983,3959
071,17,197,27624,31394,00000,1,A,Frankfort village (pt.),Illinois,38,42,42,42,42,42,44,44,44,45,45,45
071,17,197,99990,31394,00000,1,F,Balance of Green Garden township,Illinois,3972,3981,3987,3993,3995,3984,3976,3964,3967,3952,3938,3914
061,17,197,00000,35827,00000,0,A,Homer township,Illinois,39059,39013,39082,39177,39245,39209,39223,39263,39383,39561,39629,39636
071,17,197,35835,35827,00000,1,A,Homer Glen village (pt.),Illinois,24172,24187,24227,24274,24303,24272,24283,24307,24389,24491,24510,24450
071,17,197,42795,35827,00000,1,A,Lemont village (pt.),Illinois,A,12,12,12,12,12,12,12,12,12,12,12
071,17,197,44225,35827,00000,1,A,Lockport city (pt.),Illinois,11541,11499,11523,11569,11608,11615,11622,11651,11689,11777,11840,11930
071,17,197,52584,35827,00000,1,A,New Lenox village (pt.),Illinois,42,42,42,42,42,42,45,44,44,47,47,46
071,17,197,99990,35827,00000,1,F,Balance of Homer township,Illinois,3304,3273,3278,3280,3280,3268,3261,3249,3249,3234,3220,3198
061,17,197,00000,38076,00000,0,A,Jackson township,Illinois,4100,4100,4106,4106,4104,4090,4079,4065,4063,4050,4033,4005
071,17,197,23945,38076,00000,1,A,Elwood village (pt.),Illinois,2279,2278,2281,2280,2280,2273,2266,2260,2257,2251,2242,2226
071,17,197,38570,38076,00000,1,A,Joliet city (pt.),Illinois,152,153,153,153,153,153,153,152,152,154,153,152
071,17,197,99990,38076,00000,1,F,Balance of Jackson township,Illinois,1669,1669,1672,1673,1671,1664,1660,1653,1654,1645,1638,1627
061,17,197,00000,38583,00000,0,A,Joliet township,Illinois,87398,87508,87605,87826,87853,87798,87634,86909,86937,86760,86525,86178
071,17,197,17458,38583,00000,1,A,Crest Hill city (pt.),Illinois,1492,1497,1499,1698,1681,1945,2008,1514,1484,1479,1472,1463
071,17,197,38570,38583,00000,1,A,Joliet city (pt.),Illinois,71175,71015,71090,71117,71175,70913,70737,70565,70641,70541,70395,70162
071,17,197,52584,38583,00000,1,A,New Lenox village (pt.),Illinois,1,1,1,1,1,1,1,1,1,1,1,1
071,17,197,64902,38583,00000,1,A,Rockdale village,Illinois,1976,1987,1990,1987,1983,1976,1967,1957,1950,1940,1927,1910
071,17,197,99990,38583,00000,1,F,Balance of Joliet township,Illinois,12754,13008,13025,13023,13013,12963,12921,12872,12861,12799,12730,12642
061,17,197,00000,44238,00000,0,A,Lockport township,Illinois,60010,60052,60133,60261,60331,60218,60168,60124,60108,60055,59979,59979
071,17,197,17458,44238,00000,1,A,Crest Hill city (pt.),Illinois,17132,17112,17131,17134,17134,17070,17041,17021,16988,16939,16872,16774
071,17,197,38570,44238,00000,1,A,Joliet city (pt.),Illinois,0,0,0,0,0,0,0,0,0,0,0,0
071,17,197,44225,44238,00000,1,A,Lockport city (pt.),Illinois,13298,13320,13342,13386,13412,13405,13402,13425,13451,13540,13596,13685
071,17,197,65442,44238,00000,1,A,Romeoville village (pt.),Illinois,18626,18612,18635,18714,18755,18748,18760,18750,18743,18698,18683,18762
071,17,197,99990,44238,00000,1,F,Balance of Lockport township,Illinois,10954,11008,11025,11027,11030,10995,10965,10928,10926,10878,10828,10758
061,17,197,00000,46370,00000,0,A,Manhattan township,Illinois,9218,9205,9247,9277,9297,9348,9452,9544,9695,9884,10107,10350
071,17,197,46357,46370,00000,1,A,Manhattan village,Illinois,7051,7051,7090,7118,7140,7197,7305,7403,7553,7751,7983,8240
071,17,197,52584,46370,00000,1,A,New Lenox village (pt.),Illinois,8,0,0,0,0,0,0,0,0,0,0,0
071,17,197,99990,46370,00000,1,F,Balance of Manhattan township,Illinois,2159,2154,2157,2159,2157,2151,2147,2141,2142,2133,2124,2110
061,17,197,00000,49958,00000,0,A,Monee township,Illinois,15669,15766,15788,15786,15788,15731,15686,15628,15612,15544,15495,15379
071,17,197,27624,49958,00000,1,A,Frankfort village (pt.),Illinois,8,17,17,17,17,17,17,17,17,19,19,19
071,17,197,49945,49958,00000,1,A,Monee village,Illinois,5148,5113,5121,5126,5130,5116,5108,5093,5100,5084,5093,5061
071,17,197,57732,49958,00000,1,A,Park Forest village (pt.),Illinois,2234,2311,2315,2311,2310,2301,2292,2280,2273,2262,2247,2225
071,17,197,76935,49958,00000,1,A,University Park village (pt.),Illinois,6514,6498,6505,6501,6501,6472,6451,6425,6411,6377,6342,6292
071,17,197,99990,49958,00000,1,F,Balance of Monee township,Illinois,1765,1827,1830,1831,1830,1825,1818,1813,1811,1802,1794,1782
061,17,197,00000,52597,00000,0,A,New Lenox township,Illinois,40270,40275,40348,40439,40642,40873,41295,41665,42108,42444,42673,42798
071,17,197,27624,52597,00000,1,A,Frankfort village (pt.),Illinois,0,0,0,0,0,0,0,0,0,0,0,0
071,17,197,35835,52597,00000,1,A,Homer Glen village (pt.),Illinois,48,23,23,23,23,23,23,23,23,23,23,22
071,17,197,38570,52597,00000,1,A,Joliet city (pt.),Illinois,3727,3788,3794,3802,3811,3804,3802,3797,3809,3810,3809,3802
071,17,197,49854,52597,00000,1,A,Mokena village (pt.),Illinois,1365,1396,1398,1408,1419,1430,1449,1484,1498,1508,1516,1515
071,17,197,52584,52597,00000,1,A,New Lenox village (pt.),Illinois,24343,24245,24294,24362,24543,24806,25242,25616,26037,26408,26679,26879
071,17,197,99990,52597,00000,1,F,Balance of New Lenox township,Illinois,10787,10823,10839,10844,10846,10810,10779,10745,10741,10695,10646,10580
061,17,197,00000,59065,00000,0,A,Peotone township,Illinois,4431,4431,4437,4446,4444,4424,4417,4401,4413,4415,4401,4368
071,17,197,59052,59065,00000,1,A,Peotone village (pt.),Illinois,3539,3544,3549,3557,3557,3539,3537,3521,3536,3541,3531,3504
071,17,197,99990,59065,00000,1,F,Balance of Peotone township,Illinois,892,887,888,889,887,885,880,880,877,874,870,864
061,17,197,00000,60300,00000,0,A,Plainfield township,Illinois,80318,80337,80484,80670,80912,81397,81475,81554,81855,82217,82239,82237
071,17,197,07133,60300,00000,1,A,Bolingbrook village (pt.),Illinois,0,0,0,0,0,0,0,0,0,0,0,0
071,17,197,17458,60300,00000,1,A,Crest Hill city (pt.),Illinois,1264,1242,1244,1245,1246,1239,1237,1233,1232,1228,1222,1214
071,17,197,38570,60300,00000,1,A,Joliet city (pt.),Illinois,38394,38461,38523,38598,38693,38605,38569,38533,38635,38645,38623,38554
071,17,197,60287,60300,00000,1,A,Plainfield village (pt.),Illinois,18808,19022,19072,19167,19306,19939,20094,20272,20470,20902,21017,21133
071,17,197,65442,60300,00000,1,A,Romeoville village (pt.),Illinois,8364,8357,8370,8379,8385,8372,8369,8351,8354,8333,8325,8366
071,17,197,99990,60300,00000,1,F,Balance of Plainfield township,Illinois,13488,13255,13275,13281,13282,13242,13206,13165,13164,13109,13052,12970
061,17,197,00000,63108,00000,0,A,Reed township,Illinois,6948,6946,6963,6992,7013,7019,7026,7039,7057,7059,7055,7052
071,17,197,07640,63108,00000,1,A,Braceville village (pt.),Illinois,1,1,1,1,1,1,1,1,1,1,1,1
071,17,197,07770,63108,00000,1,A,Braidwood city (pt.),Illinois,6191,6215,6231,6237,6243,6228,6224,6224,6225,6212,6198,6181
071,17,197,19837,63108,00000,1,A,Diamond village (pt.),Illinois,12,10,10,10,10,10,10,10,10,10,10,10
071,17,197,30120,63108,00000,1,A,Godley village (pt.),Illinois,552,552,553,576,591,612,623,637,654,668,680,695
071,17,197,99990,63108,00000,1,F,Balance of Reed township,Illinois,192,168,168,168,168,168,168,167,167,168,166,165
061,17,197,00000,76212,00000,0,A,Troy township,Illinois,45991,45872,45997,46392,46621,46708,46872,47017,47315,47500,47628,47768
071,17,197,12476,76212,00000,1,A,Channahon village (pt.),Illinois,1612,1619,1624,1625,1629,1634,1633,1634,1642,1663,1699,1724
071,17,197,17458,76212,00000,1,A,Crest Hill city (pt.),Illinois,949,949,950,951,952,947,945,942,939,938,932,925
071,17,197,38570,76212,00000,1,A,Joliet city (pt.),Illinois,24233,24102,24138,24184,24236,24182,24152,24125,24186,24185,24166,24121
071,17,197,69758,76212,00000,1,A,Shorewood village,Illinois,15615,15630,15708,16055,16227,16381,16585,16772,17004,17186,17321,17509
071,17,197,99990,76212,00000,1,F,Balance of Troy township,Illinois,3582,3572,3577,3577,3577,3564,3557,3544,3544,3528,3510,3489
061,17,197,00000,79059,00000,0,A,Washington township,Illinois,6263,6263,6282,6315,6345,6360,6357,6341,6340,6341,6321,6304
071,17,197,04585,79059,00000,1,A,Beecher village,Illinois,4359,4341,4357,4392,4420,4443,4444,4434,4435,4443,4434,4427
071,17,197,99990,79059,00000,1,F,Balance of Washington township,Illinois,1904,1922,1925,1923,1925,1917,1913,1907,1905,1898,1887,1877
061,17,197,00000,79865,00000,0,A,Wesley township,Illinois,2241,2241,2244,2243,2242,2236,2229,2220,2218,2210,2198,2183
071,17,197,82101,79865,00000,1,A,Wilmington city (pt.),Illinois,38,35,35,35,35,35,35,35,35,35,35,34
071,17,197,99990,79865,00000,1,F,Balance of Wesley township,Illinois,2203,2206,2209,2208,2207,2201,2194,2185,2183,2175,2163,2149
061,17,197,00000,81035,00000,0,A,Wheatland township,Illinois,81472,81320,81483,81723,82064,82762,83295,83678,84190,84777,85085,85216
071,17,197,03012,81035,00000,1,A,Aurora city (pt.),Illinois,11471,11503,11524,11544,11564,11545,11552,11537,11618,11605,11576,11523
071,17,197,07133,81035,00000,1,A,Bolingbrook village (pt.),Illinois,6227,6142,6151,6181,6196,6196,6209,6223,6246,6301,6309,6271
071,17,197,51622,81035,00000,1,A,Naperville city (pt.),Illinois,39415,39345,39418,39505,39663,39767,40130,40349,40552,40686,40916,41052
071,17,197,56887,81035,00000,1,A,Oswego village (pt.),Illinois,A,0,0,0,0,0,0,0,0,0,0,0
071,17,197,60287,81035,00000,1,A,Plainfield village (pt.),Illinois,18694,18796,18848,18947,19094,19725,19887,20071,20275,20709,20829,20949
071,17,197,65442,81035,00000,1,A,Romeoville village (pt.),Illinois,0,7,7,7,7,7,7,7,7,7,7,7
071,17,197,99990,81035,00000,1,F,Balance of Wheatland township,Illinois,5665,5527,5535,5539,5540,5522,5510,5491,5492,5469,5448,5414
061,17,197,00000,81711,00000,0,A,Will township,Illinois,1821,1821,1824,1828,1827,1821,1818,1815,1816,1815,1807,1797
071,17,197,59052,81711,00000,1,A,Peotone village (pt.),Illinois,603,602,603,606,604,602,604,602,604,605,602,601
071,17,197,99990,81711,00000,1,F,Balance of Will township,Illinois,1218,1219,1221,1222,1223,1219,1214,1213,1212,1210,1205,1196
061,17,197,00000,82114,00000,0,A,Wilmington township,Illinois,6193,6195,6224,6222,6218,6195,6180,6160,6159,6140,6111,6075
071,17,197,07770,82114,00000,1,A,Braidwood city (pt.),Illinois,0,0,0,0,0,0,0,0,0,0,0,0
071,17,197,15170,82114,00000,1,A,Coal City village (pt.),Illinois,2,2,2,2,2,2,2,2,2,2,2,2
071,17,197,19837,82114,00000,1,A,Diamond village (pt.),Illinois,7,7,7,7,7,7,7,7,7,7,7,7
071,17,197,23945,82114,00000,1,A,Elwood village (pt.),Illinois,A,0,0,0,0,0,0,0,0,0,0,0
071,17,197,82101,82114,00000,1,A,Wilmington city (pt.),Illinois,5266,5311,5339,5338,5333,5314,5301,5284,5283,5269,5244,5214
071,17,197,99990,82114,00000,1,F,Balance of Wilmington township,Illinois,918,875,876,875,876,872,870,867,867,862,858,852
061,17,197,00000,82244,00000,1,A,Wilton township,Illinois,841,841,842,843,843,838,837,834,834,830,827,821
050,17,199,00000,00000,00000,0,A,Williamson County,Illinois,66357,66365,66432,66732,66776,67450,67412,67428,67454,67049,66982,66597
157,17,199,10084,00000,00000,1,A,Bush village,Illinois,275,275,275,275,274,274,273,273,272,271,268,267
157,17,199,10630,00000,00000,1,A,Cambria village,Illinois,1228,1229,1229,1255,1265,1265,1265,1271,1276,1270,1273,1463
157,17,199,11163,00000,00000,1,A,Carbondale city (pt.),Illinois,0,0,0,0,0,0,0,0,0,0,0,0
157,17,199,11514,00000,00000,1,A,Carterville city,Illinois,5496,5555,5563,5599,5649,5732,5824,5870,5889,5871,5885,5847
157,17,199,15807,00000,00000,1,A,Colp village,Illinois,225,210,210,212,211,211,212,212,213,211,213,210
157,17,199,17185,00000,00000,1,A,Crainville village,Illinois,1254,1264,1270,1291,1304,1347,1360,1374,1391,1392,1400,1400
157,17,199,17289,00000,00000,1,A,Creal Springs city,Illinois,543,545,545,546,543,543,540,542,538,536,533,527
157,17,199,24166,00000,00000,1,A,Energy village,Illinois,1146,1142,1146,1149,1141,1148,1140,1140,1137,1126,1121,1109
157,17,199,27858,00000,00000,1,A,Freeman Spur village (pt.),Illinois,162,162,162,162,161,161,161,161,160,159,158,156
157,17,199,34358,00000,00000,1,A,Herrin city,Illinois,12501,12522,12534,12612,12702,12851,12844,12892,12912,12838,12824,12687
157,17,199,36815,00000,00000,1,A,Hurst city,Illinois,795,799,799,800,798,798,798,802,802,796,795,786
157,17,199,38544,00000,00000,1,A,Johnston City city,Illinois,3543,3557,3565,3561,3536,3531,3507,3500,3484,3447,3430,3389
157,17,199,46916,00000,00000,1,A,Marion city (pt.),Illinois,17191,17225,17246,17343,17357,17755,17745,17611,17655,17586,17600,17518
157,17,199,60209,00000,00000,1,A,Pittsburg village,Illinois,572,572,572,573,569,570,567,567,565,560,558,551
157,17,199,71526,00000,00000,1,A,Spillertown village,Illinois,203,203,203,203,202,202,201,201,201,199,198,196
157,17,199,72884,00000,00000,1,A,Stonefort village (pt.),Illinois,167,167,167,167,166,166,166,165,165,163,163,161
157,17,199,99990,00000,00000,1,F,Balance of Williamson County,Illinois,20815,20938,20946,20984,20898,20896,20809,20847,20794,20624,20563,20330
050,17,201,00000,00000,00000,0,A,Winnebago County,Illinois,295266,295264,295083,293642,292084,290945,288695,287148,286065,284681,283630,282572
157,17,201,13074,00000,00000,0,A,Cherry Valley village (pt.),Illinois,2815,2621,2619,2613,2601,2593,2572,2560,2553,2542,2537,2526
157,17,201,21280,00000,00000,0,A,Durand village,Illinois,1443,1455,1454,1451,1441,1434,1423,1413,1409,1402,1399,1394
157,17,201,45031,00000,00000,0,A,Loves Park city (pt.),Illinois,22410,22408,22407,22318,22225,22164,22010,21924,21893,21811,21761,21799
157,17,201,45726,00000,00000,0,A,Machesney Park village,Illinois,23499,23508,23502,23439,23292,23225,23058,22973,22899,22765,22681,22677
157,17,201,52701,00000,00000,0,A,New Milford village,Illinois,697,711,711,711,707,707,702,701,699,698,700,699
157,17,201,58408,00000,00000,0,A,Pecatonica village,Illinois,2195,2203,2202,2184,2170,2158,2139,2126,2114,2101,2088,2078
157,17,201,65000,00000,00000,0,A,Rockford city (pt.),Illinois,152871,153282,153144,152126,151255,150605,149375,148462,147793,147005,146304,145606
157,17,201,65156,00000,00000,0,A,Rockton village,Illinois,7685,7699,7697,7679,7647,7619,7566,7534,7511,7484,7468,7441
157,17,201,65611,00000,00000,0,A,Roscoe village,Illinois,10785,10847,10846,10824,10778,10747,10673,10628,10601,10562,10548,10510
157,17,201,70590,00000,00000,0,A,South Beloit city,Illinois,7892,7901,7901,7880,7845,7817,7761,7721,7700,7669,7654,7624
157,17,201,82491,00000,00000,0,A,Winnebago village,Illinois,3101,3136,3134,3116,3100,3087,3063,3050,3039,3022,3005,2991
157,17,201,99990,00000,00000,0,F,Balance of Winnebago County,Illinois,59873,59493,59466,59301,59023,58789,58353,58056,57854,57620,57485,57227
061,17,201,00000,09915,00000,0,A,Burritt township,Illinois,947,952,951,948,943,940,931,927,923,919,918,912
071,17,201,65000,09915,00000,1,A,Rockford city (pt.),Illinois,0,0,0,0,0,0,0,0,0,0,0,0
071,17,201,99990,09915,00000,1,F,Balance of Burritt township,Illinois,947,952,951,948,943,940,931,927,923,919,918,912
061,17,201,00000,13087,00000,0,A,Cherry Valley township,Illinois,19831,19831,19821,19738,19643,19570,19424,19326,19257,19173,19118,19038
071,17,201,13074,13087,00000,1,A,Cherry Valley village (pt.),Illinois,1529,1526,1525,1521,1513,1508,1495,1488,1483,1475,1474,1466
071,17,201,52701,13087,00000,1,A,New Milford village (pt.),Illinois,0,0,0,0,0,0,0,0,0,0,0,0
071,17,201,65000,13087,00000,1,A,Rockford city (pt.),Illinois,8275,8258,8253,8201,8159,8129,8067,8024,7994,7955,7923,7892
071,17,201,99990,13087,00000,1,F,Balance of Cherry Valley township,Illinois,10027,10047,10043,10016,9971,9933,9862,9814,9780,9743,9721,9680
061,17,201,00000,21293,00000,0,A,Durand township,Illinois,2394,2394,2392,2386,2371,2361,2344,2329,2322,2312,2306,2297
071,17,201,21280,21293,00000,1,A,Durand village,Illinois,1443,1455,1454,1451,1441,1434,1423,1413,1409,1402,1399,1394
071,17,201,99990,21293,00000,1,S,Balance of Durand township,Illinois,951,939,938,935,930,927,921,916,913,910,907,903
061,17,201,00000,32928,00000,0,A,Harlem township,Illinois,40158,40158,40153,40041,39829,39717,39442,39299,39203,39018,38910,38913
071,17,201,45031,32928,00000,1,A,Loves Park city (pt.),Illinois,11307,11299,11300,11261,11219,11192,11120,11084,11077,11042,11025,11052
071,17,201,45726,32928,00000,1,A,Machesney Park village (pt.),Illinois,23174,23183,23177,23116,22971,22905,22740,22657,22584,22451,22368,22366
071,17,201,65611,32928,00000,1,A,Roscoe village (pt.),Illinois,3281,3338,3339,3333,3318,3309,3287,3275,3267,3256,3254,3241
071,17,201,99990,32928,00000,1,F,Balance of Harlem township,Illinois,2396,2338,2337,2331,2321,2311,2295,2283,2275,2269,2263,2254
061,17,201,00000,33188,00000,1,A,Harrison township,Illinois,670,670,670,668,665,662,656,655,650,647,647,642
061,17,201,00000,42054,00000,1,A,Laona township,Illinois,1250,1250,1249,1246,1241,1235,1226,1220,1216,1212,1209,1204
061,17,201,00000,57069,00000,0,A,Owen township,Illinois,3803,3803,3801,3789,3770,3757,3729,3711,3696,3682,3671,3656
071,17,201,45726,57069,00000,1,A,Machesney Park village (pt.),Illinois,325,325,325,323,321,320,318,316,315,314,313,311
071,17,201,65000,57069,00000,1,A,Rockford city (pt.),Illinois,492,627,627,624,622,621,617,615,613,612,610,610
071,17,201,65611,57069,00000,1,A,Roscoe village (pt.),Illinois,77,77,77,77,76,76,75,75,75,74,74,74
071,17,201,99990,57069,00000,1,F,Balance of Owen township,Illinois,2909,2774,2772,2765,2751,2740,2719,2705,2693,2682,2674,2661
061,17,201,00000,58421,00000,0,A,Pecatonica township,Illinois,4355,4350,4348,4325,4302,4283,4250,4226,4209,4188,4172,4154
071,17,201,58408,58421,00000,1,A,Pecatonica village,Illinois,2195,2203,2202,2184,2170,2158,2139,2126,2114,2101,2088,2078
071,17,201,99990,58421,00000,1,F,Balance of Pecatonica township,Illinois,2160,2147,2146,2141,2132,2125,2111,2100,2095,2087,2084,2076
061,17,201,00000,65013,00000,0,A,Rockford township,Illinois,178527,178531,178387,177307,176318,175574,174153,173120,172379,171490,170736,169980
071,17,201,13074,65013,00000,1,A,Cherry Valley village (pt.),Illinois,1286,1095,1094,1092,1088,1085,1077,1072,1070,1067,1063,1060
071,17,201,45031,65013,00000,1,A,Loves Park city (pt.),Illinois,11103,11109,11107,11057,11006,10972,10890,10840,10816,10769,10736,10747
071,17,201,52701,65013,00000,1,A,New Milford village (pt.),Illinois,697,711,711,711,707,707,702,701,699,698,700,699
071,17,201,65000,65013,00000,1,A,Rockford city (pt.),Illinois,144104,144394,144261,143298,142471,141852,140688,139820,139183,138435,137768,137101
071,17,201,99990,65013,00000,1,F,Balance of Rockford township,Illinois,21337,21222,21214,21149,21046,20958,20796,20687,20611,20521,20469,20373
061,17,201,00000,65169,00000,0,A,Rockton township,Illinois,16441,16441,16436,16395,16322,16263,16146,16069,16020,15957,15925,15863
071,17,201,65156,65169,00000,1,A,Rockton village (pt.),Illinois,5692,5709,5708,5692,5667,5646,5607,5581,5562,5542,5530,5507
071,17,201,65611,65169,00000,1,A,Roscoe village (pt.),Illinois,1451,1451,1450,1448,1444,1439,1429,1422,1420,1413,1411,1409
071,17,201,70590,65169,00000,1,A,South Beloit city (pt.),Illinois,5404,5422,5421,5407,5382,5362,5323,5296,5281,5259,5248,5228
071,17,201,99990,65169,00000,1,F,Balance of Rockton township,Illinois,3894,3859,3857,3848,3829,3816,3787,3770,3757,3743,3736,3719
061,17,201,00000,65624,00000,0,A,Roscoe township,Illinois,19694,19688,19684,19637,19554,19489,19351,19262,19207,19137,19100,19026
071,17,201,65156,65624,00000,1,A,Rockton village (pt.),Illinois,1993,1990,1989,1987,1980,1973,1959,1953,1949,1942,1938,1934
071,17,201,65611,65624,00000,1,A,Roscoe village (pt.),Illinois,5976,5981,5980,5966,5940,5923,5882,5856,5839,5819,5809,5786
071,17,201,70590,65624,00000,1,A,South Beloit city (pt.),Illinois,2488,2479,2480,2473,2463,2455,2438,2425,2419,2410,2406,2396
071,17,201,99990,65624,00000,1,F,Balance of Roscoe township,Illinois,9237,9238,9235,9211,9171,9138,9072,9028,9000,8966,8947,8910
061,17,201,00000,68783,00000,1,A,Seward township,Illinois,917,917,916,913,909,903,897,890,887,883,879,876
061,17,201,00000,69615,00000,1,A,Shirland township,Illinois,988,988,987,984,981,976,969,964,961,956,954,951
061,17,201,00000,82504,00000,0,A,Winnebago township,Illinois,5291,5291,5288,5265,5236,5215,5177,5150,5135,5107,5085,5060
071,17,201,65000,82504,00000,1,A,Rockford city (pt.),Illinois,A,3,3,3,3,3,3,3,3,3,3,3
071,17,201,82491,82504,00000,1,A,Winnebago village,Illinois,3101,3136,3134,3116,3100,3087,3063,3050,3039,3022,3005,2991
071,17,201,99990,82504,00000,1,F,Balance of Winnebago township,Illinois,2190,2152,2151,2146,2133,2125,2111,2097,2093,2082,2077,2066
050,17,203,00000,00000,00000,0,A,Woodford County,Illinois,38664,38656,38661,38844,38837,39027,39052,38930,38913,38670,38527,38459
157,17,203,04273,00000,00000,0,A,Bay View Gardens village,Illinois,378,380,380,380,378,381,387,392,394,400,407,412
157,17,203,05261,00000,00000,0,A,Benson village,Illinois,423,434,434,432,430,430,428,423,421,415,413,409
157,17,203,16119,00000,00000,0,A,Congerville village,Illinois,474,477,477,480,480,483,486,489,492,490,492,492
157,17,203,18940,00000,00000,0,A,Deer Creek village (pt.),Illinois,22,22,22,22,22,22,22,22,22,21,21,21
157,17,203,23737,00000,00000,0,A,El Paso city (pt.),Illinois,2810,2813,2810,2815,2803,2814,2802,2790,2775,2758,2740,2730
157,17,203,24543,00000,00000,0,A,Eureka city,Illinois,5295,5342,5343,5383,5374,5375,5361,5331,5360,5326,5301,5283
157,17,203,29080,00000,00000,0,A,Germantown Hills village,Illinois,3438,3389,3389,3413,3434,3484,3499,3485,3472,3442,3422,3423
157,17,203,30445,00000,00000,0,A,Goodfield village (pt.),Illinois,668,674,673,679,687,702,724,747,760,764,764,769
157,17,203,39038,00000,00000,0,A,Kappa village,Illinois,227,227,229,231,233,233,234,233,231,229,234,240
157,17,203,48606,00000,00000,0,A,Metamora village,Illinois,3636,3673,3684,3706,3706,3737,3745,3730,3745,3720,3712,3699
157,17,203,49568,00000,00000,0,A,Minonk city,Illinois,2078,2078,2076,2077,2064,2063,2049,2034,2020,2002,1989,1974
157,17,203,57524,00000,00000,0,A,Panola village,Illinois,45,51,51,51,51,51,53,50,53,50,52,52
157,17,203,64590,00000,00000,0,A,Roanoke village,Illinois,2065,2077,2075,2081,2076,2080,2070,2056,2042,2021,2003,1990
157,17,203,68510,00000,00000,0,A,Secor village,Illinois,373,376,376,376,372,372,371,366,365,361,357,355
157,17,203,71604,00000,00000,0,A,Spring Bay village,Illinois,452,476,476,478,474,474,472,469,467,461,464,462
157,17,203,79007,00000,00000,0,A,Washburn village (pt.),Illinois,1081,1075,1074,1072,1065,1063,1059,1050,1043,1031,1021,1015
157,17,203,99990,00000,00000,0,F,Balance of Woodford County,Illinois,15130,15092,15092,15168,15188,15263,15290,15263,15251,15179,15135,15133
061,17,203,00000,11878,00000,0,A,Cazenovia township,Illinois,1768,1772,1770,1771,1766,1767,1762,1752,1744,1728,1715,1709
071,17,203,79007,11878,00000,1,A,Washburn village (pt.),Illinois,1081,1075,1074,1072,1065,1063,1059,1050,1043,1031,1021,1015
071,17,203,99990,11878,00000,1,F,Balance of Cazenovia township,Illinois,687,697,696,699,701,704,703,702,701,697,694,694
061,17,203,00000,14793,00000,0,A,Clayton township,Illinois,697,697,697,697,694,694,694,689,686,680,676,673
071,17,203,05261,14793,00000,1,A,Benson village,Illinois,423,434,434,432,430,430,428,423,421,415,413,409
071,17,203,49568,14793,00000,1,A,Minonk city (pt.),Illinois,0,0,0,0,0,0,0,0,0,0,0,0
071,17,203,99990,14793,00000,1,F,Balance of Clayton township,Illinois,274,263,263,265,264,264,266,266,265,265,263,264
061,17,203,00000,17861,00000,0,A,Cruger township,Illinois,1687,1689,1690,1700,1698,1705,1706,1705,1708,1697,1689,1684
071,17,203,24543,17861,00000,1,A,Eureka city (pt.),Illinois,1109,1104,1106,1112,1110,1113,1114,1113,1116,1108,1104,1099
071,17,203,99990,17861,00000,1,F,Balance of Cruger township,Illinois,578,585,584,588,588,592,592,592,592,589,585,585
061,17,203,00000,23750,00000,0,A,El Paso township,Illinois,3459,3464,3463,3472,3463,3477,3466,3451,3435,3414,3400,3394
071,17,203,23737,23750,00000,1,A,El Paso city (pt.),Illinois,2782,2785,2782,2787,2775,2786,2774,2762,2748,2731,2713,2703
071,17,203,39038,23750,00000,1,A,Kappa village,Illinois,227,227,229,231,233,233,234,233,231,229,234,240
071,17,203,99990,23750,00000,1,F,Balance of El Paso township,Illinois,450,452,452,454,455,458,458,456,456,454,453,451
061,17,203,00000,31355,00000,1,A,Greene township,Illinois,483,483,482,486,487,487,488,488,486,484,483,481
061,17,203,00000,39012,00000,1,A,Kansas township,Illinois,433,431,431,433,434,434,437,435,435,434,431,431
061,17,203,00000,43835,00000,1,A,Linn township,Illinois,287,287,287,289,288,291,290,290,289,289,287,288
061,17,203,00000,48619,00000,0,A,Metamora township,Illinois,4357,4350,4360,4386,4388,4422,4432,4416,4428,4400,4390,4376
071,17,203,48606,48619,00000,1,A,Metamora village (pt.),Illinois,3607,3635,3646,3668,3668,3699,3707,3692,3705,3681,3673,3660
071,17,203,99990,48619,00000,1,F,Balance of Metamora township,Illinois,750,715,714,718,720,723,725,724,723,719,717,716
061,17,203,00000,49581,00000,0,A,Minonk township,Illinois,2292,2287,2285,2286,2274,2273,2261,2244,2229,2212,2197,2184
071,17,203,49568,49581,00000,1,A,Minonk city (pt.),Illinois,2078,2078,2076,2077,2064,2063,2049,2034,2020,2002,1989,1974
071,17,203,99990,49581,00000,1,F,Balance of Minonk township,Illinois,214,209,209,209,210,210,212,210,209,210,208,210
061,17,203,00000,50231,00000,0,A,Montgomery township,Illinois,2339,2339,2339,2355,2362,2386,2415,2439,2454,2449,2451,2456
071,17,203,16119,50231,00000,1,A,Congerville village,Illinois,474,477,477,480,480,483,486,489,492,490,492,492
071,17,203,18940,50231,00000,1,A,Deer Creek village (pt.),Illinois,22,22,22,22,22,22,22,22,22,21,21,21
071,17,203,30445,50231,00000,1,A,Goodfield village (pt.),Illinois,668,674,673,679,687,702,724,747,760,764,764,769
071,17,203,99990,50231,00000,1,F,Balance of Montgomery township,Illinois,1175,1166,1167,1174,1173,1179,1183,1181,1180,1174,1174,1174
061,17,203,00000,55821,00000,0,A,Olio township,Illinois,4931,4929,4930,4965,4958,4959,4944,4914,4940,4910,4888,4875
071,17,203,24543,55821,00000,1,A,Eureka city (pt.),Illinois,4186,4238,4237,4271,4264,4262,4247,4218,4244,4218,4197,4184
071,17,203,99990,55821,00000,1,F,Balance of Olio township,Illinois,745,691,693,694,694,697,697,696,696,692,691,691
061,17,203,00000,57290,00000,0,A,Palestine township,Illinois,1043,1046,1045,1048,1047,1050,1049,1045,1043,1033,1029,1027
071,17,203,68510,57290,00000,1,A,Secor village,Illinois,373,376,376,376,372,372,371,366,365,361,357,355
071,17,203,99990,57290,00000,1,F,Balance of Palestine township,Illinois,670,670,669,672,675,678,678,679,678,672,672,672
061,17,203,00000,57537,00000,0,A,Panola township,Illinois,353,353,353,355,354,357,358,355,356,353,353,354
071,17,203,23737,57537,00000,1,A,El Paso city (pt.),Illinois,28,28,28,28,28,28,28,28,27,27,27,27
071,17,203,57524,57537,00000,1,A,Panola village,Illinois,45,51,51,51,51,51,53,50,53,50,52,52
071,17,203,99990,57537,00000,1,F,Balance of Panola township,Illinois,280,274,274,276,275,278,277,277,276,276,274,275
061,17,203,00000,58018,00000,1,A,Partridge township,Illinois,593,585,584,587,589,592,592,591,591,588,586,586
061,17,203,00000,64603,00000,0,A,Roanoke township,Illinois,2558,2556,2553,2563,2558,2565,2554,2539,2526,2501,2482,2470
071,17,203,64590,64603,00000,1,A,Roanoke village,Illinois,2065,2077,2075,2081,2076,2080,2070,2056,2042,2021,2003,1990
071,17,203,99990,64603,00000,1,F,Balance of Roanoke township,Illinois,493,479,478,482,482,485,484,483,484,480,479,480
061,17,203,00000,71611,00000,0,A,Spring Bay township,Illinois,2643,2646,2647,2657,2654,2668,2675,2672,2673,2665,2670,2672
071,17,203,04273,71611,00000,1,A,Bay View Gardens village,Illinois,378,380,380,380,378,381,387,392,394,400,407,412
071,17,203,71604,71611,00000,1,A,Spring Bay village,Illinois,452,476,476,478,474,474,472,469,467,461,464,462
071,17,203,99990,71611,00000,1,F,Balance of Spring Bay township,Illinois,1744,1790,1791,1799,1802,1813,1816,1811,1812,1804,1799,1798
061,17,203,00000,83544,00000,0,A,Worth township,Illinois,8741,8742,8745,8794,8823,8900,8929,8905,8890,8833,8800,8799
071,17,203,29080,83544,00000,1,A,Germantown Hills village,Illinois,3438,3389,3389,3413,3434,3484,3499,3485,3472,3442,3422,3423
071,17,203,48606,83544,00000,1,A,Metamora village (pt.),Illinois,29,38,38,38,38,38,38,38,40,39,39,39
071,17,203,99990,83544,00000,1,F,Balance of Worth township,Illinois,5274,5315,5318,5343,5351,5378,5392,5382,5378,5352,5339,5337
